timetag,open,high,low,close,volumn,amount
19970611,1.54,1.54,1.26,1.37,146684.0,130758348.00
19970612,1.32,1.43,1.31,1.38,73309.0,65916515.00
19970613,1.31,1.52,1.28,1.52,65911.0,60784155.00
19970616,1.57,1.60,1.51,1.54,100191.0,101676610.00
19970617,1.51,1.54,1.43,1.43,39510.0,37564069.00
19970618,1.41,1.45,1.37,1.38,21961.0,19946271.00
19970619,1.39,1.40,1.34,1.35,14389.0,12743835.00
19970620,1.37,1.45,1.37,1.43,20251.0,18530300.00
19970623,1.44,1.45,1.34,1.36,25298.0,22745022.00
19970624,1.36,1.42,1.35,1.38,13192.0,11824397.00
19970625,1.39,1.39,1.35,1.37,12957.0,11553976.00
19970626,1.35,1.36,1.31,1.33,13439.0,11598507.00
19970627,1.33,1.35,1.25,1.25,16531.0,13770827.00
19970702,1.25,1.28,1.13,1.17,9543.0,7358634.00
19970703,1.17,1.23,1.12,1.17,12808.0,9908163.00
19970704,1.16,1.20,1.11,1.19,6909.0,5222381.00
19970707,1.18,1.18,1.07,1.08,6505.0,4684376.00
19970708,1.08,1.12,1.02,1.10,6315.0,4417783.00
19970709,1.08,1.12,1.05,1.10,6486.0,4570342.00
19970710,1.08,1.11,1.07,1.07,5898.0,4148309.00
19970711,1.05,1.17,1.05,1.17,10698.0,7811884.00
19970714,1.18,1.23,1.15,1.19,16214.0,12495763.00
19970715,1.20,1.20,1.14,1.17,8864.0,6684945.00
19970716,1.17,1.17,1.11,1.13,6183.0,4559060.00
19970717,1.13,1.18,1.12,1.15,9209.0,6924987.00
19970718,1.15,1.25,1.14,1.21,18794.0,14774151.00
19970721,1.24,1.28,1.21,1.23,19623.0,15950289.00
19970722,1.23,1.27,1.19,1.27,12826.0,10352240.00
19970723,1.28,1.29,1.22,1.23,10854.0,8863707.00
19970724,1.23,1.27,1.21,1.23,11872.0,9619774.00
19970725,1.22,1.28,1.21,1.27,15137.0,12356400.00
19970728,1.28,1.31,1.22,1.24,14229.0,11831415.00
19970729,1.23,1.25,1.18,1.21,7037.0,5565866.00
19970730,1.22,1.28,1.21,1.27,12379.0,10080583.00
19970731,1.27,1.30,1.26,1.28,14418.0,12017781.00
19970801,1.29,1.30,1.26,1.28,8768.0,7256671.00
19970804,1.27,1.32,1.27,1.30,11733.0,9878156.00
19970805,1.31,1.33,1.29,1.29,10331.0,8797487.00
19970806,1.29,1.29,1.24,1.24,8444.0,6917691.00
19970807,1.23,1.29,1.22,1.29,5719.0,4609576.00
19970808,1.29,1.30,1.22,1.23,8000.0,6509425.00
19970811,1.22,1.25,1.21,1.23,6126.0,4867863.00
19970812,1.21,1.25,1.20,1.20,4509.0,3563476.00
19970813,1.20,1.22,1.13,1.14,6451.0,4912958.00
19970814,1.14,1.18,1.14,1.18,3702.0,2788387.00
19970815,1.18,1.20,1.14,1.15,3771.0,2829714.00
19970818,1.15,1.15,1.10,1.10,3140.0,2268834.00
19970819,1.11,1.12,1.09,1.11,3194.0,2288563.00
19970820,1.11,1.15,1.09,1.14,3848.0,2807318.00
19970821,1.14,1.17,1.14,1.16,3843.0,2878381.00
19970822,1.16,1.20,1.14,1.19,6373.0,4895491.00
19970825,1.23,1.23,1.20,1.23,10289.0,8108028.00
19970826,1.23,1.23,1.20,1.22,6529.0,5159172.00
19970827,1.22,1.23,1.21,1.22,6000.0,4741643.00
19970828,1.23,1.25,1.22,1.24,6436.0,5154488.00
19970829,1.24,1.25,1.20,1.23,5762.0,4564110.00
19970901,1.23,1.27,1.22,1.25,7275.0,5924917.00
19970902,1.25,1.27,1.23,1.25,5367.0,4333576.00
19970903,1.25,1.27,1.24,1.26,9731.0,7955053.00
19970904,1.27,1.28,1.26,1.26,8524.0,7013992.00
19970905,1.27,1.27,1.25,1.25,5326.0,4351495.00
19970908,1.26,1.28,1.24,1.26,8829.0,7205030.00
19970909,1.26,1.29,1.24,1.24,6496.0,5351474.00
19970910,1.24,1.26,1.23,1.25,5249.0,4239468.00
19970911,1.25,1.28,1.23,1.23,8154.0,6618526.00
19970912,1.23,1.24,1.18,1.19,3810.0,3008629.00
19970915,1.18,1.19,1.15,1.15,5166.0,3927899.00
19970916,1.15,1.17,1.14,1.16,2719.0,2046907.00
19970917,1.16,1.17,1.15,1.15,2203.0,1655955.00
19970918,1.17,1.18,1.15,1.17,2367.0,1795785.00
19970919,1.17,1.21,1.17,1.20,4556.0,3519769.00
19970922,1.20,1.20,1.09,1.11,3889.0,2901218.00
19970923,1.10,1.12,1.05,1.06,5345.0,3793443.00
19970924,1.08,1.13,1.08,1.12,5231.0,3748884.00
19970925,1.12,1.15,1.11,1.14,5517.0,4050717.00
19970926,1.14,1.14,1.10,1.12,2895.0,2106203.00
19970929,1.11,1.12,1.07,1.08,4325.0,3053946.00
19970930,1.08,1.10,1.08,1.10,1972.0,1397103.00
19971006,1.10,1.15,1.10,1.14,4776.0,3508644.00
19971007,1.14,1.15,1.11,1.13,1360.0,991489.00
19971008,1.15,1.17,1.14,1.16,4593.0,3449472.00
19971009,1.16,1.16,1.14,1.14,2085.0,1552725.00
19971010,1.14,1.17,1.14,1.16,2700.0,2025185.00
19971013,1.15,1.16,1.14,1.14,2091.0,1557628.00
19971014,1.14,1.14,1.12,1.13,1546.0,1131242.00
19971015,1.12,1.15,1.12,1.14,1435.0,1061284.00
19971016,1.15,1.18,1.14,1.18,6461.0,4917223.00
19971017,1.19,1.22,1.18,1.20,7647.0,5972250.00
19971020,1.21,1.22,1.19,1.22,7685.0,6004232.00
19971021,1.23,1.25,1.22,1.24,8445.0,6784911.00
19971022,1.24,1.25,1.17,1.18,8339.0,6501624.00
19971023,1.18,1.22,1.17,1.20,6927.0,5391315.00
19971024,1.19,1.28,1.19,1.28,21610.0,17458418.00
19971027,1.29,1.31,1.25,1.27,21741.0,18167049.00
19971028,1.27,1.28,1.19,1.20,11754.0,9353481.00
19971029,1.19,1.26,1.18,1.26,8271.0,6569468.00
19971030,1.27,1.34,1.25,1.26,29385.0,24862273.00
19971031,1.24,1.31,1.23,1.31,12886.0,10694467.00
19971103,1.32,1.36,1.29,1.35,22934.0,19807236.00
19971104,1.35,1.35,1.31,1.33,10989.0,9496605.00
19971105,1.34,1.35,1.31,1.33,13428.0,11640802.00
19971106,1.34,1.38,1.32,1.33,14938.0,13130247.00
19971107,1.34,1.35,1.31,1.34,11387.0,9811310.00
19971110,1.37,1.37,1.26,1.29,9859.0,8367849.00
19971111,1.28,1.29,1.23,1.28,10214.0,8325573.00
19971112,1.33,1.41,1.31,1.32,41229.0,36886610.00
19971113,1.28,1.35,1.25,1.35,13051.0,10946914.00
19971114,1.34,1.34,1.29,1.30,8125.0,6942088.00
19971117,1.32,1.32,1.29,1.29,4345.0,3676961.00
19971118,1.29,1.30,1.26,1.27,3228.0,2675447.00
19971119,1.26,1.30,1.26,1.28,3798.0,3165856.00
19971120,1.29,1.34,1.28,1.30,6374.0,5396621.00
19971121,1.29,1.31,1.26,1.28,5241.0,4386302.00
19971124,1.26,1.28,1.24,1.27,3332.0,2742834.00
19971125,1.27,1.29,1.25,1.27,3770.0,3111316.00
19971126,1.26,1.28,1.23,1.27,2472.0,2019447.00
19971127,1.26,1.27,1.22,1.22,4800.0,3855644.00
19971128,1.21,1.25,1.20,1.25,3781.0,2991168.00
19971201,1.15,1.27,1.15,1.24,3517.0,2845776.00
19971202,1.24,1.27,1.22,1.23,1400.0,1127017.00
19971203,1.22,1.23,1.18,1.18,2363.0,1857188.00
19971204,1.18,1.25,1.18,1.24,3241.0,2585471.00
19971205,1.26,1.26,1.22,1.23,3301.0,2671580.00
19971208,1.23,1.25,1.22,1.25,3109.0,2500905.00
19971209,1.26,1.27,1.25,1.27,2012.0,1647970.00
19971210,1.26,1.28,1.25,1.25,2534.0,2076490.00
19971211,1.25,1.25,1.23,1.24,2230.0,1794345.00
19971212,1.24,1.26,1.23,1.23,3055.0,2464925.00
19971215,1.23,1.25,1.22,1.25,4067.0,3259252.00
19971216,1.25,1.29,1.24,1.27,4252.0,3493281.00
19971217,1.27,1.27,1.22,1.22,3925.0,3157256.00
19971218,1.21,1.26,1.20,1.24,4495.0,3594659.00
19971219,1.23,1.27,1.23,1.26,3439.0,2802544.00
19971222,1.26,1.35,1.26,1.33,15477.0,13289015.00
19971223,1.33,1.35,1.31,1.32,6379.0,5492214.00
19971224,1.32,1.37,1.32,1.37,12173.0,10656258.00
19971225,1.35,1.39,1.35,1.38,11779.0,10532949.00
19971226,1.39,1.44,1.39,1.40,17698.0,16277206.00
19971229,1.40,1.43,1.38,1.38,10751.0,9736386.00
19971230,1.38,1.43,1.38,1.39,9803.0,8941186.00
19971231,1.40,1.42,1.39,1.41,7313.0,6658427.00
19980105,1.41,1.46,1.41,1.42,10730.0,10036427.00
19980106,1.43,1.45,1.39,1.45,10693.0,9785169.00
19980107,1.44,1.47,1.43,1.46,10125.0,9576942.00
19980108,1.45,1.45,1.41,1.41,10529.0,9733041.00
19980109,1.41,1.43,1.37,1.41,12387.0,11205480.00
19980112,1.41,1.42,1.37,1.37,12256.0,11004024.00
19980113,1.35,1.35,1.23,1.29,14879.0,12355191.00
19980114,1.29,1.34,1.27,1.32,8448.0,7186466.00
19980115,1.32,1.35,1.30,1.35,7196.0,6162233.00
19980116,1.34,1.38,1.32,1.34,4992.0,4374285.00
19980119,1.35,1.35,1.31,1.32,2651.0,2271498.00
19980120,1.31,1.32,1.29,1.32,3405.0,2888564.00
19980121,1.31,1.34,1.31,1.32,3128.0,2695747.00
19980122,1.32,1.35,1.31,1.35,3484.0,3028895.00
19980123,1.35,1.38,1.35,1.36,5908.0,5241282.00
19980209,1.38,1.44,1.38,1.42,10776.0,9904098.00
19980210,1.41,1.46,1.39,1.41,10259.0,9551491.00
19980211,1.41,1.44,1.41,1.43,6610.0,6113535.00
19980212,1.43,1.44,1.38,1.39,6951.0,6394304.00
19980213,1.39,1.42,1.39,1.41,5523.0,5054539.00
19980216,1.42,1.51,1.41,1.48,22998.0,22007000.00
19980217,1.49,1.49,1.45,1.46,7461.0,7115763.00
19980218,1.48,1.49,1.43,1.44,5976.0,5618156.00
19980219,1.44,1.44,1.39,1.42,5183.0,4782888.00
19980220,1.42,1.45,1.41,1.42,4841.0,4506310.00
19980223,1.43,1.43,1.37,1.40,6314.0,5692592.00
19980224,1.39,1.41,1.38,1.39,3624.0,3274573.00
19980225,1.35,1.40,1.34,1.36,2593.0,2309233.00
19980226,1.36,1.39,1.36,1.38,2348.0,2096172.00
19980227,1.39,1.41,1.39,1.39,4138.0,3764147.00
19980302,1.37,1.37,1.33,1.33,3975.0,3481137.00
19980303,1.29,1.31,1.27,1.30,7061.0,5900544.00
19980304,1.31,1.33,1.28,1.32,4632.0,3956078.00
19980305,1.32,1.33,1.30,1.31,2579.0,2205370.00
19980306,1.31,1.38,1.29,1.37,12112.0,10609042.00
19980309,1.37,1.39,1.36,1.39,5733.0,5143371.00
19980310,1.38,1.39,1.35,1.38,4245.0,3770559.00
19980311,1.39,1.40,1.33,1.34,2795.0,2475923.00
19980312,1.33,1.36,1.31,1.35,3065.0,2645766.00
19980313,1.35,1.37,1.33,1.35,1920.0,1681463.00
19980316,1.34,1.38,1.34,1.37,3775.0,3330630.00
19980317,1.37,1.40,1.36,1.39,6739.0,6045435.00
19980318,1.40,1.40,1.36,1.36,2464.0,2207124.00
19980319,1.36,1.39,1.35,1.37,3492.0,3109448.00
19980320,1.37,1.38,1.35,1.35,2072.0,1829112.00
19980323,1.35,1.39,1.35,1.39,4131.0,3700139.00
19980324,1.39,1.43,1.39,1.42,8691.0,7989170.00
19980325,1.43,1.44,1.39,1.40,5213.0,4781087.00
19980326,1.40,1.41,1.36,1.36,3610.0,3236202.00
19980327,1.36,1.41,1.36,1.40,4490.0,4049182.00
19980330,1.43,1.43,1.39,1.41,8303.0,7608437.00
19980331,1.42,1.42,1.37,1.39,7435.0,6733236.00
19980401,1.40,1.46,1.39,1.45,13651.0,12750758.00
19980402,1.46,1.47,1.42,1.43,11591.0,10904603.00
19980403,1.43,1.44,1.42,1.44,8883.0,8248383.00
19980406,1.45,1.50,1.44,1.47,14640.0,14046723.00
19980407,1.47,1.47,1.44,1.45,7054.0,6640851.00
19980408,1.45,1.49,1.44,1.46,10900.0,10354979.00
19980409,1.46,1.49,1.44,1.45,10043.0,9530613.00
19980410,1.45,1.57,1.45,1.55,26793.0,26695041.00
19980413,1.59,1.68,1.54,1.59,39441.0,41369137.00
19980414,1.57,1.58,1.54,1.55,12923.0,13042925.00
19980415,1.55,1.67,1.55,1.64,17919.0,18820774.00
19980416,1.62,1.66,1.60,1.60,9793.0,10341801.00
19980417,1.59,1.59,1.54,1.56,12291.0,12447982.00
19980420,1.54,1.59,1.54,1.56,7390.0,7496478.00
19980421,1.55,1.61,1.55,1.59,5474.0,5608203.00
19980422,1.60,1.62,1.58,1.61,6248.0,6478910.00
19980423,1.62,1.66,1.59,1.63,8281.0,8741140.00
19980424,1.63,1.65,1.55,1.55,9181.0,9517052.00
19980427,1.54,1.59,1.54,1.57,9832.0,10052269.00
19980428,1.59,1.70,1.57,1.67,20927.0,22486922.00
19980429,1.68,1.77,1.64,1.70,26068.0,29022035.00
19980430,1.77,1.77,1.71,1.73,13141.0,14855358.00
19980504,1.72,1.81,1.72,1.74,9694.0,11147959.00
19980505,1.75,1.79,1.72,1.78,8064.0,9189314.00
19980506,1.82,1.82,1.73,1.74,6149.0,7012801.00
19980507,1.73,1.77,1.68,1.69,10891.0,12215909.00
19980508,1.69,1.74,1.68,1.73,11442.0,12675373.00
19980511,1.72,1.72,1.68,1.69,9997.0,10982531.00
19980512,1.68,1.68,1.63,1.65,8117.0,8688462.00
19980513,1.63,1.69,1.63,1.69,6991.0,7587243.00
19980514,1.69,1.73,1.63,1.70,8131.0,9027016.00
19980515,1.66,1.74,1.66,1.71,6828.0,7641851.00
19980518,1.75,1.79,1.73,1.76,8531.0,9773287.00
19980519,1.77,1.79,1.73,1.74,4493.0,5099560.00
19980520,1.72,1.75,1.68,1.72,5989.0,6633573.00
19980521,1.69,1.77,1.68,1.75,5955.0,6771133.00
19980522,1.72,1.78,1.72,1.75,3151.0,3587577.00
19980525,1.77,1.85,1.73,1.83,10260.0,12090075.00
19980526,1.85,1.91,1.82,1.90,9854.0,11853004.00
19980527,1.90,2.02,1.90,1.97,15132.0,19349414.00
19980528,1.97,1.97,1.89,1.90,8200.0,10195231.00
19980529,1.91,1.92,1.86,1.88,13076.0,15953295.00
19980601,1.86,1.98,1.86,1.97,8215.0,10413562.00
19980602,1.97,2.02,1.94,1.99,7412.0,9529064.00
19980603,2.00,2.03,1.96,2.00,4892.0,6352405.00
19980604,1.98,2.00,1.94,1.95,5537.0,7103419.00
19980605,1.95,1.96,1.91,1.92,6176.0,7750888.00
19980609,1.88,1.97,1.83,1.89,9362.0,11585787.00
19980610,1.89,1.96,1.89,1.95,6124.0,7639878.00
19980611,1.94,1.97,1.89,1.91,4035.0,5024996.00
19980612,1.95,2.02,1.92,2.02,10473.0,13458436.00
19980615,2.05,2.08,2.00,2.03,6665.0,8841799.00
19980616,2.01,2.05,1.95,2.03,6963.0,9038518.00
19980617,2.05,2.05,2.01,2.02,3012.0,3979928.00
19980618,2.02,2.08,2.00,2.02,3723.0,4883520.00
19980619,2.03,2.04,1.99,2.04,5370.0,7035433.00
19980622,2.04,2.11,2.04,2.10,4427.0,5993444.00
19980623,2.10,2.19,1.97,2.15,11432.0,15617818.00
19980624,2.13,2.18,2.12,2.16,4411.0,6142401.00
19980625,2.14,2.23,2.14,2.17,5964.0,8449005.00
19980626,2.19,2.20,2.15,2.19,7089.0,10037452.00
19980629,2.16,2.25,2.16,2.19,13315.0,19169895.00
19980630,2.20,2.23,2.06,2.09,14179.0,19613677.00
19980701,2.11,2.14,1.94,1.96,10496.0,13908665.00
19980702,1.94,1.98,1.86,1.97,8554.0,10641543.00
19980703,1.97,2.04,1.94,2.03,7020.0,9104193.00
19980706,2.06,2.09,1.92,1.94,10044.0,12887199.00
19980707,1.92,2.00,1.89,1.99,4157.0,5262764.00
19980708,1.97,2.00,1.96,1.98,2657.0,3420504.00
19980709,1.99,2.00,1.94,1.95,5293.0,6741950.00
19980710,1.98,2.02,1.95,2.00,7686.0,9858535.00
19980713,2.01,2.09,1.99,2.09,6418.0,8565677.00
19980714,2.09,2.15,2.08,2.09,9858.0,13556807.00
19980715,2.08,2.17,2.05,2.15,6449.0,8902453.00
19980716,2.15,2.17,2.09,2.11,4389.0,6085269.00
19980717,2.10,2.13,2.09,2.12,3393.0,4651892.00
19980720,2.11,2.12,2.00,2.05,3313.0,4430098.00
19980721,2.00,2.11,2.00,2.10,3353.0,4505338.00
19980722,2.11,2.15,2.08,2.14,3455.0,4744926.00
19980723,2.15,2.23,2.14,2.22,13236.0,18799540.00
19980724,2.22,2.30,2.20,2.29,15521.0,22833411.00
19980727,2.35,2.35,2.27,2.34,15575.0,23390802.00
19980728,2.32,2.33,2.24,2.25,8602.0,12736315.00
19980729,2.33,2.36,2.24,2.25,29019.0,43502103.00
19980730,2.25,2.30,2.25,2.26,11786.0,17415687.00
19980731,2.27,2.29,2.20,2.21,14215.0,20625956.00
19980803,2.20,2.23,2.15,2.17,18372.0,25938028.00
19980804,2.16,2.21,2.13,2.17,13728.0,19269097.00
19980805,2.20,2.27,2.17,2.25,6134.0,8796334.00
19980806,2.23,2.30,2.23,2.29,12908.0,19044053.00
19980807,2.28,2.31,2.25,2.28,9442.0,13947454.00
19980810,2.27,2.31,2.23,2.30,8463.0,12493540.00
19980811,2.29,2.31,2.25,2.30,7013.0,10387399.00
19980812,2.29,2.29,2.19,2.25,7816.0,11327969.00
19980813,2.23,2.28,2.20,2.28,3886.0,5654111.00
19980814,2.20,2.25,2.19,2.22,3001.0,4320574.00
19980817,2.19,2.19,1.99,2.01,10061.0,13275886.00
19980818,2.01,2.09,1.85,2.06,9170.0,12074479.00
19980819,2.05,2.19,2.03,2.17,10605.0,14712270.00
19980820,2.16,2.21,2.13,2.19,7538.0,10669695.00
19980821,2.19,2.22,2.15,2.20,4665.0,6625885.00
19980824,2.19,2.24,2.15,2.20,8509.0,12131055.00
19980825,2.16,2.23,2.15,2.22,3342.0,4755051.00
19980826,2.22,2.24,2.19,2.22,4963.0,7144414.00
19980827,2.19,2.22,2.16,2.17,1623.0,2294851.00
19980828,2.15,2.17,2.11,2.14,3673.0,5088123.00
19980831,2.10,2.15,2.03,2.14,5202.0,7066914.00
19980901,2.15,2.22,2.14,2.20,8273.0,11789070.00
19980902,2.22,2.23,2.12,2.17,3279.0,4634729.00
19980903,2.17,2.21,2.16,2.18,2162.0,3069783.00
19980904,2.20,2.22,2.17,2.22,5070.0,7267985.00
19980907,2.22,2.24,2.19,2.23,4227.0,6102971.00
19980908,2.24,2.29,2.22,2.25,5102.0,7482671.00
19980909,2.21,2.28,2.21,2.28,3177.0,4639244.00
19980910,2.29,2.31,2.26,2.29,5384.0,8006798.00
19980911,2.28,2.34,2.26,2.31,7003.0,10510425.00
19980914,2.34,2.44,2.33,2.34,11483.0,17817294.00
19980915,2.39,2.39,2.26,2.27,14877.0,22276895.00
19980916,2.25,2.27,2.20,2.24,23268.0,33673206.00
19980917,2.24,2.29,2.21,2.23,18671.0,27260530.00
19980918,2.24,2.27,2.22,2.26,7079.0,10302765.00
19980921,2.25,2.28,2.16,2.27,3842.0,5624288.00
19980922,2.26,2.29,2.23,2.26,4155.0,6136954.00
19980923,2.25,2.28,2.25,2.25,3670.0,5386594.00
19980924,2.26,2.26,2.23,2.24,3848.0,5605962.00
19980925,2.23,2.29,2.23,2.26,2460.0,3624772.00
19980928,2.29,2.30,2.25,2.27,3788.0,5618864.00
19980929,2.28,2.29,2.26,2.27,4785.0,7068912.00
19980930,2.27,2.34,2.27,2.31,4680.0,7003022.00
19981005,2.34,2.38,2.25,2.36,9372.0,14239859.00
19981006,2.35,2.42,2.35,2.41,14121.0,21987107.00
19981007,2.41,2.51,2.40,2.49,16427.0,26414347.00
19981008,2.50,2.54,2.45,2.51,14169.0,23009398.00
19981009,2.50,2.65,2.50,2.63,17902.0,30139927.00
19981012,2.65,2.76,2.63,2.74,16330.0,28704108.00
19981013,2.75,2.80,2.69,2.74,9889.0,17599521.00
19981014,2.71,2.75,2.69,2.72,4585.0,8080780.00
19981015,2.74,2.93,2.70,2.91,13085.0,24155162.00
19981016,2.91,3.01,2.91,2.99,10420.0,20106878.00
19981019,2.96,2.96,2.89,2.93,6710.0,12748777.00
19981020,2.93,2.95,2.91,2.93,3800.0,7237275.00
19981021,2.93,2.95,2.85,2.93,6658.0,12555863.00
19981022,2.92,2.98,2.89,2.97,7708.0,14723844.00
19981023,2.96,3.20,2.95,3.15,12255.0,24291098.00
19981026,3.15,3.19,3.10,3.17,9096.0,18652355.00
19981027,3.16,3.22,3.11,3.18,6539.0,13483352.00
19981028,3.14,3.19,3.11,3.14,5476.0,11186324.00
19981029,3.17,3.17,3.07,3.13,9709.0,19643484.00
19981030,3.15,3.18,3.08,3.12,6458.0,13198176.00
19981102,3.12,3.15,2.94,3.00,9526.0,18734427.00
19981103,2.99,3.04,2.95,3.02,5795.0,11265616.00
19981104,3.01,3.14,2.99,3.13,9803.0,19591371.00
19981105,3.13,3.30,3.13,3.30,15342.0,32088036.00
19981106,3.28,3.37,3.08,3.20,17340.0,36154894.00
19981109,3.20,3.20,3.12,3.17,5655.0,11609481.00
19981110,3.15,3.24,3.15,3.23,8517.0,17797047.00
19981111,3.28,3.28,3.21,3.26,4744.0,9976463.00
19981112,3.24,3.31,3.23,3.30,11696.0,24908502.00
19981113,3.29,3.39,3.29,3.38,11653.0,25328046.00
19981116,3.37,3.47,3.35,3.47,10988.0,24477648.00
19981117,3.46,3.54,3.40,3.46,7477.0,16854317.00
19981118,3.40,3.46,3.23,3.32,5542.0,11966551.00
19981119,3.32,3.36,3.25,3.31,3998.0,8603729.00
19981120,3.32,3.32,3.23,3.27,4035.0,8534645.00
19981123,3.27,3.31,3.19,3.29,5607.0,11803831.00
19981124,3.28,3.32,3.28,3.30,2614.0,5606120.00
19981125,3.29,3.32,3.23,3.30,2197.0,4703270.00
19981126,3.29,3.31,3.23,3.27,1672.0,3559551.00
19981127,3.27,3.31,3.25,3.28,2842.0,6069294.00
19981130,3.28,3.31,3.25,3.29,1673.0,3566089.00
19981201,3.29,3.30,3.25,3.28,1101.0,2347484.00
19981202,3.29,3.30,3.21,3.28,3416.0,7237893.00
19981203,3.28,3.30,3.22,3.23,2893.0,6106594.00
19981204,3.23,3.30,3.22,3.28,4650.0,9852934.00
19981207,3.28,3.30,3.08,3.23,2044.0,4270122.00
19981208,3.23,3.23,3.12,3.17,3235.0,6657984.00
19981209,3.17,3.20,3.13,3.17,2276.0,4680669.00
19981210,3.17,3.18,3.09,3.12,1726.0,3502287.00
19981211,3.12,3.14,3.01,3.02,3926.0,7788898.00
19981214,3.00,3.05,2.97,3.03,4852.0,9498775.00
19981215,3.03,3.11,2.99,3.11,5608.0,11051438.00
19981216,3.11,3.12,3.09,3.11,1670.0,3373414.00
19981217,3.10,3.14,3.05,3.13,5922.0,11965270.00
19981218,3.11,3.17,3.10,3.14,6694.0,13662515.00
19981221,3.12,3.14,3.10,3.13,1757.0,3570324.00
19981222,3.13,3.17,3.11,3.16,2539.0,5201661.00
19981223,3.15,3.17,3.09,3.13,1165.0,2379897.00
19981224,3.12,3.12,2.99,3.01,1385.0,2748913.00
19981225,3.01,3.08,3.01,3.06,3391.0,6710039.00
19981228,3.06,3.08,3.00,3.04,507.0,1003056.00
19981229,3.03,3.04,2.92,2.97,1693.0,3273664.00
19981230,2.97,3.05,2.92,3.00,1910.0,3707026.00
19981231,2.99,3.07,2.99,3.05,1958.0,3863043.00
19990104,3.05,3.11,3.02,3.04,680.0,1350971.00
19990105,3.04,3.07,3.01,3.04,700.0,1381857.00
19990106,3.04,3.06,3.00,3.03,1361.0,2680716.00
19990107,3.03,3.05,2.96,3.01,741.0,1448486.00
19990108,3.01,3.04,3.00,3.03,4233.0,8303422.00
19990111,3.02,3.04,2.99,3.03,2377.0,4660669.00
19990112,3.08,3.08,3.03,3.06,2467.0,4910094.00
19990113,3.06,3.07,2.94,3.03,2744.0,5382987.00
19990114,3.02,3.04,2.97,3.00,652.0,1270149.00
19990115,3.00,3.00,2.86,2.92,3006.0,5673641.00
19990118,2.92,3.00,2.92,2.96,1681.0,3244525.00
19990119,2.96,3.06,2.95,3.06,3096.0,6064008.00
19990120,3.05,3.15,3.05,3.15,5572.0,11281263.00
19990121,3.15,3.21,3.14,3.19,4025.0,8326244.00
19990122,3.17,3.21,3.08,3.18,2876.0,5931771.00
19990125,3.19,3.22,3.13,3.15,2692.0,5551224.00
19990126,3.16,3.20,3.14,3.18,6904.0,14215694.00
19990127,3.20,3.25,3.07,3.23,7280.0,12503205.00
19990128,3.19,3.24,3.17,3.22,3118.0,5399008.00
19990129,3.18,3.21,3.16,3.21,1714.0,2944435.00
19990201,3.18,3.21,3.15,3.18,1592.0,2728655.00
19990202,3.18,3.19,3.16,3.18,1737.0,2977194.00
19990203,3.17,3.19,3.12,3.17,1442.0,2459737.00
19990204,3.16,3.19,3.12,3.17,1087.0,1852873.00
19990208,3.16,3.17,3.07,3.11,1609.0,2699488.00
19990209,3.07,3.25,3.07,3.24,2544.0,4309934.00
19990301,3.19,3.19,3.10,3.14,5955.0,10135107.00
19990302,3.14,3.23,3.12,3.21,4189.0,7117437.00
19990303,3.19,3.33,3.19,3.31,9735.0,17114484.00
19990304,3.29,3.32,3.27,3.30,2506.0,4466264.00
19990305,3.28,3.31,3.08,3.20,3066.0,5289684.00
19990308,3.14,3.14,2.94,3.02,5077.0,8247182.00
19990309,3.01,3.01,2.79,2.96,26410.0,40679369.00
19990310,3.01,3.04,2.93,3.01,8963.0,14415128.00
19990311,3.04,3.07,2.93,3.05,9877.0,15868619.00
19990312,3.01,3.14,3.01,3.13,6798.0,11310526.00
19990315,3.13,3.23,3.11,3.20,8087.0,13756133.00
19990316,3.18,3.21,3.09,3.10,4028.0,6769723.00
19990317,3.10,3.13,3.04,3.06,3109.0,5164671.00
19990318,3.06,3.08,3.04,3.07,1524.0,2514118.00
19990319,3.06,3.08,3.01,3.06,2686.0,4404419.00
19990322,3.05,3.08,3.01,3.06,3079.0,5047901.00
19990323,3.05,3.10,3.04,3.08,3285.0,5436314.00
19990324,3.08,3.10,3.03,3.05,3258.0,5371434.00
19990325,3.05,3.08,3.03,3.06,1357.0,2233944.00
19990326,3.05,3.14,3.01,3.11,4580.0,7534497.00
19990329,3.03,3.12,3.03,3.12,7036.0,11605196.00
19990330,3.10,3.19,3.10,3.18,9639.0,16322225.00
19990331,3.18,3.27,3.17,3.26,12198.0,21210256.00
19990401,3.26,3.30,2.99,3.13,18531.0,31314414.00
19990402,3.06,3.06,2.94,3.04,5757.0,9258120.00
19990405,3.01,3.01,2.94,2.99,2621.0,4201104.00
19990406,2.99,3.01,2.97,3.00,2971.0,4779765.00
19990407,2.99,3.08,2.94,3.05,2913.0,4699915.00
19990408,3.04,3.16,3.03,3.10,2699.0,4463131.00
19990409,3.09,3.13,3.04,3.07,1664.0,2766683.00
19990412,3.06,3.08,2.97,3.00,2335.0,3788455.00
19990413,2.97,3.06,2.96,3.01,1406.0,2267943.00
19990414,2.99,3.05,2.95,3.00,7570.0,12257959.00
19990415,2.99,3.03,2.94,3.02,7356.0,11871953.00
19990416,3.01,3.03,2.98,3.02,2003.0,3244788.00
19990419,3.01,3.03,2.97,3.02,4081.0,6615019.00
19990421,2.97,3.03,2.97,3.01,543.0,877284.00
19990422,3.00,3.01,2.94,3.00,2007.0,3222106.00
19990423,2.99,3.06,2.94,2.99,1932.0,3108537.00
19990426,2.99,3.06,2.93,2.98,1188.0,1891644.00
19990427,2.98,2.98,2.92,2.96,827.0,1313514.00
19990428,2.96,2.96,2.88,2.93,1159.0,1826398.00
19990429,2.92,3.01,2.92,2.96,6089.0,8148575.00
19990430,2.95,2.99,2.93,2.96,5495.0,7341519.00
19990504,2.95,2.97,2.92,2.93,421.0,557587.00
19990505,2.92,2.95,2.92,2.93,3224.0,4259166.00
19990506,2.92,2.95,2.89,2.94,3132.0,4132209.00
19990507,2.93,2.98,2.91,2.92,3110.0,4103199.00
19990510,2.91,2.94,2.78,2.84,1313.0,1677756.00
19990511,2.84,2.90,2.83,2.87,1272.0,1634374.00
19990512,2.87,2.92,2.84,2.88,940.0,1218114.00
19990513,2.88,2.90,2.84,2.86,328.0,423913.00
19990514,2.86,2.88,2.82,2.84,1113.0,1421720.00
19990517,2.84,2.85,2.80,2.82,550.0,698043.00
19990518,2.81,2.87,2.80,2.82,539.0,686919.00
19990519,2.82,2.99,2.81,2.92,1407.0,1827998.00
19990520,2.92,2.96,2.83,2.94,2533.0,3330775.00
19990521,2.94,2.97,2.88,2.94,2454.0,3224421.00
19990524,2.93,3.06,2.88,3.02,7519.0,10143116.00
19990525,3.02,3.11,2.97,3.01,7321.0,10043051.00
19990526,2.94,3.30,2.94,3.29,18037.0,25385428.00
19990527,3.37,3.54,3.31,3.43,23845.0,36909970.00
19990528,3.41,3.51,3.34,3.49,12140.0,18687605.00
19990531,3.48,3.59,3.35,3.40,8345.0,12921154.00
19990601,3.40,3.52,3.34,3.52,7466.0,11383972.00
19990602,3.50,3.55,3.34,3.43,10495.0,16474983.00
19990603,3.43,3.59,3.35,3.57,22696.0,35928403.00
19990604,3.56,3.90,3.55,3.83,23340.0,38612266.00
19990607,3.81,4.01,3.66,3.97,24128.0,42205516.00
19990608,4.00,4.00,3.58,3.58,26481.0,43568738.00
19990609,3.22,3.57,3.22,3.51,46667.0,69818374.00
19990610,3.51,3.55,3.28,3.35,15829.0,23934147.00
19990611,3.33,3.41,3.24,3.35,11184.0,16753339.00
19990614,3.35,3.39,3.28,3.37,16446.0,24701933.00
19990615,3.36,3.44,3.31,3.38,22529.0,34110788.00
19990616,3.37,3.45,3.34,3.44,13295.0,20349264.00
19990617,3.43,3.51,3.33,3.47,24146.0,37145790.00
19990618,3.46,3.55,3.41,3.55,27826.0,43965392.00
19990621,3.54,3.73,3.49,3.68,27120.0,44114415.00
19990622,3.69,3.70,3.55,3.65,16807.0,27345649.00
19990623,3.66,4.01,3.66,3.91,30686.0,53555290.00
19990624,3.90,4.06,3.82,3.92,11046.0,19379257.00
19990625,3.97,3.97,3.62,3.76,16823.0,28899477.00
19990628,3.75,3.96,3.63,3.95,20731.0,35618426.00
19990629,3.99,4.06,3.82,4.02,24409.0,43655146.00
19990630,4.03,4.04,3.78,3.97,27558.0,48544435.00
19990701,3.94,4.17,3.79,4.00,43938.0,79251907.00
19990702,4.04,4.26,3.99,4.21,56762.0,106127490.00
19990705,4.26,4.42,4.22,4.30,39739.0,77340577.00
19990706,4.28,4.28,3.99,4.10,21732.0,40222082.00
19990707,4.06,4.28,4.00,4.10,24402.0,45608636.00
19990708,4.14,4.20,4.02,4.15,18095.0,33603712.00
19990709,4.10,4.17,3.95,4.13,12393.0,22732437.00
19990712,4.03,4.09,3.95,4.03,9185.0,16680264.00
19990713,4.00,4.08,3.88,4.02,10848.0,19520714.00
19990714,4.03,4.14,3.96,4.05,17073.0,31314559.00
19990715,4.07,4.14,4.02,4.06,23156.0,42518786.00
19990716,4.06,4.12,3.88,4.03,22972.0,41269101.00
19990719,3.85,4.07,3.85,3.94,13624.0,24223773.00
19990720,3.95,4.10,3.90,4.08,23795.0,42656030.00
19990721,4.07,4.27,4.06,4.22,36430.0,68687441.00
19990722,4.24,4.24,4.12,4.17,23089.0,43318789.00
19990723,4.22,4.30,4.12,4.22,31654.0,59824155.00
19990726,4.25,4.27,4.17,4.23,16199.0,30691980.00
19990727,4.65,4.65,4.23,4.25,32588.0,63203413.00
19990728,4.24,4.28,4.13,4.21,24637.0,46582273.00
19990729,4.17,4.24,4.13,4.14,15093.0,28371157.00
19990730,4.12,4.18,4.08,4.15,16064.0,29863993.00
19990802,4.11,4.18,4.09,4.12,19494.0,36276938.00
19990803,4.13,4.22,4.10,4.18,26514.0,49729447.00
19990804,4.17,4.37,4.17,4.31,29834.0,57275000.00
19990805,4.30,4.42,4.25,4.36,25859.0,50504531.00
19990806,4.31,4.44,4.20,4.36,24484.0,47530265.00
19990809,4.32,4.37,4.19,4.31,23572.0,45264068.00
19990810,4.31,4.32,4.17,4.18,14851.0,28223047.00
19990811,4.17,4.28,4.10,4.16,4916.0,9257100.00
19990812,4.15,4.26,4.09,4.16,4869.0,9110881.00
19990813,4.15,4.19,4.02,4.06,11807.0,21720135.00
19990816,4.04,4.08,3.98,4.03,3949.0,7152337.00
19990817,4.02,4.16,4.02,4.08,8745.0,16085690.00
19990818,4.06,4.10,3.99,4.02,2865.0,5209063.00
19990819,4.03,4.15,4.03,4.15,21377.0,39415049.00
19990820,4.10,4.30,3.99,4.22,44797.0,83289376.00
19990823,4.20,4.24,4.13,4.18,18237.0,34285513.00
19990824,4.20,4.23,4.11,4.17,19289.0,36146090.00
19990825,4.17,4.18,4.07,4.12,14897.0,27588579.00
19990826,4.13,4.17,4.08,4.13,6749.0,12521903.00
19990827,4.10,4.17,4.06,4.14,15619.0,28834452.00
19990830,4.13,4.14,4.06,4.09,5670.0,10458118.00
19990831,4.09,4.12,4.07,4.09,4570.0,8447794.00
19990901,4.09,4.11,4.05,4.08,4472.0,8221866.00
19990902,4.06,4.10,3.97,4.10,12203.0,22167654.00
19990903,4.08,4.17,4.04,4.12,12809.0,23696107.00
19990906,4.10,4.13,4.06,4.09,4326.0,7985229.00
19990907,4.07,4.17,4.04,4.10,6726.0,12405197.00
19990908,4.08,4.14,4.06,4.10,5732.0,10548776.00
19990909,4.09,4.28,4.09,4.28,33621.0,63453815.00
19990910,4.26,4.35,4.10,4.17,21228.0,40384004.00
19990913,4.15,4.19,4.06,4.17,14397.0,26709935.00
19990914,4.18,4.25,3.75,3.90,93710.0,164235862.00
19990915,3.99,3.99,3.75,3.88,38870.0,68062503.00
19990916,3.81,3.86,3.71,3.73,20541.0,34720645.00
19990917,3.73,3.75,3.64,3.66,23799.0,39488286.00
19990920,3.66,3.72,3.62,3.64,13881.0,22900384.00
19990921,3.64,3.70,3.64,3.69,7550.0,12501838.00
19990922,3.72,3.73,3.62,3.63,6481.0,10665029.00
19990923,3.63,3.65,3.55,3.56,17297.0,27953940.00
19990924,3.57,3.64,3.55,3.61,13807.0,22370833.00
19990927,3.63,3.63,3.51,3.53,6786.0,10856504.00
19990928,3.53,3.55,3.46,3.46,5946.0,9362381.00
19990929,3.46,3.55,3.46,3.48,5495.0,8617847.00
19990930,3.52,3.52,3.47,3.50,4570.0,7196385.00
19991008,3.52,3.54,3.48,3.48,2574.0,4061153.00
19991011,3.47,3.51,3.47,3.48,2270.0,3570695.00
19991012,3.49,3.53,3.49,3.51,2680.0,4233554.00
19991013,3.51,3.52,3.37,3.38,2498.0,3897401.00
19991014,3.33,3.46,3.31,3.34,3302.0,4995449.00
19991015,3.33,3.41,3.33,3.40,3451.0,5270378.00
19991018,3.41,3.41,3.28,3.28,3684.0,5519782.00
19991019,3.23,3.25,3.16,3.17,3865.0,5575049.00
19991020,3.17,3.21,3.14,3.19,2492.0,3572669.00
19991021,3.19,3.19,3.08,3.08,3583.0,5020985.00
19991022,3.08,3.23,3.08,3.18,4221.0,6042629.00
19991025,3.18,3.22,3.10,3.10,2239.0,3152826.00
19991026,3.11,3.17,3.11,3.14,3283.0,4654313.00
19991027,3.19,3.32,3.19,3.28,19480.0,28625606.00
19991028,3.29,3.29,3.20,3.22,6664.0,9747472.00
19991029,3.21,3.26,3.18,3.21,3208.0,4636139.00
19991101,3.22,3.22,3.18,3.19,2023.0,2913010.00
19991102,3.19,3.20,3.14,3.15,1706.0,2436111.00
19991103,3.15,3.17,3.12,3.13,2392.0,3375739.00
19991104,3.11,3.13,3.08,3.11,2982.0,4168000.00
19991105,3.10,3.15,3.10,3.11,2116.0,2970610.00
19991108,3.11,3.15,3.09,3.14,1810.0,2549835.00
19991109,3.13,3.25,3.13,3.21,7562.0,10923676.00
19991110,3.21,3.25,3.16,3.21,4615.0,6676100.00
19991111,3.21,3.23,3.17,3.18,2231.0,3221800.00
19991112,3.21,3.23,3.16,3.20,3227.0,4660421.00
19991115,3.22,3.24,3.19,3.24,3322.0,4821335.00
19991116,3.26,3.28,3.21,3.21,4863.0,7110199.00
19991117,3.19,3.25,3.18,3.22,4580.0,6648127.00
19991118,3.23,3.39,3.22,3.29,18486.0,27381262.00
19991119,3.29,3.37,3.28,3.34,7458.0,11147868.00
19991122,3.36,3.37,3.32,3.35,4429.0,6671651.00
19991123,3.36,3.37,3.33,3.35,3423.0,5176006.00
19991124,3.36,3.38,3.35,3.36,3426.0,5201673.00
19991125,3.35,3.36,3.24,3.25,4212.0,6234970.00
19991126,3.23,3.27,3.22,3.25,3761.0,5513984.00
19991129,3.24,3.26,3.21,3.22,2111.0,3065204.00
19991130,3.20,3.24,3.20,3.23,1336.0,1941844.00
19991201,3.22,3.26,3.21,3.26,2044.0,2982419.00
19991202,3.26,3.26,3.21,3.22,2068.0,3009838.00
19991203,3.22,3.26,3.20,3.23,1668.0,2424359.00
19991206,3.22,3.23,3.21,3.23,1399.0,2033602.00
19991207,3.23,3.27,3.21,3.22,1274.0,1856708.00
19991208,3.22,3.23,3.20,3.20,1831.0,2651099.00
19991209,3.19,3.19,3.12,3.15,1801.0,2560171.00
19991210,3.15,3.21,3.14,3.18,1169.0,1673378.00
19991213,3.18,3.21,3.17,3.17,2248.0,3223369.00
19991214,3.17,3.18,3.12,3.17,3384.0,4790636.00
19991215,3.17,3.32,3.17,3.26,4191.0,6168037.00
19991216,3.27,3.27,3.20,3.21,2227.0,3239613.00
19991217,3.20,3.23,3.17,3.19,2068.0,2989137.00
19991221,3.19,3.19,3.13,3.14,2357.0,3341447.00
19991222,3.13,3.17,3.13,3.15,1590.0,2258696.00
19991223,3.15,3.18,3.12,3.13,2189.0,3090213.00
19991224,3.13,3.17,3.08,3.08,2967.0,4149950.00
19991227,3.06,3.10,3.02,3.02,2613.0,3588000.00
19991228,3.02,3.08,2.99,3.00,2535.0,3452205.00
19991229,3.00,3.05,2.96,3.02,1875.0,2525670.00
19991230,3.02,3.06,3.02,3.05,1653.0,2265649.00
20000104,3.06,3.13,3.04,3.11,4496.0,6277636.00
20000105,3.11,3.17,3.07,3.10,3643.0,5141609.00
20000106,3.10,3.21,3.08,3.21,5326.0,7559850.00
20000107,3.24,3.37,3.24,3.34,16753.0,25061637.00
20000110,3.36,3.41,3.27,3.39,15920.0,23937289.00
20000111,3.43,3.45,3.19,3.22,11326.0,16908921.00
20000112,3.22,3.28,3.13,3.15,7151.0,10233679.00
20000113,3.14,3.19,3.11,3.14,3547.0,5031156.00
20000114,3.15,3.17,3.10,3.10,4160.0,5885431.00
20000117,3.10,3.41,3.10,3.39,20996.0,31440365.00
20000118,3.43,3.68,3.39,3.42,39525.0,62490005.00
20000119,3.41,3.48,3.33,3.45,12870.0,19836035.00
20000120,3.44,3.57,3.42,3.55,18226.0,28875047.00
20000121,3.56,3.59,3.46,3.47,15408.0,24318327.00
20000124,3.51,3.51,3.35,3.42,15546.0,23760928.00
20000125,3.42,3.55,3.37,3.47,13695.0,21459119.00
20000126,3.46,3.55,3.42,3.52,8057.0,12695053.00
20000127,3.53,3.61,3.46,3.48,12309.0,19477584.00
20000128,3.51,3.55,3.40,3.48,13784.0,21445574.00
20000214,3.55,3.77,3.54,3.77,24440.0,40569678.00
20000215,3.77,3.79,3.49,3.53,29358.0,48492769.00
20000216,3.48,3.54,3.34,3.40,25750.0,39592576.00
20000217,3.39,3.66,3.35,3.41,26362.0,41260727.00
20000218,3.41,3.54,3.37,3.40,11403.0,17659789.00
20000221,3.42,3.52,3.35,3.46,14955.0,23033600.00
20000222,3.49,3.62,3.40,3.42,18231.0,29038378.00
20000223,3.39,3.46,3.31,3.33,11504.0,17437194.00
20000224,3.33,3.38,3.31,3.37,7332.0,11053717.00
20000225,3.37,3.39,3.28,3.31,9815.0,14600161.00
20000228,3.31,3.37,3.24,3.35,12651.0,18839406.00
20000229,3.36,3.37,3.22,3.31,15781.0,23357398.00
20000301,3.31,3.41,3.26,3.35,9822.0,14845000.00
20000302,3.35,3.38,3.27,3.33,7697.0,11485118.00
20000303,3.31,3.37,3.29,3.37,9551.0,14399365.00
20000306,3.39,3.55,3.39,3.41,20821.0,32579622.00
20000307,3.38,3.46,3.33,3.40,6798.0,10325777.00
20000308,3.40,3.44,3.33,3.35,9703.0,14694496.00
20000309,3.34,3.36,3.28,3.31,11639.0,17283226.00
20000310,3.31,3.32,3.24,3.25,7493.0,11030135.00
20000313,3.33,3.55,3.33,3.53,40294.0,63002487.00
20000314,3.52,3.52,3.37,3.45,19042.0,29407415.00
20000315,3.46,3.50,3.45,3.47,9053.0,14162524.00
20000316,3.46,3.46,3.26,3.31,9130.0,13801533.00
20000317,3.29,3.38,3.28,3.37,7371.0,11099981.00
20000320,3.33,3.44,3.24,3.41,9092.0,13832006.00
20000321,3.42,3.44,3.35,3.44,8316.0,12743021.00
20000322,3.43,3.51,3.41,3.48,12831.0,20054146.00
20000323,3.48,3.54,3.46,3.53,18625.0,29450457.00
20000324,3.55,3.59,3.46,3.46,15215.0,24127231.00
20000327,3.46,3.66,3.46,3.63,26697.0,42944324.00
20000328,3.64,3.67,3.55,3.59,14391.0,23266927.00
20000329,3.64,3.66,3.51,3.54,12420.0,19910300.00
20000330,3.53,3.59,3.53,3.55,11283.0,18084141.00
20000331,3.56,3.57,3.50,3.52,10658.0,16919022.00
20000403,3.52,3.57,3.46,3.51,11470.0,18199657.00
20000404,3.46,3.50,3.46,3.47,6663.0,10430180.00
20000405,3.46,3.53,3.46,3.50,5542.0,8708444.00
20000406,3.51,3.59,3.51,3.58,12579.0,20114274.00
20000407,3.62,3.63,3.56,3.61,13009.0,21064025.00
20000410,3.62,3.75,3.62,3.70,21500.0,35763313.00
20000411,3.70,3.72,3.63,3.64,10301.0,16945991.00
20000412,3.62,3.66,3.53,3.56,11211.0,18099504.00
20000413,3.56,3.63,3.55,3.58,7287.0,11776768.00
20000414,3.61,3.62,3.55,3.61,7502.0,12073593.00
20000417,3.59,3.59,3.51,3.54,8983.0,14343871.00
20000418,3.52,3.58,3.48,3.58,5885.0,9416000.00
20000419,3.58,3.66,3.57,3.62,9034.0,14730366.00
20000420,3.63,3.68,3.61,3.66,14897.0,24512136.00
20000421,3.65,3.68,3.57,3.59,8193.0,13399652.00
20000424,3.62,3.69,3.59,3.66,10318.0,16970687.00
20000425,3.67,3.69,3.62,3.66,7899.0,12989564.00
20000426,3.68,3.77,3.67,3.73,21437.0,36072269.00
20000427,3.75,3.77,3.66,3.66,12976.0,21691111.00
20000428,3.66,3.73,3.63,3.71,10404.0,17272261.00
20000508,3.74,3.88,3.74,3.85,20940.0,36231141.00
20000509,3.86,3.87,3.75,3.76,12210.0,20905771.00
20000510,3.74,3.74,3.61,3.61,10102.0,16647048.00
20000511,3.57,3.64,3.57,3.59,7885.0,12798555.00
20000512,3.59,3.66,3.53,3.54,7215.0,11605661.00
20000515,3.55,3.57,3.45,3.47,5569.0,8729992.00
20000516,3.47,3.52,3.46,3.51,4838.0,7610304.00
20000517,3.52,3.57,3.49,3.55,8783.0,14044987.00
20000518,3.55,3.61,3.47,3.59,11511.0,18340275.00
20000519,3.57,3.60,3.53,3.59,9155.0,14743325.00
20000522,3.59,3.71,3.59,3.68,12866.0,21292618.00
20000523,3.68,3.73,3.62,3.72,8852.0,14642350.00
20000524,3.73,3.73,3.66,3.68,13144.0,21851655.00
20000526,3.79,3.79,3.70,3.71,14163.0,23892201.00
20000529,3.71,3.74,3.65,3.68,10945.0,18145905.00
20000530,3.68,3.74,3.68,3.69,11145.0,18615338.00
20000531,3.75,3.93,3.72,3.87,39848.0,69220269.00
20000601,3.89,3.93,3.83,3.86,16831.0,29238287.00
20000602,3.86,3.86,3.77,3.81,20353.0,34889279.00
20000605,3.82,3.86,3.73,3.75,24525.0,41797168.00
20000606,3.75,3.82,3.73,3.77,11856.0,13444015.00
20000607,3.77,3.78,3.69,3.73,18524.0,20685738.00
20000608,3.74,3.77,3.69,3.72,13372.0,14908698.00
20000609,3.72,3.73,3.58,3.59,15792.0,17253355.00
20000612,3.58,3.58,3.49,3.54,9592.0,10157978.00
20000613,3.54,3.66,3.54,3.63,7983.0,8680847.00
20000614,3.66,3.69,3.63,3.64,9478.0,10395967.00
20000615,3.64,3.65,3.58,3.61,7111.0,7682000.00
20000616,3.63,3.64,3.55,3.57,9476.0,10157969.00
20000619,3.58,3.59,3.51,3.53,6844.0,7254278.00
20000620,3.53,3.53,3.47,3.48,6790.0,7129009.00
20000621,3.48,3.64,3.47,3.59,6813.0,7334466.00
20000622,3.59,3.61,3.53,3.56,4946.0,5288744.00
20000623,3.59,3.61,3.56,3.59,6548.0,7059803.00
20000626,3.59,3.60,3.54,3.57,10625.0,11388541.00
20000627,3.59,3.64,3.55,3.61,7210.0,7811677.00
20000628,3.63,3.63,3.56,3.57,6309.0,6802889.00
20000629,3.59,3.59,3.49,3.52,8713.0,9249089.00
20000630,3.53,3.59,3.49,3.53,7620.0,8084352.00
20000703,3.53,3.53,3.46,3.47,8372.0,8755624.00
20000704,3.46,3.49,3.43,3.46,5811.0,6029108.00
20000705,3.46,3.57,3.46,3.54,5533.0,5852167.00
20000706,3.54,3.54,3.49,3.51,3774.0,3983057.00
20000707,3.50,3.54,3.48,3.53,4548.0,4796597.00
20000710,3.53,3.58,3.49,3.58,9035.0,9538939.00
20000711,3.59,3.79,3.59,3.78,37946.0,42543046.00
20000712,3.79,3.81,3.71,3.74,22878.0,25873444.00
20000713,3.74,3.79,3.69,3.70,14609.0,16369245.00
20000714,3.71,3.76,3.63,3.74,10559.0,11798650.00
20000717,3.75,3.86,3.75,3.80,21172.0,24194897.00
20000718,3.83,3.86,3.77,3.80,8320.0,9526572.00
20000719,3.83,3.83,3.73,3.76,8284.0,9419675.00
20000720,3.76,3.78,3.70,3.72,6829.0,7666942.00
20000721,3.75,3.75,3.70,3.72,6079.0,6809529.00
20000724,3.73,3.74,3.65,3.66,9099.0,10069959.00
20000725,3.68,3.71,3.68,3.69,5120.0,5672239.00
20000726,3.71,3.76,3.67,3.76,7868.0,8819036.00
20000727,3.76,3.79,3.71,3.71,8862.0,9949564.00
20000728,3.66,3.66,3.54,3.65,18266.0,19769524.00
20000731,3.64,3.64,3.56,3.59,10017.0,10810342.00
20000801,3.59,3.65,3.59,3.64,8951.0,9701363.00
20000802,3.64,3.66,3.60,3.61,5007.0,5456498.00
20000803,3.61,3.63,3.57,3.59,8418.0,9077171.00
20000804,3.59,3.61,3.55,3.56,9405.0,10098034.00
20000807,3.53,3.59,3.53,3.59,7797.0,8305800.00
20000808,3.59,3.72,3.56,3.67,10243.0,11301221.00
20000809,3.68,3.70,3.61,3.63,7157.0,7843523.00
20000810,3.64,3.66,3.58,3.60,7827.0,8471161.00
20000811,3.60,3.63,3.58,3.61,6553.0,7097057.00
20000814,3.61,3.67,3.61,3.64,5820.0,6373620.00
20000815,3.64,3.67,3.63,3.67,8373.0,9198465.00
20000816,3.68,3.76,3.68,3.75,16279.0,18206565.00
20000817,3.55,3.88,3.55,3.82,38651.0,44132719.00
20000818,3.83,3.89,3.83,3.84,36464.0,42178985.00
20000821,3.84,3.98,3.84,3.95,46963.0,55459623.00
20000822,3.99,4.00,3.85,3.86,51938.0,61513352.00
20000823,3.83,3.83,3.64,3.76,34361.0,38514390.00
20000824,3.76,3.83,3.74,3.79,16179.0,18391530.00
20000825,3.79,3.84,3.78,3.82,13164.0,15096096.00
20000828,3.84,3.92,3.82,3.91,13799.0,16050457.00
20000829,3.91,3.93,3.86,3.88,10303.0,12032161.00
20000830,3.89,3.89,3.79,3.79,8809.0,10115296.00
20000831,3.76,3.76,3.66,3.66,10686.0,11932448.00
20000901,3.63,3.69,3.59,3.63,8280.0,9057663.00
20000904,3.62,3.63,3.55,3.63,6473.0,6977471.00
20000905,3.63,3.69,3.55,3.56,5480.0,5983552.00
20000906,3.56,3.59,3.53,3.55,5797.0,6197844.00
20000907,3.55,3.64,3.55,3.57,4046.0,4350976.00
20000908,3.58,3.61,3.53,3.57,3232.0,3464707.00
20000911,3.58,3.61,3.56,3.57,2617.0,2812278.00
20000912,3.60,3.61,3.56,3.60,3007.0,3241701.00
20000913,3.60,3.65,3.59,3.62,3166.0,3449869.00
20000914,3.62,3.62,3.56,3.57,3178.0,3421030.00
20000915,3.58,3.59,3.56,3.56,2404.0,2577073.00
20000918,3.56,3.56,3.48,3.49,4801.0,5078127.00
20000919,3.48,3.48,3.33,3.36,5657.0,5771754.00
20000920,3.33,3.42,3.33,3.38,3299.0,3342127.00
20000921,3.42,3.46,3.39,3.39,2702.0,2763400.00
20000922,3.36,3.36,3.32,3.34,3862.0,3874835.00
20000925,3.34,3.34,3.32,3.33,2437.0,2437874.00
20000926,3.33,3.36,3.31,3.32,2449.0,2450256.00
20000927,3.33,3.35,3.32,3.35,2211.0,2218166.00
20000928,3.33,3.38,3.33,3.33,1820.0,1827207.00
20000929,3.36,3.37,3.33,3.36,1680.0,1695864.00
20001009,3.36,3.41,3.33,3.40,2264.0,2275028.00
20001010,3.40,3.44,3.38,3.43,1871.0,1919530.00
20001011,3.43,3.43,3.38,3.38,2233.0,2278629.00
20001012,3.36,3.36,3.33,3.35,3011.0,3026688.00
20001013,3.35,3.37,3.33,3.35,2767.0,2780469.00
20001016,3.34,3.43,3.29,3.42,5795.0,5785464.00
20001017,3.77,3.77,3.42,3.52,12447.0,13404294.00
20001018,3.51,3.51,3.45,3.48,3253.0,3390125.00
20001019,3.48,3.48,3.42,3.43,2514.0,2594704.00
20001020,3.43,3.48,3.42,3.46,2948.0,3059166.00
20001023,3.46,3.59,3.46,3.58,6988.0,7369334.00
20001024,3.73,3.73,3.57,3.58,8787.0,9575761.00
20001025,3.58,3.61,3.54,3.58,3493.0,3759237.00
20001026,3.60,3.60,3.51,3.53,3288.0,3495390.00
20001027,3.53,3.55,3.50,3.51,2314.0,2445912.00
20001030,3.51,3.51,3.46,3.49,3031.0,3167415.00
20001031,3.46,3.54,3.46,3.49,2686.0,2817638.00
20001101,3.49,3.49,3.47,3.48,2190.0,2291625.00
20001102,3.48,3.51,3.48,3.48,3324.0,3487697.00
20001103,3.49,3.49,3.45,3.46,2948.0,3073110.00
20001106,3.46,3.49,3.44,3.47,2449.0,2548755.00
20001107,3.49,3.49,3.47,3.48,2334.0,2436606.00
20001108,3.49,3.54,3.49,3.53,3471.0,3658489.00
20001109,3.55,3.56,3.50,3.53,4224.0,4471862.00
20001110,3.54,3.55,3.52,3.54,5340.0,5674904.00
20001113,3.56,3.63,3.56,3.60,8549.0,9230841.00
20001114,3.60,3.62,3.55,3.58,5007.0,5375198.00
20001115,3.59,3.68,3.58,3.64,10867.0,11863744.00
20001116,3.64,3.65,3.59,3.63,4225.0,4595446.00
20001117,3.64,3.65,3.57,3.58,5206.0,5626515.00
20001120,3.59,3.59,3.53,3.58,4711.0,5035978.00
20001121,3.57,3.60,3.56,3.57,4967.0,5346698.00
20001122,3.56,3.68,3.56,3.66,10504.0,11466381.00
20001123,3.67,3.74,3.66,3.71,16220.0,18094638.00
20001124,3.72,3.73,3.54,3.57,9301.0,10179681.00
20001127,3.43,3.71,3.43,3.70,11740.0,12782287.00
20001128,3.71,3.89,3.69,3.87,42423.0,48341857.00
20001129,3.89,3.93,3.79,3.82,73880.0,86049527.00
20001130,3.82,3.85,3.75,3.79,13542.0,15426088.00
20001201,3.79,3.81,3.76,3.80,8852.0,10055051.00
20001204,3.80,3.85,3.79,3.82,7989.0,9175673.00
20001205,3.86,3.86,3.77,3.78,6281.0,7163119.00
20001206,3.78,3.78,3.69,3.70,8319.0,9286276.00
20001207,3.66,3.70,3.61,3.65,5546.0,6087286.00
20001208,3.65,3.69,3.63,3.68,3747.0,4130174.00
20001212,3.66,3.68,3.59,3.62,3013.0,3288681.00
20001213,3.59,3.63,3.58,3.58,4522.0,4879815.00
20001214,3.59,3.60,3.58,3.59,3100.0,3348240.00
20001215,3.59,3.70,3.59,3.63,3423.0,3754323.00
20001218,3.59,3.62,3.55,3.57,4955.0,5320658.00
20001219,3.58,3.61,3.57,3.57,2913.0,3136042.00
20001220,3.57,3.60,3.56,3.59,3586.0,3857728.00
20001221,3.59,3.66,3.58,3.61,4142.0,4490412.00
20001222,3.61,3.64,3.56,3.57,6582.0,7075117.00
20001225,3.56,3.59,3.52,3.54,5852.0,6236912.00
20001226,3.46,3.59,3.46,3.58,3002.0,3195859.00
20001227,3.59,3.59,3.54,3.55,2817.0,3006168.00
20001228,3.55,3.64,3.55,3.62,3885.0,4225428.00
20001229,3.62,3.65,3.59,3.60,2763.0,3004899.00
20010102,3.59,3.66,3.59,3.65,3468.0,3788558.00
20010103,3.67,3.71,3.63,3.70,6987.0,7686713.00
20010104,3.71,3.72,3.66,3.67,4926.0,5467032.00
20010105,3.66,3.67,3.63,3.65,4880.0,5341722.00
20010108,3.65,3.66,3.61,3.63,5990.0,6517590.00
20010109,3.62,3.71,3.49,3.69,6798.0,7454945.00
20010110,3.69,3.71,3.68,3.71,8303.0,9231452.00
20010111,3.93,3.93,3.71,3.74,12225.0,13882091.00
20010112,3.73,3.75,3.69,3.70,5037.0,5622125.00
20010115,3.70,3.70,3.59,3.60,4955.0,5403683.00
20010116,3.58,3.66,3.58,3.65,3361.0,3643232.00
20010117,3.66,3.66,3.60,3.61,2197.0,2394160.00
20010118,3.59,3.65,3.59,3.60,2089.0,2268729.00
20010119,3.59,3.64,3.59,3.63,2570.0,2803344.00
20010205,3.64,3.68,3.61,3.62,2888.0,3149587.00
20010206,3.62,3.62,3.51,3.58,2766.0,2962364.00
20010207,3.58,3.58,3.54,3.55,2021.0,2163982.00
20010208,3.55,3.58,3.48,3.49,2214.0,2348828.00
20010209,3.48,3.53,3.48,3.52,2176.0,2294120.00
20010212,3.55,3.55,3.49,3.54,1879.0,1978116.00
20010213,3.56,3.56,3.53,3.53,1208.0,1285163.00
20010214,3.53,3.53,3.50,3.52,1157.0,1223579.00
20010215,3.53,3.56,3.49,3.50,1591.0,1674981.00
20010216,3.49,3.49,3.41,3.46,2005.0,2078391.00
20010219,3.46,3.49,3.46,3.49,1246.0,1303603.00
20010220,3.49,3.56,3.49,3.50,2016.0,2132008.00
20010221,3.49,3.49,3.41,3.42,3047.0,3141321.00
20010222,3.39,3.43,3.37,3.38,2185.0,2231370.00
20010223,3.39,3.43,3.38,3.43,1741.0,1772648.00
20010226,3.44,3.46,3.43,3.45,1960.0,2028850.00
20010227,3.46,3.46,3.43,3.46,1372.0,1420056.00
20010228,3.46,3.46,3.43,3.43,1192.0,1231092.00
20010301,3.43,3.46,3.40,3.45,1268.0,1312754.00
20010302,3.46,3.51,3.46,3.49,1778.0,1866748.00
20010305,3.49,3.53,3.48,3.49,1842.0,1936824.00
20010306,3.51,3.51,3.45,3.46,1195.0,1246763.00
20010307,3.49,3.49,3.45,3.47,1642.0,1711673.00
20010308,3.47,3.48,3.45,3.46,2478.0,2575895.00
20010309,3.43,3.47,3.43,3.44,6082.0,6287370.00
20010312,3.46,3.51,3.44,3.51,2773.0,2902983.00
20010313,3.52,3.52,3.47,3.48,1875.0,1961912.00
20010314,3.48,3.49,3.45,3.48,2585.0,2699715.00
20010315,3.48,3.50,3.48,3.50,3718.0,3900034.00
20010316,3.50,3.50,3.47,3.49,2804.0,2935496.00
20010319,3.49,3.56,3.49,3.56,4217.0,4480626.00
20010320,3.57,3.58,3.54,3.56,3131.0,3346058.00
20010321,3.56,3.58,3.53,3.57,4044.0,4325253.00
20010322,3.57,3.62,3.57,3.60,5149.0,5558542.00
20010323,3.59,3.60,3.53,3.53,4609.0,4938793.00
20010326,3.52,3.56,3.51,3.55,3653.0,3884776.00
20010327,3.56,3.59,3.55,3.58,3998.0,4291239.00
20010328,3.58,3.58,3.56,3.57,4321.0,4633714.00
20010329,3.57,3.61,3.57,3.60,5033.0,5442698.00
20010330,3.59,3.61,3.58,3.60,3245.0,3505573.00
20010402,3.61,3.65,3.60,3.63,4410.0,4815394.00
20010403,3.65,3.65,3.59,3.61,3336.0,3623758.00
20010404,3.61,3.61,3.52,3.53,3055.0,3284008.00
20010405,3.53,3.56,3.51,3.56,2675.0,2843875.00
20010406,3.56,3.58,3.52,3.55,2316.0,2470560.00
20010409,3.54,3.56,3.52,3.56,3466.0,3683427.00
20010410,3.56,3.60,3.56,3.59,2683.0,2885658.00
20010411,3.59,3.59,3.56,3.57,3068.0,3292569.00
20010412,3.57,3.60,3.56,3.59,5854.0,6309590.00
20010413,3.59,3.66,3.59,3.66,11870.0,12990704.00
20010416,3.67,3.69,3.66,3.67,8827.0,9746380.00
20010417,3.69,3.69,3.62,3.64,5342.0,5854544.00
20010418,3.63,3.64,3.59,3.62,4267.0,4633223.00
20010419,3.62,3.62,3.54,3.59,5783.0,6219355.00
20010420,3.59,3.62,3.55,3.56,3971.0,4265343.00
20010423,3.56,3.61,3.56,3.58,4738.0,5108707.00
20010424,3.56,3.59,3.56,3.57,3041.0,3264000.00
20010425,3.56,3.61,3.52,3.52,4339.0,4630157.00
20010426,3.52,3.55,3.48,3.48,3933.0,4143059.00
20010427,3.48,3.55,3.43,3.51,9347.0,9737624.00
20010430,3.51,3.52,3.46,3.49,2259.0,2366000.00
20010508,3.49,3.61,3.49,3.60,4023.0,4276950.00
20010509,3.59,3.60,3.55,3.56,2107.0,2257469.00
20010510,3.56,3.59,3.55,3.56,1784.0,1910057.00
20010511,3.57,3.62,3.55,3.56,2154.0,2315528.00
20010514,3.56,3.64,3.56,3.61,5332.0,5786043.00
20010515,3.63,3.63,3.60,3.61,3737.0,4059424.00
20010516,3.61,3.65,3.59,3.64,5750.0,6261538.00
20010517,3.64,3.65,3.60,3.61,3364.0,3660642.00
20010518,3.61,3.62,3.58,3.59,3585.0,3874191.00
20010521,3.59,3.69,3.58,3.67,12422.0,13592319.00
20010522,3.68,3.69,3.63,3.64,4647.0,5101479.00
20010523,3.65,3.65,3.58,3.59,3551.0,3847136.00
20010524,3.59,3.63,3.59,3.60,3437.0,3727272.00
20010525,3.60,3.63,3.59,3.62,4366.0,4741452.00
20010528,3.62,3.69,3.58,3.68,8090.0,8849490.00
20010529,3.66,3.71,3.63,3.68,13867.0,15332960.00
20010530,3.68,3.76,3.66,3.74,19446.0,21795155.00
20010531,3.74,3.77,3.70,3.72,12109.0,13622315.00
20010601,3.74,3.87,3.72,3.85,43654.0,50246072.00
20010604,3.88,3.92,3.84,3.90,31231.0,36511624.00
20010605,3.90,3.91,3.84,3.87,17218.0,19997989.00
20010606,3.87,3.89,3.84,3.87,15205.0,17665962.00
20010607,3.88,3.90,3.83,3.83,13005.0,15109196.00
20010608,3.83,3.83,3.72,3.76,11574.0,13084068.00
20010611,3.75,3.82,3.75,3.77,5816.0,6608547.00
20010612,3.77,3.80,3.76,3.79,4533.0,5159756.00
20010613,3.81,3.84,3.80,3.82,5377.0,6173706.00
20010614,3.82,3.83,3.70,3.71,7173.0,8117991.00
20010615,3.69,3.75,3.69,3.73,6252.0,7000001.00
20010618,3.73,3.75,3.66,3.66,7114.0,7897240.00
20010619,3.66,3.68,3.63,3.67,4748.0,5212280.00
20010620,3.67,3.67,3.64,3.64,3475.0,3814905.00
20010621,3.65,3.69,3.64,3.69,3348.0,3684673.00
20010622,3.69,3.73,3.66,3.72,2662.0,2965715.00
20010625,3.72,3.74,3.69,3.74,4636.0,5176452.00
20010626,3.74,3.74,3.71,3.73,3686.0,4131909.00
20010627,3.73,3.79,3.73,3.77,4849.0,5484759.00
20010628,3.77,3.79,3.73,3.74,3240.0,3659227.00
20010629,3.74,3.78,3.73,3.75,5063.0,5719979.00
20010703,3.73,3.76,3.67,3.71,3212.0,3572784.00
20010704,3.73,3.74,3.69,3.69,1716.0,1913505.00
20010705,3.68,3.69,3.65,3.65,4088.0,4495521.00
20010706,3.66,3.66,3.63,3.65,2340.0,2564664.00
20010709,3.62,3.64,3.61,3.61,1782.0,1939848.00
20010710,3.62,3.66,3.62,3.66,1335.0,1461408.00
20010711,3.65,3.68,3.63,3.63,1752.0,1920645.00
20010712,3.63,3.63,3.59,3.61,2322.0,2520999.00
20010713,3.61,3.64,3.60,3.61,1387.0,1509084.00
20010716,3.72,3.72,3.60,3.60,2004.0,2184426.00
20010717,3.60,3.62,3.57,3.59,1369.0,1479326.00
20010718,3.59,3.60,3.56,3.59,1182.0,1273446.00
20010719,3.59,3.61,3.55,3.59,2652.0,2846305.00
20010720,3.61,3.65,3.60,3.64,1951.0,2127713.00
20010723,3.63,3.66,3.63,3.63,2180.0,2382758.00
20010724,3.41,3.73,3.41,3.72,12192.0,13550688.00
20010725,3.72,3.72,3.64,3.65,4052.0,4486613.00
20010726,3.65,3.68,3.57,3.59,2309.0,2514731.00
20010727,3.63,3.64,3.56,3.59,2417.0,2603676.00
20010730,3.59,3.62,3.43,3.43,3864.0,4068869.00
20010731,3.41,3.48,3.38,3.38,3169.0,3204900.00
20010801,3.38,3.48,3.38,3.48,2410.0,2454350.00
20010802,3.48,3.48,3.31,3.43,3709.0,3715401.00
20010803,3.44,3.44,3.39,3.43,1194.0,1210660.00
20010806,3.41,3.41,3.32,3.34,2786.0,2759813.00
20010807,3.31,3.41,3.25,3.38,1741.0,1717075.00
20010808,3.34,3.38,3.31,3.34,1586.0,1576219.00
20010809,3.33,3.43,3.31,3.40,1729.0,1735370.00
20010810,3.41,3.46,3.41,3.43,1497.0,1522609.00
20010813,3.44,3.44,3.40,3.41,1184.0,1199304.00
20010814,3.42,3.43,3.34,3.35,2089.0,2084773.00
20010815,3.39,3.39,3.35,3.36,1120.0,1114672.00
20010816,3.38,3.38,3.31,3.31,1828.0,1807221.00
20010817,3.31,3.36,3.31,3.36,1718.0,1698337.00
20010820,3.37,3.37,3.32,3.35,1704.0,1682548.00
20010821,3.34,3.38,3.34,3.37,721.0,720053.00
20010822,3.36,3.36,3.28,3.30,1528.0,1495130.00
20010823,3.27,3.28,3.25,3.28,1869.0,1806099.00
20010824,3.28,3.31,3.26,3.26,850.0,824314.00
20010827,3.25,3.25,3.11,3.12,2552.0,2382070.00
20010828,3.11,3.12,3.03,3.08,2836.0,2574144.00
20010829,3.10,3.17,3.09,3.10,1274.0,1179705.00
20010830,3.09,3.11,3.07,3.08,1281.0,1175827.00
20010831,3.08,3.17,3.07,3.14,4278.0,3908832.00
20010903,3.08,3.14,3.08,3.12,1099.0,1007133.00
20010904,3.12,3.17,3.12,3.17,1032.0,962100.00
20010905,3.20,3.21,3.17,3.17,1236.0,1165593.00
20010906,3.17,3.18,3.11,3.11,808.0,749981.00
20010907,3.11,3.11,3.02,3.03,1725.0,1563946.00
20010910,3.03,3.13,3.00,3.13,1219.0,1109354.00
20010911,3.12,3.14,3.07,3.11,1302.0,1201283.00
20010912,3.04,3.08,3.01,3.06,2263.0,2040162.00
20010913,3.05,3.08,3.04,3.04,702.0,636991.00
20010914,3.04,3.07,2.99,3.00,1554.0,1389534.00
20010917,3.00,3.01,2.84,2.85,2907.0,2490361.00
20010918,2.89,2.93,2.84,2.87,1401.0,1189959.00
20010919,2.88,2.90,2.84,2.89,818.0,693088.00
20010920,2.90,2.94,2.90,2.90,1140.0,984658.00
20010921,2.90,2.91,2.87,2.90,796.0,680544.00
20010924,2.84,2.89,2.84,2.87,640.0,543893.00
20010925,2.88,2.94,2.87,2.90,514.0,441069.00
20010926,2.91,2.91,2.86,2.87,754.0,644098.00
20010927,2.87,2.97,2.84,2.93,1622.0,1394444.00
20010928,2.86,2.94,2.86,2.92,747.0,645918.00
20011008,2.90,2.92,2.85,2.86,550.0,467379.00
20011009,2.84,2.89,2.84,2.86,846.0,716977.00
20011010,2.86,2.86,2.81,2.82,2170.0,1814417.00
20011011,2.71,2.82,2.69,2.69,2024.0,1633806.00
20011012,2.69,2.77,2.63,2.76,2226.0,1780830.00
20011015,2.75,2.81,2.73,2.76,1066.0,871607.00
20011016,2.75,2.76,2.72,2.72,602.0,487805.00
20011017,2.71,2.72,2.64,2.69,904.0,721111.00
20011018,2.70,2.70,2.59,2.64,695.0,544844.00
20011019,2.57,2.64,2.50,2.55,1940.0,1467194.00
20011022,2.53,2.53,2.30,2.33,2811.0,1999550.00
20011023,2.56,2.56,2.53,2.56,5348.0,4051761.00
20011024,2.70,2.79,2.67,2.73,6746.0,5460320.00
20011025,2.70,2.71,2.63,2.63,2703.0,2132197.00
20011026,2.61,2.66,2.60,2.62,1492.0,1157694.00
20011029,2.63,2.69,2.63,2.68,1361.0,1074663.00
20011030,2.68,2.69,2.65,2.67,785.0,621007.00
20011031,2.65,2.70,2.61,2.69,829.0,646381.00
20011101,2.69,2.74,2.65,2.73,1776.0,1427076.00
20011102,2.71,2.74,2.69,2.72,1129.0,910212.00
20011105,2.71,2.71,2.68,2.70,550.0,440083.00
20011106,2.70,2.72,2.69,2.69,782.0,625850.00
20011107,2.69,2.69,2.53,2.53,1171.0,902309.00
20011108,2.52,2.53,2.40,2.52,1312.0,964167.00
20011109,2.52,2.58,2.49,2.57,772.0,578070.00
20011112,2.60,2.60,2.55,2.55,456.0,347070.00
20011113,2.53,2.74,2.45,2.70,5773.0,4573154.00
20011114,2.70,2.70,2.64,2.68,2535.0,2002705.00
20011115,2.67,2.73,2.67,2.72,1940.0,1551953.00
20011116,2.87,2.99,2.76,2.77,6215.0,5211066.00
20011119,2.76,2.80,2.74,2.80,1414.0,1166024.00
20011120,2.82,2.85,2.80,2.82,2532.0,2120443.00
20011121,2.84,2.86,2.81,2.84,1873.0,1571830.00
20011122,2.85,2.86,2.81,2.84,2146.0,1803445.00
20011123,2.84,2.84,2.79,2.80,1739.0,1449995.00
20011126,2.80,2.81,2.77,2.80,1336.0,1100991.00
20011127,2.83,2.84,2.80,2.84,1779.0,1483001.00
20011128,2.84,2.90,2.82,2.88,3202.0,2719431.00
20011129,2.86,2.90,2.85,2.90,2634.0,2254170.00
20011130,2.89,3.01,2.89,2.98,6040.0,5321945.00
20011203,2.99,3.06,2.98,3.04,4735.0,4257540.00
20011204,3.04,3.05,3.01,3.03,2398.0,2140990.00
20011205,3.03,3.04,2.95,2.97,3766.0,3339828.00
20011206,2.91,3.00,2.91,3.00,2274.0,2001359.00
20011207,3.01,3.04,2.99,3.01,1899.0,1698781.00
20011210,3.02,3.02,2.94,3.00,1412.0,1240604.00
20011211,3.00,3.02,2.99,3.01,1469.0,1307927.00
20011212,2.99,3.00,2.94,2.94,1707.0,1495176.00
20011213,2.90,2.94,2.89,2.90,2386.0,2061601.00
20011214,2.90,3.00,2.84,2.86,1241.0,1056331.00
20011217,2.86,2.87,2.84,2.87,1791.0,1512807.00
20011218,2.93,2.93,2.85,2.89,1632.0,1394387.00
20011219,2.89,2.92,2.88,2.89,2016.0,1727519.00
20011220,2.86,2.87,2.77,2.79,1774.0,1483692.00
20011221,2.79,2.82,2.74,2.79,2085.0,1707785.00
20011224,2.79,2.84,2.66,2.70,1960.0,1591559.00
20011225,2.70,2.74,2.67,2.71,1161.0,929333.00
20011226,2.73,2.79,2.72,2.79,851.0,694281.00
20011227,2.79,2.85,2.79,2.79,1233.0,1028769.00
20011228,2.82,2.82,2.77,2.80,532.0,439831.00
20011231,2.81,2.99,2.76,2.87,1152.0,964888.00
20020104,2.81,2.85,2.81,2.81,441.0,368347.00
20020107,2.79,2.81,2.75,2.79,839.0,690298.00
20020108,2.79,2.81,2.78,2.78,808.0,668574.00
20020109,2.77,2.77,2.70,2.76,988.0,799205.00
20020110,2.71,2.78,2.67,2.77,1426.0,1148894.00
20020111,2.71,2.74,2.71,2.74,545.0,439797.00
20020114,2.67,2.70,2.63,2.64,1127.0,889848.00
20020115,2.60,2.64,2.53,2.56,1379.0,1063120.00
20020116,2.53,2.58,2.45,2.56,1425.0,1063741.00
20020117,2.55,2.55,2.33,2.34,1320.0,948625.00
20020118,2.30,2.40,2.25,2.31,2658.0,1814700.00
20020121,2.31,2.31,2.08,2.08,2029.0,1297658.00
20020122,2.08,2.09,1.87,1.92,3833.0,2256571.00
20020123,1.89,2.12,1.89,2.11,4132.0,2438196.00
20020124,2.12,2.22,2.03,2.15,4993.0,3168839.00
20020125,2.11,2.20,2.11,2.16,2448.0,1557962.00
20020128,2.13,2.17,1.96,1.99,3568.0,2174459.00
20020129,1.96,2.11,1.95,2.08,1667.0,1008451.00
20020130,2.08,2.13,2.06,2.09,1504.0,934620.00
20020131,2.11,2.30,2.11,2.30,9449.0,6374341.00
20020201,2.33,2.49,2.30,2.42,10004.0,7026804.00
20020204,2.37,2.45,2.37,2.44,3742.0,2696260.00
20020205,2.45,2.52,2.42,2.50,4920.0,3586316.00
20020206,2.43,2.49,2.36,2.40,4565.0,3261766.00
20020207,2.38,2.50,2.38,2.47,2801.0,2032141.00
20020208,2.47,2.49,2.44,2.44,1817.0,1328512.00
20020225,2.51,2.53,2.46,2.48,1541.0,1134107.00
20020226,2.48,2.50,2.41,2.49,1763.0,1277458.00
20020227,2.49,2.52,2.48,2.50,1781.0,1319695.00
20020228,2.50,2.50,2.43,2.45,1595.0,1165798.00
20020301,2.41,2.43,2.37,2.40,2516.0,1792986.00
20020304,2.38,2.52,2.32,2.51,4807.0,3451672.00
20020305,2.55,2.67,2.52,2.63,8993.0,6917657.00
20020306,2.67,2.69,2.61,2.67,7334.0,5770575.00
20020307,2.67,2.87,2.62,2.83,9833.0,8032272.00
20020308,2.90,3.11,2.84,3.01,34074.0,30429516.00
20020311,2.96,2.97,2.88,2.97,18593.0,16174491.00
20020312,2.95,2.97,2.80,2.81,16203.0,13810984.00
20020313,2.77,2.88,2.77,2.78,7146.0,5943357.00
20020314,2.80,2.86,2.77,2.85,6822.0,5668236.00
20020315,2.86,2.87,2.74,2.78,6883.0,5722150.00
20020318,2.76,2.82,2.73,2.74,3681.0,3010542.00
20020319,2.75,2.82,2.71,2.81,3309.0,2726983.00
20020320,2.80,2.84,2.78,2.80,4090.0,3410071.00
20020321,2.81,2.94,2.80,2.85,8127.0,6898676.00
20020322,2.86,2.86,2.77,2.79,3406.0,2834219.00
20020325,2.79,2.85,2.77,2.82,4845.0,4026833.00
20020326,2.83,2.84,2.74,2.82,3179.0,2620553.00
20020327,2.82,2.87,2.77,2.86,4222.0,3526638.00
20020328,2.89,2.94,2.88,2.89,13561.0,11728838.00
20020329,2.89,2.89,2.74,2.76,5679.0,4699546.00
20020401,2.75,2.80,2.74,2.77,2415.0,1971024.00
20020402,2.79,2.79,2.65,2.72,3551.0,2846268.00
20020403,2.71,2.73,2.65,2.68,2647.0,2110459.00
20020404,2.67,2.77,2.65,2.77,3129.0,2499344.00
20020405,2.77,2.80,2.75,2.76,2863.0,2351375.00
20020408,2.76,2.77,2.72,2.75,1659.0,1348079.00
20020409,2.75,2.82,2.75,2.82,5833.0,4826852.00
20020410,2.82,2.90,2.80,2.88,5938.0,5038228.00
20020411,2.88,2.89,2.78,2.79,3610.0,3028861.00
20020412,2.79,2.89,2.77,2.88,7118.0,6038991.00
20020415,2.89,2.97,2.88,2.89,10509.0,9100685.00
20020416,2.90,2.97,2.86,2.87,4358.0,3763797.00
20020417,2.89,2.92,2.83,2.85,2195.0,1851949.00
20020418,2.84,2.89,2.82,2.83,1472.0,1240614.00
20020419,2.80,2.85,2.78,2.85,2238.0,1862776.00
20020422,2.85,2.86,2.80,2.82,1329.0,1115809.00
20020423,2.84,2.85,2.81,2.85,952.0,799272.00
20020424,2.82,2.86,2.79,2.79,1729.0,1436483.00
20020425,2.80,2.80,2.75,2.77,2487.0,2037837.00
20020426,2.77,2.85,2.77,2.83,2271.0,1891801.00
20020429,2.84,2.90,2.82,2.87,3051.0,2588815.00
20020430,2.87,2.89,2.84,2.85,2611.0,2213902.00
20020508,2.86,2.90,2.84,2.87,2666.0,2270918.00
20020509,2.87,2.93,2.86,2.88,4220.0,3622232.00
20020510,2.87,2.92,2.84,2.85,3194.0,2718916.00
20020513,2.81,2.81,2.77,2.78,2809.0,2317271.00
20020514,2.78,2.80,2.77,2.77,1532.0,1264309.00
20020515,2.79,2.79,2.70,2.74,3857.0,3122720.00
20020516,2.73,2.74,2.62,2.62,3546.0,2801240.00
20020517,2.61,2.67,2.60,2.64,4098.0,3185370.00
20020520,2.63,2.63,2.57,2.62,2058.0,1582386.00
20020521,2.70,2.81,2.64,2.81,5153.0,4185458.00
20020522,2.79,2.79,2.72,2.77,2504.0,2036585.00
20020523,2.77,2.79,2.75,2.78,1228.0,1007286.00
20020524,2.76,2.76,2.68,2.70,1427.0,1144740.00
20020527,2.71,2.73,2.68,2.72,1109.0,886662.00
20020528,2.74,2.76,2.71,2.71,922.0,746651.00
20020529,2.70,2.70,2.58,2.61,2429.0,1890486.00
20020530,2.61,2.63,2.58,2.62,1515.0,1169187.00
20020531,2.62,2.67,2.58,2.59,1194.0,921965.00
20020603,2.57,2.59,2.52,2.52,1604.0,1204461.00
20020604,2.53,2.59,2.51,2.55,1516.0,1139617.00
20020605,2.55,2.55,2.45,2.46,1098.0,807829.00
20020606,2.45,2.70,2.38,2.57,5051.0,3776893.00
20020607,2.53,2.62,2.51,2.59,5129.0,3904841.00
20020610,2.59,2.59,2.51,2.55,1325.0,997594.00
20020611,2.54,2.58,2.53,2.56,2390.0,1803684.00
20020612,2.56,2.56,2.50,2.53,1253.0,935886.00
20020613,2.51,2.53,2.48,2.48,1365.0,1014640.00
20020614,2.44,2.50,2.44,2.46,1492.0,1089097.00
20020617,2.43,2.49,2.36,2.48,1455.0,1052212.00
20020618,2.49,2.58,2.49,2.56,2932.0,2206601.00
20020619,2.54,2.62,2.53,2.59,6241.0,4796806.00
20020620,2.58,2.63,2.58,2.62,3679.0,2855789.00
20020621,2.63,2.79,2.63,2.76,17695.0,14328238.00
20020624,3.03,3.03,2.94,3.03,50228.0,44873701.00
20020625,3.11,3.34,3.11,3.34,71531.0,69844101.00
20020626,3.34,3.40,3.23,3.32,39410.0,38602140.00
20020627,3.31,3.61,3.24,3.52,49415.0,49720716.00
20020702,3.52,3.52,3.25,3.44,39746.0,39952889.00
20020703,3.38,3.43,3.35,3.39,19670.0,19711412.00
20020704,3.38,3.41,3.31,3.34,12634.0,12551155.00
20020705,3.37,3.44,3.28,3.42,13496.0,13467472.00
20020708,3.40,3.47,3.35,3.46,19899.0,20202447.00
20020709,3.44,3.44,3.38,3.42,9894.0,10037916.00
20020710,3.41,3.43,3.35,3.38,5249.0,5262667.00
20020711,3.36,3.46,3.35,3.43,12645.0,12748773.00
20020712,3.43,3.61,3.41,3.49,19488.0,20344366.00
20020715,3.48,3.51,3.43,3.47,8849.0,9119073.00
20020716,3.47,3.52,3.47,3.51,9412.0,9761692.00
20020717,3.48,3.51,3.48,3.51,7753.0,8045743.00
20020718,3.51,3.55,3.44,3.45,10123.0,10551477.00
20020719,3.40,3.46,3.36,3.40,10534.0,10613994.00
20020722,3.38,3.40,3.30,3.33,6898.0,6867168.00
20020723,3.31,3.37,3.31,3.33,2937.0,2899194.00
20020724,3.33,3.33,3.24,3.25,3317.0,3221207.00
20020725,3.26,3.29,3.18,3.23,5386.0,5137233.00
20020726,3.21,3.31,3.20,3.26,3188.0,3093138.00
20020729,3.23,3.29,3.23,3.28,999.0,962655.00
20020730,3.28,3.31,3.24,3.28,903.0,875791.00
20020731,3.30,3.30,3.24,3.24,1524.0,1477065.00
20020801,3.21,3.27,3.18,3.23,1204.0,1151562.00
20020802,3.23,3.25,3.20,3.24,936.0,894655.00
20020805,3.24,3.24,3.20,3.22,1061.0,1009783.00
20020806,3.19,3.29,3.19,3.26,1972.0,1898901.00
20020807,3.27,3.31,3.25,3.30,1843.0,1788529.00
20020808,3.29,3.30,3.26,3.26,945.0,917476.00
20020809,3.26,3.26,3.24,3.24,868.0,834836.00
20020812,3.23,3.24,3.22,3.22,421.0,402639.00
20020813,3.21,3.23,3.21,3.23,763.0,727964.00
20020814,3.26,3.26,3.23,3.25,738.0,708643.00
20020815,3.25,3.31,3.25,3.29,2259.0,2199904.00
20020816,3.29,3.32,3.27,3.31,2443.0,2386868.00
20020819,3.31,3.34,3.28,3.34,4282.0,4210740.00
20020820,3.34,3.37,3.31,3.37,3270.0,3245559.00
20020821,3.37,3.37,3.29,3.33,5695.0,5602371.00
20020822,3.32,3.35,3.31,3.33,2224.0,2193855.00
20020823,3.33,3.33,3.30,3.31,1876.0,1838994.00
20020826,3.29,3.31,3.25,3.25,3264.0,3150564.00
20020827,3.24,3.28,3.24,3.24,2223.0,2137906.00
20020828,3.24,3.27,3.21,3.26,1671.0,1596389.00
20020829,3.27,3.28,3.24,3.27,956.0,919660.00
20020830,3.27,3.29,3.24,3.28,985.0,953453.00
20020902,3.28,3.28,3.24,3.27,1144.0,1102810.00
20020903,3.25,3.27,3.25,3.26,556.0,537210.00
20020904,3.26,3.27,3.23,3.23,925.0,890625.00
20020905,3.23,3.26,3.21,3.21,1750.0,1671096.00
20020906,3.21,3.23,3.18,3.19,1049.0,994593.00
20020909,3.17,3.17,3.08,3.14,1986.0,1842496.00
20020910,3.14,3.29,3.14,3.29,3880.0,3726986.00
20020911,3.29,3.32,3.22,3.30,3131.0,3027255.00
20020912,3.30,3.39,3.27,3.34,14322.0,14126161.00
20020913,3.29,3.33,3.28,3.32,4253.0,4153738.00
20020916,3.30,3.37,3.21,3.33,14908.0,14577865.00
20020917,3.33,3.53,3.28,3.47,58825.0,59337047.00
20020918,3.47,3.51,3.41,3.44,17504.0,17899327.00
20020919,3.47,3.51,3.37,3.48,24255.0,24903749.00
20020920,3.47,3.51,3.41,3.42,23813.0,24370872.00
20020923,3.41,3.44,3.37,3.43,4423.0,4452792.00
20020924,3.43,3.43,3.36,3.39,2384.0,2392744.00
20020925,3.38,3.42,3.36,3.38,2743.0,2749284.00
20020926,3.36,3.38,3.33,3.36,2763.0,2750892.00
20020927,3.38,3.48,3.36,3.44,11597.0,11788470.00
20021008,3.41,3.43,3.35,3.40,2764.0,2790812.00
20021009,3.38,3.42,3.33,3.37,3329.0,3317999.00
20021010,3.38,3.41,3.31,3.37,3764.0,3754131.00
20021011,3.37,3.39,3.34,3.37,1914.0,1905951.00
20021014,3.38,3.38,3.24,3.32,4436.0,4342333.00
20021015,3.31,3.31,3.23,3.23,2440.0,2357137.00
20021016,3.23,3.28,3.17,3.23,4158.0,3975884.00
20021017,3.18,3.27,3.18,3.23,8464.0,8110038.00
20021018,3.21,3.28,3.21,3.26,11802.0,11324373.00
20021021,3.24,3.28,3.19,3.21,5971.0,5714330.00
20021022,3.21,3.27,3.20,3.26,6622.0,6360964.00
20021023,3.25,3.28,3.23,3.28,3621.0,3505953.00
20021024,3.28,3.46,3.24,3.32,25891.0,25478112.00
20021025,3.31,3.39,3.26,3.30,14532.0,14241922.00
20021028,3.28,3.30,3.17,3.19,3247.0,3102577.00
20021029,3.18,3.19,3.09,3.18,4704.0,4355824.00
20021030,3.17,3.21,3.09,3.19,1487.0,1381545.00
20021031,3.18,3.24,3.14,3.15,1327.0,1252320.00
20021101,3.12,3.17,3.09,3.14,1994.0,1836507.00
20021104,3.21,3.21,3.11,3.17,1671.0,1557644.00
20021105,3.17,3.29,3.12,3.26,3648.0,3481369.00
20021106,3.24,3.29,3.21,3.25,1957.0,1880892.00
20021107,3.25,3.29,3.22,3.25,1312.0,1257537.00
20021108,3.24,3.30,3.11,3.11,1630.0,1538113.00
20021111,3.10,3.17,3.04,3.07,1720.0,1573805.00
20021112,3.09,3.09,2.87,2.88,4194.0,3681533.00
20021113,2.88,2.88,2.76,2.86,2660.0,2210977.00
20021114,2.83,2.84,2.77,2.77,830.0,688665.00
20021115,2.74,2.80,2.70,2.76,832.0,679124.00
20021118,2.81,2.81,2.70,2.77,800.0,654737.00
20021119,2.78,2.80,2.72,2.78,2245.0,1828974.00
20021120,2.73,2.74,2.60,2.69,3531.0,2803891.00
20021121,2.63,2.67,2.61,2.64,1834.0,1429616.00
20021122,2.66,2.71,2.62,2.64,1952.0,1542604.00
20021125,2.68,2.68,2.60,2.61,1538.0,1198071.00
20021126,2.63,2.63,2.58,2.59,855.0,658962.00
20021127,2.56,2.59,2.47,2.57,1078.0,812126.00
20021128,2.55,2.63,2.52,2.63,3945.0,2998962.00
20021129,2.62,2.76,2.62,2.68,3759.0,2991811.00
20021202,2.64,2.70,2.60,2.60,2994.0,2352900.00
20021203,2.56,2.67,2.56,2.66,2648.0,2056935.00
20021204,2.66,2.71,2.64,2.67,2744.0,2178762.00
20021205,2.64,2.74,2.64,2.74,4655.0,3708675.00
20021206,2.72,2.75,2.67,2.69,2939.0,2358336.00
20021209,2.63,2.70,2.57,2.61,1692.0,1328804.00
20021210,2.60,2.63,2.59,2.59,2423.0,1868127.00
20021211,2.54,2.61,2.54,2.61,3048.0,2321088.00
20021212,2.60,2.68,2.60,2.68,7939.0,6199825.00
20021213,2.68,2.79,2.64,2.78,12631.0,10220010.00
20021216,2.79,2.87,2.77,2.80,14189.0,11840228.00
20021217,2.80,2.84,2.77,2.82,6548.0,5447177.00
20021218,2.82,2.84,2.78,2.80,5741.0,4778707.00
20021219,2.78,2.80,2.72,2.76,5262.0,4273262.00
20021220,2.77,2.86,2.74,2.83,9795.0,8168378.00
20021223,2.80,2.97,2.80,2.84,13354.0,11402913.00
20021224,2.83,2.89,2.83,2.88,12058.0,10215411.00
20021225,2.85,2.92,2.84,2.86,5306.0,4501771.00
20021226,2.83,2.86,2.69,2.75,9488.0,7778954.00
20021227,2.74,2.74,2.61,2.68,1274.0,1014561.00
20021230,2.70,2.71,2.64,2.71,6150.0,4891484.00
20021231,2.68,2.74,2.63,2.65,6704.0,5360912.00
20030102,2.64,2.64,2.53,2.55,1994.0,1525676.00
20030103,2.57,2.60,2.55,2.57,755.0,576099.00
20030106,2.59,2.64,2.52,2.60,878.0,676372.00
20030107,2.61,2.67,2.56,2.57,1197.0,920050.00
20030108,2.65,2.68,2.59,2.67,830.0,650109.00
20030109,2.69,2.75,2.68,2.74,3409.0,2749331.00
20030110,2.72,2.75,2.70,2.70,1981.0,1602473.00
20030113,2.70,2.71,2.65,2.67,767.0,607155.00
20030114,2.67,2.85,2.66,2.80,4981.0,4071755.00
20030115,2.80,2.85,2.75,2.77,3050.0,2522344.00
20030116,2.75,2.82,2.75,2.81,2976.0,2449659.00
20030117,2.81,2.86,2.81,2.81,3748.0,3142551.00
20030120,2.79,2.81,2.70,2.78,2519.0,2057273.00
20030121,2.74,2.91,2.74,2.78,2422.0,2024749.00
20030122,2.75,2.78,2.70,2.76,1665.0,1346981.00
20030123,2.72,2.78,2.70,2.70,699.0,564520.00
20030124,2.70,2.74,2.68,2.72,1526.0,1223708.00
20030127,2.72,2.90,2.71,2.88,23310.0,19659759.00
20030128,2.87,2.89,2.83,2.86,5584.0,4726649.00
20030129,2.86,2.87,2.80,2.82,2367.0,1985889.00
20030210,2.82,2.85,2.80,2.82,1384.0,1154733.00
20030211,2.77,2.84,2.71,2.84,1012.0,841822.00
20030212,2.84,2.89,2.82,2.88,1919.0,1623370.00
20030213,2.92,2.92,2.84,2.84,6365.0,5397995.00
20030214,2.88,2.88,2.82,2.87,9039.0,7651719.00
20030217,2.89,2.97,2.85,2.93,10196.0,8770728.00
20030218,2.93,2.98,2.90,2.97,15709.0,13694196.00
20030219,2.99,2.99,2.94,2.96,12844.0,11261410.00
20030220,2.99,2.99,2.91,2.92,9039.0,7852578.00
20030221,2.89,2.93,2.83,2.83,11022.0,9341514.00
20030224,2.81,2.85,2.81,2.82,1384.0,1160043.00
20030225,2.80,2.88,2.80,2.87,1621.0,1373513.00
20030226,2.87,2.88,2.83,2.87,1397.0,1184053.00
20030227,2.88,2.91,2.88,2.90,5562.0,4765245.00
20030228,2.87,2.95,2.87,2.94,8712.0,7523454.00
20030303,2.96,2.96,2.91,2.93,5665.0,4923262.00
20030304,2.94,2.96,2.92,2.95,6899.0,6011812.00
20030305,2.97,2.97,2.89,2.92,8412.0,7245582.00
20030306,2.93,2.93,2.86,2.89,5719.0,4894335.00
20030307,2.87,2.90,2.86,2.88,1134.0,966334.00
20030310,2.88,2.95,2.84,2.86,1997.0,1696478.00
20030311,2.84,2.87,2.82,2.83,857.0,718914.00
20030312,2.80,2.90,2.80,2.84,2535.0,2107119.00
20030313,2.78,2.83,2.77,2.81,1362.0,1132201.00
20030314,2.77,2.80,2.77,2.78,1094.0,902077.00
20030317,2.80,2.80,2.73,2.77,972.0,791048.00
20030318,2.74,2.78,2.72,2.74,2229.0,1809029.00
20030319,2.72,2.72,2.67,2.67,1725.0,1377881.00
20030320,2.67,2.68,2.62,2.62,1672.0,1312547.00
20030321,2.65,2.68,2.62,2.68,768.0,605748.00
20030324,2.66,2.69,2.64,2.68,728.0,579090.00
20030325,2.69,2.69,2.63,2.66,880.0,691789.00
20030326,2.66,2.69,2.63,2.68,770.0,604472.00
20030327,2.63,2.77,2.63,2.75,1283.0,1024943.00
20030328,2.75,2.94,2.67,2.75,2705.0,2225252.00
20030331,2.68,2.68,2.58,2.64,14567.0,11288420.00
20030401,2.62,2.62,2.57,2.61,9920.0,7629824.00
20030402,2.60,2.67,2.60,2.65,9277.0,7265827.00
20030403,2.65,2.65,2.55,2.56,10126.0,7743721.00
20030404,2.56,2.56,2.50,2.52,10948.0,8155400.00
20030408,2.47,2.47,2.36,2.38,14727.0,10447073.00
20030409,2.36,2.38,2.31,2.37,8318.0,5748732.00
20030410,2.37,2.37,2.26,2.35,11365.0,7782932.00
20030411,2.33,2.39,2.32,2.39,8688.0,6098123.00
20030414,2.39,2.58,2.38,2.57,24970.0,18427321.00
20030415,2.63,2.76,2.57,2.75,38317.0,29608005.00
20030416,2.75,2.75,2.55,2.57,15603.0,12206255.00
20030417,2.57,2.57,2.50,2.52,7159.0,5359537.00
20030418,2.50,2.59,2.50,2.53,4537.0,3394589.00
20030421,2.52,2.52,2.41,2.43,3366.0,2439296.00
20030422,2.43,2.46,2.42,2.42,2466.0,1775879.00
20030423,2.42,2.43,2.40,2.42,2227.0,1595455.00
20030424,2.41,2.45,2.33,2.34,4016.0,2824290.00
20030425,2.34,2.35,2.30,2.30,3000.0,2058897.00
20030428,2.28,2.30,2.21,2.28,3516.0,2338276.00
20030429,2.28,2.28,2.22,2.23,3637.0,2415031.00
20030430,2.16,2.28,2.12,2.27,4709.0,3129741.00
20030512,2.20,2.26,2.17,2.20,2095.0,1368707.00
20030513,2.19,2.19,2.06,2.10,6206.0,3844482.00
20030514,2.09,2.20,2.02,2.17,3359.0,2127970.00
20030515,2.25,2.25,2.15,2.21,2870.0,1860151.00
20030516,2.27,2.27,2.19,2.21,1666.0,1088115.00
20030519,2.27,2.28,2.20,2.28,4148.0,2764297.00
20030520,2.34,2.34,2.23,2.25,2285.0,1530058.00
20030521,2.31,2.31,2.21,2.23,1433.0,951777.00
20030522,2.27,2.27,2.17,2.18,2129.0,1390521.00
20030523,2.20,2.20,2.13,2.16,3522.0,2255365.00
20030526,2.18,2.38,2.16,2.38,6828.0,4609324.00
20030527,2.53,2.54,2.42,2.43,25739.0,18992467.00
20030528,2.46,2.46,2.37,2.39,8078.0,5709773.00
20030529,2.41,2.46,2.39,2.46,3752.0,2681708.00
20030530,2.47,2.47,2.40,2.42,2014.0,1445232.00
20030602,2.46,2.46,2.40,2.41,1877.0,1348221.00
20030603,2.41,2.56,2.39,2.49,6812.0,4995992.00
20030604,2.50,2.50,2.42,2.44,2420.0,1752167.00
20030605,2.47,2.47,2.40,2.40,1718.0,1232355.00
20030606,2.43,2.43,2.34,2.35,2547.0,1799892.00
20030609,2.35,2.35,2.28,2.30,3377.0,2304807.00
20030610,2.36,2.37,2.31,2.35,1518.0,1052052.00
20030611,2.36,2.37,2.34,2.36,1697.0,1183501.00
20030612,2.39,2.39,2.33,2.33,1115.0,774968.00
20030613,2.35,2.36,2.31,2.33,1068.0,737558.00
20030616,2.35,2.36,2.32,2.32,991.0,684738.00
20030617,2.32,2.32,2.29,2.30,1021.0,697671.00
20030618,2.31,2.42,2.31,2.35,1099.0,766812.00
20030619,2.36,2.38,2.30,2.30,714.0,490564.00
20030620,2.31,2.31,2.29,2.29,1045.0,711761.00
20030623,2.31,2.31,2.22,2.22,1358.0,900983.00
20030624,2.24,2.25,2.22,2.23,822.0,542620.00
20030625,2.24,2.24,2.19,2.19,764.0,499332.00
20030626,2.21,2.21,2.16,2.21,1103.0,714543.00
20030627,2.23,2.23,2.16,2.16,1083.0,698430.00
20030701,2.18,2.19,2.15,2.18,701.0,450552.00
20030702,2.23,2.23,2.19,2.20,440.0,286857.00
20030703,2.22,2.25,2.21,2.24,860.0,567821.00
20030704,2.26,2.30,2.23,2.30,1883.0,1262448.00
20030707,2.30,2.43,2.25,2.41,12213.0,8564258.00
20030708,2.39,2.40,2.36,2.38,7148.0,5021477.00
20030709,2.41,2.41,2.36,2.37,3617.0,2537051.00
20030710,2.40,2.40,2.31,2.37,6920.0,4855450.00
20030711,2.37,2.43,2.32,2.42,9198.0,6497406.00
20030714,2.43,2.47,2.39,2.43,10379.0,7467520.00
20030715,2.44,2.44,2.39,2.42,7758.0,5542084.00
20030716,2.45,2.45,2.40,2.44,2923.0,2104613.00
20030717,2.46,2.53,2.42,2.46,8403.0,6163958.00
20030718,2.48,2.48,2.36,2.37,4455.0,3198467.00
20030721,2.37,2.44,2.30,2.43,3654.0,2554040.00
20030722,2.43,2.43,2.36,2.39,2376.0,1691968.00
20030723,2.39,2.43,2.35,2.38,2118.0,1485026.00
20030724,2.35,2.36,2.34,2.36,708.0,493775.00
20030725,2.36,2.40,2.29,2.40,2220.0,1551031.00
20030728,2.40,2.40,2.32,2.32,2071.0,1437298.00
20030729,2.36,2.36,2.30,2.30,1705.0,1170220.00
20030730,2.31,2.31,2.25,2.26,1914.0,1290876.00
20030731,2.30,2.30,2.25,2.25,1024.0,685809.00
20030801,2.26,2.26,2.18,2.21,2453.0,1597514.00
20030804,2.23,2.28,2.20,2.25,2563.0,1701200.00
20030805,2.25,2.30,2.25,2.29,2184.0,1470264.00
20030806,2.33,2.33,2.27,2.30,2082.0,1407290.00
20030807,2.31,2.36,2.30,2.35,6457.0,4472097.00
20030808,2.35,2.36,2.26,2.27,6651.0,4561186.00
20030811,2.23,2.26,2.20,2.25,1382.0,917178.00
20030812,2.29,2.29,2.23,2.25,1009.0,671329.00
20030813,2.25,2.26,2.21,2.23,1205.0,798316.00
20030814,2.22,2.24,2.20,2.21,1030.0,676361.00
20030815,2.23,2.25,2.20,2.21,1132.0,739094.00
20030818,2.24,2.26,2.23,2.24,907.0,603447.00
20030819,2.26,2.26,2.21,2.23,661.0,436386.00
20030820,2.23,2.23,2.19,2.19,836.0,544758.00
20030821,2.17,2.22,2.16,2.19,569.0,369330.00
20030822,2.19,2.22,2.19,2.20,391.0,255096.00
20030825,2.20,2.20,2.18,2.18,660.0,427039.00
20030826,2.16,2.20,2.15,2.20,1253.0,803257.00
20030827,2.20,2.21,2.16,2.21,550.0,356291.00
20030828,2.21,2.31,2.20,2.25,1101.0,727090.00
20030829,2.30,2.30,2.19,2.24,3152.0,2079923.00
20030901,2.26,2.30,2.22,2.28,1887.0,1260000.00
20030902,2.31,2.31,2.24,2.29,2127.0,1437625.00
20030903,2.31,2.31,2.25,2.30,8648.0,5851430.00
20030904,2.30,2.30,2.23,2.25,8871.0,5920103.00
20030905,2.25,2.25,2.16,2.17,3016.0,1957582.00
20030908,2.15,2.17,2.15,2.15,1465.0,936763.00
20030909,2.15,2.15,2.12,2.12,3921.0,2476180.00
20030910,2.12,2.12,2.03,2.03,10855.0,6573826.00
20030911,2.03,2.04,1.96,2.01,10722.0,6310876.00
20030912,2.00,2.00,1.96,1.97,2643.0,1543712.00
20030915,1.95,1.99,1.94,1.96,1540.0,895480.00
20030916,1.99,1.99,1.95,1.98,1172.0,684154.00
20030917,1.97,1.98,1.94,1.94,1554.0,900433.00
20030918,1.94,1.96,1.92,1.95,1897.0,1088219.00
20030919,1.95,1.97,1.93,1.97,901.0,520286.00
20030922,1.97,1.97,1.95,1.95,670.0,388285.00
20030923,1.94,1.95,1.88,1.92,2092.0,1186891.00
20030924,1.91,1.95,1.91,1.94,2575.0,1468821.00
20030925,1.94,1.95,1.89,1.90,964.0,546693.00
20030926,1.89,1.98,1.89,1.95,14146.0,8145443.00
20030929,1.95,1.99,1.88,1.89,4781.0,2747581.00
20030930,1.89,1.90,1.79,1.88,3189.0,1743626.00
20031008,1.87,2.07,1.83,2.03,13085.0,7772263.00
20031009,2.01,2.01,1.97,1.97,4061.0,2389862.00
20031010,1.96,2.04,1.96,2.02,3819.0,2263078.00
20031013,1.98,2.03,1.98,2.00,2925.0,1736663.00
20031014,1.97,2.01,1.96,1.97,1897.0,1108705.00
20031015,1.99,1.99,1.92,1.92,2056.0,1184076.00
20031016,1.90,1.91,1.86,1.87,2009.0,1116334.00
20031017,1.88,1.88,1.86,1.86,1189.0,657690.00
20031020,1.85,1.86,1.79,1.85,1528.0,828135.00
20031021,1.84,1.86,1.81,1.84,1012.0,547813.00
20031022,1.84,1.90,1.82,1.88,2546.0,1419268.00
20031023,1.89,1.91,1.73,1.86,2519.0,1387220.00
20031024,1.85,1.87,1.81,1.82,1287.0,699143.00
20031027,1.82,1.83,1.76,1.77,1812.0,955166.00
20031028,1.79,1.80,1.74,1.76,1250.0,650604.00
20031029,1.75,1.77,1.72,1.73,1883.0,969590.00
20031030,1.72,1.73,1.71,1.72,1548.0,788569.00
20031031,1.72,1.75,1.71,1.72,1120.0,572758.00
20031103,1.72,1.76,1.72,1.75,832.0,429010.00
20031104,1.75,1.79,1.72,1.77,2567.0,1339007.00
20031105,1.77,1.78,1.72,1.73,1656.0,856472.00
20031106,1.72,1.72,1.60,1.60,4470.0,2166603.00
20031107,1.60,1.60,1.49,1.54,3752.0,1700127.00
20031110,1.54,1.55,1.51,1.52,1321.0,593112.00
20031111,1.54,1.54,1.50,1.53,1099.0,493826.00
20031112,1.54,1.54,1.51,1.51,812.0,365648.00
20031113,1.49,1.54,1.49,1.52,1062.0,475379.00
20031114,1.54,1.57,1.52,1.55,1611.0,732661.00
20031117,1.55,1.55,1.53,1.54,698.0,318464.00
20031118,1.54,1.54,1.51,1.53,410.0,184145.00
20031119,1.52,1.60,1.52,1.59,2030.0,937631.00
20031120,1.58,1.68,1.56,1.68,4005.0,1946228.00
20031121,1.68,1.70,1.59,1.60,2313.0,1126944.00
20031124,1.60,1.67,1.58,1.66,3417.0,1662222.00
20031125,1.67,1.79,1.66,1.72,7438.0,3787166.00
20031126,1.79,1.89,1.74,1.76,12323.0,6563672.00
20031127,1.72,1.74,1.64,1.67,4787.0,2383160.00
20031128,1.64,1.70,1.64,1.68,1626.0,808647.00
20031201,1.68,1.72,1.68,1.72,2870.0,1451175.00
20031202,1.72,1.73,1.70,1.71,3327.0,1684298.00
20031203,1.70,1.72,1.68,1.70,2528.0,1275022.00
20031204,1.73,1.75,1.72,1.72,2797.0,1433333.00
20031205,1.72,1.74,1.70,1.74,2338.0,1188328.00
20031208,1.72,1.75,1.71,1.74,2664.0,1360470.00
20031209,1.72,1.75,1.72,1.74,3991.0,2052688.00
20031210,1.74,1.74,1.71,1.74,3303.0,1686854.00
20031211,1.74,1.74,1.71,1.73,3285.0,1678105.00
20031212,1.73,1.76,1.73,1.75,3271.0,1690166.00
20031215,1.76,1.77,1.74,1.76,3528.0,1841811.00
20031216,1.76,1.76,1.72,1.75,5071.0,2598140.00
20031217,1.73,1.76,1.72,1.74,4876.0,2509477.00
20031218,1.75,1.76,1.72,1.73,5560.0,2855465.00
20031219,1.74,1.74,1.59,1.62,6416.0,3131734.00
20031222,1.59,1.63,1.55,1.63,3956.0,1854735.00
20031223,1.63,1.63,1.58,1.60,4968.0,2350850.00
20031224,1.59,1.60,1.58,1.58,3786.0,1781963.00
20031225,1.58,1.60,1.55,1.55,4258.0,1973072.00
20031226,1.55,1.59,1.55,1.56,4745.0,2204384.00
20031229,1.56,1.58,1.55,1.55,3667.0,1692761.00
20031230,1.55,1.57,1.52,1.55,3738.0,1706300.00
20031231,1.53,1.54,1.52,1.52,1507.0,681636.00
20040102,1.51,1.55,1.50,1.55,2571.0,1161671.00
20040105,1.55,1.55,1.51,1.52,3452.0,1559780.00
20040106,1.53,1.53,1.43,1.43,8684.0,3758763.00
20040107,1.42,1.47,1.42,1.47,5289.0,2264115.00
20040108,1.47,1.52,1.44,1.51,7358.0,3207265.00
20040109,1.51,1.53,1.49,1.51,6513.0,2924178.00
20040112,1.49,1.51,1.47,1.49,4308.0,1895780.00
20040113,1.50,1.55,1.47,1.55,7281.0,3268250.00
20040114,1.55,1.58,1.51,1.57,9221.0,4226652.00
20040115,1.55,1.69,1.54,1.62,22199.0,10592877.00
20040116,1.62,1.62,1.57,1.60,11620.0,5490326.00
20040129,1.60,1.66,1.60,1.65,12214.0,5931411.00
20040130,1.65,1.73,1.65,1.71,19019.0,9570804.00
20040202,1.74,1.74,1.68,1.72,13352.0,6746713.00
20040203,1.72,1.75,1.71,1.74,12091.0,6177062.00
20040204,1.76,1.78,1.74,1.76,13006.0,6761095.00
20040205,1.76,1.83,1.74,1.83,16803.0,8943350.00
20040206,1.82,1.92,1.78,1.79,42721.0,23814921.00
20040209,1.77,1.81,1.77,1.80,12247.0,6474639.00
20040210,1.81,1.85,1.79,1.83,9580.0,5170193.00
20040211,1.83,1.87,1.82,1.86,9941.0,5418119.00
20040212,1.91,1.91,1.86,1.87,10961.0,6103585.00
20040213,1.88,1.89,1.80,1.81,9501.0,5159813.00
20040217,1.84,1.87,1.84,1.87,13187.0,7271115.00
20040218,1.87,1.91,1.87,1.90,13771.0,7693055.00
20040219,1.91,1.91,1.86,1.87,9919.0,5534134.00
20040220,1.87,1.91,1.86,1.90,14957.0,8353620.00
20040223,1.91,1.95,1.89,1.90,21925.0,12484206.00
20040224,1.89,1.97,1.82,1.85,13344.0,7360252.00
20040225,1.85,1.88,1.78,1.79,12083.0,6596442.00
20040226,1.79,1.82,1.74,1.79,14473.0,7617802.00
20040227,1.80,1.88,1.79,1.86,30001.0,16325536.00
20040301,1.78,1.84,1.69,1.81,52628.0,27613594.00
20040302,1.78,1.78,1.73,1.77,31228.0,16249221.00
20040303,1.76,1.76,1.70,1.72,19914.0,10202964.00
20040304,1.71,1.72,1.64,1.69,26992.0,13323171.00
20040305,1.69,1.70,1.65,1.65,13224.0,6519079.00
20040308,1.65,1.68,1.60,1.64,15629.0,7588015.00
20040310,1.56,1.59,1.56,1.56,6019.0,2783754.00
20040311,1.49,1.61,1.49,1.60,47745.0,21737681.00
20040312,1.57,1.59,1.53,1.55,23814.0,10999680.00
20040315,1.55,1.63,1.55,1.63,24906.0,11765690.00
20040316,1.65,1.69,1.63,1.66,26887.0,13190899.00
20040317,1.65,1.71,1.62,1.67,16961.0,8361478.00
20040318,1.67,1.71,1.63,1.69,35827.0,17835293.00
20040319,1.70,1.71,1.65,1.68,31099.0,15442970.00
20040322,1.68,1.70,1.66,1.66,11173.0,5535925.00
20040323,1.66,1.68,1.64,1.65,12935.0,6358655.00
20040324,1.65,1.71,1.64,1.68,14931.0,7447838.00
20040325,1.68,1.69,1.65,1.67,7849.0,3868532.00
20040326,1.66,1.69,1.65,1.67,10513.0,5175494.00
20040329,1.68,1.70,1.66,1.70,15164.0,7573254.00
20040330,1.72,1.72,1.67,1.69,10523.0,5254351.00
20040331,1.70,1.74,1.68,1.73,24573.0,12476134.00
20040401,1.74,1.76,1.72,1.74,43711.0,22488865.00
20040402,1.75,1.76,1.73,1.74,12730.0,6551345.00
20040405,1.75,1.75,1.69,1.70,17891.0,9059481.00
20040406,1.70,1.72,1.69,1.71,9662.0,4877832.00
20040407,1.71,1.78,1.70,1.76,23040.0,11872168.00
20040408,1.76,1.80,1.74,1.78,22299.0,11649033.00
20040412,1.71,1.81,1.71,1.80,33865.0,17869224.00
20040413,1.80,1.81,1.71,1.72,34183.0,17714160.00
20040414,1.72,1.74,1.64,1.65,12160.0,6072013.00
20040415,1.65,1.67,1.57,1.58,11295.0,5394399.00
20040416,1.58,1.62,1.56,1.61,6052.0,2852557.00
20040419,1.61,1.63,1.56,1.58,5201.0,2442620.00
20040420,1.57,1.60,1.51,1.51,13148.0,5918261.00
20040421,1.51,1.53,1.49,1.52,6462.0,2902656.00
20040422,1.52,1.55,1.52,1.55,3997.0,1816804.00
20040423,1.54,1.55,1.47,1.50,6383.0,2827847.00
20040426,1.50,1.50,1.43,1.45,5099.0,2212230.00
20040427,1.45,1.47,1.43,1.44,5962.0,2548702.00
20040428,1.44,1.50,1.44,1.48,5389.0,2334877.00
20040429,1.48,1.48,1.45,1.46,3179.0,1379580.00
20040430,1.47,1.49,1.45,1.48,5674.0,2470205.00
20040510,1.49,1.51,1.47,1.49,10402.0,4591546.00
20040511,1.50,1.51,1.45,1.50,14802.0,6505498.00
20040512,1.49,1.55,1.49,1.53,14159.0,6404459.00
20040513,1.53,1.53,1.51,1.52,4338.0,1953973.00
20040514,1.50,1.51,1.46,1.47,3440.0,1505098.00
20040518,1.47,1.51,1.47,1.49,2920.0,1279265.00
20040519,1.49,1.50,1.46,1.49,4080.0,1797884.00
20040520,1.49,1.49,1.46,1.46,4170.0,1814106.00
20040521,1.46,1.48,1.44,1.45,3186.0,1369264.00
20040524,1.45,1.46,1.44,1.44,2619.0,1118332.00
20040525,1.43,1.43,1.36,1.36,6582.0,2669678.00
20040526,1.31,1.33,1.30,1.30,10246.0,3940887.00
20040527,1.27,1.32,1.27,1.30,6014.0,2315790.00
20040528,1.30,1.31,1.29,1.31,4959.0,1915450.00
20040531,1.30,1.31,1.24,1.24,9977.0,3701169.00
20040601,1.24,1.28,1.22,1.28,11211.0,4176982.00
20040602,1.28,1.28,1.23,1.25,8244.0,3046676.00
20040603,1.25,1.25,1.19,1.21,9559.0,3418740.00
20040604,1.20,1.22,1.20,1.21,6016.0,2158271.00
20040607,1.22,1.22,1.15,1.16,7515.0,2608972.00
20040608,1.16,1.18,1.14,1.16,4772.0,1639480.00
20040609,1.15,1.22,1.14,1.21,21366.0,7602816.00
20040610,1.20,1.22,1.15,1.18,8595.0,2996288.00
20040611,1.19,1.20,1.16,1.17,6085.0,2125104.00
20040614,1.15,1.17,1.11,1.11,5569.0,1834360.00
20040615,1.08,1.11,1.05,1.10,12544.0,3990989.00
20040616,1.10,1.10,1.06,1.09,6501.0,2092261.00
20040617,1.09,1.10,1.06,1.07,5781.0,1840385.00
20040618,1.06,1.06,1.01,1.04,7973.0,2433278.00
20040621,1.04,1.05,1.03,1.05,3452.0,1066471.00
20040622,1.05,1.07,1.04,1.06,3220.0,1008323.00
20040623,1.06,1.07,1.02,1.04,2460.0,756606.00
20040624,1.03,1.05,1.03,1.04,2804.0,861681.00
20040625,1.03,1.03,0.99,0.99,5208.0,1546038.00
20040628,0.98,1.01,0.96,0.97,3410.0,981214.00
20040629,0.96,0.97,0.92,0.96,11637.0,3236873.00
20040630,1.01,1.01,1.01,1.01,3319.0,992611.00
20040701,1.06,1.06,1.06,1.06,5140.0,1613981.00
20040702,1.11,1.11,1.08,1.11,32929.0,10832600.00
20040705,1.14,1.16,1.11,1.13,19044.0,6370664.00
20040706,1.11,1.19,1.10,1.19,21612.0,7427222.00
20040707,1.18,1.20,1.15,1.17,15364.0,5360345.00
20040708,1.17,1.17,1.11,1.13,12110.0,4077451.00
20040709,1.13,1.14,1.12,1.14,7411.0,2482082.00
20040712,1.14,1.20,1.12,1.20,26905.0,9441929.00
20040713,1.19,1.20,1.15,1.15,13572.0,4705653.00
20040714,1.14,1.19,1.12,1.16,14863.0,5101118.00
20040715,1.14,1.19,1.13,1.17,8411.0,2881220.00
20040716,1.17,1.23,1.16,1.22,16389.0,5851800.00
20040719,1.22,1.26,1.19,1.24,15230.0,5594491.00
20040720,1.24,1.25,1.21,1.21,10367.0,3755806.00
20040721,1.22,1.22,1.16,1.21,10886.0,3832302.00
20040722,1.22,1.22,1.15,1.15,14916.0,5128524.00
20040723,1.15,1.15,1.09,1.11,12983.0,4234314.00
20040726,1.10,1.10,1.07,1.09,6205.0,1990586.00
20040727,1.07,1.08,1.05,1.06,3784.0,1190560.00
20040728,1.06,1.11,1.01,1.11,8981.0,2885875.00
20040729,1.11,1.12,1.07,1.10,5628.0,1829423.00
20040730,1.09,1.11,1.07,1.08,3508.0,1127185.00
20040802,1.06,1.06,1.03,1.05,3670.0,1131020.00
20040803,1.05,1.08,1.04,1.06,2118.0,665691.00
20040804,1.06,1.10,1.05,1.08,3492.0,1118148.00
20040805,1.07,1.12,1.07,1.09,4830.0,1577638.00
20040806,1.08,1.10,1.06,1.08,2183.0,696788.00
20040809,1.07,1.07,1.03,1.05,3045.0,947091.00
20040810,1.04,1.06,1.04,1.06,1182.0,368955.00
20040811,1.05,1.06,1.03,1.04,2328.0,716439.00
20040812,1.02,1.04,1.01,1.02,2482.0,750169.00
20040813,1.02,1.05,1.02,1.04,2076.0,633912.00
20040816,1.04,1.04,1.01,1.01,3056.0,929684.00
20040817,0.99,1.01,0.97,1.01,3080.0,901253.00
20040818,1.01,1.03,1.01,1.01,1864.0,564011.00
20040819,1.00,1.06,1.00,1.05,38162.0,11721297.00
20040820,1.05,1.05,1.02,1.04,3672.0,1126675.00
20040823,1.04,1.06,1.04,1.06,5674.0,1772472.00
20040824,1.06,1.07,1.03,1.07,6679.0,2087656.00
20040825,1.07,1.07,1.03,1.03,2429.0,751860.00
20040826,1.03,1.03,1.00,1.01,3610.0,1089503.00
20040827,1.00,1.01,0.98,0.98,3784.0,1108464.00
20040830,0.96,1.00,0.96,0.99,1158.0,338539.00
20040831,1.00,1.03,1.00,1.02,3048.0,912635.00
20040901,1.02,1.02,1.00,1.01,1895.0,566480.00
20040902,1.01,1.03,1.00,1.03,2206.0,663801.00
20040903,1.04,1.06,1.02,1.04,3624.0,1121613.00
20040906,1.03,1.04,1.02,1.03,3888.0,1182469.00
20040907,1.02,1.04,1.02,1.03,2782.0,853723.00
20040908,1.03,1.05,1.02,1.03,2675.0,820592.00
20040909,1.02,1.03,1.01,1.01,2186.0,660499.00
20040910,1.01,1.02,0.96,0.97,12756.0,3676695.00
20040913,0.97,0.97,0.93,0.93,6978.0,1961633.00
20040914,0.97,0.97,0.94,0.97,6802.0,1927250.00
20040915,0.97,1.01,0.96,1.01,25373.0,7478782.00
20040916,1.03,1.06,1.02,1.06,25147.0,7768543.00
20040917,1.06,1.12,1.05,1.12,33973.0,11047561.00
20040920,1.17,1.18,1.12,1.17,64532.0,21916966.00
20040921,1.17,1.17,1.13,1.15,24551.0,8356712.00
20040922,1.15,1.15,1.10,1.10,18016.0,6013269.00
20040923,1.10,1.13,1.10,1.12,10126.0,3342857.00
20040924,1.12,1.14,1.09,1.09,16983.0,5548189.00
20040927,1.09,1.11,1.03,1.04,11858.0,3710291.00
20040928,1.04,1.07,1.04,1.07,8843.0,2772525.00
20040929,1.08,1.08,1.04,1.08,7668.0,2404070.00
20040930,1.07,1.09,1.04,1.08,9353.0,2934880.00
20041008,1.08,1.13,1.06,1.13,16320.0,5407428.00
20041011,1.17,1.18,1.13,1.16,28301.0,9720874.00
20041012,1.17,1.18,1.14,1.17,13742.0,4701391.00
20041013,1.17,1.22,1.14,1.15,29078.0,10130022.00
20041014,1.17,1.17,1.10,1.13,15144.0,4994126.00
20041015,1.15,1.15,1.10,1.13,24780.0,8264873.00
20041019,1.16,1.19,1.14,1.18,44048.0,15245224.00
20041020,1.18,1.18,1.12,1.14,13501.0,4550517.00
20041021,1.15,1.17,1.13,1.15,15206.0,5189445.00
20041022,1.16,1.16,1.11,1.11,23628.0,7995266.00
20041025,1.11,1.12,1.06,1.07,20125.0,6401241.00
20041026,1.07,1.09,1.02,1.08,19787.0,6256447.00
20041027,1.11,1.12,1.09,1.11,19822.0,6487493.00
20041028,1.12,1.12,1.08,1.10,22765.0,7439310.00
20041029,1.05,1.09,1.05,1.06,9173.0,2901725.00
20041101,1.06,1.12,1.04,1.10,15894.0,5195303.00
20041102,1.09,1.12,1.09,1.09,6376.0,2081959.00
20041103,1.11,1.11,1.08,1.11,11319.0,3693530.00
20041104,1.11,1.11,1.08,1.09,7931.0,2584739.00
20041105,1.09,1.10,1.04,1.08,15066.0,4743330.00
20041108,1.08,1.09,1.06,1.08,8342.0,2671698.00
20041109,1.09,1.09,1.07,1.09,5014.0,1615640.00
20041110,1.10,1.12,1.06,1.12,54378.0,17524546.00
20041111,1.12,1.17,1.10,1.14,48705.0,16238782.00
20041112,1.12,1.19,1.12,1.18,51151.0,17636432.00
20041115,1.19,1.21,1.17,1.18,32590.0,11408324.00
20041116,1.18,1.19,1.15,1.16,19258.0,6631354.00
20041117,1.17,1.18,1.15,1.16,10575.0,3657417.00
20041118,1.15,1.18,1.15,1.17,8744.0,3016009.00
20041119,1.17,1.17,1.14,1.16,12680.0,4332548.00
20041122,1.16,1.20,1.15,1.19,16880.0,5872467.00
20041123,1.18,1.22,1.18,1.22,26102.0,9321929.00
20041124,1.23,1.24,1.15,1.17,27109.0,9531899.00
20041125,1.15,1.15,1.11,1.14,19204.0,6425490.00
20041126,1.13,1.15,1.12,1.13,7006.0,2362169.00
20041129,1.13,1.14,1.12,1.13,3396.0,1137357.00
20041130,1.13,1.15,1.12,1.15,5975.0,2021376.00
20041201,1.15,1.17,1.13,1.13,5671.0,1924655.00
20041202,1.13,1.14,1.11,1.13,7089.0,2363078.00
20041203,1.13,1.14,1.11,1.12,10560.0,3518979.00
20041206,1.12,1.15,1.11,1.13,6601.0,2216204.00
20041207,1.12,1.14,1.12,1.12,5385.0,1796762.00
20041208,1.13,1.14,1.12,1.13,5344.0,1776941.00
20041209,1.13,1.18,1.13,1.15,18708.0,6415504.00
20041210,1.14,1.14,1.10,1.10,11029.0,3635344.00
20041213,1.07,1.08,1.04,1.05,9216.0,2873375.00
20041214,1.05,1.07,1.05,1.06,2883.0,907326.00
20041215,1.06,1.06,1.01,1.04,16324.0,4940353.00
20041216,1.03,1.04,1.02,1.03,4059.0,1233985.00
20041217,1.02,1.05,1.02,1.04,3068.0,940929.00
20041220,1.03,1.03,1.01,1.01,3361.0,1012834.00
20041221,1.02,1.03,1.00,1.02,6584.0,1969907.00
20041222,1.02,1.05,1.02,1.05,4030.0,1233136.00
20041223,1.05,1.06,1.02,1.03,2853.0,876249.00
20041224,1.02,1.05,1.02,1.03,2044.0,621726.00
20041227,1.02,1.03,1.00,1.03,4789.0,1437234.00
20041228,1.03,1.04,1.02,1.04,3599.0,1099906.00
20041229,1.04,1.04,1.03,1.04,2591.0,793845.00
20041230,1.03,1.05,1.03,1.05,3484.0,1071799.00
20041231,1.05,1.09,1.05,1.07,10315.0,3258624.00
20050104,1.07,1.07,1.05,1.06,4013.0,1260788.00
20050105,1.05,1.11,1.05,1.10,10400.0,3356608.00
20050106,1.10,1.10,1.08,1.09,4617.0,1493953.00
20050107,1.09,1.10,1.08,1.08,4386.0,1409924.00
20050110,1.08,1.09,1.08,1.09,3452.0,1109242.00
20050111,1.09,1.11,1.09,1.09,6675.0,2166467.00
20050112,1.10,1.10,1.09,1.10,4722.0,1535344.00
20050113,1.10,1.10,1.08,1.09,3684.0,1188878.00
20050114,1.08,1.09,1.06,1.06,4991.0,1591507.00
20050117,1.04,1.11,1.03,1.11,24557.0,7992205.00
20050118,1.17,1.17,1.13,1.14,40642.0,13825851.00
20050119,1.13,1.15,1.12,1.14,10648.0,3604243.00
20050120,1.14,1.19,1.13,1.19,23172.0,8046214.00
20050121,1.18,1.19,1.15,1.17,17594.0,6086593.00
20050124,1.20,1.20,1.17,1.19,18650.0,6551469.00
20050125,1.19,1.20,1.14,1.18,26000.0,9060321.00
20050126,1.19,1.20,1.16,1.18,27322.0,9563113.00
20050127,1.18,1.18,1.12,1.12,22386.0,7610077.00
20050128,1.11,1.13,1.09,1.12,22697.0,7426429.00
20050131,1.11,1.13,1.07,1.08,11153.0,3622448.00
20050201,1.07,1.09,1.06,1.07,5747.0,1833187.00
20050202,1.06,1.12,1.06,1.12,12552.0,4097245.00
20050203,1.12,1.12,1.10,1.10,9810.0,3228774.00
20050204,1.09,1.15,1.09,1.13,17609.0,5927116.00
20050216,1.13,1.18,1.12,1.16,11244.0,3838240.00
20050217,1.15,1.16,1.14,1.16,7349.0,2501105.00
20050218,1.16,1.16,1.14,1.15,5898.0,2007479.00
20050221,1.15,1.18,1.15,1.17,13833.0,4783454.00
20050222,1.18,1.19,1.17,1.19,24427.0,8492240.00
20050223,1.18,1.19,1.16,1.18,18890.0,6559966.00
20050224,1.18,1.24,1.17,1.22,34934.0,12481115.00
20050225,1.22,1.22,1.20,1.20,17926.0,6419152.00
20050228,1.23,1.23,1.21,1.22,18596.0,6698103.00
20050301,1.23,1.23,1.16,1.18,24634.0,8655902.00
20050302,1.18,1.23,1.18,1.20,24619.0,8802719.00
20050307,1.24,1.31,1.21,1.27,111058.0,41569947.00
20050308,1.25,1.29,1.24,1.28,65488.0,24614927.00
20050309,1.28,1.40,1.27,1.35,109016.0,43459129.00
20050310,1.34,1.38,1.29,1.31,59876.0,23773660.00
20050311,1.31,1.39,1.31,1.39,65577.0,26178484.00
20050314,1.39,1.40,1.34,1.37,63646.0,25709587.00
20050315,1.36,1.38,1.27,1.28,54166.0,21061398.00
20050316,1.27,1.31,1.27,1.30,43064.0,16483629.00
20050317,1.29,1.29,1.23,1.24,37368.0,13893529.00
20050318,1.22,1.25,1.18,1.19,27318.0,9771018.00
20050321,1.19,1.24,1.19,1.24,22304.0,8024367.00
20050322,1.24,1.30,1.19,1.27,46986.0,17429933.00
20050323,1.26,1.32,1.24,1.26,38114.0,14421243.00
20050324,1.27,1.28,1.23,1.27,15139.0,5636101.00
20050325,1.28,1.28,1.23,1.24,16429.0,6110397.00
20050328,1.23,1.27,1.21,1.26,15273.0,5613671.00
20050329,1.26,1.28,1.23,1.24,12186.0,4533754.00
20050330,1.22,1.23,1.11,1.11,32907.0,11235079.00
20050331,1.09,1.13,1.08,1.12,16078.0,5285790.00
20050401,1.12,1.18,1.05,1.16,39702.0,12975859.00
20050404,1.13,1.14,1.09,1.10,20913.0,6900149.00
20050405,1.12,1.12,1.08,1.09,11572.0,3774055.00
20050406,1.10,1.14,1.08,1.13,18458.0,6076224.00
20050407,1.13,1.19,1.13,1.16,37357.0,12884114.00
20050408,1.15,1.18,1.14,1.18,18196.0,6249657.00
20050411,1.18,1.18,1.15,1.16,13078.0,4503852.00
20050412,1.15,1.15,1.10,1.11,16799.0,5541573.00
20050413,1.10,1.14,1.10,1.13,26176.0,8686043.00
20050414,1.12,1.13,1.07,1.08,20465.0,6630221.00
20050415,1.08,1.09,1.05,1.05,10824.0,3407778.00
20050418,1.04,1.06,1.03,1.06,9732.0,3004219.00
20050419,1.05,1.07,1.04,1.06,5525.0,1721317.00
20050420,1.05,1.05,1.03,1.04,6674.0,2048344.00
20050421,1.03,1.04,0.95,0.97,21313.0,6183275.00
20050422,0.96,0.98,0.93,0.94,11504.0,3230244.00
20050425,0.92,0.94,0.85,0.86,19829.0,5105166.00
20050426,0.86,0.92,0.85,0.90,16944.0,4476177.00
20050427,0.91,0.92,0.88,0.88,9676.0,2555465.00
20050428,0.88,0.93,0.86,0.92,13764.0,3700479.00
20050429,0.91,0.94,0.90,0.91,8545.0,2318918.00
20050509,0.91,0.92,0.83,0.84,7268.0,1844175.00
20050510,0.84,0.87,0.84,0.87,8855.0,2244234.00
20050511,0.86,0.88,0.85,0.85,6107.0,1555710.00
20050512,0.85,0.86,0.84,0.86,5668.0,1432376.00
20050516,0.85,0.92,0.84,0.90,18823.0,4997678.00
20050517,0.90,0.92,0.88,0.90,10643.0,2842371.00
20050518,0.89,0.91,0.88,0.90,9012.0,2390899.00
20050519,0.90,0.90,0.84,0.88,43101.0,11092079.00
20050520,0.87,0.92,0.87,0.91,35417.0,9433613.00
20050523,0.91,0.91,0.86,0.87,15655.0,4067699.00
20050524,0.86,0.91,0.86,0.90,11834.0,3124591.00
20050525,0.91,0.92,0.89,0.90,17895.0,4804323.00
20050526,0.90,0.91,0.87,0.89,11818.0,3132049.00
20050527,0.89,0.91,0.88,0.88,7623.0,2018243.00
20050530,0.87,0.90,0.87,0.89,5871.0,1541089.00
20050531,0.91,0.93,0.89,0.91,26399.0,7144057.00
20050601,0.91,0.91,0.89,0.91,13051.0,3474465.00
20050602,0.91,0.91,0.88,0.89,9050.0,2392215.00
20050603,0.91,0.91,0.88,0.90,11434.0,3034446.00
20050606,0.91,0.92,0.88,0.91,8816.0,2351863.00
20050607,0.92,0.93,0.91,0.93,19075.0,5193707.00
20050608,0.93,1.00,0.91,0.99,60941.0,17343507.00
20050609,0.99,0.99,0.94,0.97,46378.0,13280506.00
20050610,0.97,0.97,0.93,0.94,20172.0,5671917.00
20050613,0.95,0.97,0.93,0.96,14201.0,3999665.00
20050614,0.97,0.98,0.95,0.95,22934.0,6541127.00
20050615,0.93,0.94,0.90,0.90,10290.0,2800535.00
20050616,0.89,0.91,0.87,0.89,11365.0,2988635.00
20050617,0.91,0.91,0.87,0.87,7943.0,2071232.00
20050620,0.88,0.90,0.85,0.90,10177.0,2649675.00
20050621,0.90,0.90,0.87,0.88,9346.0,2438144.00
20050622,0.87,0.88,0.87,0.88,6967.0,1803842.00
20050623,0.88,0.89,0.87,0.87,5598.0,1459238.00
20050624,0.88,0.91,0.87,0.90,18613.0,4938934.00
20050627,0.93,0.95,0.92,0.94,25278.0,6991088.00
20050628,0.94,0.94,0.91,0.91,13881.0,3751907.00
20050629,0.90,0.91,0.88,0.88,8218.0,2159500.00
20050630,0.88,0.89,0.87,0.87,6873.0,1788617.00
20050701,0.86,0.87,0.78,0.78,19332.0,4616655.00
20050704,0.78,0.78,0.71,0.73,21089.0,4484443.00
20050705,0.72,0.73,0.71,0.72,6104.0,1307902.00
20050706,0.73,0.74,0.72,0.73,6128.0,1321238.00
20050707,0.73,0.75,0.72,0.74,8998.0,1968272.00
20050708,0.74,0.74,0.70,0.71,8200.0,1741103.00
20050711,0.71,0.73,0.68,0.70,6798.0,1435477.00
20050712,0.70,0.72,0.68,0.72,9486.0,1971225.00
20050713,0.71,0.71,0.69,0.70,5994.0,1243302.00
20050714,0.72,0.77,0.70,0.77,22837.0,4974744.00
20050715,0.84,0.85,0.81,0.85,96306.0,23953481.00
20050718,0.86,0.86,0.82,0.83,35997.0,8866504.00
20050719,0.82,0.86,0.82,0.84,22907.0,5691039.00
20050720,0.84,0.85,0.83,0.84,14538.0,3599012.00
20050721,0.83,0.84,0.79,0.82,23469.0,5649446.00
20050722,0.82,0.84,0.82,0.83,29415.0,7240939.00
20050725,0.83,0.91,0.81,0.88,47231.0,12144392.00
20050726,0.87,0.89,0.86,0.89,37119.0,9700401.00
20050727,0.89,0.94,0.89,0.92,56626.0,15359936.00
20050728,0.92,0.94,0.88,0.89,50925.0,13652925.00
20050729,0.88,0.89,0.87,0.88,20928.0,5432721.00
20050801,0.87,0.90,0.87,0.89,16327.0,4289742.00
20050802,0.89,0.90,0.87,0.90,19564.0,5160296.00
20050803,0.90,0.93,0.89,0.90,39410.0,10629353.00
20050804,0.90,0.90,0.87,0.87,22932.0,5962691.00
20050805,0.86,0.89,0.86,0.89,24667.0,6425531.00
20050808,0.88,0.91,0.88,0.91,30930.0,8189419.00
20050809,0.91,0.92,0.88,0.92,28556.0,7668919.00
20050810,0.92,0.97,0.92,0.96,59564.0,16599021.00
20050811,0.96,0.96,0.93,0.95,36850.0,10251981.00
20050812,0.95,0.95,0.89,0.90,32012.0,8727318.00
20050815,0.90,0.93,0.89,0.93,20293.0,5509730.00
20050816,0.93,0.93,0.91,0.91,17047.0,4641595.00
20050817,0.91,0.93,0.88,0.92,22276.0,5942756.00
20050818,0.92,0.95,0.88,0.88,37423.0,10310021.00
20050819,0.87,0.90,0.86,0.89,16401.0,4294398.00
20050822,0.89,0.92,0.87,0.91,12563.0,3358891.00
20050823,0.91,0.92,0.88,0.89,9943.0,2635530.00
20050824,0.88,0.91,0.88,0.89,12134.0,3216694.00
20050825,0.89,0.91,0.88,0.91,13194.0,3474416.00
20050826,0.91,0.93,0.89,0.92,26915.0,7352927.00
20050829,0.93,0.95,0.92,0.92,21832.0,6016502.00
20050830,0.92,0.95,0.91,0.93,27369.0,7582388.00
20050831,0.94,1.01,0.92,0.98,58322.0,16682182.00
20050901,0.97,1.00,0.97,0.99,48427.0,14115944.00
20050902,0.99,1.00,0.97,0.98,26544.0,7671459.00
20050905,0.97,1.00,0.97,1.00,24498.0,7173104.00
20050906,1.00,1.00,0.94,0.94,33742.0,9717961.00
20050907,0.94,0.96,0.93,0.96,22819.0,6416281.00
20050908,0.97,0.98,0.95,0.97,24336.0,6994692.00
20050909,0.97,0.97,0.94,0.95,18898.0,5333679.00
20050912,0.95,0.96,0.94,0.96,8978.0,2528441.00
20050913,0.96,0.99,0.96,0.99,26005.0,7543056.00
20050914,0.98,1.00,0.98,1.00,28802.0,8476717.00
20050915,1.00,1.00,0.98,0.99,17742.0,5214458.00
20050916,0.99,1.02,0.99,1.01,39082.0,11705891.00
20050919,1.01,1.03,1.00,1.03,26743.0,8081337.00
20050920,1.03,1.04,1.01,1.02,33760.0,10229196.00
20050921,1.01,1.03,0.98,0.98,26891.0,7927530.00
20050922,0.98,0.99,0.90,0.93,19091.0,5353975.00
20050923,0.93,0.94,0.91,0.92,11118.0,3050523.00
20050926,0.91,0.93,0.90,0.92,7225.0,1952049.00
20050927,0.92,0.93,0.88,0.88,10924.0,2904663.00
20050928,0.88,0.89,0.86,0.87,10100.0,2628056.00
20050929,0.87,0.90,0.87,0.89,10275.0,2698493.00
20050930,0.90,0.91,0.89,0.89,6723.0,1783902.00
20051010,0.89,0.90,0.86,0.86,6452.0,1677292.00
20051011,0.86,0.90,0.84,0.90,9817.0,2534132.00
20051012,0.89,0.95,0.88,0.95,18698.0,5076564.00
20051013,0.96,1.02,0.96,0.97,58215.0,16987823.00
20051014,0.97,0.99,0.96,0.97,20561.0,5931369.00
20051017,0.98,0.99,0.96,0.99,16076.0,4648074.00
20051018,0.99,0.99,0.97,0.98,16907.0,4896786.00
20051019,0.98,0.98,0.95,0.95,12586.0,3594740.00
20051020,0.95,0.99,0.94,0.98,23357.0,6698029.00
20051021,0.98,0.99,0.97,0.98,16579.0,4815173.00
20051024,0.96,0.98,0.96,0.97,8278.0,2371136.00
20051025,0.96,0.97,0.94,0.94,12053.0,3388233.00
20051026,0.93,0.94,0.89,0.89,12933.0,3502248.00
20051027,0.88,0.91,0.88,0.89,8481.0,2250006.00
20051028,0.89,0.91,0.86,0.87,11587.0,3018919.00
20051031,0.87,0.89,0.86,0.88,5879.0,1538486.00
20051101,0.88,0.88,0.85,0.87,6270.0,1602093.00
20051102,0.87,0.90,0.86,0.89,8773.0,2310255.00
20051103,0.89,0.91,0.88,0.88,6035.0,1596005.00
20051104,0.88,0.90,0.86,0.90,6265.0,1632545.00
20051107,0.89,0.91,0.88,0.90,4864.0,1293426.00
20051108,0.90,0.92,0.89,0.91,8742.0,2350946.00
20051109,0.91,0.91,0.89,0.89,5864.0,1570086.00
20051110,0.88,0.89,0.86,0.86,7018.0,1823425.00
20051111,0.85,0.88,0.85,0.87,3912.0,1002292.00
20051114,0.86,0.88,0.86,0.87,3476.0,892992.00
20051115,0.88,0.88,0.87,0.87,3825.0,993313.00
20051116,0.87,0.88,0.86,0.88,3671.0,944075.00
20051117,0.87,0.89,0.87,0.89,6181.0,1614073.00
20051118,0.89,0.91,0.88,0.90,12347.0,3290242.00
20051121,0.90,0.91,0.89,0.90,6264.0,1669665.00
20051122,0.90,0.91,0.87,0.87,3597.0,950867.00
20051123,0.87,0.88,0.87,0.88,4615.0,1199138.00
20051124,0.87,0.89,0.87,0.88,4097.0,1066179.00
20051125,0.88,0.88,0.87,0.88,4248.0,1099867.00
20051128,0.88,0.88,0.87,0.88,3601.0,936615.00
20051129,0.87,0.88,0.86,0.86,4712.0,1212340.00
20051130,0.86,0.87,0.85,0.86,3605.0,919163.00
20051201,0.86,0.86,0.85,0.86,4000.0,1017208.00
20051202,0.86,0.87,0.82,0.83,9146.0,2284297.00
20051205,0.82,0.82,0.78,0.78,8935.0,2102207.00
20051206,0.77,0.80,0.77,0.80,5393.0,1265864.00
20051207,0.79,0.82,0.79,0.82,5789.0,1382921.00
20051208,0.82,0.82,0.80,0.81,2697.0,644413.00
20051209,0.80,0.83,0.80,0.82,4990.0,1204701.00
20051212,0.80,0.84,0.80,0.82,5251.0,1279709.00
20051213,0.81,0.82,0.80,0.82,2783.0,672886.00
20051214,0.81,0.83,0.80,0.83,6979.0,1693718.00
20051215,0.83,0.84,0.81,0.81,6707.0,1637324.00
20051216,0.81,0.83,0.81,0.83,4022.0,977359.00
20051219,0.83,0.84,0.83,0.83,8653.0,2138823.00
20051220,0.83,0.84,0.83,0.84,4748.0,1170775.00
20051221,0.83,0.84,0.82,0.83,4369.0,1076149.00
20051222,0.83,0.83,0.81,0.82,4332.0,1052377.00
20051223,0.82,0.84,0.82,0.83,5587.0,1368089.00
20051226,0.83,0.85,0.82,0.84,8074.0,2005802.00
20051227,0.84,0.84,0.83,0.83,4305.0,1060856.00
20051228,0.83,0.84,0.82,0.83,4648.0,1140748.00
20051229,0.83,0.85,0.83,0.85,13059.0,3253980.00
20051230,0.85,0.85,0.84,0.84,6350.0,1584295.00
20060104,0.85,0.86,0.84,0.85,6668.0,1683249.00
20060105,0.85,0.87,0.85,0.87,9906.0,2519342.00
20060106,0.87,0.88,0.86,0.87,11799.0,3040388.00
20060109,0.89,0.89,0.88,0.89,29984.0,7884545.00
20060110,0.89,0.89,0.87,0.88,9639.0,2519754.00
20060111,0.88,0.89,0.87,0.88,12345.0,3224034.00
20060112,0.87,0.95,0.87,0.91,28887.0,7813806.00
20060113,0.92,0.95,0.90,0.93,32319.0,8901948.00
20060116,0.92,0.94,0.89,0.90,15109.0,4096022.00
20060117,0.90,0.91,0.89,0.90,8810.0,2342761.00
20060118,0.90,0.92,0.90,0.92,10472.0,2832341.00
20060119,0.92,0.93,0.91,0.93,12735.0,3460829.00
20060120,0.93,0.93,0.91,0.92,10064.0,2726409.00
20060123,0.91,0.95,0.91,0.94,22900.0,6355279.00
20060124,0.94,0.95,0.93,0.95,18050.0,5053285.00
20060125,0.95,0.96,0.93,0.94,12844.0,3583820.00
20060206,0.94,0.95,0.94,0.95,13000.0,3631919.00
20060207,0.95,0.95,0.92,0.93,19321.0,5335048.00
20060208,0.92,0.94,0.92,0.94,9145.0,2507939.00
20060209,0.93,0.94,0.91,0.92,12355.0,3391183.00
20060210,0.92,0.95,0.92,0.94,13420.0,3722036.00
20060213,0.94,0.94,0.92,0.93,8897.0,2450451.00
20060214,0.93,0.95,0.93,0.94,8554.0,2376748.00
20060215,0.94,0.97,0.94,0.96,23983.0,6792531.00
20060216,0.96,0.96,0.91,0.92,12953.0,3573971.00
20060217,0.91,0.92,0.91,0.91,8088.0,2189966.00
20060220,0.91,0.92,0.91,0.91,4853.0,1310880.00
20060221,0.91,0.92,0.87,0.92,10505.0,2786744.00
20060222,0.91,0.93,0.91,0.93,9230.0,2520743.00
20060223,0.92,0.92,0.89,0.91,15586.0,4154680.00
20060224,0.90,0.91,0.89,0.91,11950.0,3175779.00
20060227,0.91,0.92,0.89,0.92,16307.0,4360051.00
20060228,0.92,0.93,0.90,0.92,10173.0,2745335.00
20060301,0.92,0.92,0.90,0.92,8062.0,2174278.00
20060302,0.92,0.92,0.90,0.90,11349.0,3058649.00
20060303,0.90,0.91,0.89,0.90,9454.0,2513628.00
20060306,0.89,0.90,0.89,0.89,4313.0,1142981.00
20060307,0.89,0.89,0.86,0.87,8831.0,2294010.00
20060308,0.87,0.87,0.84,0.85,8636.0,2185168.00
20060309,0.85,0.86,0.85,0.85,3937.0,994494.00
20060310,0.85,0.86,0.84,0.85,4094.0,1030682.00
20060313,0.85,0.86,0.85,0.86,3726.0,942309.00
20060314,0.86,0.86,0.84,0.85,4888.0,1231641.00
20060315,0.85,0.86,0.85,0.86,4311.0,1095176.00
20060316,0.86,0.86,0.85,0.86,4351.0,1102809.00
20060317,0.86,0.86,0.85,0.85,2964.0,747585.00
20060320,0.85,0.87,0.85,0.87,7857.0,2011668.00
20060321,0.87,0.90,0.87,0.89,15325.0,4053299.00
20060322,0.89,0.91,0.89,0.90,10552.0,2811001.00
20060323,0.90,0.91,0.89,0.90,4492.0,1196566.00
20060324,0.90,0.92,0.89,0.90,16017.0,4325546.00
20060328,0.90,0.91,0.89,0.90,5084.0,1356200.00
20060329,0.89,0.93,0.89,0.93,20666.0,5646162.00
20060330,0.92,0.93,0.91,0.92,13418.0,3664432.00
20060331,0.90,0.93,0.89,0.91,7723.0,2082699.00
20060403,0.91,0.96,0.91,0.94,24319.0,6735081.00
20060404,0.95,0.95,0.93,0.94,11751.0,3268592.00
20060405,0.94,0.94,0.93,0.94,10178.0,2806562.00
20060406,0.93,0.96,0.93,0.95,19691.0,5500991.00
20060407,0.95,0.97,0.93,0.96,22048.0,6224087.00
20060410,0.96,1.00,0.96,1.00,30851.0,8989820.00
20060411,1.00,1.00,0.98,0.99,22183.0,6493425.00
20060412,0.99,1.02,0.97,1.01,25371.0,7503063.00
20060413,1.01,1.04,0.98,0.99,24675.0,7346361.00
20060414,0.98,1.05,0.97,1.05,29688.0,8967219.00
20060417,1.04,1.10,1.03,1.08,26872.0,8540602.00
20060418,1.08,1.09,1.06,1.08,20953.0,6670234.00
20060419,1.08,1.08,1.04,1.05,13871.0,4319929.00
20060420,1.06,1.07,1.01,1.01,15327.0,4686527.00
20060421,1.01,1.04,1.01,1.04,11672.0,3558463.00
20060424,1.04,1.05,0.99,0.99,9851.0,2926791.00
20060425,0.98,1.00,0.95,0.99,8675.0,2525038.00
20060426,0.97,1.08,0.97,1.06,17709.0,5433033.00
20060427,1.06,1.17,1.06,1.17,80580.0,27386838.00
20060428,1.18,1.29,1.12,1.29,64120.0,23799963.00
20060508,1.35,1.42,1.35,1.42,22555.0,9399329.00
20060509,1.56,1.56,1.56,1.56,12307.0,5686060.00
20060510,1.72,1.72,1.57,1.72,152268.0,75844716.00
20060511,1.75,1.79,1.60,1.62,114592.0,57543757.00
20060512,1.62,1.72,1.60,1.65,78324.0,38658901.00
20060515,1.65,1.73,1.48,1.68,120246.0,55734607.00
20060516,1.65,1.65,1.51,1.51,62494.0,28596681.00
20060517,1.46,1.58,1.43,1.50,56019.0,25018429.00
20060518,1.48,1.55,1.45,1.55,32575.0,14634023.00
20060519,1.54,1.71,1.50,1.71,64488.0,31291761.00
20060522,1.85,1.88,1.71,1.74,93326.0,50638589.00
20060523,1.72,1.72,1.57,1.65,43297.0,21171957.00
20060524,1.69,1.79,1.62,1.76,76695.0,39257760.00
20060525,1.81,1.94,1.81,1.94,144524.0,82272564.00
20060526,1.99,2.13,1.99,2.13,165588.0,102104852.00
20060529,2.09,2.18,1.91,2.08,91869.0,54743626.00
20060530,2.02,2.14,1.91,2.04,58902.0,35889843.00
20060531,2.05,2.25,1.99,2.25,123313.0,80261758.00
20060601,2.48,2.48,2.48,2.48,23258.0,17048737.00
20060602,2.72,2.72,2.72,2.72,8729.0,7036170.00
20061011,3.00,3.00,3.00,3.00,4036.0,3580801.00
20061012,3.30,3.30,3.30,3.30,2555.0,2494138.00
20061013,3.63,3.63,3.57,3.63,131823.0,141515240.00
20061016,3.71,3.80,3.55,3.74,198732.0,216577897.00
20061017,3.70,3.78,3.63,3.63,85038.0,93035592.00
20061018,3.51,3.56,3.41,3.51,91936.0,94986580.00
20061019,3.51,3.78,3.48,3.56,106282.0,114780493.00
20100212,18.24,18.24,16.55,16.90,343213.0,1755969921.00
20100222,17.16,18.59,16.69,18.59,236667.0,1238315090.00
20100223,18.24,18.34,17.52,17.82,141687.0,751499126.00
20100224,17.64,18.51,17.60,18.14,81999.0,438316054.00
20100225,18.15,19.55,17.94,18.93,123570.0,687786804.00
20100226,18.65,18.78,18.20,18.33,65546.0,358130351.00
20100302,18.47,18.57,17.76,17.86,64779.0,344910151.00
20100303,17.78,18.16,17.55,17.92,49059.0,259630637.00
20100304,17.83,17.83,17.24,17.53,56307.0,292935561.00
20100305,17.56,18.26,17.56,17.80,78906.0,421386818.00
20100308,17.86,17.88,17.45,17.56,41160.0,214221587.00
20100309,17.51,17.70,17.26,17.51,34330.0,177996478.00
20100310,17.57,18.20,17.51,17.61,58867.0,311565675.00
20100311,17.65,19.35,17.58,18.77,111954.0,615989874.00
20100312,18.57,18.89,18.12,18.14,71923.0,393254354.00
20100315,18.03,18.84,17.65,18.68,63197.0,342149467.00
20100316,18.51,19.99,18.48,19.72,108906.0,625199004.00
20100318,19.82,20.42,19.25,19.86,87910.0,519601607.00
20100319,19.65,20.04,19.42,19.90,42577.0,248304234.00
20100322,19.92,19.99,19.35,19.44,41253.0,238963846.00
20100323,19.38,19.68,19.00,19.32,45198.0,258038112.00
20100324,19.45,19.65,19.10,19.14,26474.0,151512567.00
20100325,19.11,19.11,18.41,18.48,52893.0,292318238.00
20100326,18.51,19.07,18.27,18.83,36235.0,201364403.00
20100329,18.96,19.56,18.84,19.21,55706.0,318479552.00
20100330,19.21,19.22,18.77,19.02,38592.0,216306453.00
20100331,19.15,19.28,18.70,18.76,38254.0,213818240.00
20100401,18.74,19.18,18.74,19.01,39086.0,219404514.00
20100402,19.00,19.11,18.81,18.87,28738.0,160901413.00
20100406,18.82,19.15,18.75,18.84,29383.0,164517048.00
20100407,18.88,18.91,18.29,18.42,37950.0,208163332.00
20100408,18.56,18.57,18.07,18.11,25461.0,137600647.00
20100409,18.20,18.35,18.10,18.23,24584.0,132962790.00
20100412,18.28,18.34,17.73,17.83,32813.0,174749739.00
20100413,17.92,18.84,17.84,18.63,76788.0,419714102.00
20100414,18.71,18.74,18.17,18.41,29714.0,161088017.00
20100415,18.41,18.68,18.22,18.37,29811.0,162898485.00
20100416,18.27,18.32,17.73,17.87,25323.0,134598470.00
20100419,17.56,17.67,16.78,16.81,49195.0,250451054.00
20100420,16.78,16.98,16.19,16.37,36497.0,178234274.00
20100421,16.40,16.64,16.31,16.58,24033.0,117534955.00
20100422,16.48,16.48,15.80,16.14,45260.0,214975973.00
20100423,16.09,16.28,15.82,15.86,36542.0,173101794.00
20100426,15.91,16.13,15.49,15.53,36179.0,169736426.00
20100427,15.53,15.87,14.82,15.60,38834.0,176045006.00
20100428,15.19,16.00,14.97,15.71,27761.0,128740770.00
20100429,15.81,16.04,15.33,15.53,20632.0,96280401.00
20100430,15.49,15.97,15.35,15.89,26471.0,122669273.00
20100504,15.53,15.75,14.98,15.30,25944.0,118173612.00
20100505,14.86,15.59,14.86,15.37,29401.0,131833599.00
20100506,15.39,15.53,14.69,14.72,28084.0,124968416.00
20100507,14.19,14.34,13.59,13.59,42092.0,165708732.00
20100510,13.52,13.72,12.92,13.44,28294.0,107372125.00
20100511,13.80,13.84,12.29,12.35,38499.0,142669758.00
20100512,12.03,12.60,11.93,12.17,39877.0,137513048.00
20100513,12.14,12.45,11.97,12.36,48343.0,167586061.00
20100514,12.20,12.28,11.92,12.07,34794.0,118520995.00
20100517,11.80,11.83,10.93,10.93,55533.0,178051572.00
20100518,10.90,11.47,10.80,11.26,39537.0,123909509.00
20100519,11.15,11.42,10.90,11.14,35252.0,111693243.00
20100520,10.97,11.64,10.91,11.28,42471.0,136400539.00
20100524,11.52,12.41,11.46,12.41,107992.0,373658729.00
20100525,12.52,12.81,12.32,12.72,127881.0,453628904.00
20100526,12.60,12.81,12.34,12.52,70424.0,250095213.00
20100527,12.43,12.63,11.99,12.58,92648.0,322935659.00
20100528,12.78,12.80,12.26,12.31,76139.0,269349694.00
20100531,12.03,12.23,11.61,11.66,49553.0,167406181.00
20100601,11.39,11.93,11.39,11.69,40727.0,134405512.00
20100602,11.56,12.51,11.52,12.43,83311.0,285840384.00
20100603,12.29,12.46,11.94,11.98,58044.0,200885893.00
20100604,11.82,12.83,11.82,12.49,74745.0,262690042.00
20100607,12.08,12.28,11.86,12.13,54856.0,186841021.00
20100608,12.15,12.56,12.06,12.29,46375.0,161118788.00
20100609,12.38,13.03,12.04,12.88,83727.0,299216661.00
20100610,12.64,12.78,12.46,12.56,46610.0,165919034.00
20100611,12.74,12.74,12.46,12.46,33313.0,118372878.00
20100617,12.53,12.59,12.14,12.17,33769.0,117823516.00
20100618,12.11,12.31,11.61,11.65,30115.0,101950320.00
20100621,11.67,12.49,11.59,12.35,51936.0,178122799.00
20100622,12.23,12.45,12.19,12.29,20655.0,71666308.00
20100623,12.19,12.74,12.18,12.57,60688.0,215079692.00
20100624,12.49,12.63,12.32,12.44,19271.0,67786975.00
20100625,12.28,12.35,12.03,12.12,17805.0,61200405.00
20100628,12.13,12.19,11.96,12.08,12345.0,42114470.00
20100629,12.01,12.34,11.40,11.40,36678.0,122894969.00
20100630,11.27,11.32,10.72,10.90,31047.0,95807116.00
20100701,10.90,11.11,10.58,10.62,27063.0,82596750.00
20100702,10.67,10.90,10.32,10.62,38140.0,114706842.00
20100705,10.45,10.55,10.15,10.33,29537.0,85948493.00
20100706,10.30,10.58,10.29,10.53,21817.0,64581386.00
20100707,10.53,10.97,10.35,10.81,32585.0,98123656.00
20100708,10.79,10.97,10.52,10.58,23600.0,71349868.00
20100709,10.54,10.97,10.09,10.84,92243.0,272864407.00
20100712,10.77,10.97,10.62,10.90,56734.0,173022749.00
20100713,10.71,10.78,10.53,10.57,30785.0,92572179.00
20100714,10.67,10.85,10.62,10.68,36242.0,109885908.00
20100715,10.58,10.74,10.20,10.23,32621.0,96361378.00
20100716,10.02,10.19,9.83,10.03,43872.0,123591522.00
20100719,9.88,10.49,9.84,10.33,42512.0,123089686.00
20100720,10.36,10.97,10.29,10.94,80468.0,243114777.00
20100721,10.92,10.96,10.72,10.75,45555.0,139311229.00
20100722,10.72,11.06,10.69,11.01,46724.0,143997389.00
20100723,11.01,11.61,10.94,11.41,77642.0,248002052.00
20100726,11.37,11.59,11.15,11.28,44881.0,143456839.00
20100727,11.27,11.57,11.20,11.33,42872.0,138120763.00
20100728,11.27,11.78,11.13,11.67,52130.0,169740655.00
20100803,11.96,12.37,11.77,11.77,70488.0,240726568.00
20100804,11.64,11.76,11.39,11.64,34254.0,111840211.00
20100805,11.55,11.65,11.33,11.41,31232.0,101314041.00
20100806,11.35,11.85,11.33,11.85,34199.0,112619378.00
20100809,11.89,11.98,11.67,11.76,41429.0,137872294.00
20100810,11.80,11.82,11.05,11.06,52449.0,168561454.00
20100811,11.07,11.21,10.94,11.09,31728.0,99241152.00
20100812,10.83,11.04,10.71,10.72,42470.0,130408853.00
20100813,10.76,10.83,10.60,10.82,35068.0,106235082.00
20100816,10.77,11.31,10.71,11.22,47256.0,147771374.00
20100817,11.18,11.43,11.15,11.27,42848.0,136558765.00
20100818,11.30,11.50,11.22,11.25,41739.0,133732065.00
20100819,11.25,11.52,11.18,11.41,50917.0,163781285.00
20100820,11.33,11.33,10.80,10.86,53065.0,165227608.00
20100823,10.85,10.94,10.65,10.79,34036.0,103973468.00
20100824,10.72,10.99,10.62,10.87,32250.0,98528564.00
20100825,10.80,10.84,10.52,10.52,36153.0,108688405.00
20100826,10.58,10.69,10.48,10.60,26255.0,78535356.00
20100827,10.57,10.80,10.49,10.59,19382.0,57941412.00
20100830,10.66,11.04,10.62,10.89,43299.0,132541504.00
20100831,10.83,10.83,10.58,10.69,40654.0,122474767.00
20100902,10.82,10.87,10.62,10.76,43261.0,131344462.00
20100903,10.76,10.82,10.46,10.51,52310.0,156437069.00
20100906,10.55,11.56,10.51,11.56,167125.0,531701082.00
20100907,11.59,11.60,11.25,11.42,82091.0,264017254.00
20100908,11.33,11.40,11.13,11.35,52686.0,167818385.00
20100909,11.35,11.83,11.29,11.48,97215.0,318473237.00
20100910,11.45,11.56,11.08,11.33,47957.0,153334087.00
20100913,11.32,11.79,11.19,11.64,69599.0,226415885.00
20100914,11.68,11.99,11.54,11.73,79925.0,267493409.00
20100915,11.68,11.68,11.33,11.37,48130.0,155942657.00
20100916,11.34,12.31,11.33,11.86,113648.0,380153073.00
20100917,11.61,11.89,11.43,11.45,70079.0,229800894.00
20100920,11.43,11.46,11.06,11.10,56265.0,178553881.00
20100921,11.22,11.31,11.08,11.10,24738.0,77983330.00
20100927,11.18,11.21,10.83,11.17,34284.0,106968653.00
20100928,11.14,11.14,10.80,10.83,42005.0,129934983.00
20100929,10.80,11.10,10.69,10.80,27997.0,86161021.00
20100930,10.72,11.16,10.63,11.05,31566.0,98212490.00
20101008,11.18,12.15,11.16,12.01,106245.0,356562278.00
20101011,12.03,13.21,11.93,13.21,116996.0,421927460.00
20101012,13.70,14.48,13.41,14.17,172647.0,678275777.00
20101013,14.17,14.46,13.88,14.34,92720.0,371615355.00
20101014,14.58,15.77,14.58,15.77,213354.0,939738783.00
20101015,15.90,17.30,15.33,16.95,190462.0,877761327.00
20101018,16.88,18.44,16.29,17.16,186943.0,919295527.00
20101019,17.12,17.31,16.12,17.11,118411.0,557321926.00
20101020,16.60,18.82,16.30,18.82,194438.0,987935203.00
20101021,18.76,19.81,18.59,19.45,137577.0,743536129.00
20101022,19.15,19.22,18.49,18.76,91247.0,485987525.00
20101025,18.42,20.63,18.04,20.63,131782.0,726028560.00
20101026,20.35,21.32,20.10,20.19,108055.0,629202793.00
20101027,19.71,20.97,19.32,19.35,107669.0,610950012.00
20101028,19.11,20.00,18.87,19.82,97939.0,538301938.00
20101029,19.47,19.74,18.62,18.73,99899.0,535746523.00
20101101,18.72,20.15,18.64,19.45,101358.0,555137647.00
20101102,19.64,20.92,19.08,19.93,132365.0,747759063.00
20101103,19.72,21.17,18.94,20.19,152177.0,874540773.00
20101104,20.18,20.65,19.39,20.65,106519.0,602300923.00
20101105,21.45,22.35,21.06,21.17,120465.0,740752974.00
20101108,20.98,21.59,20.71,21.24,70303.0,418701760.00
20101109,21.13,21.49,20.32,20.61,66916.0,392056909.00
20101110,20.31,20.87,20.07,20.60,50472.0,292357822.00
20101111,20.60,21.68,20.31,20.64,92719.0,551915832.00
20101112,20.24,20.48,18.57,18.58,131256.0,720034170.00
20101115,18.84,18.84,17.84,18.05,86137.0,440450471.00
20101116,18.16,18.71,16.88,16.95,106303.0,534777391.00
20101117,16.64,17.31,16.54,16.80,68830.0,328880307.00
20101118,17.19,17.21,16.57,16.97,54363.0,260491158.00
20101119,17.08,17.53,16.20,17.50,93989.0,448289961.00
20101122,17.11,17.36,16.92,17.03,64594.0,312216130.00
20101123,16.71,16.92,15.94,16.34,70173.0,325195577.00
20101124,16.35,17.58,16.35,17.19,94008.0,454556392.00
20101125,17.24,17.56,16.84,17.43,86576.0,422424168.00
20101126,17.27,17.41,16.81,17.09,53222.0,257114789.00
20101129,16.82,16.98,16.29,16.58,45529.0,213673307.00
20101130,16.67,16.81,15.35,15.96,60773.0,273375384.00
20101201,15.81,16.21,15.77,15.94,38396.0,173688766.00
20101202,16.39,16.63,16.11,16.14,48161.0,222980480.00
20101203,15.93,16.25,15.81,16.12,31676.0,143539201.00
20101206,16.28,17.73,16.00,17.73,141718.0,687016587.00
20101207,17.70,19.30,17.34,18.51,150012.0,773616422.00
20101208,18.17,19.00,17.96,18.58,77258.0,403242112.00
20101209,18.26,19.38,18.06,18.14,83428.0,442752265.00
20101210,17.84,19.33,17.42,18.62,91873.0,474253898.00
20101213,18.71,19.51,18.41,19.36,93646.0,500538628.00
20101214,19.43,19.46,18.89,19.13,59709.0,323171688.00
20101215,19.00,19.81,18.65,19.07,80737.0,438768761.00
20101216,18.83,19.16,18.47,18.51,47605.0,252818164.00
20101217,18.41,18.90,18.28,18.40,38470.0,201089339.00
20101220,18.44,18.65,16.82,17.67,58121.0,290818584.00
20101221,17.67,19.22,17.35,19.05,79746.0,415111141.00
20101222,18.86,19.11,18.33,18.40,54401.0,287851470.00
20101223,18.23,19.11,18.06,18.46,54029.0,283993477.00
20101224,18.16,18.94,17.98,18.49,49586.0,259801788.00
20101227,18.76,20.28,18.51,18.81,125319.0,686297399.00
20101228,18.21,18.55,17.64,18.12,87538.0,447497321.00
20101229,18.05,18.26,17.45,17.70,52289.0,262759180.00
20101230,17.73,18.36,17.36,17.87,41380.0,208786179.00
20101231,17.97,18.94,17.83,18.81,60386.0,315813764.00
20110104,18.94,19.84,18.63,19.34,85786.0,469538964.00
20110105,19.04,19.46,18.72,18.92,57227.0,307852797.00
20110106,18.97,19.53,18.83,18.93,48777.0,263174890.00
20110107,18.76,19.82,18.51,19.03,102281.0,556458891.00
20110110,18.69,18.90,17.95,18.06,76644.0,397765873.00
20110111,18.01,18.31,17.67,18.15,34773.0,177318025.00
20110112,18.23,18.46,17.71,18.11,34734.0,177192366.00
20110113,18.25,18.35,17.68,17.73,31214.0,157138668.00
20110114,17.49,17.66,16.61,16.65,56136.0,270437377.00
20110117,16.58,16.64,15.43,15.49,53606.0,239891540.00
20110118,15.47,16.26,15.26,15.84,32805.0,146193081.00
20110119,15.68,16.25,15.60,16.24,33023.0,149444497.00
20110120,16.21,16.21,15.41,15.46,30825.0,137185896.00
20110121,15.43,16.45,15.40,15.87,37359.0,168078354.00
20110124,15.64,15.91,15.22,15.22,29161.0,128060582.00
20110125,15.15,15.18,14.66,14.76,27604.0,115835990.00
20110126,14.90,15.27,14.76,15.04,22996.0,97555665.00
20110127,14.87,16.19,14.59,15.92,62923.0,275666333.00
20110128,15.77,16.03,15.58,15.76,37476.0,167052653.00
20110131,15.61,16.03,15.48,15.77,39590.0,176487901.00
20110201,15.77,16.14,15.72,16.10,38367.0,172952044.00
20110209,15.85,16.16,15.29,15.36,31033.0,137525410.00
20110210,15.20,15.74,14.95,15.64,34837.0,151506678.00
20110211,15.57,15.99,15.44,15.73,44260.0,196529051.00
20110214,15.50,17.30,15.26,17.30,143682.0,684158746.00
20110215,17.52,18.04,17.27,17.33,160743.0,803523882.00
20110216,17.24,17.38,16.84,17.26,78102.0,377190076.00
20110217,17.63,17.63,16.59,16.78,93810.0,447748441.00
20110218,16.52,17.24,16.28,16.55,83544.0,394833424.00
20110221,16.10,16.97,16.08,16.78,83489.0,390755991.00
20110222,16.68,16.71,15.86,15.89,78020.0,358281044.00
20110223,15.79,16.03,15.66,15.86,35302.0,157938114.00
20110224,15.68,16.95,15.54,16.44,150324.0,683786883.00
20110225,16.16,16.42,15.87,16.03,127418.0,579933400.00
20110228,15.90,15.93,15.35,15.77,179683.0,795774779.00
20110301,15.57,16.02,15.54,15.57,117548.0,522282445.00
20110302,15.50,15.56,15.11,15.29,75261.0,325034579.00
20110303,15.28,15.74,15.22,15.47,83184.0,365627262.00
20110304,15.51,15.71,15.24,15.63,63570.0,278828615.00
20110307,15.72,16.63,15.61,16.41,183880.0,839829476.00
20110308,16.39,16.46,16.03,16.18,91474.0,418637961.00
20110309,16.27,16.56,16.12,16.17,83658.0,386151011.00
20110310,16.10,16.10,15.51,15.55,96225.0,425335434.00
20110311,15.43,15.67,15.35,15.44,52415.0,230071195.00
20110314,15.33,15.50,15.15,15.26,68207.0,293706208.00
20110315,15.22,15.22,14.37,14.68,92190.0,382888110.00
20110316,14.66,15.01,14.66,14.90,60190.0,252871686.00
20110317,14.72,14.72,14.34,14.37,89571.0,367635151.00
20110318,14.58,14.94,14.58,14.88,105661.0,442372186.00
20110321,14.82,14.85,14.44,14.50,64739.0,266189690.00
20110322,14.58,14.67,14.37,14.57,34872.0,143321172.00
20110323,14.59,14.97,14.48,14.82,74587.0,311325254.00
20110324,14.80,14.80,14.52,14.56,56043.0,231332584.00
20110325,14.58,14.78,14.51,14.64,63284.0,262103156.00
20110328,14.69,14.84,14.62,14.67,78291.0,326449202.00
20110329,14.72,14.78,14.19,14.19,86372.0,353792713.00
20110330,14.16,14.21,13.60,13.61,93670.0,367942454.00
20110331,13.63,13.88,13.42,13.64,47147.0,181808870.00
20110401,13.67,13.74,13.49,13.71,49985.0,192549145.00
20110406,13.66,14.69,13.63,14.32,127797.0,514550710.00
20110407,14.21,14.21,13.88,13.95,80581.0,319060675.00
20110408,14.00,14.23,13.95,14.18,66672.0,266334042.00
20110411,14.26,14.40,13.93,13.94,65399.0,261504999.00
20110412,13.81,13.94,13.67,13.83,48451.0,189006732.00
20110413,13.83,14.36,13.79,14.31,117080.0,467562481.00
20110414,14.31,14.31,13.96,14.06,69569.0,276872388.00
20110415,14.06,14.28,13.98,14.10,60732.0,242312443.00
20110418,14.07,14.10,13.75,13.86,53142.0,208589631.00
20110419,13.75,13.75,13.41,13.42,70826.0,270421631.00
20110420,13.45,13.58,13.38,13.45,38690.0,147227817.00
20110421,13.47,14.02,13.37,13.70,120136.0,468728377.00
20110422,13.65,13.69,13.49,13.53,44494.0,170309293.00
20110425,13.45,13.52,13.23,13.26,35484.0,133587363.00
20110426,13.26,13.44,13.10,13.12,31364.0,117044118.00
20110428,13.10,13.22,12.35,12.39,67331.0,241559893.00
20110429,12.39,12.49,12.32,12.46,32145.0,112759198.00
20110503,12.46,12.46,12.13,12.35,34639.0,120288620.00
20110504,12.29,12.29,11.72,11.79,51126.0,173089890.00
20110505,11.82,11.95,11.75,11.82,34408.0,115058538.00
20110506,11.75,12.00,11.50,11.85,51552.0,170156665.00
20110509,11.86,12.21,11.86,11.97,42544.0,144454948.00
20110510,11.97,12.18,11.86,12.09,43292.0,147210144.00
20110511,12.09,12.19,11.89,11.97,40331.0,137131141.00
20110512,11.83,11.99,11.57,11.60,52246.0,173378052.00
20110513,11.65,12.26,11.61,12.04,84809.0,287541835.00
20110517,11.87,12.28,11.50,11.97,70241.0,235704640.00
20110518,11.86,12.00,11.68,11.91,32989.0,110586963.00
20110519,11.96,12.03,11.75,11.81,29756.0,99876030.00
20110520,11.79,12.05,11.74,11.85,28618.0,96252927.00
20110523,11.84,11.84,11.26,11.27,49350.0,160203586.00
20110524,11.26,11.29,10.95,11.09,41335.0,129160917.00
20110525,11.11,11.18,10.97,11.15,35607.0,111702199.00
20110526,11.25,12.27,11.16,11.73,181126.0,614114038.00
20110527,11.49,11.97,11.47,11.64,96355.0,319900620.00
20110530,11.51,11.94,11.33,11.50,72053.0,237312654.00
20110531,11.55,12.19,11.54,12.19,141340.0,478219175.00
20110601,12.14,12.17,11.93,12.09,84129.0,286686029.00
20110602,11.88,11.96,11.56,11.89,86647.0,288101833.00
20110603,11.89,12.20,11.83,12.02,64674.0,220338565.00
20110607,11.86,12.09,11.79,12.06,51425.0,173514581.00
20110608,12.01,12.03,11.64,11.93,75635.0,252186266.00
20110609,11.83,11.89,11.50,11.51,51205.0,168990654.00
20110610,11.50,11.85,11.43,11.72,58248.0,191934913.00
20110613,11.53,11.57,11.34,11.56,34632.0,112082421.00
20110614,11.56,12.53,11.52,12.02,116886.0,399294489.00
20110615,12.00,12.17,11.86,12.02,82505.0,280414670.00
20110616,11.89,12.19,11.82,12.08,97580.0,331968195.00
20110617,12.03,12.38,11.82,11.93,112803.0,385053570.00
20110620,11.74,12.15,11.62,12.12,90430.0,306105659.00
20110621,12.15,12.48,12.04,12.42,138711.0,481738159.00
20110622,12.42,12.43,12.07,12.09,100865.0,343052223.00
20110623,11.99,12.60,11.95,12.56,117593.0,404068098.00
20110624,12.45,13.82,12.45,13.71,520116.0,1949778433.00
20110627,13.51,13.82,13.47,13.59,284106.0,1078784641.00
20110628,13.47,13.84,13.47,13.73,188170.0,716052508.00
20110629,13.73,14.17,13.65,13.72,208368.0,810963540.00
20110630,13.64,14.39,13.61,14.09,195300.0,768409703.00
20110701,14.10,14.22,13.85,13.93,145188.0,567262278.00
20110704,14.04,14.50,13.88,14.33,195261.0,777062904.00
20110705,14.33,14.36,14.10,14.20,99030.0,391842646.00
20110706,14.09,14.18,13.78,13.95,112310.0,433884833.00
20110707,14.04,14.30,13.53,13.54,133588.0,514772195.00
20110708,13.53,13.71,13.39,13.57,86937.0,327592684.00
20110711,13.45,13.71,13.41,13.54,88182.0,333928614.00
20110712,13.34,13.46,13.16,13.28,104556.0,387408766.00
20110713,13.30,13.55,13.30,13.44,100887.0,377283241.00
20110714,13.40,13.40,12.93,13.06,171717.0,625517151.00
20110715,12.97,13.19,12.82,13.07,90027.0,326394700.00
20110718,13.08,13.10,12.96,13.04,57639.0,209052093.00
20110719,13.00,13.00,12.75,12.85,54126.0,193603854.00
20110720,12.94,13.17,12.85,13.07,69314.0,251936041.00
20110721,13.10,13.27,12.93,12.98,82875.0,303284415.00
20110722,13.10,13.31,13.02,13.06,90770.0,332828881.00
20110725,12.89,12.89,12.05,12.20,115392.0,400154673.00
20110726,12.20,12.31,12.10,12.25,39653.0,134962661.00
20110727,12.11,12.37,12.03,12.34,47844.0,162992113.00
20110728,12.10,12.19,11.88,12.10,49465.0,165944125.00
20110729,12.08,12.93,12.06,12.51,109385.0,380138310.00
20110801,12.34,12.73,12.23,12.61,66368.0,232018424.00
20110802,12.39,12.50,12.11,12.40,46248.0,158442587.00
20110803,12.20,12.59,12.14,12.23,58175.0,200377107.00
20110804,12.28,12.51,12.21,12.24,44616.0,153527577.00
20110805,11.49,12.04,11.36,11.82,74695.0,247025138.00
20110808,11.67,11.91,10.64,11.17,80657.0,255327654.00
20110809,10.77,11.22,10.72,11.10,82047.0,250863821.00
20110810,11.33,11.45,11.17,11.19,64502.0,203620282.00
20110811,10.93,11.69,10.93,11.53,84568.0,269156350.00
20110812,11.50,11.67,11.42,11.45,55830.0,179040138.00
20110815,11.53,11.70,11.40,11.64,62615.0,201877402.00
20110816,11.64,11.73,11.38,11.40,48826.0,156951832.00
20110817,11.40,11.78,11.34,11.52,60686.0,195624771.00
20110818,11.53,11.69,11.22,11.23,65778.0,209428823.00
20110819,10.97,11.13,10.92,11.06,39438.0,121168513.00
20110822,11.31,11.45,10.99,11.10,34592.0,107940478.00
20110823,11.25,11.54,11.13,11.41,66567.0,210851253.00
20110824,11.49,11.78,11.31,11.42,68115.0,218234374.00
20110825,11.39,12.14,11.39,12.01,140760.0,465433384.00
20110826,11.89,12.01,11.76,11.85,84073.0,277642031.00
20110829,11.68,11.69,11.39,11.42,69721.0,223440196.00
20110830,11.54,11.73,11.32,11.34,66938.0,214918687.00
20110831,11.37,11.46,11.21,11.38,41439.0,130849023.00
20110901,11.41,11.56,11.35,11.54,44007.0,140523870.00
20110902,11.50,11.50,11.29,11.35,27925.0,88531846.00
20110905,11.13,11.20,10.92,10.92,51605.0,158036950.00
20110906,10.81,11.06,10.69,10.80,55327.0,167358108.00
20110907,10.98,11.17,10.81,11.02,78422.0,240623273.00
20110908,11.06,11.08,10.83,10.84,40900.0,124668721.00
20110909,10.91,11.37,10.84,10.96,61470.0,189317845.00
20110913,10.70,10.84,10.66,10.80,39139.0,117127115.00
20110914,10.85,11.02,10.74,11.00,46082.0,139768773.00
20110915,11.00,11.20,10.96,11.03,49071.0,151718597.00
20110916,11.10,11.24,11.08,11.19,59470.0,184762597.00
20110919,11.06,11.11,10.86,10.92,34507.0,105496679.00
20110920,10.92,11.22,10.84,11.19,50320.0,155693627.00
20110921,11.12,11.74,11.04,11.56,112990.0,362117317.00
20110922,11.49,11.49,11.13,11.13,65058.0,204561402.00
20110923,10.88,11.11,10.77,11.08,55688.0,169943049.00
20110926,10.99,11.21,10.82,10.84,39477.0,120686896.00
20110927,11.02,11.21,10.88,11.12,53205.0,163641555.00
20110928,11.20,11.29,11.01,11.06,37432.0,116416344.00
20110929,10.92,11.29,10.88,11.06,46770.0,145150500.00
20110930,11.12,11.25,10.96,11.06,38120.0,117752985.00
20111010,11.09,11.27,10.99,11.20,46485.0,144431011.00
20111011,11.80,11.85,11.17,11.49,94232.0,301193442.00
20111012,11.35,12.34,11.28,12.14,192274.0,642557972.00
20111013,11.99,12.18,11.78,11.90,115337.0,385173803.00
20111014,11.81,11.93,11.70,11.79,58929.0,193660195.00
20111017,11.76,11.91,11.63,11.73,48585.0,158929708.00
20111018,11.62,11.65,11.10,11.12,68101.0,215643716.00
20111019,11.13,11.49,11.13,11.22,45042.0,141482289.00
20111020,11.16,11.22,11.01,11.10,41285.0,127369883.00
20111021,11.13,11.24,11.03,11.03,25314.0,78369236.00
20111024,11.07,11.46,11.06,11.36,54865.0,172140936.00
20111025,11.40,11.60,11.15,11.41,60721.0,192777172.00
20111026,11.35,11.67,11.35,11.54,85821.0,276338902.00
20111027,11.59,11.61,11.44,11.48,54228.0,174019588.00
20111028,11.83,11.85,11.51,11.60,56822.0,184481818.00
20111031,11.72,11.78,11.42,11.50,48835.0,157273704.00
20111101,11.39,11.71,11.35,11.59,52258.0,168689266.00
20111102,11.35,11.78,11.27,11.73,64079.0,205233297.00
20111103,11.78,11.96,11.66,11.69,84789.0,278611993.00
20111104,11.82,11.91,11.67,11.77,51433.0,168928723.00
20111107,11.67,11.78,11.58,11.59,37057.0,120241321.00
20111108,11.65,11.76,11.53,11.54,31947.0,103384431.00
20111110,11.45,11.45,11.27,11.31,43019.0,136045902.00
20111111,11.29,11.35,11.11,11.19,34065.0,106837988.00
20111114,11.30,11.52,11.26,11.45,27430.0,87203566.00
20111115,11.38,11.46,11.24,11.28,46814.0,147595217.00
20111116,11.29,11.34,10.99,11.02,45051.0,139488509.00
20111117,11.02,11.11,10.92,10.96,36740.0,112469387.00
20111118,10.91,11.06,10.78,10.83,57725.0,175152210.00
20111121,10.89,10.95,10.78,10.93,22646.0,68427026.00
20111122,10.85,11.02,10.79,10.96,25056.0,76211931.00
20111123,10.96,11.01,10.74,10.76,32536.0,98067142.00
20111124,10.70,10.70,10.34,10.43,56920.0,166102110.00
20111125,10.41,10.42,10.09,10.12,54532.0,154785085.00
20111128,10.16,10.34,10.10,10.14,29501.0,83755912.00
20111129,10.27,10.33,10.17,10.29,30122.0,86022353.00
20111130,10.31,10.31,9.35,9.54,71460.0,193784622.00
20111201,10.04,10.11,9.77,9.83,85488.0,237390606.00
20111202,9.69,9.80,9.53,9.63,31363.0,84168501.00
20111205,9.68,9.71,9.54,9.54,23662.0,63219863.00
20111206,9.54,9.64,9.45,9.56,20681.0,55042497.00
20111207,9.56,9.66,9.52,9.59,18167.0,48560739.00
20111208,9.59,9.78,9.36,9.59,28415.0,75877086.00
20111209,9.44,9.57,9.38,9.41,21855.0,57476389.00
20111212,9.39,9.51,9.29,9.31,15114.0,39521132.00
20111213,9.21,9.33,8.90,8.93,37773.0,95643181.00
20111214,8.92,8.97,8.62,8.63,28250.0,68740490.00
20111215,8.62,8.62,8.19,8.21,52802.0,122493282.00
20111216,8.13,8.37,8.04,8.34,42888.0,98011061.00
20111219,8.19,8.27,7.86,8.22,43120.0,96733294.00
20111220,8.20,8.33,8.08,8.09,27294.0,62375802.00
20111221,8.21,8.26,7.75,7.81,31376.0,70477141.00
20111222,7.72,7.75,7.47,7.61,45408.0,96282108.00
20111223,7.62,7.85,7.54,7.64,34456.0,73650017.00
20111226,7.54,7.71,7.43,7.43,29048.0,61038810.00
20111227,7.42,7.74,7.25,7.36,71517.0,148776729.00
20111228,7.22,7.58,7.11,7.55,69529.0,143094712.00
20111229,7.50,7.55,7.39,7.39,44336.0,92140009.00
20111230,7.43,7.61,7.43,7.54,37013.0,77436252.00
20120104,7.63,7.68,7.33,7.33,36758.0,77283228.00
20120105,7.25,7.47,7.20,7.23,35475.0,72444657.00
20120106,7.29,7.40,7.04,7.36,40004.0,81084227.00
20120109,7.29,7.77,7.22,7.71,65198.0,137453556.00
20120110,7.67,8.20,7.64,8.11,109287.0,241672119.00
20120111,8.04,8.15,7.94,8.01,65139.0,145837594.00
20120112,7.94,8.14,7.91,7.94,43129.0,96013773.00
20120113,8.00,8.03,7.56,7.80,55372.0,120441294.00
20120116,7.72,7.95,7.69,7.86,44750.0,97945736.00
20120117,7.86,8.61,7.81,8.47,62555.0,143379568.00
20120118,8.49,9.32,8.41,8.56,92600.0,227385734.00
20120119,8.52,9.41,8.52,9.09,155342.0,396442593.00
20120120,9.08,9.16,8.90,9.08,84326.0,211754794.00
20120130,9.07,9.07,8.80,8.94,48921.0,121664877.00
20120131,8.98,9.02,8.77,8.87,33455.0,82594715.00
20120201,8.90,8.91,8.60,8.66,49188.0,119622695.00
20120202,8.69,8.92,8.57,8.90,57874.0,141345042.00
20120203,8.84,8.98,8.74,8.89,45605.0,112632001.00
20120206,8.89,9.06,8.80,8.82,68210.0,169413838.00
20120207,8.61,8.61,8.19,8.37,85258.0,199472880.00
20120208,8.29,8.98,8.24,8.80,83849.0,201612639.00
20120209,8.74,8.85,8.62,8.64,48795.0,118638474.00
20120210,8.55,8.91,8.55,8.71,82571.0,201309631.00
20120213,8.58,8.89,8.47,8.79,71927.0,174554785.00
20120214,8.78,8.83,8.62,8.72,49901.0,121285031.00
20120215,8.63,8.96,8.54,8.83,102511.0,250611987.00
20120216,8.77,8.83,8.60,8.68,57300.0,138998926.00
20120217,8.80,8.85,8.67,8.80,64458.0,157637759.00
20120220,8.98,9.16,8.76,8.76,73849.0,183469905.00
20120221,8.80,8.83,8.59,8.80,49608.0,120508294.00
20120222,8.71,9.18,8.71,9.07,158714.0,398128055.00
20120223,9.04,9.32,8.98,9.14,122030.0,311838274.00
20120224,9.19,9.48,9.12,9.46,146922.0,381478428.00
20120227,9.60,10.23,9.55,9.80,200519.0,548281472.00
20120228,9.77,10.05,9.74,9.83,106251.0,291875943.00
20120229,9.78,9.79,9.52,9.53,68481.0,183483061.00
20120301,9.47,9.79,9.47,9.64,47645.0,128266518.00
20120302,9.66,10.48,9.66,10.42,174282.0,492732433.00
20120305,10.48,10.80,10.38,10.44,177606.0,527088987.00
20120306,10.46,10.75,10.21,10.59,120110.0,350955138.00
20120307,10.41,10.94,10.34,10.71,103211.0,307816626.00
20120308,10.78,11.30,10.59,10.99,155571.0,476047379.00
20120309,11.02,11.10,10.82,10.97,84063.0,256848473.00
20120312,10.83,10.93,10.73,10.85,88911.0,267783629.00
20120313,10.92,11.08,10.81,10.87,65110.0,197928769.00
20120314,10.95,11.06,10.21,10.31,144824.0,432211315.00
20120315,10.11,10.47,10.11,10.33,86767.0,249431071.00
20120316,10.40,10.59,10.34,10.58,62324.0,182492162.00
20120319,10.44,10.66,10.38,10.66,56380.0,165086144.00
20120320,10.56,10.61,10.26,10.27,60531.0,174899217.00
20120321,10.33,10.40,9.89,10.00,113566.0,318898355.00
20120322,9.95,10.16,9.83,9.97,82651.0,229642663.00
20120323,9.89,10.19,9.83,9.98,76513.0,213377073.00
20120326,9.94,9.96,9.47,9.67,69005.0,185222282.00
20120327,9.77,9.80,9.58,9.62,30610.0,82691669.00
20120328,9.58,9.76,9.38,9.48,93656.0,250905565.00
20120329,9.26,9.65,9.17,9.43,80984.0,212568640.00
20120330,9.41,9.87,9.41,9.76,95997.0,259565783.00
20120405,9.77,10.74,9.70,10.63,220115.0,643570100.00
20120406,10.43,10.80,10.43,10.76,128753.0,381898728.00
20120409,10.70,10.88,10.57,10.66,77573.0,231090373.00
20120410,10.69,10.84,10.24,10.82,100074.0,295493142.00
20120411,10.48,10.98,10.48,10.66,69528.0,207559205.00
20120412,10.74,11.31,10.50,11.07,138739.0,422554288.00
20120413,11.09,11.45,10.92,11.00,150399.0,468427051.00
20120416,10.94,11.33,10.83,11.15,102495.0,319235651.00
20120417,11.24,11.48,10.74,10.81,149031.0,456294385.00
20120418,10.90,11.46,10.70,11.31,180821.0,563608240.00
20120419,11.24,11.33,11.04,11.06,163248.0,506589543.00
20120420,11.06,11.67,11.00,11.42,280767.0,891812314.00
20120423,11.31,11.67,11.24,11.31,229388.0,728284603.00
20120424,11.15,11.37,10.70,11.13,140721.0,432696350.00
20120425,11.13,11.48,10.95,11.05,115706.0,360735291.00
20120426,11.06,11.24,10.83,11.13,91419.0,282519596.00
20120427,11.06,11.13,10.76,10.79,79164.0,239850393.00
20120502,11.16,11.76,11.06,11.36,197948.0,627012940.00
20120503,11.36,11.90,11.24,11.84,199799.0,650201501.00
20120504,11.81,11.89,11.56,11.80,138684.0,451723419.00
20120508,11.80,11.83,11.38,11.57,157413.0,510561737.00
20120509,11.42,11.63,11.29,11.47,110773.0,354646821.00
20120510,11.47,11.62,11.29,11.48,96635.0,307823938.00
20120511,11.42,11.63,11.31,11.43,78244.0,250508342.00
20120514,11.55,11.82,11.43,11.47,140024.0,454081650.00
20120515,11.31,11.63,11.24,11.57,86822.0,275164671.00
20120516,11.52,11.69,11.23,11.23,107700.0,344580507.00
20120517,11.23,11.95,11.17,11.89,211839.0,690528672.00
20120518,11.67,11.78,11.30,11.42,178931.0,575532349.00
20120521,11.35,11.41,10.80,10.95,120679.0,371760306.00
20120522,11.06,11.35,11.05,11.27,69139.0,216197169.00
20120523,11.20,11.62,11.10,11.56,106564.0,339561438.00
20120524,11.55,11.62,11.33,11.37,62999.0,201223468.00
20120525,11.31,11.52,11.19,11.20,72706.0,229392990.00
20120528,11.17,11.30,10.90,11.29,73501.0,227047608.00
20120529,11.24,11.68,11.24,11.53,102030.0,328199866.00
20120530,11.47,11.64,11.42,11.54,62607.0,201626980.00
20120531,11.47,11.86,11.41,11.71,117231.0,382233805.00
20120601,11.73,11.98,11.71,11.86,135847.0,449381281.00
20120604,11.62,11.95,11.36,11.36,110238.0,356732543.00
20120605,11.48,11.53,11.03,11.06,92645.0,288278049.00
20120606,11.17,11.23,10.97,11.08,53240.0,164196124.00
20120607,11.33,11.45,10.98,11.11,76155.0,238417404.00
20120611,11.15,11.47,11.08,11.40,65907.0,207508308.00
20120612,11.31,11.48,11.24,11.29,50726.0,160150513.00
20120613,11.38,11.73,11.29,11.61,101761.0,327406347.00
20120614,11.54,11.67,11.34,11.36,63490.0,203275226.00
20120615,11.41,11.58,11.18,11.36,72577.0,229754202.00
20120618,11.49,11.59,11.44,11.48,53200.0,170535278.00
20120619,11.45,11.55,11.39,11.44,39163.0,125019314.00
20120620,11.44,11.53,11.30,11.30,57014.0,181163562.00
20120621,11.30,11.35,10.74,10.77,135606.0,410936172.00
20120625,10.75,10.75,10.15,10.22,90453.0,260718941.00
20120626,10.13,10.50,10.05,10.42,61024.0,175637539.00
20120627,10.41,10.50,10.26,10.29,41924.0,121234995.00
20120628,10.38,10.48,10.27,10.31,49428.0,143107962.00
20120629,10.32,10.72,10.30,10.71,72683.0,213679427.00
20120702,10.80,10.83,10.63,10.74,64000.0,191104213.00
20120703,10.75,10.93,10.73,10.85,57816.0,174566088.00
20120704,10.91,10.91,10.66,10.69,59276.0,176969296.00
20120705,10.50,10.50,10.04,10.10,103083.0,144875054.00
20120706,10.30,10.50,9.94,10.42,173766.0,243757879.00
20120709,10.23,10.37,9.68,9.85,174422.0,240474767.00
20120710,9.82,10.15,9.82,9.92,106072.0,145362811.00
20120711,9.86,10.23,9.83,10.18,101466.0,140565301.00
20120712,10.15,11.10,10.07,10.80,237935.0,344364615.00
20120713,10.79,11.22,10.63,10.99,286031.0,432398356.00
20120716,11.01,11.08,10.67,10.79,201809.0,299463956.00
20120717,10.74,11.61,10.74,11.28,357709.0,549554079.00
20120718,11.25,11.77,11.05,11.53,319471.0,497554896.00
20120719,11.39,11.94,11.34,11.45,376910.0,600980965.00
20120720,11.39,11.53,11.04,11.06,221118.0,340409612.00
20120723,10.96,11.27,10.63,11.10,187298.0,282466849.00
20120724,10.94,11.39,10.90,11.27,160304.0,245396879.00
20120725,11.18,11.38,11.04,11.08,132078.0,202560769.00
20120726,10.97,11.24,10.88,10.94,171565.0,259202756.00
20120727,10.96,11.06,10.66,10.75,143222.0,212924352.00
20120730,10.76,10.82,9.82,9.93,290910.0,405662201.00
20120731,9.98,10.09,9.63,9.95,157190.0,212907265.00
20120801,9.90,10.28,9.87,10.06,190589.0,263334101.00
20120802,10.08,10.08,9.66,9.75,149153.0,200140354.00
20120803,9.90,9.98,9.70,9.98,154678.0,208292946.00
20120806,9.92,10.28,9.86,10.26,214592.0,296315198.00
20120807,10.23,10.28,10.12,10.16,139924.0,195187282.00
20120808,10.26,10.54,10.25,10.33,218902.0,310785764.00
20120809,10.26,10.41,10.04,10.36,166831.0,233539555.00
20120810,10.36,10.36,10.12,10.13,122793.0,171327319.00
20120813,10.09,10.09,9.23,9.36,365854.0,482132795.00
20120814,9.32,9.41,8.84,9.35,259864.0,323195297.00
20120815,9.25,9.45,9.17,9.31,128350.0,164140899.00
20120816,9.33,9.46,9.29,9.35,114198.0,146604292.00
20120817,9.33,9.39,9.14,9.34,85200.0,107751073.00
20120820,9.15,9.41,9.09,9.30,80689.0,101660445.00
20120821,9.29,9.52,9.20,9.34,110770.0,142451255.00
20120822,9.35,9.43,9.22,9.25,75055.0,95806460.00
20120823,9.34,9.41,9.13,9.22,116132.0,147105869.00
20120824,9.22,9.22,8.95,8.96,113525.0,140876423.00
20120827,8.76,8.76,8.06,8.06,272747.0,301956467.00
20120828,7.73,7.95,7.48,7.70,826692.0,865554381.00
20120829,7.60,7.61,7.40,7.48,403698.0,414846460.00
20120830,7.46,7.77,7.45,7.60,521154.0,543229169.00
20120831,7.57,7.73,7.47,7.56,254442.0,264530675.00
20120903,7.55,7.80,7.49,7.65,520492.0,546924019.00
20120904,7.70,7.77,7.53,7.55,275697.0,288767810.00
20120905,7.49,7.69,7.46,7.60,196991.0,205246649.00
20120906,7.60,7.70,7.56,7.65,165568.0,173190621.00
20120907,7.79,8.42,7.77,8.42,665470.0,748606342.00
20120910,8.66,9.13,8.60,8.87,1071509.0,1297187295.00
20120911,8.80,9.28,8.66,9.28,910002.0,1111795137.00
20120912,9.28,9.37,8.95,9.24,744994.0,934214757.00
20120913,9.20,9.27,8.97,8.97,387581.0,482799969.00
20120914,9.20,9.55,8.99,9.22,708157.0,896592177.00
20120917,9.11,9.14,8.74,8.76,542873.0,661503461.00
20120918,8.76,8.97,8.73,8.80,394215.0,476991288.00
20120919,8.95,9.13,8.85,8.99,629994.0,777770638.00
20120920,8.98,9.12,8.74,8.84,600425.0,734377500.00
20120921,8.81,9.10,8.68,8.93,466886.0,572345709.00
20120924,8.69,9.46,8.63,9.14,595154.0,740378895.00
20120925,9.07,9.40,9.04,9.06,499999.0,630030200.00
20120926,9.09,9.31,8.97,9.20,471583.0,589875747.00
20120927,9.21,10.00,9.13,9.79,991637.0,1301729001.00
20120928,9.58,10.12,9.55,9.93,778232.0,1044479897.00
20121008,9.90,9.99,9.58,9.69,443037.0,594371325.00
20121009,9.72,10.26,9.71,10.10,719025.0,992308186.00
20121010,10.00,10.15,9.87,10.06,364241.0,499245525.00
20121011,10.06,10.20,9.90,9.94,381150.0,523868021.00
20121012,9.97,10.13,9.70,9.85,347602.0,470096756.00
20121015,9.85,9.98,9.63,9.79,306438.0,411312466.00
20121016,9.87,10.05,9.78,9.85,326773.0,444132293.00
20121017,9.97,10.10,9.71,9.96,391975.0,533306921.00
20121018,9.99,10.12,9.93,10.08,376309.0,517475558.00
20121019,10.07,10.12,9.97,10.03,260805.0,359042567.00
20121022,9.96,10.36,9.91,10.29,465539.0,650257147.00
20121023,10.31,10.34,9.80,9.89,413128.0,569253420.00
20121024,9.81,9.93,9.51,9.63,371445.0,494338498.00
20121025,9.64,9.71,9.34,9.42,317500.0,413031692.00
20121026,9.42,9.50,9.17,9.30,266739.0,340899303.00
20121029,9.28,9.39,9.13,9.22,165530.0,209813126.00
20121030,9.28,9.57,9.28,9.33,281404.0,361940850.00
20121031,9.33,9.46,9.22,9.41,201631.0,258290602.00
20121101,9.41,9.79,9.38,9.69,391807.0,516589327.00
20121102,9.69,9.76,9.61,9.73,246737.0,327705583.00
20121105,9.72,9.79,9.52,9.62,176929.0,233296496.00
20121106,9.60,9.78,9.21,9.69,366401.0,476445063.00
20121107,9.58,9.66,9.37,9.49,210263.0,273985258.00
20121108,9.35,9.41,9.06,9.08,249877.0,316417001.00
20121109,9.06,9.13,8.91,8.97,166278.0,205050667.00
20121112,8.98,9.16,8.87,9.14,209033.0,258865579.00
20121113,9.12,9.12,8.82,8.82,166206.0,202661217.00
20121114,8.82,9.04,8.73,8.94,160599.0,194892720.00
20121115,8.82,9.01,8.74,8.82,155654.0,189557720.00
20121116,8.78,8.93,8.69,8.87,150290.0,181822959.00
20121119,8.86,9.09,8.85,9.02,201610.0,247832299.00
20121120,9.07,9.09,8.76,8.85,142736.0,174950807.00
20121121,8.82,9.18,8.81,9.15,285896.0,354194788.00
20121122,9.04,9.17,9.01,9.06,140122.0,174419874.00
20121123,9.12,9.22,9.02,9.06,149204.0,186161939.00
20121126,9.04,9.09,8.87,8.89,100649.0,123384416.00
20121127,8.87,8.95,8.69,8.70,163463.0,197459020.00
20121128,8.63,8.79,8.62,8.76,150005.0,178685842.00
20121129,8.75,8.83,8.02,8.11,281882.0,323192168.00
20121130,8.12,8.20,7.77,8.12,190136.0,209750684.00
20121203,8.11,8.29,7.85,7.96,156516.0,173785502.00
20121204,7.96,8.23,7.89,8.17,198347.0,218913019.00
20121205,8.17,8.99,8.11,8.92,574874.0,693414849.00
20121206,8.84,8.97,8.76,8.86,309823.0,375802064.00
20121207,8.84,9.41,8.84,9.28,468775.0,586905542.00
20121210,9.28,9.59,9.24,9.29,395028.0,507176984.00
20121211,9.20,9.41,9.12,9.29,243820.0,309531567.00
20121212,9.28,9.36,9.09,9.31,200613.0,254051689.00
20121213,9.22,9.33,9.06,9.09,160980.0,202409136.00
20121214,9.17,10.01,9.13,10.01,717070.0,957760902.00
20121217,10.04,10.41,9.97,10.17,866411.0,1205585514.00
20121218,10.07,10.39,9.96,10.18,702616.0,984130876.00
20121219,10.08,10.36,10.01,10.19,383351.0,534985047.00
20121220,10.09,10.50,9.91,10.23,792375.0,1109773250.00
20121221,10.23,10.36,9.98,10.09,628044.0,871473704.00
20121224,10.05,10.42,9.98,10.06,571655.0,796699579.00
20121225,10.01,10.49,9.75,10.13,1001866.0,1401264498.00
20121226,10.09,10.39,10.00,10.36,724810.0,1010619372.00
20121227,10.37,11.05,10.37,10.70,988829.0,1453192506.00
20121228,10.85,11.24,10.59,11.09,867000.0,1295052769.00
20121231,11.28,11.32,10.99,11.26,727828.0,1114212810.00
20130104,11.39,11.72,11.07,11.17,683235.0,1062006688.00
20130107,11.07,11.15,10.80,10.96,538823.0,807122624.00
20130108,10.95,11.10,10.69,10.83,458813.0,683109611.00
20130109,10.79,11.14,10.74,10.97,435392.0,652643897.00
20130110,10.83,11.31,10.83,11.04,486512.0,739159116.00
20130111,11.04,11.09,10.43,10.59,446344.0,653948842.00
20130114,10.53,11.31,10.50,11.22,727584.0,1095026767.00
20130115,11.24,11.28,11.00,11.11,620535.0,946466211.00
20130116,11.09,11.10,10.63,10.86,576149.0,854214187.00
20130117,10.80,11.10,10.68,10.93,435635.0,650479605.00
20130118,10.96,11.16,10.77,10.99,466641.0,702909165.00
20130121,10.96,11.07,10.81,10.98,331757.0,497438286.00
20130122,10.97,11.12,10.72,10.87,460451.0,689219201.00
20130123,10.79,10.90,10.59,10.78,363117.0,532906743.00
20130124,10.78,11.20,10.63,10.73,836074.0,1256696735.00
20130125,10.71,10.74,10.42,10.44,362251.0,523452275.00
20130128,10.44,10.93,10.44,10.91,608034.0,898172770.00
20130129,10.90,11.45,10.82,11.37,1369849.0,2102101610.00
20130130,11.39,11.80,11.18,11.26,1100287.0,1730342724.00
20130131,11.32,11.37,11.00,11.20,643553.0,985198111.00
20130201,11.16,11.80,11.07,11.76,1402806.0,2222178780.00
20130204,11.93,12.11,11.48,11.53,1203194.0,1943010807.00
20130205,11.34,11.66,11.21,11.50,535939.0,837986321.00
20130206,11.50,12.56,11.47,12.12,1071356.0,1774874691.00
20130207,12.07,12.40,11.75,12.33,996553.0,1659898499.00
20130208,12.27,12.50,12.10,12.24,685629.0,1156605977.00
20130218,12.26,12.33,11.72,11.76,573663.0,935663708.00
20130219,11.76,11.82,11.41,11.50,485312.0,767547961.00
20130220,11.43,11.48,11.12,11.26,649719.0,1000866183.00
20130221,11.15,11.18,10.74,10.85,543827.0,814197026.00
20130222,10.88,11.07,10.83,10.88,265704.0,398292352.00
20130225,11.02,11.30,11.01,11.04,316930.0,482257380.00
20130226,10.93,11.26,10.70,10.91,484146.0,731453228.00
20130227,11.03,11.39,11.00,11.26,461809.0,709756077.00
20130228,11.39,11.88,11.23,11.77,762741.0,1212143100.00
20130301,11.69,11.89,11.47,11.77,536743.0,858899793.00
20130304,11.50,11.54,10.85,10.99,644177.0,991626513.00
20130305,10.99,11.49,10.99,11.41,502374.0,774834631.00
20130306,11.50,11.55,11.27,11.37,428490.0,670507004.00
20130307,11.47,11.58,11.07,11.17,524691.0,817082753.00
20130308,11.20,11.24,10.82,10.89,482220.0,724471223.00
20130311,10.90,10.92,10.53,10.61,635287.0,926176698.00
20130312,10.61,10.85,10.31,10.48,487298.0,703344194.00
20130313,10.47,10.55,10.34,10.37,331971.0,474490005.00
20130314,10.39,10.62,10.38,10.45,272933.0,392489369.00
20130315,10.52,10.83,10.16,10.64,543014.0,784613426.00
20130318,10.52,10.55,10.31,10.39,299233.0,426759821.00
20130319,10.41,10.61,10.19,10.50,313125.0,447324386.00
20130320,10.53,10.95,10.53,10.93,592848.0,875455404.00
20130321,10.93,10.97,10.77,10.85,335249.0,499087203.00
20130322,10.84,10.89,10.66,10.72,281082.0,414198095.00
20130325,10.75,10.82,10.52,10.52,242572.0,352470276.00
20130326,10.44,10.45,10.20,10.32,276113.0,389563151.00
20130327,10.30,10.50,10.22,10.34,221185.0,313454492.00
20130328,10.15,10.16,9.61,9.63,456844.0,613008339.00
20130329,9.71,9.77,9.52,9.53,222834.0,293151830.00
20130401,9.55,9.69,9.54,9.59,179904.0,236615481.00
20130402,9.60,9.88,9.57,9.78,270338.0,360240361.00
20130403,9.83,9.97,9.71,9.75,215517.0,289621579.00
20130408,9.41,9.66,9.35,9.58,213149.0,277658837.00
20130409,9.62,9.88,9.62,9.77,260288.0,348728455.00
20130410,9.79,9.83,9.57,9.64,173016.0,229350173.00
20130411,9.78,9.86,9.58,9.59,132426.0,175979599.00
20130412,9.60,9.68,9.32,9.36,186831.0,242880935.00
20130415,9.36,9.52,9.19,9.32,181370.0,231921520.00
20130416,9.21,9.67,9.19,9.63,321769.0,415580703.00
20130417,9.63,9.69,9.52,9.63,234419.0,308479615.00
20130418,9.52,9.81,9.50,9.70,229598.0,304869129.00
20130419,9.76,10.11,9.72,10.03,446674.0,609651879.00
20130422,9.97,10.06,9.93,10.02,240786.0,329470442.00
20130423,10.01,10.02,9.47,9.49,268503.0,355721309.00
20130424,9.51,9.90,9.50,9.79,249076.0,330986028.00
20130425,9.75,9.99,9.58,9.70,230790.0,309071113.00
20130426,9.79,9.85,9.58,9.60,148055.0,197111002.00
20130502,9.58,9.78,9.50,9.66,172230.0,227988263.00
20130503,9.78,10.12,9.75,9.95,328530.0,449031457.00
20130506,10.01,10.17,9.93,10.10,328724.0,453083443.00
20130507,10.07,10.07,9.87,9.96,207402.0,282861802.00
20130508,9.98,10.09,9.86,9.93,239256.0,326036733.00
20130509,9.93,9.93,9.65,9.82,255552.0,341900599.00
20130510,9.77,9.97,9.73,9.88,184023.0,248855207.00
20130513,9.89,9.92,9.64,9.69,210655.0,280958044.00
20130514,9.66,9.67,9.48,9.52,198324.0,259026140.00
20130515,9.56,9.66,9.55,9.65,171324.0,225303887.00
20130516,9.66,10.00,9.54,9.91,310575.0,418549841.00
20130517,9.93,10.06,9.85,10.01,316399.0,431875649.00
20130520,10.01,10.25,10.01,10.07,373548.0,519507993.00
20130521,10.07,10.09,9.91,10.03,249609.0,341259657.00
20130522,10.04,10.19,9.97,10.05,219299.0,302808362.00
20130523,9.99,10.15,9.90,9.93,268217.0,367184224.00
20130524,10.00,10.08,9.88,9.96,157671.0,214950002.00
20130527,9.93,10.15,9.89,10.05,265152.0,365219655.00
20130528,10.07,10.44,10.01,10.44,493484.0,693136628.00
20130529,10.52,10.56,10.31,10.32,322838.0,460959756.00
20130530,10.34,10.59,10.33,10.42,303186.0,434442061.00
20130531,10.46,10.56,10.32,10.33,215872.0,308614195.00
20130603,10.33,10.44,10.20,10.24,227441.0,321021419.00
20130604,10.24,10.27,9.93,10.00,252501.0,347664089.00
20130605,10.05,10.12,9.99,10.09,194458.0,267972011.00
20130606,10.02,10.07,9.77,9.79,243803.0,331276870.00
20130607,9.84,10.04,9.48,9.52,428713.0,570765086.00
20130613,9.39,9.39,8.88,8.95,320799.0,397051808.00
20130614,9.02,9.08,8.88,8.97,228849.0,281034443.00
20130617,9.00,9.04,8.82,8.85,182434.0,221920684.00
20130618,8.91,8.98,8.83,8.91,154155.0,188367570.00
20130619,8.85,8.92,8.60,8.90,228864.0,274814606.00
20130620,8.78,8.85,8.60,8.63,172244.0,205682954.00
20130621,8.41,8.87,8.31,8.85,279230.0,331917858.00
20130624,8.76,8.78,8.09,8.20,245249.0,283924637.00
20130625,8.11,8.32,7.41,8.09,416810.0,449801637.00
20130626,8.11,8.17,7.79,8.11,317067.0,348840891.00
20130627,8.17,8.30,7.92,7.92,244870.0,272170503.00
20130628,7.88,8.30,7.80,8.09,312566.0,346478681.00
20130701,8.03,8.19,7.96,8.11,208626.0,230935579.00
20130702,8.14,8.22,7.95,8.13,245431.0,271814252.00
20130703,8.10,8.11,7.80,7.88,241079.0,261346152.00
20130704,7.81,8.09,7.63,7.98,250769.0,271773095.00
20130705,8.02,8.45,8.00,8.28,372232.0,417784338.00
20130708,8.11,8.30,7.98,8.04,199091.0,221431343.00
20130709,8.05,8.14,7.96,8.04,128215.0,141399225.00
20130710,8.08,8.49,8.03,8.43,232144.0,263698003.00
20130711,8.52,9.20,8.45,9.06,483984.0,582053537.00
20130712,9.00,9.15,8.67,8.70,333136.0,401338912.00
20130715,8.90,9.58,8.90,9.40,914595.0,1161209192.00
20130716,9.32,9.49,9.27,9.44,517894.0,656465471.00
20130717,9.40,9.51,9.04,9.09,365200.0,457999426.00
20130718,9.03,9.23,8.84,8.90,334221.0,406818181.00
20130719,8.94,9.12,8.53,8.53,388236.0,464308510.00
20130722,8.44,8.71,8.38,8.70,223982.0,260132790.00
20130723,8.70,9.14,8.64,8.98,387018.0,469171697.00
20130724,8.88,8.92,8.61,8.85,289676.0,343869339.00
20130725,8.95,9.15,8.81,8.87,261010.0,316504843.00
20130726,8.81,8.86,8.62,8.72,155416.0,183445843.00
20130729,8.59,8.70,8.47,8.50,202518.0,234415311.00
20130730,8.62,8.93,8.52,8.64,232898.0,274288878.00
20130731,8.73,8.98,8.70,8.76,230088.0,275553550.00
20130801,8.90,9.10,8.79,9.01,271726.0,329584974.00
20130802,9.10,9.16,8.86,8.90,217637.0,265120594.00
20130805,8.92,9.18,8.90,9.09,270916.0,331582477.00
20130806,9.05,9.19,8.96,9.16,287073.0,352650856.00
20130807,9.15,9.35,8.99,9.04,263474.0,326560143.00
20130808,9.02,9.11,8.87,8.98,219371.0,265582807.00
20130809,9.06,9.09,8.90,9.04,208996.0,254522990.00
20130812,9.09,9.44,9.06,9.40,424447.0,532586264.00
20130813,9.35,9.42,9.28,9.38,248853.0,314043038.00
20130814,9.40,9.51,9.21,9.25,258045.0,326229337.00
20130815,9.22,9.35,8.98,9.02,232591.0,287188875.00
20130816,8.94,9.83,8.94,8.99,675526.0,844660468.00
20130819,8.72,8.87,8.58,8.77,487143.0,572139997.00
20130820,8.76,8.87,8.58,8.62,263620.0,310619760.00
20130821,8.67,8.70,8.55,8.64,167157.0,194817347.00
20130822,8.62,8.70,8.52,8.57,148586.0,173156220.00
20130823,8.65,8.68,8.30,8.43,203176.0,233518668.00
20130826,8.67,8.87,8.62,8.81,349111.0,413238358.00
20130827,8.81,8.86,8.70,8.80,199691.0,236705385.00
20130828,8.70,8.81,8.62,8.70,205859.0,241986682.00
20130829,8.84,8.90,8.71,8.72,197859.0,235071549.00
20130830,8.73,8.92,8.58,8.75,340100.0,403936665.00
20130902,8.79,8.88,8.68,8.78,230857.0,274151769.00
20130903,8.84,8.88,8.71,8.85,252024.0,299876344.00
20130904,8.81,8.90,8.74,8.75,235686.0,280993768.00
20130905,8.75,8.82,8.66,8.67,164699.0,193955149.00
20130906,8.61,8.78,8.61,8.66,187752.0,220392318.00
20130909,8.72,9.20,8.66,9.06,654842.0,796591734.00
20130910,9.10,9.43,9.05,9.41,639132.0,795878339.00
20130911,9.55,9.71,9.32,9.33,601120.0,773312577.00
20130912,9.33,9.73,9.32,9.56,555789.0,717977663.00
20130913,9.51,9.60,9.39,9.44,250666.0,320883574.00
20130916,9.55,9.61,9.26,9.28,286121.0,365426254.00
20130917,9.31,9.43,9.12,9.13,249661.0,312958062.00
20130918,9.14,9.27,9.07,9.18,178655.0,222109759.00
20130923,9.21,9.32,9.12,9.29,192081.0,239413568.00
20130924,9.25,9.26,8.99,9.05,248268.0,304584236.00
20130925,9.03,9.18,8.94,8.95,167386.0,204322813.00
20130926,8.94,8.99,8.58,8.64,286360.0,339621455.00
20130927,8.64,8.89,8.62,8.85,217189.0,256675272.00
20130930,8.92,8.94,8.73,8.77,132430.0,157347870.00
20131008,8.72,8.92,8.67,8.87,161354.0,192327244.00
20131009,8.83,9.01,8.76,8.92,182732.0,220028091.00
20131010,8.94,8.95,8.66,8.69,231391.0,273915932.00
20131011,8.75,8.90,8.72,8.85,204311.0,243818833.00
20131014,8.85,8.91,8.73,8.78,200168.0,237365045.00
20131015,8.82,8.89,8.77,8.84,173199.0,206709688.00
20131016,8.81,8.84,8.51,8.58,234130.0,273563827.00
20131017,8.65,8.78,8.59,8.67,191019.0,223920118.00
20131018,8.60,8.92,8.60,8.76,251095.0,297957769.00
20131021,8.76,8.92,8.70,8.90,241474.0,288408158.00
20131022,8.89,8.90,8.74,8.76,182575.0,216930446.00
20131023,8.81,8.93,8.70,8.73,190498.0,226696632.00
20131024,8.70,8.70,8.58,8.58,144043.0,167942285.00
20131025,8.59,8.73,8.47,8.53,167740.0,194422107.00
20131028,8.53,8.58,8.44,8.48,84380.0,96979824.00
20131029,8.51,8.72,8.35,8.61,246277.0,284765938.00
20131030,8.59,8.66,8.53,8.64,155718.0,181135169.00
20131031,8.68,8.68,8.53,8.55,105862.0,122971053.00
20131101,8.64,8.70,8.57,8.67,149774.0,175018011.00
20131104,8.73,8.75,8.57,8.58,109961.0,128442003.00
20131105,8.52,8.69,8.47,8.67,186598.0,216475703.00
20131106,8.64,8.67,8.53,8.53,103300.0,120020992.00
20131107,8.52,8.60,8.47,8.53,99950.0,115326041.00
20131108,8.47,8.55,8.24,8.27,143004.0,161919154.00
20131111,8.28,8.35,8.13,8.27,138341.0,153884160.00
20131112,8.28,8.56,8.27,8.51,190063.0,217479755.00
20131113,8.41,8.47,8.29,8.30,131163.0,148151356.00
20131114,8.35,8.38,8.27,8.32,78972.0,88846967.00
20131115,8.36,9.01,8.35,8.72,433678.0,513918645.00
20131118,8.82,9.25,8.73,9.25,620154.0,757395993.00
20131119,9.18,9.21,9.03,9.09,262111.0,321834022.00
20131120,9.22,9.29,9.01,9.15,224530.0,276664980.00
20131121,9.03,9.14,8.81,9.04,339663.0,412627074.00
20131122,9.10,9.18,8.96,9.00,260577.0,319444438.00
20131125,8.89,9.13,8.88,8.94,211950.0,257928387.00
20131126,8.92,9.12,8.92,8.94,193900.0,236336667.00
20131127,8.95,9.27,8.90,9.18,366760.0,454032736.00
20131128,9.20,9.73,9.16,9.39,610287.0,780776951.00
20131129,9.41,9.45,9.26,9.35,281821.0,355881438.00
20131202,9.77,10.26,9.57,9.97,1135410.0,1524430885.00
20131203,10.02,10.13,9.82,10.03,529365.0,715169693.00
20131204,10.03,10.20,9.89,9.92,517541.0,701815153.00
20131205,9.91,10.29,9.86,10.06,549114.0,749181078.00
20131206,10.06,10.12,9.83,9.92,336533.0,452333879.00
20131209,9.92,10.20,9.82,9.92,361617.0,487839036.00
20131210,9.90,10.03,9.83,9.90,259859.0,348326222.00
20131211,9.83,9.83,9.38,9.46,480859.0,618392649.00
20131212,9.43,9.55,9.34,9.41,192316.0,245451987.00
20131213,9.29,9.55,9.27,9.51,207501.0,265246948.00
20131216,9.64,9.67,9.29,9.32,232679.0,296332409.00
20131217,9.34,9.46,9.27,9.32,190651.0,241371278.00
20131218,9.36,9.57,9.33,9.46,202432.0,259010850.00
20131219,9.55,9.61,9.36,9.41,245097.0,314426373.00
20131220,9.46,9.49,9.01,9.01,269190.0,337924906.00
20131223,9.11,9.24,9.00,9.13,221203.0,272458203.00
20131224,9.09,9.16,8.80,8.92,446918.0,541914628.00
20131225,8.93,9.09,8.86,9.07,270576.0,329370585.00
20131226,9.07,9.07,8.84,8.87,278189.0,335441502.00
20131227,8.88,9.14,8.85,9.08,316553.0,386933882.00
20131230,9.16,9.16,9.00,9.01,261392.0,320024785.00
20131231,9.02,9.25,8.99,9.24,337066.0,417834327.00
20140102,9.18,9.24,9.09,9.17,226739.0,280408913.00
20140103,9.09,9.15,8.89,8.95,281948.0,341658699.00
20140106,8.95,8.95,8.73,8.84,335647.0,399630271.00
20140107,8.73,8.87,8.70,8.80,157285.0,187020956.00
20140108,8.87,9.00,8.78,8.87,270227.0,324525066.00
20140109,8.83,8.92,8.66,8.69,213369.0,253837293.00
20140110,8.65,8.70,8.45,8.49,241772.0,279458635.00
20140113,8.51,8.59,8.37,8.44,143101.0,163692797.00
20140114,8.43,8.58,8.36,8.53,175258.0,200488968.00
20140115,8.51,8.52,8.39,8.47,180510.0,205981214.00
20140116,8.49,8.63,8.41,8.54,214346.0,247330914.00
20140117,8.49,8.53,8.42,8.44,227122.0,259472355.00
20140120,8.41,8.50,8.38,8.44,147426.0,168114817.00
20140121,8.47,8.72,8.46,8.60,200935.0,233780224.00
20140122,8.61,8.92,8.55,8.91,338449.0,401782179.00
20140123,8.90,8.94,8.78,8.81,217788.0,260185914.00
20140124,8.76,8.95,8.76,8.84,213206.0,255532579.00
20140127,8.75,8.77,8.64,8.64,224241.0,263084168.00
20140128,8.70,8.76,8.65,8.70,133990.0,157524718.00
20140129,8.76,8.76,8.66,8.69,202150.0,237783166.00
20140130,8.65,8.68,8.50,8.50,197754.0,228587424.00
20140207,8.44,8.63,8.40,8.61,175082.0,201122472.00
20140210,8.62,8.83,8.62,8.80,254507.0,301650625.00
20140211,8.77,8.99,8.74,8.82,356164.0,426353489.00
20140212,8.89,8.95,8.78,8.87,285022.0,340968076.00
20140213,8.81,8.92,8.72,8.78,272116.0,324299928.00
20140214,8.75,8.86,8.75,8.81,146484.0,174013162.00
20140217,8.88,8.92,8.78,8.82,304369.0,363169219.00
20140218,8.84,8.84,8.50,8.53,367978.0,428612087.00
20140219,8.52,8.66,8.40,8.58,314188.0,362105154.00
20140220,8.59,8.65,8.41,8.42,297467.0,341520333.00
20140221,8.37,8.43,8.18,8.23,299650.0,335686866.00
20140224,8.18,8.18,7.84,7.97,431873.0,464436208.00
20140225,7.96,8.01,7.77,7.78,272896.0,291417496.00
20140226,7.72,7.87,7.59,7.75,217709.0,227408434.00
20140227,7.79,7.88,7.60,7.65,284707.0,296250098.00
20140228,7.64,7.99,7.57,7.96,437273.0,461303255.00
20140303,7.84,7.89,7.67,7.74,405416.0,426783385.00
20140304,7.74,7.82,7.61,7.72,347637.0,361348642.00
20140305,7.74,7.78,7.61,7.64,305143.0,316675829.00
20140306,7.64,7.73,7.47,7.70,347081.0,357309934.00
20140307,7.66,7.75,7.55,7.59,231576.0,239551216.00
20140310,7.48,7.54,7.37,7.38,287303.0,289258935.00
20140311,7.37,7.40,7.17,7.34,448405.0,442511427.00
20140312,7.26,7.36,7.13,7.30,254670.0,250022633.00
20140313,7.34,7.49,7.30,7.36,258371.0,258030536.00
20140314,7.30,7.39,7.22,7.28,194009.0,191304311.00
20140317,7.33,7.36,7.24,7.36,165942.0,164098666.00
20140318,7.36,7.38,7.28,7.30,151231.0,149733823.00
20140319,7.27,7.30,7.19,7.22,160637.0,156866312.00
20140320,7.22,7.30,7.13,7.13,164236.0,160324236.00
20140321,7.10,7.48,7.10,7.44,406844.0,402031409.00
20140324,7.39,7.72,7.35,7.60,457447.0,464776405.00
20140325,7.55,7.69,7.52,7.56,271289.0,278574551.00
20140326,7.66,7.70,7.47,7.53,176650.0,180857324.00
20140327,7.52,7.59,7.38,7.40,271199.0,273538506.00
20140328,7.39,7.47,7.37,7.40,186238.0,186446741.00
20140331,7.43,7.47,7.26,7.31,197944.0,197194524.00
20140401,7.31,7.45,7.30,7.39,168328.0,168100263.00
20140402,7.41,7.50,7.38,7.45,159326.0,160142843.00
20140403,7.50,7.67,7.49,7.53,308618.0,316539452.00
20140404,7.50,7.64,7.46,7.62,196122.0,200843040.00
20140408,7.61,7.88,7.59,7.80,399688.0,419097413.00
20140409,7.81,7.88,7.70,7.73,208636.0,218607845.00
20140410,7.79,8.18,7.71,8.00,704798.0,758113252.00
20140411,7.98,8.08,7.89,7.91,351623.0,378508770.00
20140414,7.92,7.97,7.79,7.87,195022.0,207160684.00
20140415,7.84,7.85,7.65,7.69,221667.0,231927800.00
20140416,7.67,7.84,7.66,7.74,179132.0,187763413.00
20140417,7.78,7.84,7.68,7.74,173927.0,182689312.00
20140418,7.69,7.83,7.65,7.79,153447.0,160711345.00
20140421,7.75,7.85,7.56,7.58,210930.0,220547158.00
20140422,7.55,7.62,7.44,7.61,175913.0,179547653.00
20140423,7.59,7.64,7.53,7.56,174898.0,178958497.00
20140424,7.56,7.65,7.53,7.56,143348.0,147004284.00
20140425,7.59,7.70,7.53,7.56,199269.0,204709420.00
20140428,7.56,7.59,7.41,7.43,180530.0,182683756.00
20140429,7.47,7.59,7.36,7.57,153906.0,155593581.00
20140430,7.55,7.57,7.48,7.52,120911.0,122848067.00
20140506,7.51,7.67,7.33,7.59,197197.0,202485351.00
20140507,7.56,7.69,7.53,7.60,197767.0,203826167.00
20140508,7.59,7.83,7.56,7.67,256790.0,267638433.00
20140509,7.67,7.76,7.58,7.71,193768.0,201052512.00
20140512,7.86,7.98,7.75,7.94,398558.0,424935140.00
20140513,7.95,8.03,7.86,7.88,236220.0,253070435.00
20140514,7.89,8.02,7.89,7.96,243497.0,262299391.00
20140515,7.96,7.96,7.69,7.74,266442.0,281295519.00
20140516,7.74,7.79,7.59,7.72,183042.0,190376772.00
20140519,7.64,7.67,7.47,7.53,177725.0,181183301.00
20140520,7.59,7.62,7.48,7.53,142341.0,144941737.00
20140521,7.48,7.56,7.42,7.55,210259.0,213179122.00
20140522,7.54,7.64,7.49,7.50,233417.0,238739432.00
20140523,7.48,7.54,7.47,7.53,194304.0,197052207.00
20140526,7.59,7.59,7.48,7.50,186406.0,189390757.00
20140527,7.50,7.54,7.48,7.49,134458.0,136424946.00
20140528,7.50,7.70,7.48,7.65,266578.0,273304887.00
20140529,7.65,7.67,7.40,7.42,403161.0,409292766.00
20140530,7.42,7.55,7.42,7.49,206839.0,209144476.00
20140603,7.50,7.56,7.45,7.46,161966.0,164227404.00
20140604,7.46,7.48,7.36,7.39,164803.0,164912799.00
20140605,7.39,7.46,7.39,7.45,146640.0,147053563.00
20140606,7.45,7.45,7.31,7.37,162461.0,161903082.00
20140609,7.35,7.50,7.32,7.38,188188.0,188994428.00
20140610,7.44,7.53,7.39,7.50,279510.0,282512562.00
20140611,7.47,7.50,7.45,7.47,123327.0,124554528.00
20140612,7.44,7.49,7.40,7.42,162373.0,163129055.00
20140613,7.42,7.54,7.39,7.50,231917.0,234545542.00
20140616,7.50,7.55,7.49,7.53,282745.0,287397990.00
20140617,7.53,7.53,7.45,7.46,150772.0,152275920.00
20140618,7.46,7.48,7.41,7.41,139724.0,140407008.00
20140619,7.41,7.43,7.18,7.22,243981.0,241126865.00
20140620,7.22,7.26,7.13,7.16,255114.0,247389474.00
20140623,7.17,7.24,7.10,7.13,227915.0,220713627.00
20140624,7.13,7.19,7.13,7.16,156722.0,151538579.00
20140625,7.16,7.21,7.13,7.18,112743.0,109184247.00
20140626,7.19,7.30,7.18,7.22,196595.0,192464082.00
20140627,7.21,7.26,7.16,7.23,183229.0,178700903.00
20140630,7.27,7.30,7.23,7.25,194068.0,190515170.00
20140701,7.26,7.27,7.24,7.25,129582.0,126963184.00
20140702,7.27,7.30,7.24,7.29,161535.0,158733266.00
20140703,7.28,7.35,7.27,7.32,188775.0,186615578.00
20140704,7.31,7.36,7.30,7.31,135634.0,134161604.00
20140707,7.31,7.34,7.27,7.29,105738.0,104306534.00
20140708,7.30,7.31,7.24,7.27,127532.0,125223807.00
20140709,7.34,7.34,7.18,7.18,206282.0,198512381.00
20140710,7.18,7.22,7.18,7.19,135899.0,129407581.00
20140711,7.19,7.27,7.18,7.24,120294.0,115239911.00
20140714,7.24,7.32,7.21,7.32,209071.0,201194907.00
20140715,7.32,7.33,7.27,7.30,165512.0,159957217.00
20140716,7.30,7.37,7.28,7.30,177078.0,171466387.00
20140717,7.29,7.29,7.21,7.23,179272.0,171884410.00
20140718,7.21,7.32,7.19,7.27,191304.0,183875975.00
20140721,7.26,7.27,7.18,7.19,212648.0,202924795.00
20140722,7.18,7.30,7.18,7.27,295431.0,283400347.00
20140723,7.27,7.40,7.25,7.32,433862.0,421070543.00
20140724,7.32,7.60,7.31,7.55,760546.0,755424339.00
20140725,7.55,7.63,7.50,7.62,435785.0,436207680.00
20140728,7.69,8.14,7.69,7.95,1138657.0,1191467913.00
20140729,7.93,7.98,7.86,7.95,552091.0,578627703.00
20140730,7.92,8.11,7.90,7.95,613343.0,649790033.00
20140731,7.95,8.02,7.89,8.01,448012.0,472269151.00
20140801,7.98,8.06,7.88,7.88,513473.0,542235198.00
20140804,7.94,8.18,7.90,8.15,736506.0,787412513.00
20140805,8.16,8.20,8.02,8.08,450857.0,483180301.00
20140806,8.05,8.14,7.95,8.08,422501.0,450212084.00
20140807,8.09,8.12,7.90,7.92,397811.0,421760407.00
20140808,7.92,7.98,7.86,7.93,243702.0,255919231.00
20140811,7.97,8.10,7.95,8.05,314522.0,335056976.00
20140812,8.04,8.08,7.95,7.99,260094.0,275552275.00
20140813,7.98,8.10,7.93,8.02,415395.0,439786914.00
20140814,7.99,8.05,7.91,7.91,333172.0,351915307.00
20140815,7.93,8.07,7.90,8.02,532084.0,563477832.00
20140818,8.04,8.11,8.00,8.06,377253.0,402199637.00
20140819,8.08,8.08,7.95,8.02,356179.0,377710773.00
20140820,8.01,8.06,7.98,8.01,302724.0,321683084.00
20140821,8.03,8.04,7.83,7.89,389951.0,407826922.00
20140822,7.89,7.95,7.85,7.94,267000.0,279374809.00
20140825,7.96,7.96,7.78,7.79,289510.0,300357163.00
20140826,7.78,7.83,7.67,7.70,261879.0,268509615.00
20140827,7.70,7.76,7.69,7.70,167573.0,171261027.00
20140828,7.70,7.77,7.62,7.65,292095.0,297324871.00
20140829,7.67,7.74,7.62,7.73,176066.0,178993633.00
20140901,7.72,7.80,7.70,7.80,231296.0,237235650.00
20140902,7.80,7.94,7.76,7.92,398104.0,413713128.00
20140903,7.93,7.99,7.92,7.95,413390.0,435242672.00
20140904,7.98,8.07,7.94,8.05,488033.0,517630335.00
20140905,8.13,8.26,8.08,8.15,628682.0,679565595.00
20140909,8.19,8.22,8.11,8.13,371587.0,400848985.00
20140910,8.08,8.09,8.00,8.01,333185.0,354473945.00
20140911,8.01,8.20,8.00,8.04,486163.0,520796967.00
20140912,8.00,8.09,7.97,8.07,287920.0,305732152.00
20140915,8.04,8.06,7.96,8.03,389949.0,413467729.00
20140916,8.03,8.06,7.80,7.81,496332.0,523170383.00
20140917,7.87,7.91,7.79,7.86,314788.0,327062132.00
20140918,7.85,8.00,7.80,7.89,355989.0,371505765.00
20140919,7.89,7.98,7.86,7.95,252033.0,264428229.00
20140922,7.93,7.98,7.80,7.83,329516.0,343814643.00
20140923,7.83,7.97,7.83,7.95,291870.0,305625544.00
20140924,7.92,8.35,7.92,8.27,935885.0,1013139625.00
20140925,8.32,8.36,8.14,8.19,774997.0,849097106.00
20140926,8.17,8.23,8.12,8.20,532107.0,575737640.00
20140929,8.27,8.35,8.23,8.26,679405.0,745702518.00
20140930,8.28,8.31,8.23,8.27,351689.0,385147393.00
20141008,8.31,8.35,8.22,8.32,497401.0,545831578.00
20141009,8.32,8.36,8.19,8.26,439862.0,481547024.00
20141010,8.20,8.33,8.17,8.22,434722.0,474141196.00
20141013,8.17,8.20,8.06,8.12,437942.0,469953456.00
20141014,8.10,8.26,8.09,8.14,481647.0,520675630.00
20141015,8.19,8.58,8.16,8.48,944092.0,1048562426.00
20141016,8.40,8.64,8.38,8.44,805011.0,905355999.00
20141017,8.48,8.66,8.33,8.61,910553.0,1027545731.00
20141020,8.64,8.72,8.55,8.60,683344.0,781018663.00
20141021,8.60,8.75,8.53,8.54,658388.0,752069695.00
20141022,8.57,8.59,8.37,8.38,471579.0,528623051.00
20141023,8.35,8.47,8.32,8.36,420245.0,466595077.00
20141024,8.38,8.44,8.29,8.32,285385.0,316016613.00
20141027,8.20,8.20,8.02,8.04,524757.0,562299113.00
20141028,8.08,8.29,8.07,8.29,455771.0,492995487.00
20141029,8.31,8.63,8.26,8.47,898764.0,1006070601.00
20141030,8.48,8.59,8.40,8.50,628691.0,706124250.00
20141031,8.57,8.88,8.50,8.78,1148455.0,1322305142.00
20141103,8.89,9.13,8.80,8.85,1165116.0,1381901785.00
20141104,8.80,9.00,8.75,8.83,707904.0,831072453.00
20141105,8.88,9.26,8.79,9.03,1193017.0,1432846849.00
20141106,9.03,9.19,8.88,9.08,734632.0,878970289.00
20141107,9.13,9.88,9.13,9.42,1635702.0,2055241731.00
20141110,9.80,9.90,9.50,9.86,1470399.0,1888056542.00
20141111,9.92,10.31,9.53,9.79,1725066.0,2286117302.00
20141112,9.67,10.21,9.59,10.18,1005702.0,1324798040.00
20141113,10.21,10.47,10.00,10.09,1301292.0,1774991492.00
20141114,9.99,10.30,9.82,10.18,887693.0,1183355750.00
20141124,11.19,11.19,11.19,11.19,280165.0,415204870.00
20141125,11.70,12.21,11.56,11.85,2219628.0,3478353989.00
20141126,11.98,12.74,11.89,12.61,2184204.0,3575060363.00
20141127,12.71,13.86,12.40,13.86,2659715.0,4598911117.00
20141128,13.60,14.01,13.29,13.53,2218296.0,3994462601.00
20141201,13.80,14.43,13.28,13.85,2096673.0,3851596808.00
20141202,13.60,15.15,13.49,14.93,2549290.0,4859121180.00
20141203,15.18,16.08,14.41,15.04,2911774.0,5943925343.00
20141204,14.99,16.54,14.75,16.54,2773929.0,5832537257.00
20141205,17.34,18.20,16.71,18.20,3343139.0,7824683144.00
20141208,17.83,20.02,17.15,20.02,2704328.0,6868458114.00
20141209,20.02,22.02,18.02,18.86,3597109.0,9982532918.00
20141210,19.15,19.80,17.07,19.05,3477036.0,8504187480.00
20141211,18.29,19.34,17.62,17.75,2248434.0,5495066299.00
20141212,17.37,19.10,17.37,18.06,2118242.0,5119294291.00
20141215,18.12,19.10,17.80,18.88,1542350.0,3763054360.00
20141216,18.92,20.77,18.79,20.77,2881935.0,7628944935.00
20141217,21.66,22.22,19.93,21.38,3646563.0,10292031109.00
20141218,20.60,20.93,19.25,19.52,2063396.0,5506602954.00
20141219,19.49,19.83,17.92,18.73,2160348.0,5413603092.00
20141222,18.42,19.29,17.51,18.51,1657542.0,4067125236.00
20141223,18.54,19.14,18.36,18.66,1310766.0,3275116403.00
20141224,19.04,19.25,17.10,17.40,1750620.0,4156433287.00
20141225,17.43,18.32,17.07,17.99,1419198.0,3331586370.00
20141226,17.98,19.78,17.90,19.78,2330186.0,5890194523.00
20141229,20.42,20.47,18.88,19.19,2063889.0,5362587439.00
20141230,19.19,20.03,18.43,19.44,1669415.0,4295275247.00
20141231,19.49,20.37,19.12,19.60,1625595.0,4265911860.00
20150105,19.77,20.02,19.04,19.69,1497336.0,3880722488.00
20150106,19.41,21.06,19.22,20.33,2107070.0,5614209615.00
20150107,20.34,21.67,20.21,20.77,2214494.0,6167899503.00
20150108,20.77,21.07,19.55,19.81,1547785.0,4112974245.00
20150109,19.75,20.74,19.41,19.56,1628161.0,4307552541.00
20150112,19.93,20.40,19.41,19.85,1578900.0,4170890276.00
20150113,19.68,19.87,18.90,19.03,1150244.0,2939296682.00
20150114,19.07,19.57,18.81,19.19,1117448.0,2834361764.00
20150115,19.18,19.93,18.70,19.84,1397997.0,3584642878.00
20150116,19.87,20.00,19.40,19.59,1110553.0,2891835791.00
20150119,17.64,17.64,17.64,17.64,245190.0,572518650.00
20150120,16.17,16.96,15.95,16.32,2303609.0,5003960806.00
20150121,16.63,17.79,16.55,17.49,1645795.0,3719140126.00
20150122,17.49,18.13,17.37,17.83,1092921.0,2569989325.00
20150123,18.03,18.86,17.93,18.11,1117206.0,2712701727.00
20150126,18.05,18.11,17.46,17.75,968335.0,2272555428.00
20150127,17.66,17.89,17.10,17.49,945149.0,2188436681.00
20150128,17.37,17.94,17.21,17.37,861348.0,1998575231.00
20150129,16.91,17.12,16.63,16.85,864777.0,1927584592.00
20150130,17.04,17.12,16.54,16.54,638114.0,1417187986.00
20150202,16.02,16.48,15.73,16.05,842637.0,1790254895.00
20150203,16.35,16.94,16.13,16.85,867407.0,1892767084.00
20150204,16.91,17.49,16.70,16.72,1098650.0,2494558779.00
20150205,17.52,17.56,16.85,16.86,1294945.0,2950490268.00
20150206,16.62,17.19,16.33,16.78,715867.0,1594587402.00
20150209,16.63,17.65,16.62,17.34,1212566.0,2769961155.00
20150210,17.37,17.90,17.28,17.59,977955.0,2278087339.00
20150211,17.66,17.88,17.40,17.68,676092.0,1578340001.00
20150212,17.80,17.80,17.31,17.58,564972.0,1311313091.00
20150213,17.65,18.33,17.65,17.87,1160821.0,2770242974.00
20150216,17.66,17.82,17.46,17.62,921661.0,2147233874.00
20150217,17.68,18.05,17.57,17.65,750965.0,1768976820.00
20150225,17.68,17.68,17.22,17.24,596129.0,1371906075.00
20150226,17.23,18.09,16.90,18.01,1105706.0,2584381223.00
20150227,18.01,18.20,17.79,17.86,748558.0,1784855074.00
20150302,18.24,18.70,17.95,18.35,1207857.0,2938009446.00
20150303,18.20,18.20,17.49,17.53,1047186.0,2461294828.00
20150304,17.53,17.68,17.26,17.40,634675.0,1462171526.00
20150305,17.29,17.64,17.06,17.33,691907.0,1587758561.00
20150306,17.54,17.96,17.37,17.43,889207.0,2079223149.00
20150309,16.77,17.06,16.41,16.93,1122046.0,2471910132.00
20150310,16.88,17.15,16.58,16.80,779325.0,1735715077.00
20150311,16.85,17.13,16.71,16.75,584153.0,1307489517.00
20150312,16.85,17.27,16.69,17.12,883386.0,1993229055.00
20150313,17.28,17.72,17.12,17.22,821117.0,1889279331.00
20150316,17.39,17.95,17.14,17.74,1039800.0,2423174741.00
20150317,18.21,18.51,17.97,18.35,1637858.0,3962569814.00
20150318,18.61,19.22,18.61,19.07,1696774.0,4260314767.00
20150319,19.19,19.34,18.76,18.88,1137735.0,2864617361.00
20150320,18.95,20.64,18.60,19.83,2083125.0,5413708334.00
20150323,20.12,20.38,19.83,20.23,1487584.0,3961499040.00
20150324,20.24,20.60,19.51,19.93,1441169.0,3823496346.00
20150325,19.98,20.43,19.50,19.54,1342505.0,3536164711.00
20150326,19.34,19.93,19.06,19.49,1028545.0,2656053496.00
20150327,19.53,20.71,19.52,20.15,1551020.0,4160187943.00
20150330,20.15,21.06,19.87,20.83,1816026.0,4934259476.00
20150331,21.18,22.80,20.92,21.08,2121918.0,6119833347.00
20150401,21.25,21.89,20.91,21.64,1420443.0,4030423545.00
20150402,21.91,22.05,21.02,21.38,1307464.0,3710626810.00
20150403,21.14,22.04,21.12,21.97,1544187.0,4443785505.00
20150407,22.37,22.51,21.86,22.34,1389139.0,4069333388.00
20150408,22.47,23.49,22.05,23.05,2135897.0,6471561952.00
20150409,24.01,24.84,23.00,23.33,2282423.0,7218115535.00
20150410,23.24,23.30,22.64,23.12,1645740.0,4992326492.00
20150413,23.12,23.25,22.30,22.65,1703438.0,5098800497.00
20150414,22.51,22.85,21.90,22.53,1411602.0,4168793670.00
20150415,22.28,22.29,21.38,21.48,1142765.0,3323997557.00
20150416,21.35,22.08,21.17,21.81,911405.0,2609547255.00
20150417,22.02,22.36,21.68,21.88,1233430.0,3596265202.00
20150420,21.91,21.98,20.77,20.81,1399812.0,3965009400.00
20150421,20.85,21.98,20.85,21.79,1207453.0,3442610668.00
20150422,22.02,23.40,21.76,23.05,1952365.0,5794865581.00
20150423,23.15,23.61,22.33,22.59,1787091.0,5419474262.00
20150424,22.13,22.28,21.34,21.68,1277085.0,3687458509.00
20150427,21.76,22.32,21.59,21.85,1026219.0,2970066013.00
20150428,21.88,22.12,21.51,21.60,1076800.0,3107714186.00
20150429,21.53,21.82,21.16,21.57,804549.0,2288456847.00
20150430,21.58,21.76,21.30,21.31,769771.0,2192748544.00
20150504,21.27,21.45,20.92,21.07,672104.0,1875152701.00
20150505,21.11,21.61,20.10,20.34,923601.0,2566225677.00
20150506,20.50,21.12,20.15,20.36,767719.0,2096536884.00
20150507,20.36,20.79,20.24,20.63,686847.0,1874118236.00
20150508,20.93,21.14,20.34,20.71,758507.0,2065238173.00
20150511,20.73,21.45,20.72,21.41,981202.0,2715691172.00
20150512,21.42,22.20,21.02,21.63,1262197.0,3600380908.00
20150513,21.60,21.60,20.93,21.21,829929.0,2312473246.00
20150514,21.22,21.42,20.83,20.99,586586.0,1625664176.00
20150515,20.85,20.92,20.09,20.17,847592.0,2273212524.00
20150518,19.92,20.17,19.74,19.76,643345.0,1682401996.00
20150519,19.76,21.69,19.76,21.13,1371320.0,3763916761.00
20150520,21.20,21.22,20.70,20.84,918835.0,2525444771.00
20150521,20.85,21.06,20.56,20.86,623745.0,1701669359.00
20150522,21.09,21.79,21.08,21.50,1223774.0,3460810504.00
20150525,21.52,22.52,21.52,22.14,1480285.0,4313325908.00
20150526,22.24,22.45,21.65,22.21,1571121.0,4555534556.00
20150527,22.23,22.37,21.92,21.94,1155873.0,3356670859.00
20150528,21.90,21.92,19.75,19.78,1472095.0,4082929584.00
20150529,20.09,20.24,19.29,19.66,1086240.0,2830535391.00
20150601,20.01,21.08,19.63,20.77,1039771.0,2779598215.00
20150602,20.76,20.90,20.39,20.71,789988.0,2139239673.00
20150603,20.88,21.04,20.29,20.54,791917.0,2147091030.00
20150604,20.66,21.05,19.40,20.81,1033732.0,2779027356.00
20150605,21.54,21.75,20.81,21.38,1491192.0,4182408996.00
20150608,21.42,22.78,21.33,22.63,2092675.0,6062532729.00
20150609,22.65,22.90,21.76,21.98,1323688.0,3866696113.00
20150610,21.71,22.01,21.50,21.64,921165.0,2630537919.00
20150611,21.54,21.67,21.14,21.27,811260.0,2272533021.00
20150612,21.32,21.73,21.15,21.28,830128.0,2335935744.00
20150615,21.68,21.79,20.55,20.63,1006940.0,2799292087.00
20150616,20.47,21.03,20.23,20.39,715868.0,1939722448.00
20150617,20.52,20.77,19.97,20.60,627786.0,1678229556.00
20150618,20.47,20.54,19.47,19.72,643315.0,1706738650.00
20150619,19.50,20.14,18.93,18.93,756285.0,1950661925.00
20150623,19.00,19.69,18.45,19.59,754865.0,1903794423.00
20150624,19.75,19.78,19.33,19.69,678514.0,1744148288.00
20150625,19.79,20.13,18.80,19.12,740668.0,1917447126.00
20150626,18.83,19.48,17.21,17.21,1281500.0,3082390129.00
20150629,17.72,17.81,15.49,15.98,1583194.0,3463568980.00
20150630,15.76,17.44,15.23,17.24,1272407.0,2768409234.00
20150701,17.12,17.52,15.93,16.09,912773.0,2039880714.00
20150702,16.63,16.82,15.51,16.02,1149423.0,2457373844.00
20150703,15.90,16.46,14.73,15.13,1020429.0,2104259423.00
20150706,16.64,16.64,14.79,16.04,1334598.0,2780701048.00
20150707,15.48,16.06,14.44,15.45,1648371.0,3280793759.00
20150708,13.90,14.22,13.90,13.90,2614746.0,4785407867.00
20150709,13.90,15.30,12.55,15.30,1880197.0,3556243829.00
20150710,15.45,16.82,15.23,16.82,1953680.0,4238827195.00
20150713,16.79,17.68,16.15,17.01,1719691.0,3822320507.00
20150714,16.36,16.80,15.87,15.98,1206913.0,2591665152.00
20150715,15.67,16.19,14.50,14.69,1017582.0,2041006714.00
20150716,14.69,15.37,14.31,14.84,748097.0,1463804058.00
20150717,14.93,15.90,14.90,15.70,857847.0,1731891442.00
20150720,15.68,15.85,15.07,15.32,936514.0,1900284676.00
20150721,15.11,15.84,14.82,15.42,1015431.0,2052385799.00
20150722,15.29,15.50,14.99,15.15,659474.0,1319290104.00
20150723,15.17,15.71,15.16,15.57,938720.0,1913276207.00
20150724,15.67,15.79,14.98,15.08,948702.0,1932206491.00
20150727,14.80,14.91,13.58,13.58,1182240.0,2221637008.00
20150728,13.26,14.93,12.63,14.62,1941757.0,3534914159.00
20150729,14.46,14.86,14.00,14.69,749317.0,1413362373.00
20150730,14.53,14.83,13.86,13.95,515758.0,979638799.00
20150731,13.70,14.31,13.70,14.19,613446.0,1134289837.00
20150803,13.93,14.53,13.85,14.51,811057.0,1513745666.00
20150804,14.46,14.79,14.18,14.72,639045.0,1222759391.00
20150805,14.61,14.65,14.21,14.21,392435.0,744569144.00
20150806,14.00,14.21,13.76,13.85,336312.0,617657079.00
20150807,13.85,14.22,13.84,13.98,364955.0,672795119.00
20150810,14.01,15.06,13.93,14.85,1074129.0,2055350700.00
20150811,14.64,14.90,14.46,14.53,560135.0,1079587204.00
20150812,14.42,14.91,14.34,14.38,496429.0,951719070.00
20150813,14.38,14.63,14.15,14.57,418607.0,793566310.00
20150814,14.68,14.84,14.52,14.69,543521.0,1047937288.00
20150817,14.66,14.66,14.27,14.46,411450.0,781282993.00
20150818,14.53,15.05,13.16,13.26,908657.0,1713617884.00
20150819,12.94,13.52,12.65,13.44,583934.0,1010484450.00
20150820,13.26,13.40,12.82,12.84,384255.0,661172840.00
20150821,12.67,12.93,11.72,11.72,584544.0,946611534.00
20150824,11.34,11.41,10.55,10.55,828774.0,1164926640.00
20150825,9.64,10.18,9.49,9.49,1213041.0,1546116504.00
20150826,9.36,10.00,8.75,9.11,1415081.0,1754471598.00
20150827,9.43,9.89,9.16,9.89,1231666.0,1542902958.00
20150828,10.01,10.43,9.76,10.31,1196905.0,1583233448.00
20150831,10.31,10.31,9.60,10.24,1133530.0,1481514098.00
20150901,10.01,10.59,9.46,10.57,1485725.0,1993160430.00
20150902,10.01,10.86,9.97,10.72,1664242.0,2289110329.00
20150907,10.58,10.98,10.23,10.27,718411.0,1008965524.00
20150908,10.23,10.65,9.89,10.61,582138.0,783358382.00
20150909,10.67,11.10,10.58,10.91,780541.0,1115530451.00
20150910,10.73,10.93,10.59,10.65,427111.0,605320180.00
20150911,10.65,10.80,10.58,10.65,333127.0,468044493.00
20150914,10.59,10.65,9.59,9.90,819505.0,1080214326.00
20150915,9.73,10.02,9.47,9.56,463055.0,591403543.00
20150916,9.63,10.41,9.55,10.29,585583.0,759142825.00
20150917,10.29,10.64,10.12,10.12,614522.0,838782354.00
20150918,10.21,10.41,10.09,10.21,323119.0,436172916.00
20150921,10.08,10.40,10.01,10.37,343595.0,462794902.00
20150922,10.38,11.06,10.38,10.80,826085.0,1172063510.00
20150923,10.60,10.69,10.32,10.33,401282.0,554029723.00
20150924,10.45,10.54,10.17,10.33,346076.0,470658732.00
20150925,10.20,10.36,9.82,9.93,287989.0,381061973.00
20150928,9.97,10.05,9.82,10.00,208236.0,272467737.00
20150929,9.83,10.16,9.68,9.92,304049.0,394302820.00
20150930,9.97,10.22,9.90,9.97,236485.0,312505227.00
20151008,10.58,10.73,10.36,10.46,591256.0,820487636.00
20151009,10.44,10.93,10.44,10.84,516828.0,726983836.00
20151012,10.90,11.75,10.78,11.45,866089.0,1289674119.00
20151013,11.34,11.55,11.29,11.46,400706.0,601000294.00
20151014,11.34,11.64,11.19,11.26,511466.0,767809081.00
20151015,11.19,11.66,11.19,11.63,440725.0,666628811.00
20151016,11.75,12.07,11.57,11.86,727612.0,1129677777.00
20151019,11.92,12.58,11.81,12.09,836761.0,1345477832.00
20151020,12.10,12.32,11.96,12.28,512658.0,819055090.00
20151021,12.27,12.31,11.30,11.40,595574.0,928618372.00
20151022,11.49,11.66,11.23,11.64,479459.0,723569001.00
20151023,11.73,12.06,11.59,11.96,463661.0,719161233.00
20151026,12.31,12.72,12.08,12.25,790504.0,1291887115.00
20151027,12.10,12.21,11.59,12.16,399529.0,625648448.00
20151028,12.05,12.37,11.76,11.76,346595.0,547650146.00
20151029,11.78,12.02,11.72,11.76,325144.0,505142092.00
20151030,11.76,12.39,11.48,11.92,735513.0,1151095110.00
20151102,11.67,12.02,11.53,11.55,453567.0,700728890.00
20151103,11.58,11.77,11.46,11.59,362220.0,553364418.00
20151104,11.68,12.75,11.67,12.75,1202834.0,1950634385.00
20151105,13.07,14.02,13.03,13.62,2407724.0,4339377483.00
20151106,13.55,14.98,13.25,14.98,2260830.0,4266536655.00
20151109,15.13,15.64,14.62,14.68,2396675.0,4781097928.00
20151110,14.40,15.97,14.37,15.17,1692152.0,3370532888.00
20151111,15.06,15.83,14.73,15.46,1160080.0,2312979913.00
20151112,15.49,15.49,14.84,14.96,1061966.0,2113459373.00
20151113,14.69,15.33,14.66,14.93,974642.0,1925733183.00
20151116,14.57,14.69,14.37,14.66,761560.0,1454085668.00
20151117,14.88,15.72,14.74,14.76,1482762.0,2966255303.00
20151118,14.73,15.28,14.15,14.30,927759.0,1799119276.00
20151119,14.32,14.52,14.15,14.52,570455.0,1073956071.00
20151120,14.59,14.63,14.31,14.39,446877.0,847490804.00
20151123,14.46,14.81,14.29,14.44,562670.0,1075766388.00
20151124,14.35,14.94,14.32,14.76,633555.0,1218563196.00
20151125,14.72,14.93,14.50,14.84,567709.0,1098411611.00
20151126,14.98,15.31,14.67,14.69,587242.0,1155284008.00
20151127,14.42,14.55,13.22,13.25,1058631.0,1929108390.00
20151130,13.34,13.65,12.79,13.39,771919.0,1344195209.00
20151201,13.38,13.61,13.26,13.58,401690.0,709970979.00
20151202,13.65,14.95,13.59,14.95,1145334.0,2173770510.00
20151203,15.15,15.96,14.84,15.30,1767958.0,3570075575.00
20151204,15.00,15.74,14.71,15.39,1453973.0,2901814584.00
20151207,15.29,15.34,14.81,15.08,871979.0,1722505815.00
20151208,14.88,15.22,14.37,14.72,833501.0,1613917373.00
20151209,14.61,14.88,14.37,14.69,594372.0,1142695128.00
20151210,14.76,15.42,14.57,14.57,1010375.0,1994463160.00
20151211,14.21,14.94,13.90,14.43,791097.0,1489037967.00
20151214,14.15,15.87,14.11,15.87,1364858.0,2720433721.00
20151215,15.97,15.97,15.30,15.37,1181713.0,2422719792.00
20151216,15.55,16.28,15.46,15.83,1421289.0,2961169881.00
20151217,16.07,16.64,15.79,16.09,1385085.0,2953213301.00
20151218,15.96,16.33,15.79,15.92,816557.0,1710443680.00
20151221,15.82,16.73,15.77,16.40,1090594.0,2350566413.00
20151222,16.35,16.63,16.15,16.47,779172.0,1678131066.00
20151223,16.57,17.78,16.46,16.59,2298142.0,5141883647.00
20151224,16.25,16.45,15.61,16.00,1298677.0,2727440386.00
20151225,15.97,16.15,15.68,15.94,746081.0,1559312864.00
20151228,16.15,16.19,15.18,15.22,1385627.0,2833552711.00
20151229,15.14,15.44,15.09,15.36,653169.0,1310593691.00
20151230,15.39,15.48,14.88,15.16,867075.0,1727117578.00
20151231,15.16,15.32,14.78,14.80,754343.0,1493124201.00
20160104,14.69,14.82,13.32,13.33,723854.0,1342611284.00
20160105,12.83,13.67,12.82,13.51,919061.0,1610673339.00
20160106,13.50,13.92,13.32,13.81,688858.0,1233813286.00
20160107,13.40,13.51,12.51,12.56,207962.0,354986716.00
20160108,12.93,13.48,12.25,12.88,1098084.0,1866186393.00
20160111,12.44,12.62,11.84,11.87,880298.0,1420465976.00
20160112,12.18,12.43,11.87,12.06,798745.0,1274184514.00
20160113,12.14,12.39,11.93,11.95,664573.0,1061669638.00
20160114,11.57,12.43,11.51,12.40,725757.0,1151838515.00
20160115,12.37,12.53,11.86,12.02,694125.0,1111419407.00
20160118,11.72,12.27,11.72,12.06,472813.0,750503985.00
20160119,12.08,12.61,11.97,12.53,678263.0,1101284618.00
20160120,12.40,12.62,12.22,12.30,535420.0,873778405.00
20160121,12.14,12.47,11.65,11.66,541117.0,860575708.00
20160122,11.83,11.92,11.41,11.79,444779.0,685263504.00
20160125,11.90,12.02,11.77,11.83,315826.0,493173123.00
20160126,11.66,11.73,10.65,10.65,748943.0,1092561601.00
20160127,10.71,10.77,9.91,10.23,891778.0,1211772454.00
20160128,10.19,10.49,9.85,9.94,816895.0,1090914430.00
20160129,9.99,10.60,9.98,10.49,917825.0,1252611999.00
20160201,10.45,10.49,10.10,10.27,513082.0,694750806.00
20160202,10.27,10.74,10.23,10.60,597882.0,831174435.00
20160203,10.47,10.56,10.29,10.51,383512.0,524583878.00
20160204,10.60,10.80,10.55,10.62,515802.0,722876148.00
20160205,10.50,10.57,10.30,10.33,571743.0,781711670.00
20160215,10.04,10.32,10.00,10.21,372622.0,496773195.00
20160216,10.33,10.85,10.30,10.80,718630.0,1006144447.00
20160217,10.79,10.94,10.66,10.90,551736.0,784446220.00
20160218,11.02,11.32,10.81,10.84,578313.0,840773221.00
20160219,10.84,10.96,10.74,10.87,390185.0,555747780.00
20160222,11.06,11.44,10.94,11.22,649953.0,955130820.00
20160223,11.24,11.24,10.87,11.03,486022.0,704981350.00
20160224,10.97,11.14,10.81,11.11,495086.0,713948229.00
20160225,11.05,11.07,10.01,10.12,686317.0,953112815.00
20160226,10.26,10.33,9.94,10.18,613799.0,822838796.00
20160229,10.12,10.13,9.50,9.74,639417.0,813399281.00
20160301,9.77,10.49,9.70,10.14,707153.0,929325438.00
20160302,10.24,11.16,10.19,11.16,1419797.0,2019650562.00
20160303,11.09,11.26,10.97,11.06,1036568.0,1510828422.00
20160304,11.00,11.25,10.81,10.99,1027722.0,1490047984.00
20160307,11.20,11.29,11.02,11.07,764030.0,1120167436.00
20160308,11.03,11.06,10.49,11.00,699093.0,985016611.00
20160309,10.68,10.88,10.60,10.72,463422.0,652159633.00
20160310,10.71,10.81,10.39,10.42,464856.0,648377766.00
20160311,10.27,10.64,10.19,10.52,444604.0,611063441.00
20160314,10.68,11.33,10.64,11.00,932042.0,1351736378.00
20160315,10.93,11.00,10.74,10.90,486702.0,695912847.00
20160316,10.91,11.16,10.79,10.87,570081.0,821601874.00
20160317,11.02,11.48,10.89,11.28,985224.0,1451608169.00
20160318,11.32,11.89,11.29,11.73,1118490.0,1711515228.00
20160321,12.24,12.91,12.17,12.91,2153804.0,3610676600.00
20160322,12.77,12.88,12.40,12.53,1300139.0,2161181828.00
20160323,12.44,12.90,12.39,12.86,931239.0,1550216042.00
20160324,12.68,12.72,12.28,12.28,933163.0,1536171643.00
20160325,12.27,12.50,12.21,12.43,580681.0,942736938.00
20160328,12.48,12.75,12.22,12.30,707375.0,1166174411.00
20160329,12.30,12.46,11.98,12.18,624117.0,1005388384.00
20160330,12.39,12.75,12.39,12.71,882374.0,1460529234.00
20160331,12.80,13.04,12.57,12.72,907130.0,1521573985.00
20160401,12.64,12.84,12.34,12.63,614095.0,1016318202.00
20160405,12.56,13.06,12.51,12.89,838036.0,1414113723.00
20160406,12.78,13.03,12.71,12.85,577652.0,975509449.00
20160407,12.91,12.98,12.49,12.53,612116.0,1017916241.00
20160408,12.43,12.43,12.10,12.28,634528.0,1020076579.00
20160411,12.77,12.93,12.64,12.66,967309.0,1623452987.00
20160412,12.48,12.65,12.41,12.57,467489.0,768326875.00
20160413,12.74,13.42,12.73,13.10,1431135.0,2469841057.00
20160414,13.18,13.28,13.05,13.23,673224.0,1164654035.00
20160415,13.16,13.27,12.97,13.10,549677.0,945003214.00
20160418,12.94,12.94,12.60,12.69,682637.0,1141044952.00
20160419,12.83,12.88,12.62,12.78,486119.0,812219598.00
20160420,12.78,12.81,11.99,12.32,777423.0,1263815758.00
20160421,12.27,12.46,12.18,12.23,507352.0,820700512.00
20160422,12.18,12.40,12.12,12.38,399413.0,645538918.00
20160425,12.26,12.28,12.04,12.16,330289.0,527544956.00
20160426,12.17,12.37,12.05,12.28,313748.0,503359371.00
20160427,12.27,12.30,12.07,12.10,346889.0,556258884.00
20160428,12.16,12.21,11.92,12.05,369911.0,585805845.00
20160429,11.99,12.09,11.95,12.03,328685.0,519483038.00
20160503,12.01,12.52,12.01,12.40,559312.0,907139384.00
20160504,12.30,12.43,12.27,12.33,360346.0,584159799.00
20160505,12.30,12.40,12.25,12.35,257413.0,416965039.00
20160506,12.37,12.43,11.95,11.95,552272.0,882433892.00
20160509,11.87,11.87,11.42,11.54,511606.0,779382944.00
20160510,11.51,11.62,11.49,11.58,227360.0,345181847.00
20160511,11.67,11.69,11.49,11.54,238695.0,363452256.00
20160512,11.42,11.68,11.27,11.67,360783.0,544946002.00
20160513,11.65,11.72,11.50,11.58,238700.0,364183940.00
20160516,11.48,11.68,11.45,11.67,195217.0,297179698.00
20160517,11.67,11.79,11.53,11.67,310670.0,475923841.00
20160518,11.59,11.66,11.44,11.61,353269.0,536345874.00
20160519,11.54,11.73,11.54,11.55,234051.0,357306934.00
20160520,11.50,11.67,11.45,11.65,213675.0,325039997.00
20160523,11.62,11.79,11.57,11.65,251396.0,386156453.00
20160524,11.62,11.64,11.54,11.56,175608.0,267179748.00
20160525,11.65,11.79,11.59,11.62,260984.0,401236685.00
20160526,11.63,11.71,11.48,11.65,232071.0,353361044.00
20160527,11.65,11.73,11.57,11.67,248650.0,380905915.00
20160530,11.61,11.73,11.50,11.68,204886.0,313590185.00
20160531,11.67,12.59,11.67,12.52,976125.0,1585487746.00
20160601,12.48,12.58,12.31,12.31,567137.0,925890995.00
20160602,12.36,12.43,12.27,12.38,335713.0,545178400.00
20160603,12.38,12.57,12.32,12.47,547982.0,896583928.00
20160606,12.54,12.56,12.33,12.36,282059.0,460142308.00
20160607,12.40,12.53,12.37,12.41,264290.0,431783642.00
20160608,12.42,12.43,12.24,12.35,299589.0,485770793.00
20160613,12.15,12.19,11.76,11.76,417055.0,659593786.00
20160614,11.73,11.92,11.67,11.80,299010.0,462911744.00
20160615,11.63,12.15,11.57,11.98,394485.0,617768424.00
20160616,11.90,11.94,11.70,11.73,326433.0,506004727.00
20160617,11.78,12.05,11.77,11.85,367717.0,576094225.00
20160620,11.87,12.04,11.80,11.99,265517.0,416105974.00
20160621,12.08,12.53,12.04,12.11,616494.0,995809901.00
20160622,12.07,12.44,12.06,12.40,449258.0,725920713.00
20160623,12.39,12.44,12.20,12.34,318659.0,515783656.00
20160624,12.40,12.53,11.70,12.17,609889.0,983988974.00
20160627,12.12,12.53,12.09,12.51,513690.0,836986901.00
20160628,12.43,12.89,12.36,12.74,712185.0,1178898513.00
20160629,12.78,12.90,12.68,12.69,531328.0,891378141.00
20160630,12.75,12.85,12.71,12.75,382849.0,643056408.00
20160701,12.78,12.86,12.58,12.62,390565.0,652453534.00
20160704,12.52,13.23,12.48,13.01,708250.0,1206832899.00
20160705,13.00,13.19,12.97,13.04,483057.0,829569919.00
20160706,13.03,13.06,12.88,13.01,390810.0,665419841.00
20160707,13.05,13.11,12.83,13.01,385141.0,656732988.00
20160708,12.97,13.09,12.91,12.97,330616.0,564772132.00
20160711,12.97,13.20,12.94,12.96,600174.0,1031672125.00
20160712,12.99,13.23,12.89,13.23,715431.0,1229786290.00
20160713,13.26,13.49,13.17,13.24,620897.0,1086747804.00
20160714,13.16,13.32,13.12,13.21,343088.0,595630020.00
20160715,13.23,13.26,13.04,13.08,320403.0,552623622.00
20160718,12.94,13.00,12.71,12.75,500758.0,843170360.00
20160719,12.77,12.85,12.68,12.78,252849.0,424086878.00
20160720,12.80,12.87,12.72,12.73,214462.0,360532402.00
20160721,12.78,12.94,12.76,12.81,357474.0,603851493.00
20160722,12.77,12.83,12.71,12.73,214543.0,359828112.00
20160725,12.72,12.80,12.69,12.70,206971.0,346502750.00
20160726,12.72,12.89,12.69,12.88,255343.0,430668599.00
20160727,12.89,12.92,12.29,12.47,484538.0,799971988.00
20160728,12.46,12.52,12.14,12.34,437984.0,708531706.00
20160729,12.35,12.46,12.22,12.37,286806.0,465921902.00
20160801,12.35,12.47,12.22,12.30,217601.0,352312752.00
20160802,12.34,12.37,12.27,12.35,137724.0,223025003.00
20160803,12.33,12.37,12.28,12.34,119764.0,194034057.00
20160804,12.36,12.40,12.27,12.37,159973.0,259275558.00
20160805,12.37,12.85,12.34,12.62,527250.0,874124723.00
20160808,12.53,12.72,12.48,12.71,282319.0,467909996.00
20160809,12.70,12.88,12.64,12.80,351015.0,588933593.00
20160810,12.78,12.92,12.68,12.79,364603.0,613845788.00
20160811,12.85,13.06,12.80,12.89,596735.0,1015390654.00
20160812,12.82,13.16,12.80,13.16,798895.0,1368368987.00
20160815,13.21,14.27,13.12,13.83,1648018.0,2964930304.00
20160816,13.77,13.99,13.71,13.80,897734.0,1635132062.00
20160817,13.96,14.53,13.80,13.83,1343643.0,2486955561.00
20160818,13.70,14.02,13.58,13.74,821827.0,1486521880.00
20160819,13.70,13.77,13.55,13.67,444441.0,797037095.00
20160822,13.64,13.74,13.42,13.48,507056.0,900570731.00
20160823,13.52,13.65,13.47,13.61,597455.0,1063060435.00
20160824,13.54,13.55,13.32,13.34,630497.0,1062393009.00
20160825,13.27,13.45,13.19,13.34,461355.0,771767666.00
20160826,13.38,13.45,13.24,13.29,366774.0,614751962.00
20160829,13.29,13.41,13.26,13.40,331718.0,555738044.00
20160830,13.42,13.52,13.34,13.41,338322.0,570159864.00
20160831,13.42,13.53,13.33,13.42,360704.0,608427687.00
20160901,13.45,13.47,13.27,13.27,371782.0,622273092.00
20160902,13.25,13.49,13.22,13.28,361574.0,605249370.00
20160905,13.35,13.42,13.22,13.30,322550.0,539557368.00
20160906,13.29,13.48,13.22,13.48,502019.0,842032118.00
20160907,13.49,13.52,13.41,13.46,477129.0,807487453.00
20160908,13.45,13.48,13.36,13.38,301742.0,507985073.00
20160909,13.39,13.69,13.36,13.46,615313.0,1045130230.00
20160912,13.22,13.33,13.11,13.16,639047.0,1061251063.00
20160913,13.23,13.26,12.98,13.02,317030.0,520343988.00
20160914,12.94,13.04,12.81,12.84,298317.0,483086048.00
20160919,12.87,12.94,12.87,12.90,277804.0,450102894.00
20160920,12.90,12.93,12.76,12.82,267774.0,432549538.00
20160921,12.86,13.01,12.79,12.93,287439.0,465355184.00
20160922,13.03,13.14,12.98,12.98,403362.0,660999990.00
20160923,13.00,13.02,12.83,12.85,273872.0,444478758.00
20160926,12.83,12.87,12.66,12.70,311437.0,498902053.00
20160927,12.66,12.88,12.64,12.87,340219.0,545269067.00
20160928,12.87,12.88,12.75,12.77,182370.0,293608491.00
20160929,12.84,13.05,12.81,12.98,343379.0,559066562.00
20160930,12.96,13.07,12.91,13.04,224544.0,366967385.00
20161010,13.14,13.35,13.06,13.31,359932.0,597131069.00
20161011,13.31,13.45,13.22,13.33,354043.0,591617549.00
20161012,13.29,13.33,13.18,13.26,256206.0,426121417.00
20161013,13.27,13.33,13.18,13.26,181035.0,301381464.00
20161014,13.27,13.31,13.14,13.26,216198.0,358741163.00
20161017,13.27,13.34,13.05,13.06,227643.0,377405715.00
20161018,13.06,13.49,13.03,13.46,532962.0,890914351.00
20161019,13.48,13.51,13.34,13.40,301018.0,507556972.00
20161020,13.41,13.49,13.35,13.46,274839.0,463628236.00
20161021,13.44,13.73,13.41,13.61,486249.0,827608074.00
20161024,13.62,14.31,13.59,14.04,1028236.0,1807207374.00
20161025,13.96,14.08,13.84,13.92,405220.0,709546033.00
20161026,13.94,14.04,13.81,13.87,371058.0,648866820.00
20161027,13.87,13.90,13.67,13.77,335502.0,579765682.00
20161028,13.90,14.24,13.82,13.82,595889.0,1050867719.00
20161031,13.70,13.99,13.55,13.86,308852.0,532778326.00
20161101,13.91,14.12,13.84,14.03,331104.0,582397024.00
20161102,14.00,14.20,13.88,13.88,364818.0,642504061.00
20161103,13.81,14.50,13.77,14.17,915179.0,1637380303.00
20161104,14.24,14.47,14.19,14.35,766443.0,1379337076.00
20161107,14.42,14.46,14.20,14.25,480997.0,866717109.00
20161108,14.41,14.54,14.27,14.33,411784.0,743069403.00
20161109,14.30,14.39,13.84,14.08,643966.0,1141997117.00
20161110,14.28,14.73,14.28,14.51,872295.0,1589381084.00
20161111,14.57,15.10,14.40,14.96,1189926.0,2205316303.00
20161114,14.89,15.61,14.82,15.20,1340915.0,2572037419.00
20161115,15.12,15.26,14.96,15.04,524432.0,992771581.00
20161116,15.08,15.37,14.99,15.26,544856.0,1037922187.00
20161117,15.14,15.33,15.02,15.26,472478.0,898574454.00
20161118,15.14,15.16,14.82,14.88,518544.0,976216195.00
20161121,14.78,15.10,14.75,14.91,432215.0,810823193.00
20161122,15.06,15.53,15.02,15.14,1107394.0,2120376141.00
20161123,15.14,15.37,15.10,15.11,679755.0,1296821901.00
20161124,15.06,15.84,15.02,15.66,1359256.0,2647005428.00
20161125,15.57,15.80,15.28,15.76,872890.0,1702675862.00
20161128,16.05,16.08,15.60,15.69,1023646.0,2035525372.00
20161129,15.53,15.89,15.30,15.69,827480.0,1619196264.00
20161130,15.61,15.74,15.41,15.57,720509.0,1405902396.00
20161201,15.53,15.74,15.45,15.74,547775.0,1073676848.00
20161202,15.73,15.80,15.35,15.39,583166.0,1139327303.00
20161205,15.06,15.15,14.38,14.42,972532.0,1795903312.00
20161206,14.47,14.76,14.46,14.67,573824.0,1053167570.00
20161207,14.64,14.71,14.52,14.68,292665.0,537950270.00
20161208,14.72,14.75,14.55,14.55,274309.0,503270710.00
20161209,14.55,14.70,14.51,14.55,251379.0,460785644.00
20161212,14.51,14.53,13.82,13.97,524769.0,927724807.00
20161213,13.98,14.06,13.84,13.96,259072.0,453853806.00
20161214,13.96,13.98,13.61,13.62,372476.0,642988914.00
20161215,13.61,13.77,13.45,13.58,346458.0,592712233.00
20161216,13.62,13.67,13.54,13.66,227666.0,389198467.00
20161219,13.66,13.66,13.45,13.47,236006.0,400380191.00
20161220,13.38,13.45,13.29,13.40,298424.0,500885237.00
20161221,13.42,13.65,13.42,13.57,264610.0,450691805.00
20161222,13.56,13.58,13.42,13.53,199095.0,337245598.00
20161223,13.48,13.52,13.37,13.37,151587.0,255359669.00
20161226,13.30,13.52,13.13,13.51,242397.0,405707228.00
20161227,13.50,13.59,13.45,13.47,159702.0,271279047.00
20161228,13.44,13.56,13.32,13.34,160379.0,269862741.00
20161229,13.34,13.52,13.26,13.34,156539.0,262799418.00
20161230,13.36,13.47,13.36,13.43,160500.0,270248250.00
20170103,13.45,13.69,13.45,13.63,246415.0,421573653.00
20170104,13.63,13.71,13.61,13.69,221303.0,379858292.00
20170105,13.71,13.77,13.65,13.72,227008.0,390608112.00
20170106,13.72,13.72,13.56,13.58,158588.0,271158688.00
20170109,13.60,13.65,13.46,13.59,140490.0,239383623.00
20170110,13.59,13.66,13.53,13.63,140028.0,239289083.00
20170111,13.68,13.91,13.62,13.76,289370.0,500669823.00
20170112,13.71,13.92,13.69,13.74,257879.0,447369562.00
20170113,13.75,13.92,13.58,13.74,209064.0,361047625.00
20170116,13.74,13.77,13.15,13.54,285266.0,484273558.00
20170117,13.45,13.53,13.32,13.48,144442.0,243668924.00
20170118,13.48,13.61,13.43,13.48,148696.0,252666080.00
20170119,13.45,13.58,13.43,13.48,119478.0,202700042.00
20170120,13.45,13.69,13.45,13.66,186092.0,318375144.00
20170123,13.69,13.88,13.68,13.80,215963.0,374000906.00
20170124,13.81,13.84,13.72,13.73,121698.0,210406532.00
20170125,13.71,13.85,13.70,13.84,149369.0,259121345.00
20170126,13.86,14.03,13.84,13.95,148786.0,260581218.00
20170203,13.98,14.00,13.72,13.74,133205.0,230727618.00
20170206,13.75,13.84,13.66,13.75,156711.0,270184206.00
20170207,13.73,13.73,13.58,13.65,158867.0,272171181.00
20170208,13.65,13.92,13.50,13.89,305640.0,526434922.00
20170209,13.82,13.99,13.81,13.88,281643.0,491740809.00
20170210,13.92,14.08,13.85,14.00,323477.0,567503714.00
20170213,14.01,14.32,14.00,14.20,405705.0,723597037.00
20170214,14.20,14.24,14.10,14.13,198227.0,352108389.00
20170215,14.14,14.30,14.07,14.08,257007.0,457769262.00
20170216,14.06,14.35,14.01,14.31,259694.0,463812282.00
20170217,14.39,14.73,14.21,14.23,475283.0,863640568.00
20170220,14.22,14.39,14.18,14.39,292136.0,525134596.00
20170221,14.47,14.71,14.43,14.47,312521.0,570597204.00
20170222,14.45,14.49,14.36,14.43,194332.0,351459375.00
20170223,14.45,14.47,14.12,14.20,295009.0,527941751.00
20170224,14.20,14.28,14.14,14.20,162117.0,289029164.00
20170227,14.21,14.22,13.96,13.96,223745.0,395182936.00
20170228,13.96,14.09,13.95,14.00,157813.0,277710401.00
20170301,14.02,14.19,14.00,14.08,199632.0,353728019.00
20170302,14.16,14.31,14.07,14.08,239458.0,426775158.00
20170303,14.02,14.08,13.95,13.98,150139.0,263957944.00
20170306,13.98,14.14,13.96,14.12,157780.0,278489539.00
20170307,14.06,14.13,13.96,14.04,206552.0,363097698.00
20170308,14.02,14.03,13.91,13.93,144736.0,253445263.00
20170309,13.89,13.89,13.72,13.74,180419.0,312277307.00
20170310,13.72,13.84,13.71,13.76,130524.0,225618733.00
20170313,13.73,13.88,13.65,13.87,188296.0,326191676.00
20170314,13.83,13.91,13.77,13.79,143612.0,249617716.00
20170315,13.80,13.85,13.77,13.79,103397.0,179311736.00
20170316,13.86,14.10,13.86,14.08,349573.0,616048609.00
20170317,14.10,14.16,13.76,13.77,302351.0,528749746.00
20170320,13.77,13.81,13.64,13.74,176202.0,303804812.00
20170321,13.73,13.77,13.61,13.69,211650.0,363091021.00
20170322,13.61,13.67,13.45,13.47,247828.0,421241977.00
20170323,13.48,13.65,13.30,13.54,203765.0,346580150.00
20170324,13.54,13.81,13.47,13.76,258073.0,441275574.00
20170327,13.73,13.88,13.69,13.75,230076.0,398177987.00
20170328,13.79,13.85,13.67,13.67,149265.0,257702162.00
20170329,13.69,13.77,13.54,13.61,173305.0,297945730.00
20170330,13.61,13.73,13.54,13.59,195709.0,335101185.00
20170331,13.62,13.66,13.53,13.61,169375.0,289059076.00
20170405,13.61,13.84,13.58,13.83,375769.0,648573953.00
20170406,13.79,13.89,13.75,13.81,254018.0,440580669.00
20170407,13.80,13.85,13.75,13.81,214478.0,371677557.00
20170410,13.81,13.82,13.61,13.62,248663.0,428024372.00
20170411,13.60,13.69,13.38,13.66,367061.0,623806058.00
20170412,13.66,13.82,13.56,13.61,379559.0,653912892.00
20170413,13.57,13.68,13.56,13.58,215571.0,368363330.00
20170414,13.59,13.59,13.37,13.39,264680.0,446995138.00
20170417,13.37,13.42,13.26,13.38,185267.0,310647846.00
20170418,13.40,13.41,13.18,13.19,198266.0,330899967.00
20170419,13.18,13.18,13.02,13.07,223643.0,367181336.00
20170420,13.07,13.12,12.98,13.06,162661.0,266185671.00
20170421,13.08,13.27,13.03,13.26,270358.0,447523748.00
20170424,13.22,13.30,13.05,13.22,182956.0,302920043.00
20170425,13.24,13.29,13.14,13.16,123026.0,203924562.00
20170426,13.20,13.48,13.18,13.33,246567.0,412809958.00
20170427,13.27,13.35,13.12,13.30,180150.0,299660224.00
20170428,13.31,13.34,13.22,13.33,124999.0,208434823.00
20170502,13.30,13.32,13.16,13.17,125312.0,208162937.00
20170503,13.17,13.26,13.06,13.10,144179.0,237735085.00
20170504,13.10,13.10,12.93,12.97,176447.0,287953015.00
20170505,12.89,12.90,12.59,12.63,382422.0,608470285.00
20170508,12.62,12.65,12.47,12.57,206883.0,326325692.00
20170509,12.56,12.63,12.51,12.58,170579.0,269031293.00
20170510,12.58,12.63,12.41,12.42,236807.0,372935002.00
20170511,12.36,12.55,12.29,12.52,248828.0,388311742.00
20170512,12.52,12.69,12.49,12.64,259798.0,411909859.00
20170515,12.67,12.88,12.63,12.82,276360.0,443936878.00
20170516,12.81,12.86,12.68,12.86,250657.0,401990963.00
20170517,12.87,12.96,12.77,12.77,259522.0,418847163.00
20170518,12.67,12.78,12.59,12.59,158681.0,252263648.00
20170519,12.59,12.68,12.51,12.53,195282.0,308047730.00
20170522,12.50,12.53,12.32,12.43,187567.0,292543123.00
20170523,12.41,12.55,12.36,12.51,267848.0,419243146.00
20170524,12.47,12.51,12.36,12.49,285123.0,445447840.00
20170525,12.49,13.29,12.45,13.26,883703.0,1437898080.00
20170526,13.14,13.37,13.12,13.21,576527.0,958017933.00
20170531,13.30,13.41,13.10,13.26,437585.0,727823030.00
20170601,13.22,13.27,13.13,13.16,251691.0,416555455.00
20170602,13.18,13.22,13.01,13.13,252516.0,415648145.00
20170605,13.09,13.22,13.00,13.14,231369.0,380861056.00
20170606,13.14,13.25,13.10,13.18,153826.0,254403521.00
20170607,13.14,13.37,13.13,13.34,314197.0,525109931.00
20170608,13.34,13.41,13.29,13.37,206578.0,346392569.00
20170609,13.37,13.57,13.29,13.37,312178.0,526922691.00
20170612,13.30,13.43,13.06,13.08,318885.0,529546689.00
20170613,13.10,13.31,13.02,13.21,209766.0,347064551.00
20170614,13.21,13.30,13.13,13.24,163948.0,272145317.00
20170615,13.25,13.45,13.21,13.37,234151.0,392319894.00
20170616,13.40,13.43,13.27,13.30,136512.0,228585013.00
20170619,13.32,13.61,13.32,13.57,363890.0,618229141.00
20170620,13.58,13.72,13.53,13.64,428949.0,733672717.00
20170621,13.78,13.85,13.47,13.58,396848.0,679424801.00
20170622,13.54,13.88,13.49,13.63,577623.0,995031430.00
20170623,13.62,13.66,13.41,13.57,292055.0,495824876.00
20170626,13.57,13.84,13.54,13.82,478965.0,826436242.00
20170627,13.81,13.84,13.70,13.75,234772.0,405378943.00
20170628,13.71,13.78,13.61,13.68,240379.0,413208932.00
20170629,13.69,13.75,13.63,13.73,165613.0,284539330.00
20170630,13.68,13.75,13.53,13.74,261895.0,448780966.00
20170703,13.72,13.75,13.57,13.65,223827.0,382748748.00
20170704,13.65,13.65,13.51,13.54,267403.0,455162806.00
20170705,13.62,13.65,13.53,13.64,309173.0,516098839.00
20170706,13.62,13.71,13.53,13.70,291336.0,487881286.00
20170707,13.64,13.89,13.55,13.81,353198.0,597174228.00
20170710,13.79,14.05,13.78,13.92,511405.0,876262294.00
20170711,13.92,14.19,13.92,13.98,673132.0,1163500562.00
20170712,14.00,14.10,13.83,13.92,421432.0,721724450.00
20170713,13.96,14.20,13.88,14.18,506467.0,877051467.00
20170714,14.20,14.29,14.11,14.17,368382.0,642440090.00
20170717,14.18,14.37,13.87,13.92,704504.0,1221307808.00
20170718,13.88,13.96,13.62,13.81,405844.0,688284634.00
20170719,13.79,14.70,13.67,14.66,1433155.0,2519746570.00
20170720,14.71,14.81,14.53,14.61,907179.0,1632960997.00
20170721,14.58,14.66,14.36,14.48,494521.0,882119944.00
20170724,14.40,14.66,14.36,14.46,507318.0,904507066.00
20170725,14.50,14.53,14.22,14.25,490316.0,864315567.00
20170726,14.30,14.43,14.16,14.31,515536.0,905339975.00
20170727,14.30,14.45,14.07,14.31,566106.0,992788504.00
20170728,14.31,14.36,14.21,14.25,248847.0,436662277.00
20170731,14.23,14.56,14.17,14.44,562523.0,996116523.00
20170801,14.49,14.76,14.45,14.60,675386.0,1213932990.00
20170802,14.64,14.87,14.49,14.64,775660.0,1401033102.00
20170803,14.62,14.71,14.42,14.49,492176.0,882071945.00
20170804,14.49,14.80,14.39,14.55,619764.0,1115520635.00
20170807,14.46,14.49,14.21,14.32,504289.0,888719770.00
20170808,14.28,14.46,14.15,14.36,421071.0,740221608.00
20170809,14.31,14.31,14.15,14.26,295775.0,517468350.00
20170810,14.19,14.40,14.07,14.17,373137.0,651749038.00
20170811,14.07,14.08,13.74,13.76,491990.0,841638328.00
20170814,13.82,13.97,13.74,13.93,302085.0,515486158.00
20170815,13.97,14.01,13.83,13.88,289352.0,495207446.00
20170816,13.86,14.02,13.79,13.92,268056.0,459558503.00
20170817,13.92,14.01,13.88,14.00,215109.0,369208002.00
20170818,13.95,13.95,13.84,13.87,248143.0,423724499.00
20170821,13.85,14.01,13.85,14.01,283917.0,486113209.00
20170822,14.00,14.05,13.90,13.95,210918.0,362586836.00
20170823,13.97,14.22,13.92,14.06,327428.0,566540454.00
20170824,14.03,14.09,13.88,13.90,215010.0,369096371.00
20170825,13.90,14.32,13.88,14.28,660529.0,1152896376.00
20170828,14.51,15.52,14.51,15.29,1884724.0,3492396655.00
20170829,15.27,15.37,15.01,15.19,717038.0,1339982632.00
20170830,15.19,15.67,15.19,15.22,868254.0,1650518803.00
20170831,15.29,15.62,15.28,15.48,695221.0,1320826330.00
20170901,15.52,15.84,15.41,15.76,894544.0,1723734290.00
20170904,15.75,15.93,15.59,15.72,532232.0,1029743973.00
20170905,15.80,16.03,15.65,15.70,558023.0,1084230136.00
20170906,15.62,15.70,15.39,15.61,483717.0,924510319.00
20170907,15.64,15.77,15.38,15.41,441234.0,846056324.00
20170908,15.44,15.50,15.25,15.29,395047.0,745387561.00
20170911,15.21,15.41,15.17,15.32,319860.0,601055689.00
20170912,15.33,15.92,15.33,15.75,791535.0,1525192544.00
20170913,15.75,15.88,15.45,15.54,438511.0,842313138.00
20170914,15.56,15.83,15.35,15.36,554987.0,1063371145.00
20170915,15.36,15.61,15.22,15.40,386071.0,731932088.00
20170918,15.52,15.76,15.45,15.69,583188.0,1122903516.00
20170919,15.73,15.75,15.32,15.44,399052.0,761294761.00
20170920,15.40,15.52,15.35,15.48,271668.0,515792194.00
20170921,15.50,15.75,15.45,15.51,458008.0,879560276.00
20170922,15.45,15.53,15.25,15.48,331167.0,626547084.00
20170925,15.45,15.47,15.29,15.34,254922.0,482163533.00
20170926,15.34,15.39,15.27,15.35,203908.0,384399532.00
20170927,15.32,15.42,15.27,15.30,177849.0,335620691.00
20170928,15.30,15.34,15.23,15.24,158628.0,298316134.00
20170929,15.32,15.59,15.32,15.44,348811.0,663552566.00
20171009,15.84,15.93,15.48,15.52,539527.0,1039552673.00
20171010,15.47,15.61,15.35,15.61,385613.0,734549749.00
20171011,15.58,15.65,15.49,15.53,221753.0,424324757.00
20171012,15.57,15.59,15.40,15.44,206504.0,392739853.00
20171013,15.44,15.49,15.32,15.40,202911.0,384006566.00
20171016,15.41,15.70,15.33,15.41,375176.0,717207180.00
20171017,15.40,15.44,15.17,15.18,314568.0,590748316.00
20171018,15.19,15.23,14.91,15.08,390866.0,722709504.00
20171019,15.05,15.06,14.73,14.75,322832.0,588684037.00
20171020,14.73,14.79,14.71,14.78,170306.0,308990298.00
20171023,14.77,14.78,14.55,14.64,246618.0,443728783.00
20171024,14.63,14.93,14.62,14.87,377674.0,687396335.00
20171025,14.85,15.04,14.79,15.01,269982.0,496251388.00
20171026,14.97,15.20,14.87,14.96,357284.0,659301165.00
20171027,14.97,15.02,14.75,14.76,240675.0,439480600.00
20171030,14.80,14.84,14.36,14.59,391689.0,698269701.00
20171031,14.50,14.53,14.34,14.42,266644.0,472894683.00
20171101,14.40,14.62,14.40,14.40,290197.0,517244752.00
20171102,14.45,14.54,14.16,14.49,415144.0,733352083.00
20171103,14.46,14.46,14.21,14.33,256323.0,451540108.00
20171106,14.34,14.36,14.14,14.23,269353.0,470942939.00
20171107,14.23,14.64,14.23,14.56,505907.0,900803096.00
20171108,14.58,15.20,14.45,14.87,694841.0,1270866805.00
20171109,14.80,14.94,14.72,14.86,310352.0,565576532.00
20171110,14.86,15.07,14.71,14.97,328642.0,602241887.00
20171113,15.01,15.20,14.83,14.87,305001.0,563326557.00
20171114,14.81,14.92,14.60,14.63,282605.0,511245983.00
20171115,14.59,14.76,14.49,14.51,240020.0,431076208.00
20171116,14.51,14.58,14.30,14.30,314305.0,557161417.00
20171117,14.30,14.49,14.30,14.45,351711.0,623118514.00
20171120,14.34,14.34,14.06,14.26,308826.0,538293482.00
20171121,14.27,15.19,14.23,14.92,939652.0,1721548651.00
20171122,14.97,15.15,14.85,14.98,675978.0,1246705205.00
20171123,14.98,15.17,14.44,14.52,533880.0,974511523.00
20171124,14.49,14.73,14.32,14.71,442545.0,790190960.00
20171127,14.60,14.72,14.45,14.62,394793.0,707554250.00
20171128,14.58,14.59,14.36,14.56,301428.0,536411467.00
20171129,14.50,14.56,14.31,14.53,276542.0,490689741.00
20171130,14.50,14.78,14.40,14.46,401250.0,720366062.00
20171201,14.45,14.59,14.28,14.31,299418.0,530131865.00
20171204,14.29,14.37,14.18,14.18,256537.0,449492952.00
20171205,14.19,14.42,14.17,14.32,396950.0,698892570.00
20171206,14.27,14.35,14.05,14.31,323322.0,564877350.00
20171207,14.27,14.33,14.19,14.19,165191.0,289545549.00
20171208,14.18,14.31,14.14,14.22,159034.0,278213907.00
20171211,14.19,14.41,14.16,14.40,273020.0,479627812.00
20171212,14.32,14.38,14.08,14.10,229254.0,400490547.00
20171213,14.11,14.17,13.96,14.05,197067.0,340090398.00
20171214,14.07,14.10,13.84,13.85,243132.0,415735748.00
20171215,13.83,13.88,13.69,13.75,207937.0,352536015.00
20171218,13.79,13.89,13.67,13.73,138632.0,234483473.00
20171219,13.75,13.88,13.73,13.86,165965.0,281823398.00
20171220,13.86,13.87,13.58,13.60,213778.0,359612614.00
20171221,13.53,13.75,13.46,13.66,271591.0,455417907.00
20171222,13.66,13.70,13.46,13.57,236948.0,394784313.00
20171225,13.54,13.64,13.46,13.50,169512.0,282398553.00
20171226,13.51,13.62,13.47,13.62,173104.0,288669206.00
20171227,13.61,13.62,13.36,13.42,224761.0,373091706.00
20171228,13.43,13.66,13.40,13.48,223914.0,372493013.00
20171229,13.50,13.62,13.49,13.57,151871.0,253013555.00
20180102,13.60,13.93,13.57,13.92,394532.0,668361311.00
20180103,13.86,14.14,13.84,14.07,438157.0,756738628.00
20180104,14.08,14.09,13.96,14.01,217811.0,375400116.00
20180105,14.01,14.17,13.92,14.05,292792.0,506243313.00
20180108,14.03,14.68,14.02,14.45,636611.0,1126259941.00
20180109,14.45,14.62,14.27,14.35,351580.0,623377710.00
20180110,14.44,14.60,14.28,14.46,380189.0,674966214.00
20180111,14.44,14.44,14.21,14.29,257757.0,452832582.00
20180112,14.31,14.49,14.27,14.34,213280.0,376572459.00
20180115,14.33,14.45,14.14,14.28,358692.0,631888826.00
20180116,14.25,14.66,14.23,14.66,416743.0,736458605.00
20180117,14.79,15.61,14.79,15.23,1366366.0,2566121372.00
20180118,15.38,15.66,15.23,15.29,794057.0,1504404949.00
20180119,15.30,15.69,15.23,15.44,898087.0,1708276881.00
20180122,15.32,15.49,15.22,15.36,520992.0,982529113.00
20180123,15.37,15.61,15.35,15.53,641735.0,1222302591.00
20180124,15.62,16.55,15.41,16.40,1433294.0,2829151764.00
20180125,16.19,16.35,16.05,16.08,643811.0,1280419768.00
20180126,16.06,16.40,16.01,16.15,612534.0,1218585445.00
20180129,16.18,16.58,15.80,15.87,750118.0,1492520095.00
20180130,15.86,15.98,15.45,15.49,578168.0,1115065229.00
20180131,15.41,15.53,15.09,15.28,585023.0,1101215222.00
20180201,15.36,15.41,14.95,15.15,762593.0,1421211984.00
20180202,15.01,15.19,14.81,15.14,514879.0,949866197.00
20180205,14.84,15.28,14.81,15.25,586455.0,1083686247.00
20180206,14.94,15.08,14.53,14.57,794279.0,1445149490.00
20180207,14.84,14.86,14.17,14.22,636450.0,1137785417.00
20180208,14.15,14.29,13.91,14.01,422193.0,732445883.00
20180209,13.67,13.72,12.66,13.14,886637.0,1428554788.00
20180212,13.14,13.26,12.94,13.01,483265.0,775078866.00
20180213,13.15,13.44,13.11,13.18,425605.0,694893272.00
20180214,13.20,13.23,13.08,13.18,195802.0,316980653.00
20180222,13.37,13.51,13.24,13.36,356020.0,585633424.00
20180223,13.40,13.63,13.32,13.49,336093.0,557234589.00
20180226,13.58,13.96,13.41,13.82,425089.0,713878739.00
20180227,13.84,13.84,13.57,13.62,312527.0,524973991.00
20180228,13.49,13.71,13.31,13.51,337397.0,559607520.00
20180301,13.40,13.61,13.35,13.55,228866.0,379994052.00
20180302,13.44,13.53,13.36,13.37,202225.0,333719885.00
20180305,13.40,13.49,13.28,13.31,171628.0,281755992.00
20180306,13.39,13.65,13.34,13.60,351357.0,583672432.00
20180307,13.57,13.70,13.44,13.45,263780.0,440234146.00
20180308,13.44,13.54,13.42,13.53,155378.0,257661220.00
20180309,13.56,13.84,13.49,13.80,380122.0,638813826.00
20180312,13.88,14.06,13.79,14.01,414549.0,710862275.00
20180313,13.94,13.97,13.75,13.75,257001.0,437178606.00
20180314,13.67,13.76,13.62,13.64,173202.0,291388226.00
20180315,13.58,13.70,13.53,13.65,166141.0,277946972.00
20180316,13.65,13.74,13.31,13.31,416413.0,692507349.00
20180319,13.38,13.46,13.28,13.34,192772.0,316607647.00
20180320,13.26,13.44,13.22,13.38,158873.0,259992334.00
20180321,13.38,13.73,13.37,13.39,331189.0,552599886.00
20180322,13.44,13.63,13.32,13.40,234511.0,388016977.00
20180323,13.01,13.13,12.57,13.01,514453.0,815913491.00
20180326,12.76,12.99,12.74,12.95,280420.0,442904029.00
20180327,13.14,13.22,13.04,13.19,277095.0,447326747.00
20180328,13.09,13.26,13.04,13.12,226147.0,365271695.00
20180329,13.18,13.40,13.01,13.32,312095.0,509170242.00
20180330,13.40,13.56,13.34,13.40,235232.0,388289429.00
20180402,13.42,13.75,13.40,13.52,370981.0,620327181.00
20180403,13.40,13.52,13.30,13.40,286773.0,472352737.00
20180404,13.47,13.62,13.27,13.27,231130.0,382853098.00
20180409,13.26,13.33,13.10,13.23,211378.0,343552164.00
20180410,13.29,13.54,13.24,13.53,311933.0,515078519.00
20180411,13.42,13.53,13.38,13.44,311967.0,515945939.00
20180412,13.48,13.56,13.32,13.32,231862.0,383464634.00
20180413,13.41,13.45,13.18,13.18,162693.0,265998572.00
20180416,13.14,13.18,12.87,12.87,240434.0,384510880.00
20180417,12.89,13.09,12.78,12.81,200077.0,318520080.00
20180418,12.99,13.01,12.81,12.97,195098.0,309990302.00
20180419,12.97,13.15,12.92,13.06,169455.0,272096591.00
20180420,13.00,13.00,12.70,12.70,194447.0,306910045.00
20180423,12.71,12.86,12.68,12.79,124417.0,195283018.00
20180424,12.81,13.18,12.81,13.10,254910.0,409254502.00
20180425,12.98,13.05,12.87,12.92,183141.0,291720121.00
20180426,12.92,12.98,12.61,12.62,202777.0,318422437.00
20180427,12.69,12.83,12.64,12.70,157207.0,245808799.00
20180502,12.85,12.90,12.68,12.72,132367.0,207882762.00
20180503,12.75,13.01,12.70,12.98,272668.0,432258462.00
20180504,13.00,13.01,12.82,12.84,153415.0,243471548.00
20180507,12.92,13.00,12.88,12.99,194612.0,309940016.00
20180508,12.94,13.13,12.91,13.07,250584.0,401565692.00
20180509,13.02,13.02,12.85,12.89,246502.0,390819782.00
20180510,12.92,12.98,12.83,12.96,244207.0,387705886.00
20180511,12.96,12.97,12.77,12.80,199684.0,315414266.00
20180514,12.80,12.92,12.79,12.85,258716.0,409022424.00
20180515,12.84,12.87,12.62,12.78,255519.0,399150115.00
20180516,12.71,12.77,12.62,12.63,174723.0,272401298.00
20180517,12.62,12.67,12.57,12.59,173190.0,268391092.00
20180518,12.57,12.74,12.57,12.73,149327.0,232439580.00
20180521,12.80,12.85,12.74,12.77,194419.0,305847373.00
20180522,12.80,12.80,12.62,12.70,145713.0,227081033.00
20180523,12.70,12.70,12.57,12.57,145907.0,226257517.00
20180524,12.56,12.61,12.33,12.36,260279.0,399058850.00
20180525,12.38,12.41,12.21,12.22,180253.0,272529002.00
20180528,12.24,12.31,12.10,12.13,162658.0,244106807.00
20180529,12.12,12.18,11.88,11.94,236670.0,349398548.00
20180530,11.83,11.84,11.48,11.49,249265.0,356953314.00
20180531,11.55,11.63,11.48,11.62,206232.0,293526522.00
20180601,11.58,11.71,11.48,11.61,247659.0,352474352.00
20180604,11.66,11.68,11.54,11.55,136174.0,194396682.00
20180605,11.59,11.64,11.52,11.64,131090.0,186607971.00
20180606,11.63,11.66,11.54,11.59,147120.0,209808271.00
20180607,11.67,11.89,11.62,11.71,283041.0,409604071.00
20180608,11.65,11.70,11.44,11.48,190076.0,269394008.00
20180611,11.43,11.57,11.41,11.48,106233.0,150126042.00
20180612,11.52,11.55,11.43,11.53,120471.0,170413005.00
20180613,11.51,11.53,11.34,11.34,142227.0,199897708.00
20180614,11.31,11.45,11.31,11.35,130315.0,182150345.00
20180615,11.36,11.40,11.17,11.31,215851.0,299471487.00
20180619,11.21,11.31,10.23,11.18,491242.0,653258028.00
20180620,10.83,11.13,10.59,10.94,271850.0,361496087.00
20180621,10.90,10.92,10.59,10.65,190493.0,251637080.00
20180622,10.57,10.73,10.45,10.68,150258.0,196172274.00
20180625,10.74,10.74,10.51,10.62,186640.0,243292013.00
20180626,10.48,10.62,10.35,10.61,190998.0,246977965.00
20180627,10.59,10.65,10.45,10.63,182148.0,236439192.00
20180628,10.57,10.90,10.55,10.61,229197.0,302060132.00
20180629,10.62,10.82,10.58,10.79,195051.0,257393355.00
20180702,10.79,10.79,10.49,10.78,325296.0,425965832.00
20180703,10.67,10.89,10.59,10.85,268299.0,354225223.00
20180704,10.80,10.83,10.63,10.80,227738.0,300952348.00
20180705,10.74,10.86,10.66,10.72,203202.0,268408486.00
20180706,10.69,10.86,10.49,10.68,205008.0,269504299.00
20180709,10.69,10.88,10.69,10.83,189389.0,251596703.00
20180710,10.81,10.89,10.77,10.83,131066.0,174308387.00
20180711,10.61,10.70,10.52,10.61,184455.0,240735586.00
20180712,10.61,10.87,10.61,10.80,221167.0,293067590.00
20180713,10.79,10.80,10.68,10.69,172387.0,227049401.00
20180716,10.69,10.73,10.61,10.65,85421.0,111871410.00
20180717,10.65,10.65,10.56,10.60,89127.0,116034639.00
20180718,10.61,10.65,10.51,10.51,98419.0,128015033.00
20180719,10.52,10.61,10.43,10.53,109299.0,141041595.00
20180720,10.49,10.87,10.44,10.78,288541.0,380297551.00
20180723,10.70,10.92,10.64,10.87,275217.0,365220753.00
20180724,10.87,11.25,10.83,11.09,452693.0,618058798.00
20180725,11.05,11.12,11.00,11.04,167759.0,228046836.00
20180726,11.09,11.13,10.92,11.00,180833.0,244728652.00
20180727,10.98,11.00,10.88,10.95,112969.0,151911505.00
20180730,10.94,11.03,10.83,10.90,126231.0,169391086.00
20180731,10.89,10.96,10.85,10.89,65772.0,88134005.00
20180801,10.92,11.01,10.72,10.78,166458.0,222092582.00
20180802,10.74,10.75,10.35,10.57,239392.0,309462436.00
20180803,10.52,10.59,10.44,10.52,107272.0,138621954.00
20180806,10.54,10.62,10.29,10.41,186367.0,239157062.00
20180807,10.42,10.79,10.35,10.77,226801.0,294531578.00
20180808,10.71,10.75,10.65,10.71,159112.0,209289300.00
20180809,10.73,10.92,10.69,10.85,130327.0,173685862.00
20180810,10.79,10.90,10.79,10.83,69573.0,92699053.00
20180813,10.76,10.83,10.65,10.82,121299.0,159918591.00
20180814,10.76,10.81,10.70,10.80,130660.0,172796613.00
20180815,10.83,10.83,10.69,10.79,165527.0,212295190.00
20180816,10.70,11.04,10.62,11.02,208902.0,271008743.00
20180817,11.04,11.09,10.92,11.06,203838.0,267702903.00
20180820,11.01,11.23,10.98,11.23,208532.0,277032036.00
20180821,11.23,11.35,11.15,11.20,192478.0,258538917.00
20180822,11.20,11.28,11.11,11.24,113653.0,151984040.00
20180823,11.23,11.36,11.15,11.26,122653.0,164904805.00
20180824,11.23,11.44,11.15,11.40,138074.0,186304768.00
20180827,11.39,11.49,11.35,11.45,130340.0,177733805.00
20180828,11.46,11.47,11.36,11.37,89063.0,121093012.00
20180829,11.36,11.38,11.24,11.36,94847.0,127797006.00
20180830,11.27,11.34,11.17,11.31,129411.0,173941924.00
20180831,11.26,11.33,11.20,11.31,123927.0,166545960.00
20180903,11.28,11.32,11.17,11.31,76802.0,103103662.00
20180904,11.31,11.37,11.20,11.31,77539.0,104530983.00
20180905,11.32,11.32,11.18,11.27,100707.0,135065887.00
20180906,11.22,11.27,11.17,11.24,72270.0,96645623.00
20180907,11.22,11.30,11.17,11.24,63839.0,85510725.00
20180910,11.15,11.22,10.93,11.15,142796.0,188560491.00
20180911,11.09,11.14,11.03,11.08,57502.0,76033981.00
20180912,11.08,11.15,11.01,11.04,52732.0,69756350.00
20180913,11.13,11.21,11.04,11.16,79826.0,105957877.00
20180914,11.17,11.21,11.14,11.16,52478.0,69911951.00
20180917,11.16,11.17,11.04,11.11,53450.0,70649186.00
20180918,11.03,11.21,11.03,11.19,70051.0,93022403.00
20180919,11.13,11.35,11.13,11.24,94868.0,127454867.00
20180920,11.24,11.30,11.20,11.30,73949.0,99240581.00
20180921,11.29,11.50,11.24,11.49,157021.0,213540741.00
20180925,11.40,11.49,11.31,11.49,138032.0,187612320.00
20180926,11.46,11.61,11.41,11.57,145341.0,199979878.00
20180927,11.53,11.57,11.46,11.56,108511.0,149011720.00
20180928,11.55,11.67,11.50,11.61,141468.0,195323454.00
20181008,11.33,11.47,11.28,11.40,129168.0,174923896.00
20181009,11.34,11.38,11.28,11.38,101318.0,136885179.00
20181010,11.37,11.40,11.18,11.39,139442.0,188182901.00
20181011,11.15,11.20,10.69,11.04,253448.0,331107985.00
20181012,10.89,10.94,10.72,10.72,135670.0,175264103.00
20181015,10.80,10.80,10.35,10.36,145336.0,183702317.00
20181016,10.36,10.43,9.65,9.74,254432.0,303600446.00
20181017,9.81,9.92,9.45,9.68,192639.0,222641374.00
20181018,9.64,9.64,9.16,9.18,343358.0,381366383.00
20181019,9.00,9.39,8.90,9.26,551592.0,600855437.00
20181022,9.48,10.18,9.41,10.18,1021385.0,1217722954.00
20181023,10.44,10.57,9.83,10.04,1184543.0,1455423764.00
20181024,9.90,10.40,9.61,10.11,972373.0,1158673275.00
20181025,9.73,10.34,9.64,10.30,631045.0,752983914.00
20181026,10.33,10.36,9.90,9.97,582289.0,701188152.00
20181029,9.90,10.11,9.74,9.86,316983.0,375289549.00
20181030,9.87,10.60,9.67,10.34,736309.0,898367220.00
20181031,10.24,10.69,10.16,10.41,545551.0,676624832.00
20181101,10.52,11.14,10.49,10.65,831951.0,1075044828.00
20181102,10.90,11.09,10.73,11.07,601740.0,785254444.00
20181105,10.99,11.05,10.72,10.89,482865.0,627169708.00
20181106,10.94,11.09,10.74,10.90,337247.0,439017908.00
20181107,10.85,10.85,10.65,10.69,403839.0,515914714.00
20181108,10.80,10.83,10.57,10.57,305669.0,388984463.00
20181109,10.52,10.68,10.47,10.57,211736.0,266957565.00
20181112,10.55,10.85,10.53,10.82,286007.0,366731327.00
20181113,10.67,11.20,10.63,11.01,486351.0,634784534.00
20181114,10.96,11.11,10.84,10.84,323161.0,422777691.00
20181115,10.82,11.27,10.81,11.17,505923.0,668568928.00
20181116,11.16,11.84,11.15,11.64,698171.0,961685030.00
20181119,11.70,12.10,11.57,11.98,566348.0,804890381.00
20181120,11.91,12.02,11.47,11.48,491666.0,687972744.00
20181121,11.41,11.61,11.28,11.55,284235.0,389211128.00
20181122,11.58,11.61,11.24,11.32,303608.0,411923225.00
20181123,11.30,11.53,10.99,11.08,279164.0,372550223.00
20181126,11.07,11.19,11.00,11.05,157603.0,208314192.00
20181127,11.18,11.19,10.94,10.99,147054.0,194156572.00
20181128,10.98,11.32,10.94,11.30,273531.0,364835974.00
20181129,11.36,11.50,11.04,11.07,245386.0,330117671.00
20181130,11.02,11.35,11.00,11.30,166346.0,221686107.00
20181203,11.78,11.99,11.58,11.61,473915.0,664998000.00
20181204,11.60,11.78,11.56,11.72,236174.0,329276951.00
20181205,11.56,11.72,11.49,11.56,202912.0,280610035.00
20181206,11.50,11.50,11.20,11.23,199160.0,268830875.00
20181207,11.31,11.34,11.20,11.25,119421.0,160461207.00
20181210,11.15,11.20,10.91,10.93,242725.0,318630605.00
20181211,10.99,11.04,10.94,11.03,129029.0,169048080.00
20181212,11.06,11.22,11.03,11.09,134991.0,179009103.00
20181213,11.15,11.33,11.07,11.21,203199.0,272161990.00
20181214,11.20,11.20,10.90,10.93,177712.0,233823161.00
20181217,10.85,11.02,10.82,11.02,147116.0,191771753.00
20181218,10.93,11.07,10.77,10.85,157078.0,204499219.00
20181219,10.87,10.94,10.78,10.78,102634.0,132549901.00
20181220,10.75,10.85,10.59,10.76,173571.0,222428774.00
20181221,10.68,10.73,10.37,10.53,210294.0,263340257.00
20181224,10.45,10.63,10.40,10.48,158107.0,198384289.00
20181225,10.36,10.48,10.16,10.43,202913.0,250418026.00
20181226,10.42,10.48,10.26,10.31,124334.0,153470685.00
20181227,10.52,10.58,10.41,10.41,175361.0,219402981.00
20181228,10.42,10.76,10.42,10.63,173242.0,219679535.00
20190102,10.65,10.69,10.19,10.26,327773.0,403390625.00
20190103,10.23,10.70,10.23,10.34,303448.0,378568794.00
20190104,10.23,11.22,10.20,11.09,577779.0,747017745.00
20190107,11.11,11.28,10.92,11.19,403051.0,535035201.00
20190108,11.11,11.37,11.03,11.14,222198.0,296313263.00
20190109,11.14,11.52,11.09,11.28,369603.0,499910723.00
20190110,11.24,11.36,11.07,11.09,226343.0,302448924.00
20190111,11.14,11.29,11.06,11.25,162109.0,216635310.00
20190114,11.31,11.37,11.15,11.20,132213.0,176811175.00
20190115,11.24,11.59,11.23,11.53,351999.0,480946653.00
20190116,11.57,11.62,11.43,11.53,206484.0,284330551.00
20190117,11.53,11.61,11.33,11.40,185143.0,253014942.00
20190118,11.45,11.62,11.41,11.58,183607.0,252819590.00
20190121,11.57,11.67,11.15,11.30,430704.0,584300751.00
20190122,11.25,11.32,10.94,10.99,421539.0,558282806.00
20190123,11.01,11.09,10.90,10.99,186616.0,244799740.00
20190124,11.06,11.32,11.00,11.17,337738.0,448632998.00
20190125,11.15,11.30,11.09,11.15,234634.0,314202144.00
20190128,11.25,11.39,10.80,10.85,530532.0,697663168.00
20190129,10.79,10.83,10.60,10.69,442180.0,563571159.00
20190130,10.65,10.77,10.53,10.54,284849.0,361478566.00
20190131,10.58,10.80,10.50,10.64,443423.0,562141001.00
20190201,10.77,10.88,10.71,10.88,511569.0,659207259.00
20190211,10.88,11.14,10.82,11.13,447962.0,585859765.00
20190212,11.09,11.27,11.04,11.15,462528.0,615209630.00
20190213,11.15,11.62,11.09,11.56,791398.0,1077300154.00
20190214,11.56,11.83,11.52,11.71,696015.0,970746999.00
20190215,11.67,11.78,11.51,11.54,518587.0,720718520.00
20190218,11.67,12.25,11.62,12.21,823827.0,1172098979.00
20190219,12.24,12.74,12.14,12.34,935288.0,1384296771.00
20190220,12.34,12.58,12.19,12.45,569216.0,840583352.00
20190221,12.31,12.96,12.19,12.45,1025975.0,1534614444.00
20190222,12.54,13.67,12.27,13.65,1648369.0,2545716167.00
20190225,14.16,15.02,13.92,15.02,2209525.0,3822444954.00
20190226,15.22,15.55,14.54,14.57,2005902.0,3585542075.00
20190227,14.47,14.83,13.95,14.26,1261771.0,2163518542.00
20190228,14.20,14.20,13.69,13.83,747308.0,1239380914.00
20190301,13.96,14.37,13.81,14.17,901926.0,1513940501.00
20190304,14.41,15.04,14.00,14.31,1371518.0,2360677023.00
20190305,14.17,14.32,14.06,14.32,744224.0,1258345826.00
20190306,14.32,15.13,14.26,14.94,1410657.0,2453425714.00
20190307,14.93,15.67,14.58,15.18,1997111.0,3598562183.00
20190308,14.55,14.63,13.66,13.67,1500480.0,2540212445.00
20190311,13.74,14.26,13.48,14.08,780089.0,1295277479.00
20190312,14.23,14.63,14.11,14.26,948593.0,1619780831.00
20190313,14.30,14.37,13.92,14.06,758680.0,1276719633.00
20190314,13.96,14.16,13.51,13.64,658521.0,1086722452.00
20190315,13.71,13.98,13.65,13.82,508089.0,838064677.00
20190318,13.83,14.12,13.53,14.09,629487.0,1041080025.00
20190319,14.08,14.17,13.91,13.98,465476.0,780374009.00
20190320,13.96,14.25,13.85,14.04,626835.0,1049578532.00
20190321,14.07,14.42,13.95,14.18,877824.0,1488304437.00
20190322,14.16,14.21,13.84,14.03,532139.0,889195833.00
20190325,13.71,13.88,13.55,13.55,528632.0,863231093.00
20190326,13.62,13.68,13.06,13.13,498693.0,794562005.00
20190327,13.12,13.22,12.88,12.98,593647.0,924327929.00
20190328,12.89,13.03,12.64,12.75,536390.0,819454372.00
20190329,12.83,13.59,12.77,13.56,1094718.0,1734188098.00
20190401,13.63,13.98,13.43,13.74,1017057.0,1662588030.00
20190402,13.78,13.95,13.62,13.67,795894.0,1308641456.00
20190403,13.58,14.14,13.51,14.10,1051713.0,1740068354.00
20190404,14.16,14.29,13.96,14.20,933821.0,1573158687.00
20190408,14.29,14.34,13.66,13.86,825606.0,1379280603.00
20190409,13.80,14.01,13.60,13.75,590197.0,969901221.00
20190410,13.79,13.84,13.42,13.67,662436.0,1075344671.00
20190411,13.61,13.70,13.37,13.40,445804.0,717416068.00
20190412,13.40,13.55,13.30,13.43,353310.0,565978478.00
20190415,13.85,13.95,13.43,13.46,696552.0,1144516778.00
20190416,13.30,13.92,13.27,13.89,747761.0,1216999218.00
20190417,13.88,14.11,13.81,13.99,694177.0,1154601890.00
20190418,13.97,14.06,13.75,13.81,492587.0,814540959.00
20190419,13.82,14.04,13.76,14.01,478755.0,793837468.00
20190422,14.08,14.12,13.57,13.60,602674.0,990712827.00
20190423,13.55,13.84,13.43,13.57,519168.0,843401287.00
20190424,13.59,13.72,13.46,13.61,323086.0,523270605.00
20190425,13.54,13.69,13.19,13.23,477596.0,765739937.00
20190426,13.17,13.48,13.15,13.21,424619.0,671951233.00
20190429,13.25,13.29,12.88,12.91,422007.0,655896513.00
20190430,13.00,13.23,12.96,13.05,337096.0,526022645.00
20190506,12.16,12.39,11.75,11.75,775456.0,1116276832.00
20190507,11.82,12.01,11.72,11.91,459379.0,649630179.00
20190508,11.71,12.00,11.58,11.78,314384.0,443785573.00
20190509,11.65,11.87,11.60,11.71,322199.0,450014302.00
20190510,11.83,12.18,11.64,12.12,460974.0,660587916.00
20190513,11.91,11.91,11.69,11.74,420376.0,589958000.00
20190514,11.57,11.78,11.54,11.61,360824.0,502106344.00
20190515,11.70,11.82,11.60,11.72,394593.0,550862436.00
20190516,11.69,11.77,11.62,11.73,291608.0,407029122.00
20190517,11.78,11.80,11.16,11.23,408616.0,558192603.00
20190520,11.03,11.26,10.94,11.10,445198.0,588348803.00
20190521,11.07,11.30,11.02,11.20,336155.0,448545053.00
20190522,11.17,11.25,10.99,11.07,230755.0,306138464.00
20190523,11.03,11.19,10.93,11.00,269600.0,355073555.00
20190524,11.01,11.09,10.97,10.98,201007.0,263953514.00
20190527,10.99,11.25,10.87,11.15,715792.0,945759285.00
20190528,11.12,11.20,11.05,11.15,428902.0,568938686.00
20190529,10.99,11.19,10.99,11.04,348439.0,460071590.00
20190530,10.97,10.99,10.89,10.95,253212.0,329992190.00
20190531,10.95,11.01,10.88,10.88,266146.0,347222781.00
20190603,10.89,11.06,10.83,10.84,316225.0,411498610.00
20190604,10.83,10.86,10.64,10.68,308377.0,394465376.00
20190605,10.79,10.84,10.69,10.73,337149.0,432750186.00
20190606,10.74,10.78,10.57,10.63,240433.0,306634458.00
20190610,10.61,10.61,10.28,10.48,352330.0,438809752.00
20190611,10.48,11.00,10.47,10.97,549232.0,709803469.00
20190612,10.94,10.99,10.82,10.85,301999.0,392467826.00
20190613,10.85,10.96,10.78,10.89,291822.0,378795625.00
20190614,10.89,10.95,10.66,10.68,249998.0,321968920.00
20190617,10.71,10.80,10.64,10.73,157703.0,201842463.00
20190618,10.73,10.77,10.58,10.68,192328.0,244335746.00
20190619,11.15,11.30,10.89,10.90,575719.0,759675503.00
20190620,10.86,11.71,10.83,11.39,1321469.0,1776583287.00
20190621,11.40,11.67,11.32,11.51,1063545.0,1459469251.00
20190624,11.67,11.89,11.57,11.67,783470.0,1094679783.00
20190625,11.65,11.76,11.32,11.61,614013.0,845052748.00
20190626,11.38,11.54,11.33,11.42,326067.0,444606336.00
20190627,11.52,11.79,11.49,11.61,476046.0,661260058.00
20190628,11.61,11.67,11.42,11.52,315380.0,432999691.00
20190701,11.92,12.05,11.80,11.91,804338.0,1144387649.00
20190702,11.88,11.94,11.77,11.85,388145.0,549337552.00
20190703,11.78,11.81,11.59,11.66,364028.0,506055705.00
20190704,11.70,11.82,11.59,11.67,274073.0,381669233.00
20190705,11.68,11.71,11.58,11.65,196431.0,272739264.00
20190708,11.66,11.66,11.25,11.30,327853.0,446155205.00
20190709,11.35,11.52,11.29,11.46,286858.0,390109609.00
20190710,11.49,11.76,11.44,11.56,354908.0,490599458.00
20190711,11.64,11.76,11.54,11.61,275425.0,382285402.00
20190712,11.64,11.77,11.57,11.74,341906.0,477657661.00
20190715,11.72,12.02,11.58,11.90,517243.0,729967113.00
20190716,11.87,11.92,11.75,11.80,253660.0,357475872.00
20190717,11.76,11.82,11.71,11.72,246455.0,345673632.00
20190718,11.67,11.70,11.52,11.53,240564.0,332795761.00
20190719,11.61,11.82,11.60,11.68,333630.0,465730178.00
20190722,11.77,11.77,11.50,11.51,256187.0,354405387.00
20190723,11.51,11.59,11.47,11.52,173715.0,238657012.00
20190724,11.55,11.70,11.54,11.63,272502.0,378504849.00
20190725,11.62,11.69,11.56,11.65,177515.0,246068019.00
20190726,11.61,11.62,11.55,11.61,157691.0,217886709.00
20190729,11.51,11.51,11.22,11.26,491732.0,663514952.00
20190730,11.26,11.45,11.25,11.35,230763.0,312832904.00
20190731,11.32,11.33,11.22,11.25,172731.0,231763951.00
20190801,11.19,11.22,11.09,11.11,200666.0,266599283.00
20190802,10.90,10.91,10.75,10.80,356421.0,459460439.00
20190805,10.78,10.88,10.68,10.68,249801.0,320571333.00
20190806,10.31,10.62,10.28,10.49,426254.0,528120823.00
20190807,10.52,10.57,10.37,10.40,178776.0,222495124.00
20190808,10.65,10.71,10.50,10.51,244541.0,308390662.00
20190809,10.55,10.57,10.34,10.37,198634.0,247047120.00
20190812,10.47,10.55,10.45,10.54,235834.0,295364536.00
20190813,10.42,10.48,10.38,10.43,136093.0,169313656.00
20190814,10.61,10.62,10.45,10.45,177778.0,223339376.00
20190815,10.21,10.47,10.19,10.44,194495.0,239277557.00
20190816,10.46,10.60,10.42,10.52,189910.0,238285442.00
20190819,10.68,11.13,10.58,11.11,633555.0,823556801.00
20190820,11.09,11.15,10.95,11.00,357604.0,471647354.00
20190821,10.97,11.04,10.93,10.96,173774.0,227401356.00
20190822,11.00,11.03,10.84,10.91,175950.0,229171763.00
20190823,10.91,11.01,10.88,10.95,166463.0,216986280.00
20190826,10.69,10.85,10.66,10.78,198704.0,255000470.00
20190827,10.84,11.29,10.84,11.13,515994.0,684130030.00
20190828,11.13,11.24,11.06,11.18,327017.0,435321634.00
20190829,11.20,11.26,11.09,11.16,198310.0,264340506.00
20190830,11.29,11.42,11.10,11.14,282511.0,378973875.00
20190902,11.20,11.51,11.15,11.44,456556.0,619499357.00
20190903,11.42,11.48,11.35,11.46,319803.0,435502799.00
20190904,11.41,11.71,11.38,11.64,442062.0,610709491.00
20190905,11.80,12.39,11.79,12.03,1066891.0,1540551193.00
20190906,12.23,12.29,11.99,12.15,450686.0,650053751.00
20190909,12.37,12.44,12.18,12.29,518253.0,761193786.00
20190910,12.26,12.31,12.03,12.18,413958.0,600335104.00
20190911,12.31,12.54,12.20,12.32,560972.0,826527553.00
20190912,12.36,12.45,12.16,12.43,442083.0,650008740.00
20190916,12.44,12.53,12.24,12.34,409509.0,605614991.00
20190917,12.24,12.28,11.90,11.96,482641.0,694702692.00
20190918,12.04,12.09,11.92,11.98,265721.0,381060676.00
20190919,12.08,12.22,12.03,12.18,254528.0,367837749.00
20190920,12.23,12.23,11.97,12.06,264241.0,380864291.00
20190923,12.04,12.04,11.75,11.85,288046.0,406856236.00
20190924,11.91,12.03,11.81,11.83,235367.0,334402037.00
20190925,11.77,11.85,11.67,11.67,228822.0,320077618.00
20190926,11.75,11.78,11.51,11.51,230088.0,319058117.00
20190927,11.53,11.61,11.51,11.58,143259.0,197601109.00
20190930,11.60,11.62,11.38,11.38,156663.0,215011469.00
20191008,11.39,11.44,11.21,11.33,188324.0,254401530.00
20191009,11.28,11.38,11.22,11.35,144890.0,195266746.00
20191010,11.36,11.48,11.33,11.46,165880.0,225898264.00
20191011,11.46,11.74,11.41,11.65,262277.0,362450248.00
20191014,11.95,12.11,11.84,11.95,437701.0,625673229.00
20191015,11.89,11.91,11.76,11.78,214112.0,301667011.00
20191016,11.88,12.02,11.74,11.75,260769.0,369390662.00
20191017,11.75,11.89,11.67,11.71,136650.0,191766214.00
20191018,11.77,11.78,11.42,11.45,254606.0,351457671.00
20191021,11.41,11.46,11.26,11.44,178900.0,242601102.00
20191022,11.47,11.58,11.41,11.55,144219.0,197834863.00
20191023,11.58,11.59,11.41,11.44,121279.0,166142121.00
20191024,11.46,11.57,11.41,11.46,111970.0,153271661.00
20191025,11.46,11.64,11.36,11.58,178480.0,245324694.00
20191028,11.61,11.84,11.59,11.80,218190.0,304780525.00
20191029,11.81,11.83,11.58,11.58,170076.0,236562681.00
20191030,11.56,11.61,11.47,11.51,140102.0,192532389.00
20191031,11.57,11.61,11.47,11.51,113162.0,155817850.00
20191101,11.47,11.72,11.42,11.67,219584.0,304106912.00
20191104,11.72,11.85,11.67,11.76,222715.0,312434641.00
20191105,11.78,12.01,11.74,11.89,366291.0,519462097.00
20191106,11.90,11.91,11.68,11.72,248052.0,348425940.00
20191107,11.70,11.84,11.67,11.74,195395.0,273550270.00
20191108,11.85,11.88,11.56,11.56,257211.0,359329861.00
20191111,11.52,11.52,11.22,11.24,329465.0,446313553.00
20191112,11.21,11.30,11.15,11.26,186927.0,250307996.00
20191113,11.25,11.25,11.11,11.17,152091.0,202812083.00
20191114,11.19,11.25,11.14,11.17,133890.0,178579450.00
20191115,11.20,11.24,11.05,11.07,171642.0,227651339.00
20191118,11.05,11.20,10.99,11.18,151205.0,200680746.00
20191119,11.13,11.30,11.11,11.28,143301.0,191908491.00
20191120,11.28,11.28,11.09,11.10,135714.0,180801952.00
20191121,11.05,11.17,11.03,11.10,101262.0,134119529.00
20191122,11.10,11.26,11.04,11.13,161832.0,214844100.00
20191125,11.11,11.25,11.05,11.25,164880.0,219592247.00
20191126,11.28,11.29,11.17,11.22,183730.0,245666831.00
20191127,11.20,11.21,11.10,11.15,95330.0,126753075.00
20191128,11.14,11.20,11.11,11.15,70403.0,93577203.00
20191129,11.14,11.25,11.13,11.19,108323.0,144396186.00
20191202,11.32,11.36,11.24,11.28,167572.0,225843838.00
20191203,11.20,11.34,11.20,11.33,123301.0,165695890.00
20191204,11.30,11.34,11.25,11.31,98422.0,132547956.00
20191205,11.35,11.47,11.34,11.45,210777.0,286790968.00
20191206,11.51,11.70,11.51,11.63,322350.0,445668091.00
20191209,11.74,11.82,11.62,11.72,296150.0,413918891.00
20191210,11.68,11.76,11.64,11.70,177177.0,247051446.00
20191211,11.75,11.82,11.63,11.68,227160.0,317367661.00
20191212,11.69,11.70,11.55,11.55,224249.0,309895455.00
20191213,11.76,12.03,11.68,11.94,689121.0,960123697.00
20191216,11.95,12.17,11.85,12.10,574088.0,810926107.00
20191217,12.10,12.80,12.05,12.46,937650.0,1372696233.00
20191218,12.48,12.83,12.43,12.62,879420.0,1310034901.00
20191219,12.66,12.66,12.47,12.61,419842.0,619227816.00
20191220,12.61,12.83,12.50,12.53,708259.0,1055174854.00
20191223,12.54,12.59,12.12,12.14,599459.0,869754859.00
20191224,12.22,12.28,12.15,12.26,289153.0,414849676.00
20191225,12.25,12.40,12.13,12.28,296061.0,426845321.00
20191226,12.30,12.61,12.30,12.61,384415.0,561058515.00
20191227,12.61,12.78,12.34,12.34,653185.0,966866619.00
20191230,12.30,13.14,12.25,13.02,1099302.0,1653565422.00
20191231,12.93,13.04,12.80,12.91,566957.0,860254350.00
20200102,13.19,13.32,12.97,13.16,870416.0,1346946896.00
20200103,13.10,13.33,13.07,13.22,521390.0,809501544.00
20200106,13.07,13.50,13.03,13.25,720774.0,1124074877.00
20200107,13.29,13.44,13.11,13.33,442888.0,690531921.00
20200108,13.18,13.21,12.81,12.84,604632.0,923091926.00
20200109,13.07,13.16,12.99,13.11,395163.0,607187988.00
20200110,13.28,13.39,13.14,13.19,502652.0,783761275.00
20200113,13.10,13.33,12.89,13.30,479941.0,739176759.00
20200114,13.30,13.37,13.11,13.11,339674.0,528711287.00
20200115,13.10,13.16,12.95,13.01,258418.0,395994363.00
20200116,13.06,13.07,12.85,12.89,303230.0,461098097.00
20200117,12.94,13.10,12.88,12.92,303451.0,463078055.00
20200120,12.92,13.21,12.88,13.18,351304.0,540214983.00
20200121,13.20,13.33,13.06,13.11,420894.0,651651371.00
20200122,13.04,13.27,12.81,13.15,423285.0,647294313.00
20200123,13.02,13.05,12.48,12.60,553759.0,831149160.00
20200203,11.34,11.34,11.34,11.34,171211.0,228224263.00
20200204,11.06,11.62,11.06,11.54,721527.0,966603077.00
20200205,11.58,11.97,11.47,11.67,499693.0,687995807.00
20200206,11.64,12.02,11.58,11.94,478164.0,663800859.00
20200207,11.89,11.99,11.79,11.95,416968.0,582644564.00
20200210,11.86,12.09,11.84,12.08,363235.0,512931881.00
20200211,12.19,12.43,12.08,12.08,426184.0,612811488.00
20200212,12.09,12.43,12.08,12.34,423800.0,610021058.00
20200213,12.30,12.36,12.06,12.11,339473.0,486162676.00
20200214,12.13,12.49,12.09,12.36,510805.0,738948279.00
20200217,12.62,12.97,12.53,12.89,734264.0,1098569411.00
20200218,12.88,12.98,12.68,12.82,443479.0,668633632.00
20200219,12.76,13.08,12.76,12.82,500437.0,760842580.00
20200220,12.85,13.59,12.78,13.45,1008242.0,1561519757.00
20200221,13.44,13.70,13.19,13.31,956805.0,1505870723.00
20200224,13.17,13.35,13.09,13.20,713551.0,1106221367.00
20200225,12.89,13.16,12.63,13.12,853686.0,1299741369.00
20200226,12.92,13.31,12.88,13.02,744452.0,1148897349.00
20200227,13.05,13.33,13.00,13.05,485835.0,749432390.00
20200228,12.68,12.83,12.34,12.34,674377.0,996834155.00
20200302,12.49,13.05,12.43,12.93,603798.0,907219450.00
20200303,13.17,13.32,12.95,13.05,664601.0,1025431121.00
20200304,13.00,13.28,12.95,13.28,644966.0,996150463.00
20200305,13.48,13.75,13.23,13.59,1046942.0,1663476843.00
20200306,13.33,13.45,13.06,13.15,730284.0,1135474547.00
20200309,12.89,12.98,12.64,12.70,651355.0,981122028.00
20200310,12.66,13.05,12.52,13.01,609964.0,920639945.00
20200311,12.98,13.03,12.71,12.72,401117.0,606700305.00
20200312,12.57,12.67,12.42,12.50,407117.0,599157215.00
20200313,11.91,12.51,11.78,12.40,572386.0,815338002.00
20200316,12.44,12.47,11.83,11.84,480262.0,685302579.00
20200317,11.98,12.14,11.61,11.81,453814.0,630178257.00
20200318,11.88,11.98,11.50,11.51,373122.0,516939823.00
20200319,11.53,11.75,11.28,11.62,416272.0,563328990.00
20200320,11.71,11.78,11.52,11.76,255459.0,350363548.00
20200323,11.44,11.62,11.34,11.41,253136.0,341004006.00
20200324,11.57,11.70,11.43,11.66,266275.0,362729390.00
20200325,11.92,11.96,11.79,11.87,315820.0,441127437.00
20200326,11.82,11.91,11.72,11.73,185437.0,257250138.00
20200327,11.88,11.97,11.72,11.75,278190.0,386652369.00
20200330,11.66,11.71,11.49,11.61,249474.0,340183843.00
20200331,11.74,11.77,11.60,11.64,190393.0,261723645.00
20200401,11.64,11.80,11.57,11.60,197516.0,271643824.00
20200402,11.60,11.79,11.56,11.79,217405.0,298547160.00
20200403,11.71,11.75,11.62,11.66,145671.0,200141931.00
20200407,11.87,11.93,11.77,11.88,370411.0,516157249.00
20200408,11.81,11.89,11.74,11.84,168262.0,233796182.00
20200409,11.96,12.04,11.88,11.89,261396.0,367278894.00
20200410,11.88,11.91,11.73,11.75,219396.0,304111466.00
20200413,11.68,11.73,11.62,11.66,131944.0,180734264.00
20200414,11.70,12.04,11.66,11.92,313268.0,436675036.00
20200415,11.86,12.00,11.74,11.76,239885.0,334520912.00
20200416,11.72,11.94,11.68,11.82,262469.0,365282318.00
20200417,11.91,11.94,11.79,11.82,228713.0,319055720.00
20200420,11.85,11.92,11.79,11.88,143589.0,200177849.00
20200421,11.83,11.83,11.59,11.66,289589.0,397266792.00
20200422,11.58,11.69,11.56,11.66,213046.0,291080144.00
20200423,11.69,11.71,11.58,11.60,151688.0,207319288.00
20200424,11.57,11.64,11.39,11.42,222747.0,300630072.00
20200427,11.42,11.51,11.35,11.37,194627.0,261341728.00
20200428,11.46,11.55,11.24,11.45,231161.0,310795694.00
20200429,11.35,11.51,11.33,11.47,159659.0,214640839.00
20200430,11.54,11.70,11.53,11.67,282099.0,385922630.00
20200506,11.49,11.68,11.42,11.67,272337.0,369295211.00
20200507,11.66,11.70,11.58,11.58,181867.0,248799158.00
20200508,11.68,11.88,11.65,11.76,288919.0,399153978.00
20200511,11.77,11.84,11.63,11.69,210744.0,290511420.00
20200512,11.74,11.77,11.59,11.65,150994.0,207087278.00
20200513,11.65,11.67,11.53,11.63,188834.0,257115197.00
20200514,11.57,11.58,11.49,11.50,154419.0,209214562.00
20200515,11.62,11.72,11.58,11.59,240647.0,329472384.00
20200518,11.53,11.58,11.47,11.49,213424.0,288845829.00
20200519,11.59,11.63,11.56,11.59,183460.0,249941624.00
20200520,11.59,11.65,11.53,11.56,167356.0,227952241.00
20200521,11.60,11.62,11.46,11.48,160592.0,217354963.00
20200522,11.42,11.45,11.14,11.16,337946.0,447940846.00
20200525,11.16,11.21,11.09,11.14,157537.0,206210439.00
20200526,11.19,11.27,11.17,11.25,126636.0,167051401.00
20200527,11.20,11.23,11.18,11.20,110812.0,145857028.00
20200528,11.22,11.42,11.19,11.26,191414.0,253829385.00
20200529,11.22,11.28,11.20,11.22,114012.0,150477861.00
20200601,11.47,11.68,11.41,11.57,487908.0,662215936.00
20200602,11.55,11.65,11.50,11.54,228184.0,309777373.00
20200603,11.62,11.65,11.45,11.45,237052.0,321650750.00
20200604,11.51,11.52,11.40,11.43,162586.0,218653490.00
20200605,11.55,11.72,11.51,11.69,455715.0,622054394.00
20200608,11.79,11.83,11.59,11.61,330503.0,453921573.00
20200609,11.60,11.79,11.60,11.71,285134.0,392176253.00
20200610,11.69,11.70,11.51,11.54,245864.0,334211392.00
20200611,11.57,11.69,11.42,11.45,280352.0,380018892.00
20200612,11.28,11.45,11.25,11.40,234698.0,313407177.00
20200615,11.45,11.62,11.41,11.41,332829.0,450729984.00
20200616,11.53,11.58,11.45,11.51,206934.0,279671794.00
20200617,11.53,11.53,11.44,11.50,183471.0,247616953.00
20200618,11.51,11.68,11.45,11.58,291351.0,396017633.00
20200619,11.58,11.91,11.56,11.84,701185.0,968935046.00
20200622,11.84,12.57,11.76,12.15,967960.0,1389183562.00
20200623,12.08,12.28,11.96,12.23,547927.0,781209825.00
20200624,12.25,12.47,12.15,12.23,453903.0,653720227.00
20200629,12.05,12.08,11.76,11.81,568736.0,793453858.00
20200630,11.89,12.23,11.75,12.02,782045.0,1098831931.00
20200701,12.00,12.45,11.91,12.43,805209.0,1154234932.00
20200702,12.40,13.33,12.36,13.21,1540141.0,2333403408.00
20200703,13.34,14.24,13.10,14.09,2265745.0,3630573517.00
20200706,14.47,15.50,14.32,15.50,3024466.0,5342044947.00
20200707,15.49,15.49,14.62,14.80,2419571.0,4266957245.00
20200708,14.72,16.06,14.68,15.47,2620501.0,4696258883.00
20200709,15.67,16.07,15.23,15.70,2416762.0,4454513517.00
20200710,15.22,15.59,14.98,15.02,1748363.0,3137402397.00
20200713,14.47,15.05,13.90,14.71,4188967.0,7131154968.00
20200714,14.42,14.55,14.06,14.42,2186500.0,3687872658.00
20200715,14.59,14.68,14.13,14.15,1795719.0,3035539385.00
20200716,14.23,14.42,13.44,13.54,1477670.0,2432148047.00
20200717,13.66,13.71,12.87,13.05,1419935.0,2204158421.00
20200720,13.28,13.79,13.21,13.65,1275313.0,2019806194.00
20200721,13.75,13.76,13.37,13.48,835390.0,1325529116.00
20200722,13.52,14.02,13.45,13.61,1244901.0,2014022448.00
20200723,13.45,13.67,13.19,13.54,903199.0,1425298520.00
20200724,13.45,13.64,12.78,12.89,965485.0,1493131214.00
20200727,12.94,13.00,12.65,12.89,616533.0,931423150.00
20200728,12.95,13.09,12.85,12.95,515585.0,784686730.00
20200729,12.89,13.36,12.86,13.31,846532.0,1313133053.00
20200730,13.36,13.37,13.14,13.17,583444.0,907563548.00
20200731,13.10,13.50,13.10,13.28,806743.0,1261337441.00
20200803,13.50,13.69,13.32,13.68,878786.0,1393011000.00
20200804,13.73,14.02,13.56,13.77,955320.0,1548259138.00
20200805,13.80,13.80,13.53,13.67,553205.0,869002133.00
20200806,13.66,14.15,13.48,14.01,815547.0,1289923660.00
20200807,13.73,13.82,13.33,13.53,1058894.0,1652931965.00
20200810,13.44,13.87,13.35,13.72,833576.0,1307711297.00
20200811,13.70,13.86,13.39,13.43,676006.0,1059955958.00
20200812,13.42,13.53,13.20,13.40,516656.0,793748493.00
20200813,13.46,13.59,13.33,13.46,439763.0,681117495.00
20200814,13.40,13.64,13.36,13.62,439157.0,681669769.00
20200817,13.82,14.42,13.81,14.15,1519665.0,2462202589.00
20200818,14.05,14.18,13.90,13.99,694755.0,1120382368.00
20200819,13.97,14.06,13.77,13.80,556139.0,889639860.00
20200820,13.74,13.74,13.53,13.58,411028.0,644225104.00
20200821,13.66,13.78,13.61,13.77,376686.0,593392333.00
20200824,13.82,14.01,13.73,13.82,416664.0,665147947.00
20200825,13.86,13.97,13.67,13.68,392683.0,623855269.00
20200826,13.66,13.73,13.37,13.43,487693.0,757843237.00
20200827,13.45,13.62,13.39,13.53,305544.0,474446149.00
20200828,13.51,13.87,13.49,13.86,509684.0,802936917.00
20200831,14.12,14.64,14.06,14.06,1555993.0,2568244685.00
20200901,14.14,14.46,14.14,14.39,918759.0,1513162106.00
20200902,14.39,14.47,14.23,14.34,761956.0,1258628245.00
20200903,14.39,14.57,14.26,14.45,765361.0,1268871479.00
20200904,14.23,14.32,14.06,14.18,601762.0,982056673.00
20200907,14.16,14.25,13.77,13.79,598144.0,963831750.00
20200908,13.85,14.39,13.75,14.32,884555.0,1437110412.00
20200909,14.13,14.26,14.01,14.02,623793.0,1013104365.00
20200910,14.18,14.19,13.75,13.78,594464.0,956237037.00
20200911,13.75,13.93,13.62,13.92,433038.0,686432720.00
20200914,13.93,13.97,13.80,13.92,341388.0,544334224.00
20200915,13.93,13.96,13.80,13.86,315905.0,503942239.00
20200916,13.84,14.05,13.75,13.81,400779.0,640587640.00
20200917,13.80,13.89,13.62,13.71,379377.0,599041437.00
20200918,13.73,14.48,13.69,14.39,1097893.0,1790432285.00
20200921,14.67,14.74,14.27,14.29,961290.0,1600554142.00
20200922,14.19,14.66,14.13,14.22,794141.0,1311089384.00
20200923,14.28,14.33,13.93,13.99,631385.0,1023901266.00
20200924,13.90,14.01,13.73,13.79,490772.0,781257564.00
20200925,13.81,13.98,13.69,13.86,556607.0,885649488.00
20200928,13.74,13.90,13.72,13.84,375320.0,596367688.00
20200929,13.89,13.97,13.84,13.86,314878.0,503370412.00
20200930,13.87,13.92,13.62,13.73,417866.0,661741334.00
20201009,13.90,13.97,13.80,13.92,439394.0,702383824.00
20201012,14.04,14.39,14.03,14.35,813980.0,1336886065.00
20201013,14.25,14.26,14.09,14.18,478478.0,779169105.00
20201014,14.17,14.21,14.07,14.15,318261.0,517291312.00
20201015,14.18,14.33,14.13,14.14,372068.0,607851100.00
20201016,14.14,14.29,14.13,14.20,367910.0,600764297.00
20201019,14.33,14.39,14.01,14.02,472051.0,771104902.00
20201020,14.01,14.05,13.82,14.02,353867.0,567048234.00
20201021,14.00,14.09,13.87,14.00,245408.0,393846171.00
20201022,13.99,14.17,13.90,14.01,297678.0,479519217.00
20201023,14.02,14.22,13.94,13.96,422080.0,683654639.00
20201026,13.94,13.94,13.62,13.66,507608.0,801789443.00
20201027,13.65,13.71,13.46,13.59,312341.0,487079801.00
20201028,13.58,13.78,13.53,13.71,287774.0,451892543.00
20201029,13.60,13.93,13.54,13.81,357590.0,564946210.00
20201030,13.77,13.88,13.38,13.39,419992.0,657702318.00
20201102,13.39,13.62,13.26,13.42,421062.0,650412149.00
20201103,13.45,13.81,13.45,13.73,420410.0,660275415.00
20201104,13.74,13.86,13.62,13.74,333783.0,527270356.00
20201105,13.92,14.06,13.87,13.95,444487.0,713349952.00
20201106,13.96,14.13,13.86,13.97,474972.0,763693994.00
20201109,14.18,15.37,14.15,15.37,1858932.0,3189842122.00
20201110,15.97,16.14,15.48,15.56,2983647.0,5423525933.00
20201111,15.52,15.85,14.86,14.92,1867182.0,3284383836.00
20201112,14.93,15.12,14.73,14.80,830944.0,1424509059.00
20201113,14.82,14.86,14.49,14.65,695262.0,1171577233.00
20201116,14.85,14.90,14.62,14.79,715213.0,1212943521.00
20201117,14.73,14.74,14.41,14.62,699672.0,1169591332.00
20201118,14.64,14.92,14.51,14.59,819593.0,1383294346.00
20201119,14.51,14.73,14.28,14.64,640405.0,1067229902.00
20201120,14.59,14.65,14.46,14.61,433633.0,726246021.00
20201123,14.60,15.12,14.48,14.81,1274459.0,2172696573.00
20201124,14.81,14.82,14.62,14.67,609546.0,1030758430.00
20201125,14.77,14.93,14.44,14.44,702725.0,1186579035.00
20201126,14.43,14.58,14.32,14.49,502934.0,834383574.00
20201127,14.49,14.73,14.44,14.73,563196.0,943041020.00
20201130,14.82,15.35,14.73,14.73,1559720.0,2698836007.00
20201201,14.68,15.28,14.57,15.13,1148699.0,1974089676.00
20201202,15.13,15.35,14.96,15.04,968499.0,1682893658.00
20201203,15.03,15.26,15.00,15.13,718276.0,1248617814.00
20201204,15.02,15.07,14.75,14.84,652290.0,1113712104.00
20201207,14.82,14.87,14.48,14.49,602336.0,1013897951.00
20201208,14.55,14.63,14.45,14.46,378978.0,632881742.00
20201209,14.48,14.56,14.03,14.06,566928.0,933804421.00
20201210,14.02,14.15,13.92,14.05,448596.0,724298073.00
20201211,14.06,14.08,13.59,13.82,653227.0,1038674711.00
20201214,13.79,13.87,13.72,13.86,317663.0,504542633.00
20201215,13.86,13.93,13.72,13.90,343071.0,545134754.00
20201216,13.92,13.95,13.79,13.79,254425.0,405384420.00
20201217,13.79,14.13,13.64,14.10,529336.0,847219166.00
20201218,14.11,14.13,13.92,13.95,330359.0,531283508.00
20201221,13.97,14.10,13.82,14.03,396419.0,636802410.00
20201222,14.00,14.00,13.48,13.49,576609.0,910568702.00
20201223,13.56,13.67,13.39,13.59,417660.0,650115064.00
20201224,13.56,13.68,13.39,13.43,329772.0,512030754.00
20201225,13.51,13.76,13.41,13.67,392934.0,615225163.00
20201228,13.62,13.79,13.48,13.58,383914.0,601066694.00
20201229,13.66,13.83,13.57,13.60,436121.0,686279276.00
20201230,13.56,13.77,13.51,13.75,480258.0,754984641.00
20201231,13.79,14.29,13.79,14.16,920290.0,1490916282.00
20210104,14.35,14.42,13.98,14.17,851439.0,1386425284.00
20210105,14.05,14.18,13.87,14.10,815742.0,1315628491.00
20210106,14.09,14.30,13.93,14.06,705749.0,1142695743.00
20210107,14.09,14.16,13.78,14.07,723790.0,1164471366.00
20210108,14.08,14.66,14.00,14.39,1258024.0,2067795454.00
20210111,14.47,14.65,13.99,14.06,1036206.0,1705512103.00
20210112,13.98,15.05,13.89,14.86,1783027.0,2970269957.00
20210113,14.70,14.82,14.39,14.48,1186996.0,1992834349.00
20210114,14.49,14.78,14.37,14.47,1002924.0,1678570828.00
20210115,14.50,14.83,14.46,14.63,912463.0,1534797488.00
20210118,14.66,15.25,14.62,14.94,1304197.0,2247480923.00
20210119,14.96,15.68,14.92,15.13,1727631.0,3034825678.00
20210120,15.13,15.35,14.88,15.03,1094047.0,1898141852.00
20210121,15.17,15.46,14.92,15.07,1231327.0,2145074989.00
20210122,14.93,15.01,14.44,14.65,1195307.0,2018686001.00
20210125,14.64,15.00,14.57,14.80,1017755.0,1735022137.00
20210126,14.73,14.90,14.25,14.29,890751.0,1487253613.00
20210127,14.37,14.55,14.26,14.30,534220.0,883255102.00
20210128,14.07,14.30,14.02,14.11,602772.0,978507217.00
20210129,14.18,14.24,13.64,13.80,642728.0,1026208743.00
20210201,13.85,14.09,13.76,13.93,557058.0,892055195.00
20210202,13.93,13.98,13.67,13.92,543850.0,865242468.00
20210203,13.92,14.05,13.78,13.78,416161.0,665070912.00
20210204,13.73,13.73,13.31,13.48,596337.0,926344239.00
20210205,13.52,13.60,13.37,13.39,411910.0,638429923.00
20210208,13.40,13.56,13.32,13.47,365094.0,564738474.00
20210209,13.48,13.81,13.33,13.78,598088.0,936168642.00
20210210,13.78,13.86,13.61,13.79,465282.0,735850974.00
20210218,14.00,14.13,13.87,13.99,579502.0,931923383.00
20210219,13.93,14.68,13.88,14.66,856229.0,1407186189.00
20210222,14.70,14.89,14.39,14.39,987583.0,1663322816.00
20210223,14.33,14.55,14.26,14.39,579203.0,959842254.00
20210224,14.40,14.51,14.05,14.17,641436.0,1055734317.00
20210225,14.20,14.53,14.11,14.27,725721.0,1195542282.00
20210226,14.03,14.14,13.87,13.93,600604.0,967110994.00
20210301,14.00,14.05,13.64,13.83,653936.0,1036740159.00
20210302,13.84,13.90,13.67,13.73,378982.0,600607078.00
20210303,13.66,13.96,13.66,13.95,433830.0,690562179.00
20210304,13.86,13.87,13.62,13.67,531839.0,838880122.00
20210305,13.58,14.01,13.57,13.93,686533.0,1093948904.00
20210308,14.03,14.13,13.73,13.73,506316.0,812191190.00
20210309,13.69,13.79,13.40,13.55,483014.0,755259374.00
20210310,13.63,13.66,13.46,13.52,289724.0,451095845.00
20210311,13.57,13.71,13.49,13.69,313143.0,490579642.00
20210312,13.66,13.86,13.52,13.69,453657.0,712640594.00
20210315,13.59,13.61,13.44,13.50,371268.0,577384761.00
20210316,13.52,13.61,13.46,13.58,247353.0,385166674.00
20210317,13.53,13.60,13.48,13.55,298040.0,463994555.00
20210318,13.59,13.62,13.51,13.51,248610.0,387661304.00
20210319,13.42,13.46,13.35,13.40,325888.0,501965285.00
20210322,13.44,13.67,13.41,13.59,328178.0,510825733.00
20210323,13.56,13.73,13.49,13.65,367804.0,575673403.00
20210324,13.59,13.91,13.56,13.66,546912.0,863863507.00
20210325,13.60,13.72,13.53,13.56,269931.0,422346777.00
20210326,13.56,13.62,13.51,13.59,232720.0,363099167.00
20210329,13.59,14.06,13.55,13.86,602252.0,957190457.00
20210330,13.75,13.82,13.70,13.74,317119.0,500966757.00
20210331,13.73,13.73,13.55,13.63,293245.0,459079277.00
20210401,13.63,13.79,13.60,13.79,264958.0,416403824.00
20210402,13.81,13.83,13.70,13.75,323052.0,510939822.00
20210406,13.83,13.86,13.73,13.76,214466.0,339631217.00
20210407,13.74,13.78,13.59,13.72,227334.0,357637260.00
20210408,13.67,13.86,13.64,13.73,288672.0,456665608.00
20210409,13.72,13.74,13.62,13.66,222766.0,350022241.00
20210412,13.61,13.64,13.29,13.32,350087.0,542063581.00
20210413,13.32,13.35,12.89,13.00,456485.0,687989814.00
20210414,13.01,13.09,12.95,13.07,265519.0,397405907.00
20210415,13.03,13.03,12.82,12.86,272541.0,403561023.00
20210416,12.87,13.03,12.86,13.01,219687.0,326965744.00
20210419,12.96,13.26,12.88,13.26,372251.0,561834827.00
20210420,13.20,13.28,13.06,13.07,256634.0,388112487.00
20210421,13.03,13.10,12.98,12.99,177002.0,265009048.00
20210422,13.02,13.09,12.97,12.98,193251.0,289283320.00
20210423,12.95,13.01,12.92,12.96,191388.0,284950730.00
20210426,12.96,13.03,12.70,12.71,374620.0,554176230.00
20210427,12.71,12.79,12.55,12.76,315953.0,459802855.00
20210428,12.71,12.77,12.67,12.76,159706.0,233746981.00
20210429,12.77,13.17,12.74,13.06,453789.0,679552319.00
20210430,13.00,13.03,12.84,12.92,246381.0,365944876.00
20210506,12.94,13.04,12.84,12.86,208022.0,309188011.00
20210507,12.92,12.93,12.83,12.85,206246.0,305312723.00
20210510,12.84,12.87,12.62,12.72,263656.0,385179903.00
20210511,12.64,12.88,12.62,12.84,225861.0,331262672.00
20210512,12.79,12.86,12.72,12.84,157714.0,232097020.00
20210513,12.79,12.90,12.74,12.78,169951.0,250522433.00
20210514,12.79,13.41,12.79,13.38,901059.0,1366445835.00
20210517,13.19,13.28,13.05,13.10,489917.0,740764534.00
20210518,13.11,13.22,13.06,13.11,242411.0,365903831.00
20210519,13.09,13.13,12.99,12.99,225909.0,339055460.00
20210520,13.00,13.26,12.99,13.14,340894.0,514566923.00
20210521,13.16,13.19,13.02,13.03,197906.0,297703543.00
20210524,13.06,13.31,13.06,13.19,361984.0,549572492.00
20210525,13.21,13.62,13.16,13.53,787256.0,1221787857.00
20210526,13.56,13.80,13.50,13.55,669775.0,1050490656.00
20210527,13.51,13.65,13.46,13.52,390822.0,608115950.00
20210528,13.52,14.42,13.50,14.06,1297662.0,2088373076.00
20210531,14.06,14.06,13.76,13.92,714831.0,1140692884.00
20210601,13.81,13.89,13.62,13.83,444266.0,702971345.00
20210602,13.82,13.87,13.49,13.53,376881.0,590481820.00
20210603,13.56,13.70,13.48,13.50,326409.0,510290098.00
20210604,13.45,13.86,13.41,13.55,421244.0,659408193.00
20210607,13.57,13.82,13.49,13.70,370642.0,584048275.00
20210608,13.66,13.86,13.64,13.74,319324.0,505539480.00
20210609,13.79,13.82,13.55,13.60,242931.0,381630520.00
20210610,13.59,13.73,13.55,13.58,242591.0,380019934.00
20210611,13.64,13.66,13.31,13.36,308416.0,477228237.00
20210615,13.32,13.35,13.02,13.07,341291.0,515803471.00
20210616,13.17,13.18,13.02,13.09,289046.0,435044599.00
20210617,13.06,13.15,13.02,13.07,225383.0,338894795.00
20210618,13.03,13.16,12.99,13.13,218461.0,328708074.00
20210621,13.09,13.22,13.06,13.07,221606.0,334244505.00
20210622,13.20,13.20,13.06,13.12,201241.0,303409669.00
20210623,13.06,13.18,13.06,13.16,219153.0,330704323.00
20210624,13.18,13.30,13.13,13.21,235596.0,357797880.00
20210625,13.21,13.50,13.18,13.36,588533.0,904951600.00
20210628,13.42,13.43,13.16,13.21,340836.0,519071862.00
20210629,13.21,13.26,13.10,13.10,227857.0,344351190.00
20210630,13.13,13.21,13.07,13.17,236085.0,356332154.00
20210701,13.29,13.34,13.06,13.07,333810.0,505711741.00
20210702,13.06,13.06,12.79,12.81,353000.0,523240199.00
20210705,12.80,12.87,12.73,12.86,221249.0,325656635.00
20210706,12.83,12.94,12.80,12.89,197261.0,291881300.00
20210707,12.93,13.00,12.89,12.93,193840.0,279750495.00
20210708,12.98,13.01,12.79,12.83,213197.0,305875722.00
20210709,12.79,12.87,12.75,12.80,223092.0,318204321.00
20210712,12.93,13.11,12.85,13.05,426893.0,619305982.00
20210713,13.03,13.16,12.94,13.11,240633.0,349658243.00
20210714,13.09,13.11,12.86,12.87,273014.0,394253766.00
20210715,12.89,13.02,12.81,12.99,240465.0,346607163.00
20210716,13.09,13.21,13.00,13.08,341518.0,498761098.00
20210719,12.99,13.12,12.93,13.10,203720.0,295694349.00
20210720,13.00,13.13,12.96,13.01,163875.0,237647998.00
20210721,13.02,13.19,12.99,13.10,310264.0,452390236.00
20210722,12.92,13.41,12.87,13.28,476140.0,702218328.00
20210723,13.32,14.07,13.20,13.84,1360249.0,2088423086.00
20210726,14.35,14.76,14.06,14.10,2400437.0,3859618531.00
20210727,13.95,14.42,13.80,13.81,1096280.0,1726581458.00
20210728,13.82,14.37,13.69,14.23,1275748.0,2003630669.00
20210729,14.36,14.62,14.17,14.35,1079362.0,1732652519.00
20210730,14.22,14.22,13.63,13.82,702275.0,1087274323.00
20210802,13.66,15.20,13.45,14.98,2084150.0,3417737284.00
20210803,14.68,15.96,14.59,15.18,2370257.0,4034724214.00
20210804,15.14,15.43,14.98,15.23,1101808.0,1867760900.00
20210805,15.15,15.31,14.87,14.94,770194.0,1290426563.00
20210806,14.85,15.20,14.82,14.90,609501.0,1017299040.00
20210809,14.91,16.39,14.86,15.98,2196677.0,3923475928.00
20210810,15.86,16.25,15.61,16.03,1383631.0,2453215324.00
20210811,15.97,17.15,15.90,16.42,1874803.0,3468512037.00
20210812,16.41,16.49,16.10,16.25,806240.0,1460393202.00
20210813,16.24,16.40,15.99,16.36,707143.0,1275929329.00
20210816,16.42,17.13,16.24,16.49,1404371.0,2637261490.00
20210817,16.25,17.21,16.16,16.22,1536352.0,2866055613.00
20210818,16.11,17.84,16.07,17.84,2208330.0,4254719579.00
20210819,18.69,19.58,18.12,18.20,3816826.0,8050636337.00
20210820,18.20,18.47,17.49,17.79,1943769.0,3897876037.00
20210823,18.03,19.00,17.97,18.59,1846599.0,3816010563.00
20210824,18.70,19.39,18.39,18.90,1798429.0,3780620567.00
20210825,18.64,18.85,18.26,18.74,1229250.0,2544014324.00
20210826,18.33,18.43,17.76,18.00,1226403.0,2477123897.00
20210827,18.04,18.65,17.79,18.18,888648.0,1805906018.00
20210830,17.45,17.46,16.36,16.36,2038137.0,3782250234.00
20210831,16.42,17.33,16.08,17.03,1579452.0,2928710885.00
20210901,16.86,18.74,16.79,18.34,2712721.0,5496278288.00
20210902,18.47,20.18,18.10,20.18,3465324.0,7557019232.00
20210903,20.63,21.08,19.13,19.28,2863598.0,6316973011.00
20210906,19.23,19.95,19.11,19.48,1890383.0,4122107553.00
20210907,19.21,21.43,19.12,21.43,2551594.0,5806938206.00
20210908,21.09,21.50,20.64,20.90,1963241.0,4606540560.00
20210909,20.54,21.72,20.36,21.43,1603455.0,3749389419.00
20210910,21.61,23.14,21.24,21.73,1988392.0,4912355879.00
20210913,21.74,23.05,21.53,22.43,1376073.0,3413159452.00
20210914,22.43,22.59,21.45,21.78,1379588.0,3382013263.00
20210915,21.65,22.28,20.93,21.40,1371012.0,3286758789.00
20210916,21.30,21.40,20.10,20.34,1572942.0,3625062953.00
20210917,20.43,21.08,20.23,20.87,1063019.0,2451276363.00
20210922,20.27,21.27,19.91,20.95,990670.0,2280200668.00
20210923,20.99,21.35,20.52,21.04,1140917.0,2668236695.00
20210924,21.03,21.26,20.45,20.46,776729.0,1801679405.00
20210927,20.41,20.76,18.42,19.41,1464207.0,3233444559.00
20210928,19.63,20.23,19.39,19.84,1015769.0,2254690823.00
20210929,19.56,19.67,18.34,18.76,1331414.0,2805414351.00
20210930,18.81,18.92,18.35,18.80,943415.0,1960344147.00
20211008,19.19,19.29,18.67,18.93,874451.0,1847430093.00
20211011,19.01,19.11,18.48,18.66,541077.0,1133426364.00
20211012,18.81,18.82,17.54,17.94,1035901.0,2075160739.00
20211013,17.71,18.03,17.40,17.85,747145.0,1477677124.00
20211014,17.85,18.06,17.55,17.86,576101.0,1143841892.00
20211015,17.65,17.90,17.53,17.71,620465.0,1224267458.00
20211018,17.72,18.42,17.67,17.97,795561.0,1594226590.00
20211019,17.85,19.12,17.85,18.70,1248484.0,2602211105.00
20211020,18.93,19.37,18.66,18.88,924329.0,1956307356.00
20211021,19.11,19.17,18.51,18.66,793051.0,1658271316.00
20211022,18.67,18.93,18.48,18.85,610577.0,1273184900.00
20211025,18.79,20.06,18.34,19.67,1192535.0,2551665510.00
20211026,19.47,20.05,19.26,19.59,843642.0,1848136496.00
20211027,19.47,19.59,18.84,18.91,744752.0,1591821412.00
20211028,19.00,19.29,18.36,18.60,841924.0,1768678493.00
20211029,18.12,18.22,16.78,18.05,1721867.0,3350408561.00
20211101,17.58,18.34,17.51,17.81,940893.0,1876140712.00
20211102,17.76,17.85,16.68,16.94,1200768.0,2293380889.00
20211103,17.08,17.49,17.06,17.28,632007.0,1217534701.00
20211104,17.59,18.06,17.54,17.60,676877.0,1338555115.00
20211105,17.55,18.23,17.49,17.76,679879.0,1358553953.00
20211108,17.65,18.02,17.46,17.91,605307.0,1197117205.00
20211109,17.91,18.03,17.72,17.92,530535.0,1057903527.00
20211110,17.77,17.82,17.18,17.70,655080.0,1278736973.00
20211111,17.67,19.47,17.54,19.47,1800199.0,3806209501.00
20211112,19.43,19.60,18.95,19.29,1174118.0,2525489557.00
20211115,19.29,19.58,19.08,19.48,958466.0,2070753563.00
20211116,19.38,20.46,19.07,19.67,1100272.0,2392947591.00
20211117,19.50,19.72,18.93,19.34,830310.0,1792490072.00
20211118,19.27,19.38,18.88,19.00,620748.0,1323186187.00
20211119,18.84,20.63,18.76,20.18,1464695.0,3246606967.00
20211122,19.75,21.23,19.74,20.94,1584296.0,3652625350.00
20211123,20.81,21.80,20.76,20.97,1376203.0,3270705344.00
20211124,20.94,21.60,20.74,20.94,975422.0,2299321348.00
20211125,21.05,21.39,20.84,21.03,650090.0,1528062396.00
20211126,21.17,21.39,20.65,20.94,578670.0,1359336540.00
20211129,20.64,21.08,20.41,20.66,753436.0,1735224827.00
20211130,20.81,21.48,20.66,20.94,745505.0,1747237311.00
20211201,20.73,21.60,20.63,21.34,783874.0,1855715736.00
20211202,21.21,22.57,21.13,22.12,1271411.0,3116491723.00
20211203,22.02,22.60,21.47,22.43,1019539.0,2506655823.00
20211206,22.51,24.42,22.43,22.93,1663126.0,4334197037.00
20211207,23.33,23.54,22.25,22.59,1048892.0,2661173879.00
20211208,22.59,23.67,22.15,23.34,1049511.0,2698054454.00
20211209,23.16,24.27,22.97,23.08,1362091.0,3568735361.00
20211210,22.60,22.99,21.99,22.13,1213700.0,3031857943.00
20211213,22.47,23.41,21.94,22.34,1542823.0,3893341719.00
20211214,22.03,22.62,21.89,22.37,739587.0,1837916554.00
20211215,22.33,22.68,22.20,22.27,598852.0,1494555171.00
20211216,22.43,22.85,22.06,22.82,668262.0,1671621121.00
20211217,22.70,22.91,21.84,21.89,884802.0,2204591540.00
20211220,21.71,22.11,21.20,21.39,849887.0,2047769185.00
20211221,21.48,21.59,21.17,21.42,580171.0,1382313150.00
20211222,21.41,21.52,21.10,21.23,493657.0,1172192651.00
20211223,21.35,21.83,21.18,21.65,730574.0,1750893052.00
20211224,21.58,21.84,21.10,21.21,518649.0,1243098764.00
20211227,21.04,21.53,20.92,21.43,471247.0,1115383615.00
20211228,21.70,21.84,21.39,21.73,507640.0,1222448318.00
20211229,21.68,21.72,20.81,20.91,646970.0,1528744558.00
20211230,21.05,22.07,20.79,21.61,902114.0,2175464096.00
20211231,21.59,22.45,21.53,22.06,757696.0,1865610498.00
20220104,22.42,22.52,21.44,21.84,649002.0,1584403056.00
20220105,21.80,21.93,21.24,21.28,593884.0,1427265563.00
20220106,21.10,21.21,20.15,20.38,1150421.0,2623309606.00
20220107,20.45,20.99,20.34,20.43,792745.0,1819416716.00
20220110,20.43,20.64,19.81,20.00,680537.0,1527672333.00
20220111,20.00,20.20,19.50,19.62,780143.0,1721187025.00
20220112,19.62,19.95,19.59,19.87,517885.0,1140131516.00
20220113,20.09,20.23,19.60,19.67,583845.0,1293389815.00
20220114,19.38,19.63,19.12,19.20,624065.0,1344642810.00
20220117,19.25,19.70,18.94,19.58,713637.0,1542690438.00
20220118,19.56,20.14,19.30,19.81,727807.0,1600620936.00
20220119,20.09,20.60,19.85,19.98,878017.0,1972501394.00
20220120,19.90,21.12,19.56,20.67,1377685.0,3157191867.00
20220121,20.63,20.63,20.02,20.13,694067.0,1570422150.00
20220124,19.86,20.24,19.72,19.96,549713.0,1225370410.00
20220125,19.82,20.16,19.30,19.33,602007.0,1324105017.00
20220126,19.51,19.98,19.02,19.89,906773.0,1982382292.00
20220127,19.73,20.08,19.23,19.25,637728.0,1390196600.00
20220128,19.42,19.49,18.43,18.66,746026.0,1572616370.00
20220207,19.10,19.14,18.22,18.45,888447.0,1835928610.00
20220208,18.42,18.77,17.99,18.68,649315.0,1332192356.00
20220209,18.46,18.77,18.43,18.59,489391.0,1014487357.00
20220210,18.60,18.69,18.30,18.45,434802.0,896622942.00
20220211,18.42,19.26,18.34,18.67,934801.0,1965869410.00
20220214,18.48,18.50,16.80,16.86,1825173.0,3519828429.00
20220215,16.85,17.27,16.79,17.13,916306.0,1740004978.00
20220216,17.21,17.39,17.05,17.14,474621.0,909742435.00
20220217,17.04,17.15,16.93,16.98,508207.0,963820714.00
20220218,16.81,17.10,16.78,17.01,465728.0,879445057.00
20220221,17.05,17.08,16.76,16.96,521767.0,982617884.00
20220222,16.77,16.85,16.34,16.44,841430.0,1549543753.00
20220223,16.46,16.95,16.42,16.94,806962.0,1505487244.00
20220224,16.74,17.15,16.35,16.51,960151.0,1790830252.00
20220225,16.76,17.09,16.69,16.82,682711.0,1282567341.00
20220228,16.82,16.93,16.51,16.69,544114.0,1009043990.00
20220301,16.77,17.12,16.71,17.04,828579.0,1564995868.00
20220302,16.87,16.99,16.76,16.88,439573.0,825890974.00
20220303,16.99,17.03,16.69,16.71,465979.0,873832164.00
20220304,16.58,16.68,16.22,16.38,823641.0,1505942727.00
20220307,16.29,16.30,15.81,15.91,592517.0,1060850752.00
20220308,15.92,16.16,15.44,15.65,671755.0,1183769820.00
20220309,15.68,15.79,14.31,15.10,1054819.0,1769504979.00
20220310,15.41,15.59,15.07,15.14,776963.0,1326350035.00
20220311,14.85,15.54,14.63,15.37,1075824.0,1805007424.00
20220314,15.14,15.64,15.09,15.21,677732.0,1159745907.00
20220315,15.01,15.34,14.17,14.27,925029.0,1525720192.00
20220316,14.53,15.70,14.43,15.70,1334940.0,2244147430.00
20220317,16.10,16.13,15.55,15.68,1870770.0,3294180913.00
20220318,15.63,16.20,15.52,16.03,1235353.0,2186140140.00
20220321,15.82,15.97,15.64,15.74,822771.0,1445980326.00
20220322,15.59,15.97,15.50,15.81,630699.0,1106353302.00
20220323,15.81,15.90,15.64,15.88,590306.0,1038609639.00
20220324,15.69,15.72,15.45,15.51,712055.0,1237541400.00
20220325,15.61,15.65,15.13,15.23,649297.0,1111759120.00
20220328,15.02,15.52,14.94,15.37,523681.0,891842965.00
20220329,15.35,15.46,15.08,15.13,381554.0,648129435.00
20220330,15.32,16.46,15.29,16.24,1541787.0,2747697060.00
20220331,15.93,16.08,15.72,15.77,905208.0,1602014444.00
20220401,15.69,16.28,15.50,16.09,1351036.0,2398716878.00
20220406,15.92,16.37,15.87,16.01,980790.0,1756586726.00
20220407,16.01,16.25,15.72,15.72,784187.0,1396652032.00
20220408,15.70,16.22,15.62,16.10,964364.0,1716536889.00
20220411,15.90,15.92,15.07,15.23,1186267.0,2036813822.00
20220412,15.11,16.19,14.98,15.79,1282798.0,2236196412.00
20220413,15.61,15.83,15.42,15.47,775850.0,1348019664.00
20220414,15.62,16.25,15.56,16.16,1406447.0,2514340914.00
20220415,15.97,16.36,15.87,16.04,917821.0,1648770600.00
20220418,15.62,15.67,15.11,15.37,1134556.0,1935616385.00
20220419,15.29,15.41,14.94,15.04,787974.0,1329728805.00
20220420,15.06,15.12,14.75,14.79,588726.0,980042158.00
20220421,14.67,15.11,14.63,14.77,767931.0,1270049730.00
20220422,14.53,15.14,14.50,14.83,746084.0,1238799757.00
20220425,14.49,14.68,13.95,14.04,972315.0,1552371746.00
20220426,14.01,14.12,13.12,13.26,1172237.0,1768036831.00
20220427,12.98,13.65,12.92,13.49,1039444.0,1543436307.00
20220428,13.38,13.70,13.29,13.50,823657.0,1237076321.00
20220429,13.99,14.57,13.61,14.42,1489027.0,2346146412.00
20220505,13.86,14.08,13.75,13.99,809497.0,1256530750.00
20220506,13.71,13.76,13.45,13.50,570902.0,863286095.00
20220509,13.41,13.75,13.36,13.60,413732.0,626299279.00
20220510,13.41,13.96,13.33,13.89,690242.0,1056428188.00
20220511,13.86,14.55,13.85,14.06,1174158.0,1865357202.00
20220512,14.01,14.24,13.83,14.05,563309.0,880830567.00
20220513,14.12,14.38,13.99,14.24,584233.0,923565907.00
20220516,14.42,14.43,14.07,14.13,498426.0,791646515.00
20220517,14.08,14.38,13.95,14.26,463964.0,732701108.00
20220518,14.26,14.82,14.22,14.61,954801.0,1556025328.00
20220519,14.36,14.59,14.23,14.50,621981.0,997762641.00
20220520,14.53,15.20,14.42,15.03,1132289.0,1878745411.00
20220523,14.93,15.61,14.85,15.31,858438.0,1452698686.00
20220524,15.28,15.39,14.81,14.82,572784.0,961997648.00
20220525,14.80,14.95,14.66,14.93,358000.0,591130201.00
20220526,14.86,15.47,14.72,15.26,696677.0,1178700365.00
20220527,15.25,15.59,15.12,15.21,511322.0,876163913.00
20220530,15.25,15.32,15.05,15.17,320223.0,542152497.00
20220531,15.20,15.45,15.07,15.34,501183.0,857088650.00
20220601,15.28,15.41,14.98,15.07,603758.0,1020111423.00
20220602,14.96,15.24,14.87,15.16,537016.0,903921015.00
20220606,15.14,15.74,14.99,15.70,857716.0,1484355326.00
20220607,15.61,16.28,15.55,15.82,926832.0,1645528424.00
20220608,15.84,16.28,15.70,16.14,877060.0,1571151252.00
20220609,16.24,16.73,16.01,16.09,1172286.0,2140953945.00
20220610,15.91,16.82,15.87,16.75,1053502.0,1935831072.00
20220613,16.45,16.62,15.97,16.42,897471.0,1628914892.00
20220614,16.00,17.48,15.62,17.22,1239234.0,2263544911.00
20220615,17.21,18.70,17.21,17.94,2033517.0,4090363160.00
20220616,17.94,17.94,16.75,16.77,1409407.0,2711665584.00
20220617,16.59,16.99,16.15,16.59,1042834.0,1927783745.00
20220620,16.59,17.22,16.49,16.76,761807.0,1428307167.00
20220621,16.68,16.91,16.40,16.63,498209.0,924902969.00
20220622,16.64,16.78,16.23,16.30,581686.0,1070757360.00
20220623,16.30,16.96,16.29,16.84,826339.0,1536780399.00
20220624,16.85,17.00,16.61,16.82,600803.0,1124428911.00
20220627,17.03,17.56,16.82,17.14,878543.0,1681852837.00
20220628,17.03,17.31,16.65,17.10,737833.0,1389954832.00
20220629,16.96,17.24,16.51,16.54,759365.0,1431463022.00
20220630,16.55,17.08,16.55,16.77,603582.0,1130553447.00
20220701,16.72,16.94,16.51,16.58,425289.0,792162546.00
20220704,16.51,16.51,15.69,16.42,783706.0,1411026451.00
20220705,16.42,16.57,15.76,15.95,919442.0,1643505006.00
20220706,15.83,16.01,15.66,15.75,665765.0,1171780437.00
20220707,15.79,15.85,15.61,15.68,526435.0,921805372.00
20220708,15.78,15.94,15.64,15.64,470515.0,827947825.00
20220711,15.62,15.64,15.35,15.50,432935.0,747836819.00
20220712,15.61,15.88,15.51,15.69,679751.0,1189296391.00
20220713,15.82,15.94,15.64,15.74,455064.0,778847417.00
20220714,15.67,15.83,15.47,15.66,382594.0,648496587.00
20220715,15.55,15.75,15.20,15.20,565656.0,947210833.00
20220718,15.22,15.58,15.17,15.37,439335.0,731742694.00
20220719,15.41,15.65,15.27,15.58,364295.0,609876885.00
20220720,15.61,15.71,15.49,15.58,341479.0,576608454.00
20220721,15.51,15.53,15.21,15.23,451066.0,749713097.00
20220722,15.23,15.41,14.87,15.13,542952.0,887813132.00
20220725,15.13,15.19,14.79,14.87,442466.0,714490304.00
20220726,14.89,15.04,14.85,14.91,302837.0,489507814.00
20220727,14.86,15.02,14.75,14.93,294705.0,475407433.00
20220728,15.02,15.26,14.93,14.96,526295.0,860251186.00
20220729,14.96,15.07,14.64,14.70,452354.0,726236203.00
20220801,14.65,14.65,14.39,14.52,445557.0,698353514.00
20220802,14.41,14.41,13.94,14.10,583617.0,893615822.00
20220803,14.10,14.36,13.93,13.95,513433.0,783244919.00
20220804,14.04,14.10,13.88,14.00,405714.0,615055339.00
20220805,14.03,14.48,13.94,14.43,637662.0,982749872.00
20220808,14.26,14.49,14.23,14.47,320893.0,500588549.00
20220809,14.30,14.39,14.25,14.37,379156.0,587611930.00
20220810,14.34,14.54,14.23,14.27,381259.0,592232990.00
20220811,14.37,15.19,14.30,15.09,1263962.0,2030216277.00
20220812,14.92,15.18,14.84,15.04,654273.0,1064998500.00
20220815,14.91,15.38,14.89,15.14,647795.0,1064472563.00
20220816,15.21,15.31,14.99,15.13,473729.0,774681594.00
20220817,15.09,15.46,15.02,15.30,604454.0,999916498.00
20220818,15.25,15.37,15.11,15.22,382215.0,629694054.00
20220819,15.16,15.34,15.05,15.09,360676.0,592533294.00
20220822,15.00,15.16,14.92,15.06,315641.0,514967687.00
20220823,15.06,15.36,14.99,15.09,409169.0,670565943.00
20220824,15.09,15.46,14.82,14.85,744922.0,1224440379.00
20220825,14.87,15.23,14.78,15.13,568876.0,923786033.00
20220826,15.15,15.19,14.91,14.96,375445.0,610350828.00
20220829,14.77,14.89,14.59,14.89,319408.0,510660762.00
20220830,14.89,15.07,14.77,14.94,339572.0,548387536.00
20220831,14.91,15.36,14.88,15.18,991113.0,1630774997.00
20220901,15.17,15.24,14.93,15.00,389085.0,635923424.00
20220902,14.95,15.12,14.72,14.87,357107.0,574657227.00
20220905,14.81,14.93,14.62,14.89,320840.0,513572694.00
20220906,14.96,15.50,14.90,15.48,952978.0,1574948014.00
20220907,15.37,15.49,15.21,15.39,429788.0,714642031.00
20220908,15.42,15.89,15.40,15.61,835370.0,1418381084.00
20220909,15.61,16.29,15.53,15.91,1078887.0,1873275493.00
20220913,15.88,16.21,15.71,15.96,626774.0,1083733602.00
20220914,15.70,15.91,15.52,15.65,511147.0,867252395.00
20220915,15.74,16.19,15.64,15.86,877876.0,1515669654.00
20220916,15.81,15.81,14.46,14.68,1418401.0,2278127636.00
20220919,14.53,14.64,14.04,14.17,764445.0,1182721189.00
20220920,14.27,14.31,14.06,14.24,385243.0,591850985.00
20220921,14.13,14.20,13.78,14.08,618534.0,936407202.00
20220922,13.88,14.08,13.88,13.98,367200.0,555917730.00
20220923,13.98,14.30,13.93,14.02,492000.0,750719660.00
20220926,13.89,14.02,13.52,13.61,518541.0,773661799.00
20220927,13.66,13.75,13.47,13.73,395662.0,583469296.00
20220928,13.62,13.69,13.33,13.36,373174.0,545547121.00
20220929,13.50,13.54,13.08,13.17,395943.0,570392010.00
20220930,13.20,13.34,13.14,13.18,293198.0,420232325.00
20221010,13.21,13.32,12.94,13.09,271751.0,387394591.00
20221011,13.10,13.44,13.05,13.31,358768.0,514989406.00
20221012,13.32,13.88,13.24,13.84,596228.0,878039397.00
20221013,13.76,13.85,13.57,13.66,350107.0,518876473.00
20221014,13.78,13.97,13.73,13.88,470027.0,705838984.00
20221017,13.85,13.96,13.73,13.90,311201.0,466993101.00
20221018,13.96,14.05,13.81,13.84,366797.0,552694775.00
20221019,13.79,13.87,13.57,13.60,378578.0,560733807.00
20221020,13.53,13.89,13.47,13.67,410660.0,607032418.00
20221021,13.99,14.04,13.61,13.69,497371.0,745312343.00
20221024,13.75,13.97,13.22,13.28,580881.0,855243494.00
20221025,13.20,13.30,12.73,12.91,690027.0,967006949.00
20221026,12.94,13.12,12.85,12.96,497279.0,698983233.00
20221027,13.01,13.42,12.89,13.17,584294.0,833576956.00
20221028,13.11,13.19,12.76,12.77,487663.0,685719494.00
20221031,12.75,12.81,12.12,12.59,676005.0,916026363.00
20221101,12.60,13.08,12.59,13.08,608061.0,851568469.00
20221102,13.00,13.35,12.97,13.19,516441.0,735658362.00
20221103,13.07,13.11,12.84,12.96,484323.0,680364759.00
20221104,12.97,13.67,12.95,13.55,976460.0,1419680851.00
20221107,13.41,13.79,13.37,13.64,601600.0,886672592.00
20221108,13.62,13.76,13.45,13.56,327135.0,480046325.00
20221109,13.55,13.65,13.36,13.40,409665.0,596803276.00
20221110,13.30,13.58,13.29,13.50,362627.0,529011249.00
20221111,13.86,14.38,13.71,14.01,1313216.0,1989801729.00
20221114,14.12,14.57,14.01,14.08,1022386.0,1574471859.00
20221115,13.99,15.22,13.95,14.82,1604350.0,2554108712.00
20221116,14.69,14.80,14.38,14.43,741895.0,1170198081.00
20221117,14.41,14.65,14.25,14.62,609416.0,956164207.00
20221118,14.53,14.65,14.31,14.40,572166.0,894625991.00
20221121,14.18,14.20,13.85,14.00,738603.0,1116351689.00
20221122,13.99,14.42,13.98,14.21,678919.0,1046173739.00
20221123,14.17,14.43,14.01,14.20,581175.0,895874947.00
20221124,14.35,14.44,14.13,14.17,319727.0,493517294.00
20221125,14.14,14.57,14.11,14.39,569923.0,887414906.00
20221128,13.95,14.18,13.78,14.14,719744.0,1089388840.00
20221129,14.21,15.10,14.17,14.80,1261255.0,2008134187.00
20221130,14.77,15.12,14.69,14.78,679771.0,1096496736.00
20221201,15.24,15.49,15.03,15.04,1193581.0,1978423261.00
20221202,15.06,15.14,14.70,14.79,595541.0,959304130.00
20221205,15.02,15.73,15.02,15.61,1167680.0,1956714212.00
20221206,15.44,15.70,15.37,15.51,653165.0,1098648819.00
20221207,15.44,15.56,15.05,15.14,762511.0,1257574828.00
20221208,15.14,15.21,14.94,15.20,463366.0,757533855.00
20221209,15.18,15.25,14.86,15.11,648514.0,1055897486.00
20221212,15.02,15.03,14.60,14.67,638611.0,1022703808.00
20221213,14.70,14.74,14.53,14.59,438374.0,694506622.00
20221214,14.65,14.82,14.55,14.72,493879.0,784922639.00
20221215,14.63,14.71,14.47,14.55,359148.0,565609252.00
20221216,14.45,14.71,14.41,14.61,383093.0,605811000.00
20221219,14.62,14.79,14.16,14.24,547463.0,852799810.00
20221220,14.24,14.35,14.10,14.21,256614.0,395163764.00
20221221,14.27,14.34,14.13,14.24,222865.0,343882794.00
20221222,14.36,14.41,14.01,14.16,381692.0,589070695.00
20221223,14.04,14.28,13.99,14.12,273082.0,417930842.00
20221226,14.13,14.16,13.79,14.04,370675.0,560445565.00
20221227,14.12,14.54,14.04,14.41,528745.0,820955347.00
20221228,14.33,14.45,14.18,14.29,343573.0,533309947.00
20221229,14.21,14.29,14.07,14.21,343302.0,526349572.00
20221230,14.28,14.46,14.21,14.30,306276.0,475261068.00
20230103,14.04,14.09,13.23,14.00,880594.0,1308800004.00
20230104,13.93,14.21,13.86,14.02,525860.0,799100704.00
20230105,14.10,14.63,14.10,14.43,852917.0,1328394316.00
20230106,14.39,14.60,14.29,14.46,470351.0,736124794.00
20230109,14.55,15.41,14.53,15.03,1188536.0,1936752178.00
20230110,14.98,15.41,14.92,15.01,784327.0,1284653269.00
20230111,14.78,14.89,14.11,14.29,1747118.0,2713937698.00
20230112,14.27,14.58,14.22,14.43,975493.0,1519030495.00
20230113,14.53,15.21,14.53,15.16,1524801.0,2457127739.00
20230116,15.24,16.68,15.24,16.36,3043484.0,5350282657.00
20230117,16.07,16.52,15.99,16.42,1350314.0,2384597337.00
20230118,16.44,16.59,16.24,16.45,869962.0,1550117357.00
20230119,16.42,16.85,16.30,16.77,909283.0,1636027882.00
20230120,16.64,16.73,16.34,16.44,914682.0,1630768196.00
20230130,16.70,16.81,16.24,16.30,839308.0,1492098848.00
20230131,16.28,16.39,15.98,16.07,620864.0,1084582236.00
20230201,16.11,16.54,15.98,16.51,831668.0,1461542370.00
20230202,16.73,16.74,15.91,15.99,1203558.0,2102098251.00
20230203,15.88,15.98,15.61,15.82,824046.0,1406341713.00
20230206,15.65,15.68,15.22,15.39,1011512.0,1688069929.00
20230207,15.42,15.51,15.31,15.42,494331.0,825148020.00
20230208,15.37,15.44,15.20,15.24,423844.0,701268936.00
20230209,15.24,15.49,15.19,15.46,694088.0,1156100563.00
20230210,15.38,15.42,15.28,15.37,382145.0,635435202.00
20230213,15.33,15.54,15.25,15.49,499480.0,834452544.00
20230214,15.51,15.53,15.29,15.42,437358.0,729196598.00
20230215,15.42,15.43,15.15,15.25,416197.0,687500101.00
20230216,15.24,15.50,14.59,14.98,986527.0,1626368185.00
20230217,14.91,15.05,14.68,14.72,571391.0,919610282.00
20230220,14.88,15.31,14.71,15.30,945621.0,1543008637.00
20230221,15.25,15.42,15.14,15.33,624754.0,1034162902.00
20230222,15.22,15.33,15.09,15.17,498786.0,820448707.00
20230223,15.24,15.49,15.17,15.25,591952.0,982343109.00
20230224,15.26,15.28,14.96,15.04,457604.0,747182105.00
20230227,14.91,15.02,14.86,14.93,329246.0,532222516.00
20230228,15.10,15.12,14.90,15.08,332537.0,540191945.00
20230301,15.04,15.36,14.88,15.31,633491.0,1044815639.00
20230302,15.24,15.37,15.21,15.28,382078.0,632113397.00
20230303,15.33,15.49,15.19,15.43,602825.0,1003102298.00
20230306,15.42,15.45,15.14,15.20,488730.0,806157403.00
20230307,15.14,15.34,14.68,14.77,984069.0,1596241361.00
20230308,14.70,14.80,14.62,14.77,352207.0,561193192.00
20230309,14.77,14.82,14.64,14.69,260410.0,414769981.00
20230310,14.57,14.65,14.41,14.41,441535.0,692225511.00
20230313,14.41,14.55,14.32,14.52,369317.0,578312719.00
20230314,14.43,14.46,14.12,14.33,435122.0,673537445.00
20230315,14.43,14.54,14.41,14.42,334762.0,524701521.00
20230316,14.32,14.42,14.22,14.25,271689.0,420855934.00
20230317,14.37,14.63,14.37,14.45,494604.0,776767975.00
20230320,14.45,14.62,14.30,14.37,402942.0,630945431.00
20230321,14.41,14.56,14.41,14.51,292294.0,458620346.00
20230322,14.55,14.60,14.27,14.46,505182.0,789075326.00
20230323,14.39,14.58,14.36,14.58,492717.0,773380150.00
20230324,14.59,14.68,14.37,14.51,490284.0,769914422.00
20230327,14.48,14.64,14.36,14.51,470616.0,739290272.00
20230328,14.57,14.58,14.34,14.40,338288.0,528610721.00
20230329,14.40,14.44,14.24,14.29,331568.0,513574405.00
20230330,14.29,14.41,14.05,14.36,406457.0,626344409.00
20230331,14.40,14.65,14.36,14.56,574568.0,905151383.00
20230403,14.58,15.08,14.55,15.00,1055673.0,1702363637.00
20230404,15.03,15.19,14.99,15.13,812647.0,1328482940.00
20230406,15.07,15.16,14.99,15.01,463261.0,755064123.00
20230407,14.99,15.25,14.99,15.19,559915.0,919232573.00
20230410,15.36,15.51,15.09,15.14,795118.0,1319328805.00
20230411,15.24,15.64,15.23,15.36,890671.0,1488249290.00
20230412,15.33,15.47,15.25,15.32,502349.0,834921000.00
20230413,15.24,15.29,15.05,15.13,381356.0,625728175.00
20230414,15.18,15.24,14.92,15.13,445995.0,728533639.00
20230417,15.19,15.70,15.06,15.67,1133856.0,1903683220.00
20230418,15.29,15.38,15.14,15.26,1116942.0,1843553039.00
20230419,15.19,15.19,14.59,14.71,1131175.0,1816220571.00
20230420,14.63,14.72,14.46,14.67,646940.0,1021140611.00
20230421,14.67,14.68,14.15,14.17,726399.0,1129354338.00
20230424,14.13,14.26,13.81,13.91,751648.0,1138143010.00
20230425,13.88,13.97,13.64,13.82,620510.0,926398603.00
20230426,13.77,13.92,13.71,13.83,400333.0,598440777.00
20230427,13.77,13.92,13.72,13.81,472966.0,707193738.00
20230428,13.89,14.25,13.86,14.17,690974.0,1053894625.00
20230504,14.07,14.27,13.96,14.24,649173.0,994104204.00
20230505,14.27,15.10,14.25,14.66,1430423.0,2291977007.00
20230508,14.66,15.22,14.56,15.02,1138203.0,1840774738.00
20230509,15.03,15.77,14.97,15.20,2056889.0,3436925050.00
20230510,15.10,15.23,14.74,14.83,913521.0,1474856725.00
20230511,14.87,15.00,14.68,14.73,421423.0,676555736.00
20230512,14.70,14.81,14.53,14.53,424952.0,673914712.00
20230515,14.53,14.77,14.25,14.68,579286.0,909830320.00
20230516,14.72,14.86,14.48,14.52,381599.0,604684269.00
20230517,14.48,14.57,14.40,14.46,280587.0,439394737.00
20230518,14.48,14.57,14.33,14.40,361092.0,565566591.00
20230519,14.37,14.39,14.17,14.19,420875.0,648704662.00
20230522,14.18,14.25,14.05,14.12,348508.0,533149504.00
20230523,14.13,14.18,13.96,13.96,334546.0,508649624.00
20230524,13.95,13.95,13.76,13.77,523058.0,783881258.00
20230525,13.77,13.88,13.71,13.87,415531.0,620680281.00
20230526,13.87,14.04,13.79,14.03,342128.0,516435630.00
20230529,14.03,14.04,13.81,13.85,438911.0,659216573.00
20230530,13.83,13.86,13.63,13.82,525992.0,782143012.00
20230531,13.79,13.80,13.67,13.76,324233.0,481936016.00
20230601,13.70,13.93,13.67,13.77,373212.0,557970439.00
20230602,13.84,13.89,13.81,13.88,302395.0,453902164.00
20230605,13.87,13.91,13.81,13.84,233196.0,349809174.00
20230606,13.86,13.92,13.65,13.70,363651.0,542963276.00
20230607,13.71,13.81,13.65,13.73,216647.0,322019708.00
20230608,13.72,13.88,13.59,13.81,358106.0,532530643.00
20230609,13.78,13.82,13.71,13.80,233631.0,348441907.00
20230612,13.76,13.78,13.67,13.72,245377.0,364665943.00
20230613,13.71,13.79,13.68,13.76,266797.0,396660817.00
20230614,13.78,13.94,13.77,13.80,398223.0,597367724.00
20230615,13.85,13.97,13.78,13.93,494332.0,743127376.00
20230616,13.97,13.99,13.89,13.94,382514.0,577297902.00
20230619,13.93,13.94,13.81,13.84,285415.0,428065883.00
20230620,13.85,13.88,13.71,13.75,287397.0,428972333.00
20230621,13.72,13.74,13.58,13.58,342228.0,505633253.00
20230626,13.53,13.53,13.39,13.42,327294.0,476166172.00
20230627,13.44,13.51,13.39,13.50,208425.0,304159319.00
20230628,13.51,13.51,13.34,13.45,196073.0,284974604.00
20230629,13.42,13.50,13.38,13.44,149847.0,217899257.00
20230630,13.44,13.65,13.44,13.58,269092.0,395786671.00
20230703,13.58,13.78,13.58,13.71,322950.0,479230518.00
20230704,13.70,13.76,13.65,13.70,216586.0,321252758.00
20230705,13.70,13.73,13.66,13.69,193285.0,286699279.00
20230706,13.67,13.73,13.61,13.64,172389.0,254962814.00
20230707,13.63,13.76,13.56,13.69,201901.0,298884203.00
20230710,13.70,13.77,13.69,13.71,218771.0,325105556.00
20230711,13.71,13.76,13.69,13.75,163449.0,243065532.00
20230712,13.75,13.80,13.60,13.62,222427.0,329955334.00
20230713,13.67,13.84,13.64,13.81,359228.0,536583335.00
20230714,13.82,13.84,13.73,13.75,210137.0,313302151.00
20230717,13.72,13.72,13.61,13.67,190716.0,281818795.00
20230718,13.72,13.76,13.62,13.70,168697.0,250369035.00
20230719,13.69,13.78,13.66,13.76,237780.0,353538056.00
20230720,13.80,13.82,13.63,13.65,240632.0,357741682.00
20230721,13.62,13.71,13.61,13.65,151814.0,224465656.00
20230724,13.61,13.65,13.50,13.57,179125.0,263325642.00
20230725,14.01,14.16,13.85,14.06,1233082.0,1871695636.00
20230726,14.02,14.14,13.95,14.08,545362.0,829387853.00
20230727,14.08,14.25,14.02,14.04,456701.0,698331062.00
20230728,14.02,14.92,14.00,14.82,1822124.0,2880024157.00
20230731,14.91,15.37,14.91,15.13,1993232.0,3275737865.00
20230801,14.94,15.30,14.89,14.98,977186.0,1596078619.00
20230802,14.99,15.30,14.87,14.95,848373.0,1383199190.00
20230803,15.05,15.40,14.77,15.37,1323716.0,2172228079.00
20230804,15.70,16.02,15.44,15.50,2238162.0,3813724694.00
20230807,15.24,15.42,15.14,15.34,813881.0,1347564166.00
20230808,15.26,15.68,14.94,15.38,950441.0,1579039932.00
20230809,15.25,15.49,15.25,15.31,582964.0,969534426.00
20230810,15.37,15.59,15.32,15.50,759983.0,1271706558.00
20230811,15.57,15.91,15.18,15.20,1212367.0,1988212548.00
20230814,14.78,15.26,14.67,15.06,773039.0,1232390242.00
20230815,14.99,15.29,14.98,15.19,487263.0,782200786.00
20230816,15.04,15.50,14.91,15.13,637979.0,1029899406.00
20230817,15.29,15.29,14.83,15.07,676827.0,1077761637.00
20230818,15.23,15.33,14.91,14.95,485063.0,777276813.00
20230821,14.83,14.86,14.45,14.48,649053.0,1007001951.00
20230822,14.49,14.66,14.34,14.53,617045.0,949514853.00
20230823,14.51,14.52,14.24,14.26,450066.0,684627655.00
20230824,14.38,14.57,14.30,14.32,505505.0,772402613.00
20230825,14.25,14.51,14.25,14.39,444388.0,678733325.00
20230828,15.82,15.82,14.66,14.67,1739920.0,2812077079.00
20230829,14.52,14.80,14.29,14.67,929943.0,1434574236.00
20230830,14.67,14.81,14.45,14.45,622098.0,961957925.00
20230831,14.46,14.55,14.20,14.20,527613.0,801280335.00
20230901,14.28,14.40,14.25,14.32,389794.0,591728997.00
20230904,14.33,14.54,14.27,14.48,485583.0,743026199.00
20230905,14.43,14.43,14.29,14.32,329559.0,501014439.00
20230906,14.27,14.32,14.19,14.27,301697.0,456443195.00
20230907,14.28,14.32,14.07,14.13,410019.0,617418503.00
20230908,14.07,14.19,14.01,14.17,260277.0,389172411.00
20230911,14.21,14.45,14.16,14.35,559854.0,850115704.00
20230912,14.33,14.37,14.31,14.34,205571.0,312537981.00
20230913,14.36,14.36,14.11,14.15,321348.0,483410576.00
20230914,14.15,14.25,14.10,14.20,238821.0,358890676.00
20230915,14.24,14.28,14.06,14.10,352076.0,528792944.00
20230918,14.07,14.14,14.00,14.11,224006.0,334390677.00
20230919,14.11,14.13,14.00,14.04,280827.0,418582896.00
20230920,14.02,14.05,13.97,13.97,212347.0,315206456.00
20230921,13.97,14.01,13.87,13.87,252426.0,372901097.00
20230922,13.86,14.17,13.86,14.15,383860.0,572262567.00
20230925,14.12,14.12,13.93,13.96,306604.0,454673139.00
20230926,13.96,14.01,13.87,13.87,240468.0,354765232.00
20230927,13.88,13.96,13.87,13.92,189520.0,279544955.00
20230928,13.95,14.00,13.78,13.83,325620.0,477752932.00
20231009,13.83,13.86,13.67,13.81,336028.0,490581557.00
20231010,13.86,13.93,13.78,13.80,210477.0,308931721.00
20231011,13.85,13.88,13.70,13.75,241199.0,352691952.00
20231012,13.86,13.93,13.82,13.88,265933.0,390951420.00
20231013,13.81,13.82,13.75,13.77,181884.0,265650636.00
20231016,13.79,13.82,13.53,13.60,433120.0,627432112.00
20231017,13.66,13.83,13.58,13.82,313659.0,457299763.00
20231018,13.80,13.96,13.74,13.82,316196.0,464511413.00
20231019,13.77,13.87,13.65,13.66,328961.0,479081734.00
20231020,13.63,13.81,13.59,13.70,253409.0,368380693.00
20231023,13.67,13.67,13.39,13.47,329193.0,471007095.00
20231024,13.49,13.76,13.44,13.70,375348.0,540835190.00
20231025,13.76,13.86,13.73,13.81,360885.0,528159357.00
20231026,13.71,13.79,13.65,13.77,242620.0,353193085.00
20231027,13.74,14.00,13.69,13.96,375824.0,553082359.00
20231030,13.86,13.98,13.83,13.96,298407.0,439994642.00
20231031,13.89,14.05,13.89,14.00,303686.0,450178056.00
20231101,14.06,14.10,13.88,13.92,253074.0,374741661.00
20231102,13.92,14.00,13.81,13.82,198540.0,292300780.00
20231103,13.86,14.00,13.82,13.96,253591.0,374494713.00
20231106,14.22,14.33,14.12,14.28,752448.0,1135673278.00
20231107,14.21,14.30,14.18,14.26,414184.0,625555951.00
20231108,14.26,14.27,14.05,14.14,341178.0,511923426.00
20231109,14.12,14.16,14.01,14.05,227118.0,338697080.00
20231110,14.00,14.10,13.94,14.01,210964.0,313418667.00
20231113,14.01,14.04,13.91,13.97,207377.0,306898305.00
20231114,13.99,14.21,13.98,14.04,481978.0,719208357.00
20231115,14.15,14.19,14.02,14.05,381107.0,569661856.00
20231116,14.05,14.14,13.94,13.94,298635.0,444109572.00
20231117,13.96,14.00,13.90,13.97,230595.0,340817108.00
20231120,13.97,14.00,13.83,13.99,258770.0,382184736.00
20231121,14.00,14.19,14.00,14.02,436471.0,652578405.00
20231122,14.00,14.03,13.87,13.89,238739.0,353138563.00
20231123,13.94,13.95,13.75,13.86,339145.0,497472513.00
20231124,13.83,13.84,13.70,13.73,262037.0,382374220.00
20231127,13.72,13.72,13.56,13.67,259848.0,375565129.00
20231128,13.67,13.72,13.62,13.68,159686.0,231545069.00
20231129,13.67,13.72,13.51,13.56,211007.0,304044283.00
20231130,13.54,13.64,13.53,13.59,197880.0,285259926.00
20231201,13.57,13.70,13.56,13.68,217423.0,314404547.00
20231204,13.68,13.71,13.60,13.61,177777.0,257194454.00
20231205,13.58,13.59,13.41,13.42,271443.0,388383201.00
20231206,13.41,13.47,13.36,13.41,215053.0,305854654.00
20231207,13.41,13.53,13.37,13.45,218700.0,312025728.00
20231208,13.48,13.48,13.40,13.41,160063.0,228073837.00
20231211,13.39,13.58,13.24,13.52,315719.0,448673008.00
20231212,13.50,13.55,13.45,13.49,178979.0,256155116.00
20231213,13.49,13.54,13.37,13.41,207845.0,296423359.00
20231214,13.49,13.52,13.37,13.40,146099.0,208117579.00
20231215,13.41,13.50,13.38,13.38,172813.0,246089242.00
20231218,13.36,13.42,13.26,13.29,189295.0,267481335.00
20231219,13.29,13.38,13.23,13.34,175871.0,248080639.00
20231220,13.33,13.35,13.16,13.18,248406.0,348863285.00
20231221,13.15,13.31,13.12,13.26,170457.0,239012205.00
20231222,13.28,13.44,13.22,13.34,194438.0,275005043.00
20231225,13.32,13.35,13.28,13.32,98225.0,138675990.00
20231226,13.31,13.32,13.17,13.17,132479.0,185494381.00
20231227,13.18,13.30,13.04,13.23,180992.0,252787699.00
20231228,13.20,13.51,13.20,13.45,311038.0,442243419.00
20231229,13.45,13.50,13.41,13.48,170313.0,243133250.00
20240102,13.49,13.54,13.39,13.39,191220.0,272864925.00
20240103,13.37,13.43,13.29,13.36,158055.0,223820548.00
20240104,13.34,13.41,13.17,13.30,221238.0,311846925.00
20240105,13.29,13.43,13.19,13.31,212501.0,300103607.00
20240108,13.25,13.27,13.13,13.15,183629.0,256626139.00
20240109,13.19,13.20,13.06,13.11,144859.0,201729161.00
20240110,13.04,13.21,12.97,13.03,213605.0,296018259.00
20240111,13.02,13.18,13.01,13.15,126424.0,175894018.00
20240112,13.14,13.23,13.08,13.12,144823.0,201992853.00
20240115,13.07,13.20,13.01,13.09,108465.0,150675542.00
20240116,13.09,13.14,12.98,13.12,190137.0,263369262.00
20240117,13.13,13.14,12.89,12.89,221685.0,305810824.00
20240118,12.83,13.06,12.63,13.03,326777.0,444398929.00
20240119,12.99,13.00,12.85,12.92,187258.0,256474366.00
20240122,12.90,12.96,12.54,12.66,286582.0,389309721.00
20240123,12.67,12.86,12.51,12.73,244490.0,329206380.00
20240124,12.84,13.24,12.62,13.14,465180.0,638700308.00
20240125,13.05,13.32,13.01,13.28,445595.0,623345467.00
20240126,13.18,13.36,13.17,13.29,386463.0,543991411.00
20240129,13.27,13.34,13.14,13.15,264750.0,372060847.00
20240130,13.10,13.22,12.98,12.99,233866.0,325244237.00
20240131,13.00,13.09,12.83,12.92,255262.0,350959960.00
20240201,12.92,13.01,12.75,12.80,289769.0,395578626.00
20240202,12.82,12.85,12.19,12.61,407917.0,544572119.00
20240205,12.45,12.63,12.07,12.38,409087.0,537810280.00
20240206,12.34,13.01,12.29,12.95,428043.0,578596314.00
20240207,12.91,13.15,12.88,13.08,425238.0,588258003.00
20240208,13.14,13.31,13.12,13.17,438298.0,613726289.00
20240219,13.19,13.19,13.00,13.11,360020.0,499961038.00
20240220,13.09,13.24,13.01,13.17,341688.0,475855088.00
20240221,13.11,13.48,13.05,13.32,594475.0,839786932.00
20240222,13.26,13.44,13.23,13.39,364217.0,515394775.00
20240223,13.40,13.45,13.34,13.37,331340.0,470498715.00
20240226,13.35,13.41,13.24,13.25,272612.0,385108514.00
20240227,13.32,13.39,13.24,13.39,301408.0,425992689.00
20240228,13.44,13.61,13.17,13.17,610480.0,868644139.00
20240229,13.13,13.37,13.12,13.37,540727.0,758387579.00
20240301,13.34,13.46,13.27,13.41,503247.0,712522792.00
20240304,13.44,13.44,13.25,13.31,259456.0,366276566.00
20240305,13.28,13.32,13.18,13.25,294154.0,412984763.00
20240306,13.25,13.33,13.13,13.17,286414.0,401300897.00
20240307,13.19,13.30,13.08,13.11,347301.0,485351965.00
20240308,13.13,13.17,13.02,13.13,224214.0,311326687.00
20240311,13.12,13.25,13.10,13.25,266851.0,373586360.00
20240312,13.27,13.40,13.25,13.34,336643.0,475553766.00
20240313,13.34,13.34,13.19,13.22,222000.0,312072873.00
20240314,13.19,13.25,13.09,13.14,238070.0,332488573.00
20240315,13.11,13.20,13.04,13.18,225249.0,313233751.00
20240318,13.23,13.49,13.22,13.40,455876.0,646228218.00
20240319,13.39,13.39,13.21,13.22,284267.0,400383821.00
20240320,13.22,13.27,13.14,13.25,242301.0,339343759.00
20240321,13.26,13.38,13.23,13.26,249085.0,350999430.00
20240322,13.22,13.25,13.04,13.06,294603.0,409749015.00
20240325,12.93,12.95,12.74,12.77,337194.0,458889332.00
20240326,12.74,12.87,12.74,12.85,194813.0,264395958.00
20240327,12.84,12.90,12.67,12.68,199608.0,270736186.00
20240328,12.69,12.77,12.56,12.66,288825.0,388042288.00
20240329,12.54,12.62,12.49,12.59,256622.0,341466561.00
20240401,12.78,12.78,12.65,12.69,285133.0,383488345.00
20240402,12.69,12.74,12.55,12.60,281198.0,376066923.00
20240403,12.58,12.60,12.42,12.46,309708.0,409945558.00
20240408,12.39,12.46,12.27,12.35,243271.0,318995740.00
20240409,12.36,12.43,12.34,12.43,144543.0,190046088.00
20240410,12.41,12.43,12.24,12.30,217365.0,283962144.00
20240411,12.25,12.33,12.20,12.23,207455.0,269960854.00
20240412,12.24,12.26,12.00,12.01,328369.0,420895855.00
20240415,11.98,12.29,11.88,12.16,368834.0,473558654.00
20240416,12.07,12.18,12.01,12.04,243255.0,311593440.00
20240417,12.04,12.25,12.02,12.24,254751.0,328297586.00
20240418,12.22,12.44,12.19,12.30,311655.0,407436649.00
20240419,12.24,12.31,12.15,12.18,203790.0,264090936.00
20240422,12.19,12.28,12.14,12.18,157745.0,204020486.00
20240423,12.18,12.23,12.15,12.17,143765.0,185577350.00
20240424,12.17,12.19,12.08,12.17,135529.0,174346704.00
20240425,12.14,12.21,12.09,12.15,126059.0,162380014.00
20240426,12.33,12.72,12.26,12.65,743490.0,984018365.00
20240429,12.57,12.82,12.54,12.67,674761.0,907642988.00
20240430,12.63,12.64,12.43,12.46,351208.0,465753187.00
20240506,12.61,12.69,12.51,12.54,380959.0,508638640.00
20240507,12.55,12.55,12.44,12.51,257213.0,340958940.00
20240508,12.47,12.50,12.35,12.36,229266.0,301697067.00
20240509,12.33,12.48,12.32,12.42,264653.0,348342603.00
20240510,12.39,12.50,12.35,12.46,296619.0,390412480.00
20240513,12.39,12.50,12.30,12.44,265457.0,348991419.00
20240514,12.44,12.47,12.38,12.46,192973.0,254272145.00
20240515,12.52,12.53,12.26,12.29,314880.0,412769008.00
20240516,12.29,12.35,12.27,12.30,212592.0,277521141.00
20240517,12.29,12.49,12.27,12.48,280554.0,368449426.00
20240520,12.48,12.65,12.46,12.53,377705.0,503009294.00
20240521,12.50,12.53,12.41,12.47,183395.0,242352754.00
20240522,12.45,12.51,12.39,12.47,165446.0,218565706.00
20240523,12.45,12.45,12.27,12.29,260593.0,340871181.00
20240524,12.27,12.32,12.16,12.17,229856.0,298233051.00
20240527,12.18,12.26,12.13,12.24,166967.0,215765344.00
20240528,12.22,12.25,12.13,12.14,156342.0,201789743.00
20240529,12.12,12.24,12.12,12.17,132017.0,170452582.00
20240530,12.14,12.19,12.09,12.14,139296.0,179251359.00
20240531,12.14,12.19,12.11,12.14,121305.0,156428367.00
20240603,12.14,12.16,12.01,12.07,185860.0,237740061.00
20240604,12.04,12.12,12.04,12.10,127722.0,163686564.00
20240605,12.10,12.14,12.03,12.06,117991.0,151199321.00
20240606,12.06,12.10,11.80,11.81,310458.0,392027618.00
20240607,11.82,11.90,11.56,11.76,308674.0,383517472.00
20240611,11.68,11.84,11.65,11.72,191128.0,238084672.00
20240612,11.71,11.80,11.70,11.77,136010.0,169660577.00
20240613,11.80,11.94,11.78,11.85,208139.0,261828572.00
20240614,11.84,12.09,11.83,11.99,297231.0,376601305.00
20240617,11.94,12.02,11.89,12.00,161074.0,204667701.00
20240618,12.00,12.09,11.99,12.01,138255.0,176365131.00
20240619,12.01,12.05,11.91,11.91,109041.0,138416626.00
20240620,11.90,11.94,11.76,11.78,153705.0,192772929.00
20240621,11.80,11.86,11.75,11.77,111341.0,139229172.00
20240624,11.75,11.80,11.68,11.69,144316.0,179517536.00
20240625,11.69,11.76,11.46,11.55,203644.0,250172482.00
20240626,11.54,11.68,11.47,11.65,149726.0,183678849.00
20240627,11.62,11.70,11.57,11.60,131365.0,161841197.00
20240628,11.59,11.70,11.47,11.48,217173.0,266890734.00
20240701,11.46,11.55,11.32,11.51,198530.0,240725839.00
20240702,11.49,11.62,11.48,11.52,144666.0,177230763.00
20240703,11.64,11.64,11.46,11.52,154798.0,184438801.00
20240704,11.51,11.57,11.29,11.30,175143.0,206635535.00
20240705,11.32,11.34,11.16,11.23,171786.0,199668207.00
20240708,11.23,11.23,10.80,10.88,249557.0,282844934.00
20240709,10.88,11.05,10.76,11.02,206715.0,233324599.00
20240710,10.97,11.49,10.95,11.30,328982.0,384274474.00
20240711,11.40,11.55,11.34,11.48,214193.0,254325969.00
20240712,11.49,11.51,11.36,11.43,124169.0,146744418.00
20240715,11.41,11.48,11.37,11.45,111978.0,132553662.00
20240716,11.47,11.58,11.44,11.58,160884.0,192057204.00
20240717,11.54,11.72,11.54,11.68,192526.0,232071064.00
20240718,11.66,11.70,11.54,11.68,171804.0,207025483.00
20240719,11.65,11.82,11.62,11.80,210879.0,256320713.00
20240722,11.84,11.93,11.67,11.78,242188.0,295450527.00
20240723,11.74,11.85,11.61,11.63,185758.0,225929223.00
20240724,11.63,11.69,11.53,11.58,161416.0,193729040.00
20240725,11.55,11.73,11.53,11.68,155057.0,187006637.00
20240726,11.71,11.88,11.71,11.82,161107.0,196675696.00
20240729,11.78,11.89,11.76,11.77,133805.0,163736310.00
20240730,11.76,11.83,11.71,11.75,132473.0,161055975.00
20240731,11.75,12.27,11.74,12.14,476744.0,595942059.00
20240801,12.09,12.16,12.01,12.10,268479.0,336157498.00
20240802,12.04,12.11,11.86,11.89,208128.0,257627418.00
20240805,11.87,12.04,11.80,11.80,266872.0,328558330.00
20240806,11.88,11.94,11.68,11.76,179072.0,218100941.00
20240807,11.78,11.83,11.71,11.74,116705.0,141797446.00
20240808,11.71,11.88,11.69,11.74,150873.0,183592517.00
20240809,11.80,11.83,11.66,11.67,136865.0,166004274.00
20240812,11.63,11.66,11.56,11.60,125291.0,150303089.00
20240813,11.60,11.67,11.51,11.66,121737.0,145896877.00
20240814,11.65,11.68,11.53,11.54,87149.0,104420335.00
20240815,11.51,11.71,11.49,11.63,180172.0,216788169.00
20240816,11.61,11.66,11.57,11.58,103603.0,124337946.00
20240819,11.56,11.72,11.55,11.61,131665.0,158584758.00
20240820,11.63,11.66,11.51,11.52,142206.0,170032098.00
20240821,11.51,11.59,11.41,11.43,134790.0,160076391.00
20240822,11.44,11.50,11.22,11.25,152782.0,179160983.00
20240823,11.22,11.46,11.22,11.35,126396.0,147998279.00
20240826,11.36,11.48,11.32,11.39,119614.0,140963882.00
20240827,11.37,11.39,11.17,11.24,125849.0,146282006.00
20240828,11.22,11.27,11.12,11.14,132262.0,152991264.00
20240829,11.14,11.27,11.12,11.15,184459.0,213729896.00
20240830,11.15,11.52,11.14,11.45,343015.0,404163885.00
20240902,11.81,11.98,11.67,11.69,576947.0,704753039.00
20240903,11.70,11.93,11.70,11.93,337001.0,412536036.00
20240904,11.90,12.02,11.80,11.83,224344.0,275980142.00
20240905,11.87,11.92,11.80,11.90,178222.0,218882756.00
20240906,12.09,12.13,11.88,11.88,295529.0,366669573.00
20240909,11.80,11.97,11.76,11.85,223647.0,274872651.00
20240910,11.85,11.92,11.75,11.88,163917.0,200566279.00
20240911,11.87,11.97,11.81,11.87,137157.0,168578373.00
20240912,11.83,11.94,11.82,11.88,130769.0,160709368.00
20240913,11.92,12.02,11.84,11.94,217024.0,268276641.00
20240918,11.87,11.96,11.76,11.88,171393.0,210169139.00
20240919,11.94,12.11,11.84,11.96,268512.0,332725679.00
20240920,11.94,12.00,11.86,11.96,202873.0,250362911.00
20240923,11.96,12.11,11.89,12.05,225701.0,280748581.00
20240924,12.20,12.61,12.08,12.56,779183.0,999368708.00
20240925,12.75,13.18,12.75,12.89,1044394.0,1401634354.00
20240926,12.86,13.47,12.81,13.46,978759.0,1332893794.00
20240927,13.71,14.70,13.70,14.68,2012253.0,2948872942.00
20240930,16.03,16.15,15.48,16.15,3044672.0,5030062153.00
20241008,17.76,17.76,16.53,17.76,2180213.0,3985049411.00
20241009,17.76,17.98,16.16,16.43,4127821.0,7306779623.00
20241010,16.51,16.71,15.58,15.84,2038552.0,3375974667.00
20241011,15.63,15.78,15.16,15.33,1441729.0,2306171032.00
20241014,15.36,15.57,14.81,15.42,1206974.0,1901454107.00
20241015,15.34,15.47,14.89,14.91,832680.0,1309848862.00
20241016,14.70,15.23,14.69,14.96,749793.0,1160458835.00
20241017,15.03,15.33,14.89,14.91,636214.0,994605062.00
20241018,14.83,16.21,14.77,15.69,1566992.0,2501502062.00
20241021,15.67,15.72,15.37,15.54,1027529.0,1654233486.00
20241022,15.54,15.71,15.51,15.63,580448.0,936308163.00
20241023,15.66,15.88,15.58,15.65,702380.0,1142168996.00
20241024,15.53,15.65,15.37,15.52,468436.0,751281362.00
20241025,15.56,15.74,15.51,15.63,552518.0,891805061.00
20241028,15.63,15.63,15.50,15.58,495264.0,796525899.00
20241029,15.59,15.81,15.40,15.43,567829.0,914961213.00
20241030,15.39,15.58,15.29,15.49,522656.0,834462839.00
20241031,15.50,15.95,15.44,15.67,1130254.0,1842900542.00
20241101,15.65,15.90,15.55,15.58,889130.0,1443787188.00
20241104,15.76,15.97,15.66,15.97,904119.0,1482495499.00
20241105,16.05,16.81,15.83,16.80,1615011.0,2758752288.00
20241106,16.91,17.40,16.69,16.77,1397876.0,2455561028.00
20241107,16.58,17.86,16.48,17.75,1925612.0,3442251519.00
20241108,18.08,18.18,17.24,17.28,1560069.0,2837442454.00
20241111,17.02,17.26,16.92,17.22,933751.0,1650965414.00
20241112,17.21,17.52,16.83,16.97,827639.0,1468969572.00
20241113,16.87,17.09,16.70,17.00,652684.0,1141305197.00
20241114,17.00,17.16,16.76,16.78,575774.0,1011812459.00
20241115,16.76,16.91,16.25,16.26,627954.0,1077676026.00
20241118,16.30,16.49,16.04,16.10,569547.0,958646699.00
20241119,16.20,16.27,15.87,16.22,518742.0,862694827.00
20241120,16.10,16.33,16.03,16.23,375988.0,629566456.00
20241121,16.22,16.35,16.08,16.25,401366.0,673419664.00
20241122,16.24,16.25,15.50,15.56,517082.0,850294046.00
20241125,15.60,15.66,15.32,15.55,445848.0,715764496.00
20241126,15.53,15.72,15.49,15.51,326778.0,526763411.00
20241127,15.53,15.76,15.50,15.76,490527.0,793324708.00
20241128,15.77,15.88,15.64,15.71,458645.0,743270093.00
20241129,15.62,16.34,15.62,15.99,632320.0,1040346852.00
20241202,15.93,16.33,15.84,16.21,467122.0,776790484.00
20241203,16.19,16.33,16.04,16.28,372818.0,620163539.00
20241204,16.19,16.42,16.12,16.23,436645.0,730156591.00
20241205,16.17,16.49,16.15,16.31,311153.0,522216020.00
20241206,16.28,16.69,16.26,16.46,628351.0,1064405092.00
20241209,16.37,16.48,16.09,16.26,399715.0,669875283.00
20241210,16.99,17.17,16.42,16.44,824711.0,1419386071.00
20241211,16.37,16.52,16.31,16.37,315447.0,532149538.00
20241212,16.38,16.64,16.31,16.51,411580.0,696527629.00
20241213,16.41,16.41,16.05,16.11,544856.0,905159793.00
20241216,16.14,16.18,15.90,15.95,308631.0,507294465.00
20241217,15.90,16.05,15.83,15.93,318642.0,521574687.00
20241218,15.97,16.04,15.84,15.86,240744.0,394273244.00
20241219,15.76,15.92,15.70,15.91,221627.0,360503682.00
20241220,15.90,15.99,15.85,15.88,237724.0,388758928.00
20241223,15.81,16.08,15.77,15.81,259970.0,425339629.00
20241224,15.78,16.04,15.78,16.02,310118.0,507941801.00
20241225,16.02,16.09,15.76,16.03,421282.0,691148163.00
20241226,16.00,16.09,15.95,16.01,243692.0,401254275.00
20241227,16.03,16.30,15.97,16.15,423390.0,703433292.00
20241230,16.11,16.44,16.08,16.44,452499.0,759305631.00
20241231,16.44,16.51,15.76,15.77,474766.0,785567690.00
20250102,15.74,15.74,14.86,15.02,701420.0,1099570127.00
20250103,15.03,15.17,14.74,14.81,506916.0,778954945.00
20250106,14.79,15.10,14.79,15.07,384993.0,592177704.00
20250107,15.06,15.19,14.96,15.17,281882.0,437076932.00
20250108,15.13,15.20,14.82,15.01,312197.0,481008914.00
20250109,14.91,15.02,14.84,14.88,208329.0,319727851.00
20250110,14.89,14.98,14.69,14.72,190967.0,291223088.00
20250113,14.60,14.83,14.50,14.80,216788.0,327592459.00
20250114,14.85,15.20,14.80,15.18,378096.0,585821376.00
20250115,15.12,15.20,15.03,15.10,205779.0,319656071.00
20250116,15.16,15.29,14.90,14.99,254009.0,393544743.00
20250117,14.91,15.19,14.91,15.12,214338.0,332713722.00
20250120,15.23,15.34,15.18,15.19,246960.0,387106941.00
20250121,15.32,15.33,15.10,15.15,186585.0,291431045.00
20250122,15.12,15.15,14.94,15.06,226899.0,350299509.00
20250123,15.29,15.53,15.20,15.22,466592.0,736630084.00
20250124,15.19,15.45,15.18,15.31,306667.0,483044712.00
20250127,15.44,15.45,15.09,15.09,296369.0,464222517.00
20250205,15.09,15.21,15.01,15.06,255327.0,396391994.00
20250206,15.05,15.25,14.98,15.20,248370.0,386307537.00
20250207,15.18,15.66,15.15,15.48,483916.0,768277489.00
20250210,15.46,15.59,15.38,15.46,282847.0,449681120.00
20250211,15.54,15.54,15.29,15.39,236344.0,373487444.00
20250212,15.35,15.56,15.32,15.54,257023.0,407444994.00
20250213,15.50,15.64,15.38,15.50,402195.0,641796996.00
20250214,15.48,15.59,15.40,15.54,274078.0,436977871.00
20250217,15.69,15.72,15.48,15.57,302636.0,484887684.00
20250218,15.54,15.56,15.04,15.10,419798.0,659896892.00
20250219,15.08,15.27,15.05,15.15,335987.0,523628495.00
20250220,15.15,15.19,15.04,15.10,265185.0,411476079.00
20250221,15.17,15.44,15.00,15.41,491278.0,770772636.00
20250224,15.37,15.63,15.33,15.49,449716.0,717365402.00
20250225,15.33,15.39,15.13,15.17,322641.0,506054081.00
20250226,15.20,15.42,15.08,15.40,538261.0,842054280.00
20250227,15.27,15.43,15.11,15.32,459175.0,720377401.00
20250228,15.27,15.49,14.90,14.92,526192.0,819043250.00
20250303,14.93,15.10,14.86,14.95,337717.0,520825733.00
20250304,14.93,15.05,14.87,15.00,196928.0,303184255.00
20250305,14.99,15.06,14.86,15.00,240364.0,369913817.00
20250306,15.13,15.33,15.04,15.29,489412.0,766383658.00
20250307,15.25,15.25,15.06,15.10,251472.0,391412129.00
20250310,15.08,15.11,14.93,15.00,262031.0,403720773.00
20250311,14.90,15.00,14.84,15.00,261744.0,401178245.00
20250312,15.01,15.19,14.94,15.01,345236.0,533897416.00
20250313,15.01,15.12,14.89,14.94,233758.0,359778424.00
20250314,14.98,15.52,14.95,15.40,731874.0,1151524656.00
20250317,15.39,15.47,15.31,15.40,356550.0,564116077.00
20250318,15.46,15.60,15.46,15.49,325764.0,519442229.00
20250319,15.48,15.65,15.43,15.55,312226.0,499125677.00
20250320,15.52,15.59,15.36,15.42,257398.0,409216495.00
20250321,15.36,15.45,15.16,15.20,275401.0,432328664.00
20250324,15.19,15.37,15.14,15.30,333622.0,524016248.00
20250325,15.30,15.44,15.25,15.38,279977.0,441799067.00
20250326,15.37,15.40,15.28,15.36,175882.0,277500410.00
20250327,15.35,15.74,15.30,15.70,532071.0,853125218.00
20250328,15.66,16.14,15.64,15.95,680974.0,1115260725.00
20250331,15.91,16.11,15.64,15.68,611749.0,998432797.00
20250401,15.76,15.96,15.73,15.81,361453.0,587911407.00
20250402,15.75,15.92,15.67,15.69,308279.0,499354008.00
20250403,15.58,15.81,15.57,15.76,330222.0,533918681.00
20250407,15.06,15.17,14.18,14.18,795091.0,1188066756.00
20250408,14.22,14.69,14.01,14.67,797461.0,1182193905.00
20250409,14.42,14.79,14.32,14.67,578619.0,867567556.00
20250410,14.83,15.22,14.70,15.07,609183.0,940018022.00
20250411,14.97,15.05,14.80,14.92,340495.0,522077570.00
20250414,15.03,15.05,14.88,14.93,254781.0,391613554.00
20250415,14.93,14.94,14.82,14.92,199305.0,304849735.00
20250416,14.86,14.92,14.66,14.81,262841.0,398576194.00
20250417,14.75,14.85,14.70,14.78,148365.0,225568130.00
20250418,14.77,14.90,14.72,14.87,161266.0,245704027.00
20250421,14.84,15.05,14.79,14.96,227136.0,349158506.00
20250422,14.99,15.00,14.90,14.94,178877.0,274986630.00
20250423,15.01,15.03,14.83,14.89,192197.0,294937554.00
20250424,14.89,14.98,14.83,14.93,173476.0,266065380.00
20250425,14.93,15.19,14.92,15.07,294654.0,456886132.00
20250428,15.07,15.11,14.92,15.00,191578.0,295854012.00
20250429,15.05,15.06,14.87,14.91,194118.0,298214559.00
20250430,15.00,15.31,15.00,15.19,375943.0,587387580.00
20250506,15.29,15.36,15.22,15.25,311344.0,488939643.00
20250507,15.59,15.70,15.33,15.37,403972.0,642923253.00
20250508,15.32,15.68,15.32,15.47,447055.0,715174917.00
20250509,15.48,15.53,15.33,15.34,186097.0,294453138.00
20250512,15.43,15.62,15.33,15.57,322090.0,513099548.00
20250513,15.68,15.68,15.50,15.65,476185.0,764052914.00
20250514,15.64,17.22,15.60,16.84,1943280.0,3313787690.00
20250515,16.54,16.68,16.32,16.47,1039906.0,1762643372.00
20250516,16.46,16.51,16.12,16.27,522543.0,873759516.00
20250519,16.26,16.35,16.13,16.23,493075.0,823376449.00
20250520,16.24,16.33,16.09,16.14,450748.0,750444254.00
20250521,16.14,16.25,16.13,16.14,276057.0,459160602.00
20250522,16.14,16.18,16.02,16.08,277729.0,459800101.00
20250523,16.07,16.17,15.80,15.84,360462.0,592098856.00
20250526,15.84,15.97,15.77,15.86,254854.0,415338083.00
20250527,15.86,15.90,15.75,15.83,210069.0,341627363.00
20250528,15.87,15.88,15.72,15.74,186344.0,302246883.00
20250529,15.79,15.89,15.75,15.81,357269.0,580870635.00
20250530,15.72,15.90,15.61,15.85,344932.0,558795132.00
20250603,15.76,16.03,15.67,15.90,385943.0,629792342.00
20250604,15.89,16.17,15.89,16.06,356186.0,587820046.00
20250605,16.07,16.19,15.97,16.11,304415.0,503163618.00
20250606,16.12,16.18,15.97,16.00,228452.0,376807052.00
20250609,16.05,16.29,16.04,16.21,415785.0,692295704.00
20250610,16.19,16.25,15.89,15.98,351111.0,580556022.00
20250611,16.01,16.48,15.98,16.43,645128.0,1082894740.00
20250612,16.35,16.70,16.32,16.44,499403.0,846847006.00
20250613,16.36,16.43,16.15,16.21,435204.0,726925376.00
20250616,16.14,16.46,16.11,16.41,296581.0,497107027.00
20250617,16.40,16.44,16.29,16.40,224716.0,378084977.00
20250618,16.40,16.46,16.06,16.20,297084.0,494537016.00
20250619,16.11,16.19,15.82,15.86,327837.0,536538264.00
20250620,15.86,15.97,15.84,15.89,188207.0,307474179.00
20250623,15.82,16.08,15.82,16.02,273009.0,447022804.00
20250624,16.07,16.53,16.07,16.36,565869.0,951596055.00
20250625,16.40,16.97,16.37,16.89,916336.0,1572090915.00
20250626,16.93,17.04,16.64,16.79,703276.0,1217574287.00
20250627,16.81,17.61,16.77,16.97,1116256.0,1956593589.00
20250630,16.83,16.91,16.59,16.74,641211.0,1078006761.00
20250701,16.76,16.79,16.58,16.64,318747.0,532892175.00
20250702,16.68,16.69,16.55,16.58,311409.0,519374811.00
20250703,16.60,16.78,16.60,16.71,316449.0,530212494.00
20250704,16.73,17.22,16.66,16.93,600364.0,1021507313.00
20250707,16.85,17.03,16.82,16.97,312956.0,532940812.00
20250708,16.97,17.11,16.90,17.07,427708.0,730690448.00
20250709,17.07,17.43,17.04,17.10,490301.0,848952649.00
20250710,17.01,17.42,16.98,17.38,583690.0,1014013571.00
20250711,17.45,17.91,17.33,17.61,898730.0,1596159633.00
20250714,17.67,17.82,17.55,17.69,512737.0,911125432.00
20250715,17.69,17.95,17.59,17.72,624269.0,1114383276.00
20250716,17.72,17.77,17.37,17.44,443088.0,778024442.00
20250717,17.45,17.54,17.33,17.53,373011.0,653162169.00
20250718,17.53,18.17,17.52,18.00,848365.0,1525196533.00
20250721,17.92,18.77,17.82,18.62,1031203.0,1911054518.00
20250722,18.54,18.78,18.32,18.71,639320.0,1191640955.00
20250723,18.70,19.66,18.67,19.45,1585335.0,3083409078.00
20250724,19.26,20.05,19.26,19.98,1272872.0,2535908774.00
20250725,19.98,20.01,19.71,19.84,748978.0,1493683313.00
20250728,19.83,20.31,19.66,19.93,899959.0,1802052608.00
20250729,19.81,19.91,19.56,19.83,651293.0,1291105261.00
20250730,19.81,20.06,19.47,19.67,632896.0,1256545196.00
20250731,19.59,19.72,18.97,19.11,939463.0,1821934817.00
20250801,19.13,19.80,18.97,19.25,922041.0,1795492241.00
20250804,19.20,19.57,19.19,19.29,553485.0,1072455444.00
20250805,19.36,19.66,19.26,19.54,664556.0,1297629755.00
20250806,19.54,19.75,19.49,19.62,478947.0,943526384.00
20250807,19.57,19.80,19.41,19.47,466503.0,917021287.00
20250808,19.48,19.76,19.22,19.62,652662.0,1283363312.00
20250811,19.51,19.83,19.51,19.62,531487.0,1050241525.00
20250812,19.71,20.08,19.65,20.00,677801.0,1355343999.00
20250813,20.13,20.76,20.00,20.45,1046489.0,2144960359.00
20250814,20.45,21.26,20.37,20.65,1136197.0,2376946697.00
20250815,20.60,21.67,20.50,21.19,1302409.0,2776612260.00
20250818,21.27,21.28,20.62,20.82,1389938.0,2924472673.00
20250819,20.61,20.91,20.53,20.62,573379.0,1190661057.00
20250820,20.51,20.98,20.42,20.92,611366.0,1271911899.00
20250821,21.14,21.19,20.68,20.81,589168.0,1240145618.00
20250822,20.76,22.40,20.72,22.32,1402882.0,3051828421.00
20250825,22.40,22.45,21.76,22.20,1126936.0,2500377831.00
20250826,22.01,22.09,21.76,21.88,625916.0,1378724551.00
20250827,21.88,21.96,21.08,21.10,928491.0,2010845466.00
20250828,21.00,21.71,20.98,21.65,748945.0,1603387592.00
20250829,21.71,22.03,21.57,21.78,839434.0,1839345069.00
20250901,21.89,21.94,21.54,21.57,681238.0,1483112243.00
20250902,21.62,21.75,21.03,21.22,617224.0,1321236029.00
20250903,21.23,21.37,20.39,20.54,709934.0,1480001253.00
20250904,20.54,20.69,19.97,20.25,663880.0,1352815895.00
20250905,20.32,20.56,20.09,20.50,522401.0,1065787393.00
20250908,20.54,20.64,20.06,20.27,600814.0,1223673770.00
20250909,20.20,20.80,20.13,20.50,554257.0,1140133927.00
20250910,20.47,20.78,20.37,20.44,381830.0,787169315.00
20250911,20.39,21.13,20.34,21.06,707365.0,1480644300.00
20250912,21.04,21.34,20.87,20.97,503989.0,1068047889.00
20250915,20.96,21.51,20.82,21.14,580467.0,1236391594.00
20250916,21.13,21.25,20.68,21.01,440179.0,924857419.00
20250917,21.11,21.26,20.85,21.11,471727.0,997798228.00
20250918,20.99,21.11,19.93,20.29,1006249.0,2075000648.00
20250919,20.14,20.36,20.03,20.16,409982.0,831957800.00
20250922,20.15,20.52,20.12,20.51,354302.0,722837859.00
20250923,20.39,20.69,20.12,20.40,411614.0,840372246.00
20250924,20.32,20.67,20.26,20.59,372293.0,765962056.00
20250925,20.49,20.98,20.42,20.83,438271.0,916085158.00
20250926,20.72,21.02,20.61,20.77,343020.0,716610441.00
20250929,20.72,22.85,20.69,22.85,2007565.0,4500007457.00
20250930,22.85,22.96,22.10,22.18,1670990.0,3777902041.00
20251009,22.12,23.44,21.70,23.09,1714165.0,3902002186.00
20251010,22.95,24.54,22.86,23.94,1634380.0,3935543679.00
20251013,23.22,23.89,22.48,23.13,1578988.0,3653648959.00
20251014,23.19,24.24,22.91,23.22,1521727.0,3598717219.00
20251015,23.58,24.49,22.91,24.42,1854319.0,4430858253.00
20251016,23.89,24.31,23.65,24.17,1389859.0,3338389747.00
20251017,24.15,24.39,23.12,23.27,1208233.0,2874869429.00
20251020,23.45,23.68,22.55,22.62,1214430.0,2791310795.00
20251021,22.66,23.02,22.44,22.78,1166854.0,2656087109.00
20251022,22.51,22.68,22.18,22.33,756133.0,1694242830.00
20251023,22.34,22.80,22.19,22.68,708738.0,1595068943.00
20251024,22.60,22.96,22.52,22.96,830150.0,1889853883.00
20251027,23.21,23.75,22.88,23.41,1243388.0,2899033797.00
20251028,23.15,23.34,22.88,22.98,796345.0,1836489049.00
20251029,22.90,24.10,22.88,23.92,1225789.0,2901244715.00
20251030,23.92,24.00,23.50,23.55,811281.0,1920230259.00
20251031,23.66,23.70,22.56,22.57,1223770.0,2783556456.00
20251103,22.53,22.57,21.93,22.42,744258.0,1651292834.00
20251104,22.42,22.47,22.13,22.23,451961.0,1007493108.00
20251105,22.04,22.34,21.97,22.22,383786.0,851858650.00
20251106,22.34,23.38,22.30,23.15,1215562.0,2799061681.00
20251107,23.00,23.04,22.71,22.75,509922.0,1165134456.00
20251110,22.71,23.83,22.56,23.60,980462.0,2286379054.00
20251111,23.44,23.65,23.05,23.14,557968.0,1296850267.00
20251112,23.01,23.36,22.85,23.05,526842.0,1217025256.00
20251113,23.00,23.58,22.97,23.47,625108.0,1459081540.00
20251114,23.20,23.35,22.81,22.85,554490.0,1276386794.00
20251117,22.78,22.80,22.33,22.43,460447.0,1034758608.00
20251118,22.38,23.07,22.34,22.66,542285.0,1233703029.00
20251119,22.56,22.97,22.53,22.76,351079.0,797898961.00
20251120,23.29,23.35,22.10,22.10,659503.0,1490195207.00
20251121,21.87,22.08,21.08,21.10,724945.0,1558944277.00
20251124,21.20,21.39,20.88,21.16,426010.0,901043928.00
20251125,21.20,21.29,20.91,20.98,531444.0,1121808909.00
20251126,20.97,21.36,20.92,21.09,436173.0,923282041.00
20251127,21.02,21.38,21.00,21.08,296802.0,628816908.00
20251128,21.01,21.20,20.89,21.14,319893.0,673823451.00
20251201,21.06,21.23,20.99,21.16,390043.0,823369314.00
20251202,21.15,21.15,20.77,20.90,418229.0,874129353.00
20251203,21.25,21.25,20.75,20.86,370803.0,777335312.00
20251204,20.77,21.05,20.76,20.95,253747.0,531074126.00
20251205,20.89,21.60,20.83,21.29,630412.0,1339749483.00
20251208,21.69,22.18,21.60,21.71,887818.0,1942792060.00
20251209,21.56,21.66,21.05,21.16,585379.0,1247862352.00
20251210,21.05,21.14,20.81,21.01,427247.0,894142045.00
20251211,21.02,21.05,20.61,20.61,357765.0,743955247.00
20251212,20.62,21.03,20.58,20.95,455381.0,947964585.00
20251215,20.78,21.68,20.72,21.34,643514.0,1375508728.00
20251216,21.20,21.47,21.18,21.18,357930.0,762424465.00
20251217,21.21,22.35,21.17,21.83,990936.0,2155008999.00
20251218,21.73,21.89,21.47,21.62,496575.0,1075816885.00
20251219,21.61,21.86,21.47,21.65,446908.0,969509910.00
20251222,21.60,21.76,21.56,21.60,299846.0,648645638.00
20251223,21.61,22.26,21.48,21.91,714685.0,1571307858.00
20251224,21.88,22.13,21.82,22.10,425565.0,934317474.00
20251225,22.03,22.20,21.98,22.00,349671.0,771704632.00
20251226,22.00,22.56,21.95,22.20,633532.0,1410402495.00
20251229,22.15,22.23,21.91,21.94,383837.0,845949768.00
20251230,21.89,22.20,21.85,21.96,395812.0,869528410.00
20251231,21.92,22.48,21.92,22.02,464152.0,1031235470.00
20260105,22.08,23.06,22.08,22.87,975154.0,2211553871.00
20260106,22.73,24.10,22.73,23.78,1121459.0,2642873615.00
20260107,23.79,23.80,22.95,23.16,848717.0,1977274225.00
20260108,22.88,22.88,22.11,22.26,1295057.0,2889256834.00
20260109,22.23,22.44,22.10,22.31,747853.0,1664480464.00
20260112,22.31,22.74,22.15,22.71,979913.0,2196495286.00
20260113,22.75,23.48,22.63,22.86,970760.0,2237662574.00
20260114,22.83,23.32,22.42,22.49,1060952.0,2428903631.00
20260115,22.40,22.89,22.38,22.55,669078.0,1514257762.00
20260116,22.65,22.88,22.35,22.56,557020.0,1254779593.00
20260119,22.40,22.49,22.16,22.43,498568.0,1113690396.00
20260120,22.38,22.92,22.35,22.77,588823.0,1336591876.00
20260121,22.66,22.86,22.47,22.57,504191.0,1140173959.00
20260122,22.56,22.90,22.49,22.59,445482.0,1009239866.00
20260123,22.70,22.74,22.25,22.31,580612.0,1300289528.00
20260126,22.22,22.95,22.19,22.71,901796.0,2048458734.00
20260127,22.66,22.83,22.32,22.51,521677.0,1179480976.00
20260128,22.50,22.92,22.47,22.57,670270.0,1521733608.00
20260129,22.51,23.03,22.22,22.91,978413.0,2213199789.00
20260130,22.82,23.10,22.39,22.49,665366.0,1507741583.00
20260202,22.35,22.66,21.66,21.72,855141.0,1889174503.00
20260203,21.80,21.86,21.10,21.43,741527.0,1581866866.00
20260204,21.30,21.68,21.22,21.62,386302.0,830819290.00
20260205,21.62,21.73,21.28,21.47,336966.0,723496227.00
20260206,21.36,21.50,21.25,21.29,281521.0,601561921.00
20260209,21.41,21.90,21.40,21.71,432863.0,937808150.00
20260210,21.75,21.76,21.55,21.62,188230.0,407461876.00
20260211,21.64,21.65,21.40,21.50,252795.0,543152100.00
20260212,21.48,21.49,21.10,21.13,488927.0,1036830869.00
20260213,21.19,21.32,21.10,21.13,318448.0,675326011.00
20260224,21.11,21.23,20.93,20.99,353212.0,743269408.00
20260225,21.00,21.23,20.88,20.91,543490.0,1143394874.00
20260226,20.90,20.99,20.75,20.81,294128.0,613243201.00
20260227,20.80,21.01,20.76,20.84,356003.0,743539459.00
20260302,20.64,20.75,20.22,20.67,512867.0,1052650535.00
20260303,20.67,21.01,20.40,20.53,536006.0,1111144934.00
20260304,20.42,20.45,19.90,19.97,522930.0,1051393130.00
20260305,20.20,20.23,19.87,19.92,348624.0,697076289.00
20260306,19.80,20.19,19.77,20.07,270062.0,540449213.00
20260309,19.80,19.80,19.25,19.39,549278.0,1067264757.00
20260310,19.57,19.68,19.37,19.52,367021.0,715901325.00
20260311,19.47,19.67,19.39,19.53,299483.0,585166509.00
20260312,19.50,19.59,19.36,19.49,272629.0,531036580.00
20260313,19.44,19.55,19.29,19.32,289737.0,562300283.00
20260316,19.32,19.35,18.96,19.07,390596.0,744676892.00
20260317,19.11,20.08,19.11,19.53,909683.0,1793115013.00
20260318,19.52,19.54,19.26,19.47,390468.0,756292315.00
20260319,19.29,19.33,19.03,19.11,365401.0,700461768.00
20260320,19.20,19.33,19.06,19.06,330911.0,634560474.00
20260323,18.70,18.76,18.11,18.26,561612.0,1034494141.00
20260324,18.50,18.67,18.22,18.36,403232.0,741646683.00
20260325,18.40,18.77,18.35,18.65,348904.0,648092730.00
20260326,18.60,18.61,18.03,18.12,408747.0,745297264.00
20260327,18.00,18.35,17.96,18.29,271846.0,495722949.00
20260330,18.01,18.24,18.00,18.18,253510.0,459935619.00
20260331,18.22,18.46,17.96,17.96,395443.0,719900160.00
20260401,18.31,18.58,18.17,18.43,412208.0,758698271.00
20260402,18.34,18.34,17.82,17.99,454844.0,820965572.00
20260403,17.99,18.09,17.83,17.84,232662.0,417740015.00
20260407,17.82,17.88,17.66,17.75,234795.0,416707576.00
20260408,18.21,18.63,18.16,18.61,655628.0,1206348684.00
20260409,18.40,18.43,18.10,18.14,389005.0,709742498.00
20260410,18.78,19.36,18.69,18.87,895050.0,1703378791.00
20260413,18.67,19.53,18.60,19.37,827024.0,1589476326.00
20260414,19.50,19.89,19.39,19.63,914836.0,1796366609.00
20260415,19.62,20.18,19.61,19.86,853765.0,1701315001.00
