timetag,open,high,low,close,volumn,amount
20050223,0.607,0.608,0.597,0.604,12697425.0,1111793167.00
20050224,0.604,0.604,0.598,0.604,4516142.0,394141216.00
20050225,0.604,0.611,0.603,0.606,5064606.0,446597972.00
20050228,0.605,0.606,0.600,0.601,1879651.0,164467462.00
20050301,0.600,0.602,0.596,0.598,2080944.0,180573596.00
20050302,0.598,0.602,0.591,0.592,2492746.0,215572195.00
20050303,0.591,0.593,0.589,0.592,1001532.0,85830280.00
20050304,0.592,0.596,0.591,0.593,1298001.0,111715108.00
20050307,0.593,0.596,0.593,0.594,1167896.0,100713450.00
20050308,0.595,0.603,0.595,0.602,2985053.0,259486071.00
20050309,0.602,0.605,0.599,0.602,2000063.0,174863933.00
20050310,0.601,0.601,0.587,0.588,3338597.0,287003280.00
20050311,0.588,0.590,0.586,0.589,1323445.0,112888756.00
20050314,0.589,0.595,0.582,0.591,2335094.0,199760619.00
20050315,0.590,0.590,0.580,0.581,2829616.0,239546928.00
20050316,0.580,0.581,0.573,0.575,2194449.0,183701630.00
20050317,0.575,0.577,0.570,0.571,1300625.0,108082309.00
20050318,0.571,0.573,0.566,0.568,2277922.0,188092685.00
20050321,0.568,0.569,0.566,0.568,1032730.0,85036479.00
20050322,0.568,0.569,0.556,0.557,1622940.0,131858193.00
20050323,0.556,0.559,0.551,0.554,1452955.0,117013259.00
20050324,0.553,0.556,0.549,0.555,1183880.0,94998083.00
20050325,0.555,0.558,0.553,0.555,1082233.0,87190626.00
20050328,0.553,0.555,0.549,0.553,712663.0,57019414.00
20050329,0.553,0.559,0.553,0.555,1440180.0,116246835.00
20050330,0.554,0.554,0.545,0.547,1926594.0,153413202.00
20050331,0.546,0.548,0.542,0.547,1287382.0,101747478.00
20050401,0.547,0.575,0.544,0.571,5023906.0,409666114.00
20050404,0.561,0.564,0.554,0.558,2329915.0,188905456.00
20050405,0.557,0.560,0.553,0.555,1295870.0,104559653.00
20050406,0.553,0.569,0.551,0.564,2613610.0,212119445.00
20050407,0.564,0.578,0.562,0.568,3634517.0,301938686.00
20050408,0.568,0.576,0.564,0.576,2432582.0,201477220.00
20050411,0.574,0.580,0.570,0.572,1632058.0,135974256.00
20050412,0.572,0.573,0.565,0.566,2114897.0,174409112.00
20050413,0.573,0.580,0.572,0.579,4037055.0,337790234.00
20050414,0.579,0.580,0.571,0.571,2077160.0,173240368.00
20050415,0.570,0.570,0.563,0.564,2803011.0,230119725.00
20050418,0.562,0.564,0.555,0.557,1651911.0,133944475.00
20050419,0.557,0.560,0.554,0.559,814256.0,65792238.00
20050420,0.558,0.558,0.549,0.549,2184902.0,174772102.00
20050421,0.550,0.554,0.547,0.549,2385393.0,190472801.00
20050422,0.551,0.553,0.548,0.550,2467110.0,196930000.00
20050425,0.549,0.549,0.542,0.544,3168918.0,250442307.00
20050426,0.544,0.549,0.543,0.547,2272327.0,179953915.00
20050427,0.549,0.549,0.542,0.543,2235970.0,176930957.00
20050428,0.542,0.550,0.540,0.549,3103258.0,245322577.00
20050429,0.548,0.550,0.541,0.543,2258640.0,179141486.00
20050509,0.551,0.552,0.537,0.538,3347309.0,263073126.00
20050510,0.538,0.541,0.531,0.540,3161237.0,245236858.00
20050511,0.539,0.540,0.535,0.535,2124927.0,165612893.00
20050512,0.534,0.535,0.523,0.524,2692804.0,206669530.00
20050513,0.522,0.530,0.520,0.525,1967271.0,149807953.00
20050516,0.525,0.525,0.515,0.517,1481448.0,111490042.00
20050517,0.517,0.524,0.514,0.520,1184261.0,89362441.00
20050518,0.518,0.524,0.515,0.520,1444553.0,108860183.00
20050519,0.520,0.523,0.514,0.520,1498215.0,112607242.00
20050520,0.520,0.524,0.518,0.522,1476985.0,111791410.00
20050523,0.519,0.519,0.511,0.512,2472999.0,184723307.00
20050524,0.511,0.513,0.505,0.511,2452401.0,181493671.00
20050525,0.510,0.516,0.508,0.512,1555312.0,115554585.00
20050526,0.512,0.514,0.506,0.507,1244115.0,92004060.00
20050527,0.507,0.509,0.502,0.503,1950855.0,143076640.00
20050530,0.501,0.509,0.498,0.507,2206356.0,161242196.00
20050531,0.507,0.511,0.505,0.509,1710550.0,126332693.00
20050601,0.507,0.509,0.499,0.500,1554608.0,113509624.00
20050602,0.499,0.500,0.485,0.487,3607568.0,257614194.00
20050603,0.488,0.489,0.482,0.486,2799639.0,197185637.00
20050606,0.485,0.497,0.482,0.496,4269577.0,303683830.00
20050607,0.495,0.507,0.493,0.496,3543681.0,257538834.00
20050608,0.498,0.540,0.498,0.538,9684174.0,737774296.00
20050609,0.538,0.551,0.531,0.544,7380071.0,578588882.00
20050610,0.542,0.542,0.531,0.534,4580717.0,355293344.00
20050613,0.535,0.537,0.524,0.533,4002313.0,308249593.00
20050614,0.533,0.538,0.529,0.529,2467613.0,190898642.00
20050615,0.527,0.528,0.519,0.520,2203364.0,167235406.00
20050616,0.519,0.529,0.519,0.528,1597232.0,121380529.00
20050617,0.531,0.539,0.530,0.532,2897365.0,223969031.00
20050620,0.541,0.555,0.535,0.554,5724950.0,452933571.00
20050621,0.554,0.554,0.546,0.547,2799399.0,222879943.00
20050622,0.546,0.551,0.544,0.550,2282934.0,181189669.00
20050623,0.549,0.550,0.545,0.547,2715488.0,215962883.00
20050624,0.545,0.548,0.542,0.547,1581394.0,124985925.00
20050627,0.549,0.558,0.549,0.557,3753575.0,302382500.00
20050628,0.554,0.554,0.548,0.553,2532612.0,202451738.00
20050629,0.554,0.555,0.544,0.545,2410229.0,191273995.00
20050630,0.544,0.544,0.529,0.530,2503000.0,194242563.00
20050701,0.529,0.530,0.525,0.529,2699547.0,206710096.00
20050704,0.527,0.527,0.520,0.524,1742102.0,131948404.00
20050705,0.524,0.524,0.518,0.520,1004899.0,75954654.00
20050706,0.520,0.523,0.516,0.517,1845639.0,139076789.00
20050707,0.516,0.520,0.515,0.517,932639.0,70027450.00
20050708,0.515,0.515,0.508,0.512,1558905.0,115617701.00
20050711,0.518,0.527,0.510,0.511,2239093.0,168443720.00
20050712,0.509,0.533,0.506,0.532,4059560.0,308070476.00
20050713,0.529,0.531,0.524,0.527,2407278.0,184089812.00
20050714,0.527,0.537,0.524,0.529,3502049.0,269975769.00
20050715,0.531,0.533,0.526,0.528,1467683.0,112558069.00
20050718,0.525,0.528,0.524,0.527,811560.0,61946427.00
20050719,0.525,0.530,0.525,0.526,1549539.0,118422060.00
20050720,0.527,0.533,0.526,0.532,1846836.0,142102052.00
20050721,0.531,0.535,0.530,0.534,2384385.0,184096147.00
20050722,0.538,0.548,0.533,0.542,4766704.0,374007988.00
20050725,0.541,0.542,0.539,0.540,2302868.0,180596134.00
20050726,0.540,0.552,0.540,0.549,4985370.0,397024143.00
20050727,0.548,0.553,0.547,0.553,3738806.0,298783433.00
20050728,0.553,0.555,0.549,0.551,4101618.0,328870113.00
20050729,0.551,0.551,0.547,0.549,2739913.0,218586555.00
20050801,0.549,0.555,0.549,0.550,1768262.0,141391750.00
20050802,0.550,0.555,0.549,0.555,3446891.0,276207870.00
20050803,0.555,0.560,0.554,0.556,5369015.0,434624987.00
20050804,0.555,0.558,0.553,0.555,3860800.0,311147834.00
20050805,0.555,0.570,0.555,0.570,6263020.0,513833467.00
20050808,0.571,0.575,0.569,0.571,3639165.0,301766125.00
20050809,0.571,0.572,0.566,0.571,2282686.0,188336681.00
20050810,0.571,0.574,0.566,0.572,3593452.0,296798870.00
20050811,0.573,0.580,0.572,0.579,4104760.0,343274092.00
20050812,0.580,0.581,0.574,0.576,4419357.0,370385751.00
20050815,0.580,0.589,0.578,0.589,7107787.0,601126561.00
20050816,0.589,0.590,0.576,0.578,3632605.0,306761510.00
20050817,0.579,0.586,0.573,0.586,5194377.0,436493304.00
20050818,0.586,0.588,0.566,0.568,15053215.0,1268367883.00
20050819,0.566,0.575,0.566,0.572,3800705.0,315335246.00
20050822,0.573,0.578,0.571,0.576,5892635.0,491100367.00
20050823,0.576,0.578,0.569,0.572,4173861.0,347393280.00
20050824,0.573,0.582,0.573,0.579,5714162.0,480084603.00
20050825,0.578,0.582,0.575,0.579,2050951.0,172033146.00
20050826,0.578,0.579,0.576,0.579,969189.0,81196675.00
20050829,0.578,0.578,0.570,0.572,3129101.0,259959074.00
20050830,0.571,0.573,0.569,0.569,761935.0,63043163.00
20050831,0.569,0.575,0.569,0.575,1165932.0,96660128.00
20050901,0.575,0.583,0.573,0.582,2801757.0,235610090.00
20050902,0.582,0.584,0.580,0.582,1034851.0,87371344.00
20050905,0.582,0.584,0.579,0.582,1224428.0,103370889.00
20050906,0.582,0.582,0.574,0.575,1517433.0,127268955.00
20050907,0.574,0.578,0.573,0.578,1436569.0,119980852.00
20050908,0.578,0.582,0.578,0.580,3213993.0,270484342.00
20050909,0.579,0.583,0.578,0.580,1750491.0,147370583.00
20050912,0.578,0.580,0.577,0.579,738451.0,61951514.00
20050913,0.579,0.583,0.578,0.582,1852523.0,156072359.00
20050914,0.582,0.586,0.582,0.586,1855783.0,157350114.00
20050915,0.586,0.586,0.584,0.584,1235436.0,104869157.00
20050916,0.584,0.585,0.582,0.583,610825.0,51721438.00
20050919,0.582,0.583,0.581,0.582,1615585.0,136416376.00
20050920,0.582,0.584,0.578,0.578,1618875.0,136360020.00
20050921,0.578,0.579,0.571,0.572,1612451.0,134202164.00
20050922,0.571,0.571,0.558,0.560,3988741.0,325000316.00
20050923,0.560,0.562,0.557,0.557,1763677.0,143261853.00
20050926,0.557,0.560,0.556,0.560,440642.0,35690703.00
20050927,0.559,0.560,0.551,0.551,1246739.0,100156034.00
20050928,0.551,0.554,0.551,0.553,813192.0,65217737.00
20050929,0.555,0.558,0.553,0.558,1010952.0,81537034.00
20050930,0.558,0.558,0.555,0.557,452949.0,36553965.00
20051010,0.556,0.556,0.550,0.551,1336578.0,107007812.00
20051011,0.551,0.557,0.550,0.556,2348538.0,188387038.00
20051012,0.556,0.558,0.553,0.555,4075308.0,328342849.00
20051013,0.555,0.557,0.550,0.551,3932855.0,316128887.00
20051014,0.550,0.552,0.540,0.540,2279323.0,180482246.00
20051017,0.541,0.542,0.534,0.538,1456915.0,113657258.00
20051018,0.538,0.542,0.538,0.539,1094245.0,85640320.00
20051019,0.538,0.545,0.538,0.538,2181959.0,171125027.00
20051020,0.538,0.545,0.537,0.544,2720243.0,213394679.00
20051021,0.543,0.547,0.542,0.544,693777.0,54776403.00
20051024,0.544,0.544,0.540,0.542,395119.0,31093936.00
20051025,0.541,0.542,0.535,0.538,1186636.0,92623949.00
20051026,0.538,0.538,0.525,0.526,1690799.0,129879554.00
20051027,0.526,0.529,0.523,0.527,1651045.0,125840142.00
20051028,0.527,0.530,0.522,0.524,1545072.0,117649557.00
20051031,0.524,0.531,0.524,0.531,2557053.0,196223601.00
20051101,0.529,0.530,0.523,0.529,3033942.0,231808117.00
20051102,0.529,0.538,0.528,0.533,2972612.0,230202634.00
20051103,0.532,0.535,0.527,0.528,2928508.0,225657785.00
20051104,0.528,0.531,0.527,0.531,4081261.0,313015580.00
20051107,0.529,0.530,0.524,0.528,1160177.0,88557907.00
20051108,0.527,0.533,0.526,0.532,877776.0,67410426.00
20051109,0.531,0.533,0.527,0.528,5398117.0,415399278.00
20051110,0.527,0.529,0.520,0.520,4710164.0,357809055.00
20051111,0.519,0.523,0.518,0.521,719269.0,54354119.00
20051114,0.520,0.522,0.518,0.518,553013.0,41704179.00
20051115,0.520,0.523,0.517,0.518,1032303.0,77875352.00
20051116,0.518,0.521,0.514,0.520,1016369.0,76254449.00
20051117,0.520,0.522,0.518,0.522,512595.0,38703572.00
20051118,0.520,0.536,0.520,0.533,2012033.0,154909483.00
20051121,0.533,0.534,0.530,0.534,1020940.0,78879409.00
20051122,0.533,0.533,0.524,0.524,1320479.0,101107262.00
20051123,0.522,0.529,0.522,0.528,818038.0,62529631.00
20051124,0.527,0.538,0.527,0.535,1831164.0,141942845.00
20051125,0.535,0.540,0.533,0.540,1413769.0,110133753.00
20051128,0.540,0.542,0.534,0.536,1344166.0,104942557.00
20051129,0.536,0.536,0.530,0.531,1030686.0,79639657.00
20051130,0.530,0.533,0.529,0.533,961006.0,74086521.00
20051201,0.533,0.537,0.532,0.533,945084.0,73207733.00
20051202,0.534,0.535,0.529,0.532,1537278.0,118726999.00
20051205,0.531,0.531,0.527,0.528,1518381.0,116623389.00
20051206,0.527,0.535,0.527,0.534,3093247.0,239214439.00
20051207,0.534,0.538,0.533,0.538,3905619.0,304047740.00
20051208,0.538,0.542,0.535,0.537,4020335.0,313935254.00
20051209,0.537,0.547,0.535,0.546,2489479.0,195699978.00
20051212,0.546,0.547,0.542,0.544,953610.0,75318799.00
20051213,0.543,0.544,0.540,0.543,1343130.0,105676627.00
20051214,0.543,0.549,0.541,0.547,1698716.0,134297258.00
20051215,0.547,0.551,0.547,0.547,3491845.0,278148171.00
20051216,0.547,0.550,0.546,0.550,1051101.0,83606523.00
20051219,0.549,0.551,0.547,0.550,1251721.0,99699632.00
20051220,0.549,0.553,0.548,0.552,1720377.0,137378436.00
20051221,0.551,0.556,0.551,0.553,2724237.0,219011512.00
20051222,0.552,0.555,0.550,0.555,1034054.0,82969760.00
20051223,0.553,0.558,0.553,0.558,1681470.0,135871306.00
20051226,0.558,0.562,0.557,0.560,1177136.0,95632935.00
20051227,0.561,0.561,0.557,0.558,1000330.0,81057934.00
20051228,0.556,0.559,0.555,0.558,912228.0,73737337.00
20051229,0.558,0.563,0.558,0.563,2026438.0,165048243.00
20051230,0.564,0.566,0.559,0.560,1693864.0,138234970.00
20060104,0.561,0.572,0.561,0.571,3380818.0,278542882.00
20060105,0.571,0.584,0.571,0.584,6704145.0,562203632.00
20060106,0.584,0.592,0.582,0.589,3044232.0,259450871.00
20060109,0.588,0.593,0.586,0.591,1492336.0,127698714.00
20060110,0.589,0.589,0.584,0.589,1731252.0,147539206.00
20060111,0.589,0.592,0.584,0.584,1865080.0,159027374.00
20060112,0.583,0.589,0.582,0.589,1497074.0,127303735.00
20060113,0.589,0.591,0.582,0.583,2968114.0,252113089.00
20060116,0.584,0.584,0.573,0.574,2562412.0,214850032.00
20060117,0.573,0.580,0.573,0.578,875680.0,73344047.00
20060118,0.578,0.591,0.575,0.590,2278802.0,194270651.00
20060119,0.591,0.593,0.586,0.591,2687040.0,230021805.00
20060120,0.591,0.594,0.589,0.590,1504278.0,129068684.00
20060123,0.591,0.594,0.589,0.593,1259766.0,108188475.00
20060124,0.592,0.593,0.586,0.589,1494117.0,127764201.00
20060125,0.589,0.595,0.586,0.595,826125.0,71050002.00
20060206,0.595,0.606,0.594,0.605,2595103.0,226582403.00
20060207,0.604,0.606,0.597,0.602,1682225.0,147054251.00
20060208,0.600,0.606,0.599,0.604,14759964.0,1289583586.00
20060209,0.605,0.605,0.595,0.596,1232433.0,107304702.00
20060210,0.596,0.606,0.596,0.606,1370671.0,119571775.00
20060213,0.604,0.605,0.599,0.604,996218.0,86961978.00
20060214,0.603,0.604,0.601,0.604,554628.0,48528312.00
20060215,0.605,0.611,0.605,0.610,1280568.0,113205767.00
20060216,0.609,0.609,0.600,0.603,1098076.0,96190998.00
20060217,0.600,0.606,0.600,0.603,1089473.0,95329416.00
20060220,0.600,0.606,0.600,0.601,786040.0,68857619.00
20060221,0.600,0.612,0.600,0.611,1330242.0,116857999.00
20060222,0.612,0.614,0.605,0.608,10168796.0,900066905.00
20060223,0.608,0.614,0.607,0.613,1553704.0,137678857.00
20060224,0.614,0.619,0.612,0.619,2145325.0,191725617.00
20060227,0.621,0.626,0.620,0.621,4623306.0,417983664.00
20060228,0.621,0.629,0.616,0.628,2960956.0,267067101.00
20060301,0.627,0.634,0.626,0.633,653154.0,59816460.00
20060302,0.634,0.634,0.617,0.621,895296.0,81231622.00
20060303,0.620,0.627,0.615,0.622,818035.0,73581625.00
20060306,0.622,0.624,0.618,0.618,980920.0,88292278.00
20060307,0.618,0.620,0.606,0.607,1390655.0,123618596.00
20060308,0.606,0.608,0.602,0.604,1255148.0,110042374.00
20060309,0.604,0.606,0.600,0.601,1153385.0,100867396.00
20060310,0.600,0.605,0.600,0.602,1031427.0,90172766.00
20060313,0.601,0.609,0.601,0.608,332602.0,29226007.00
20060314,0.607,0.609,0.602,0.605,359967.0,31595035.00
20060315,0.604,0.610,0.604,0.610,745607.0,65833574.00
20060316,0.609,0.611,0.608,0.608,399046.0,35255342.00
20060317,0.606,0.610,0.604,0.607,483436.0,42566156.00
20060320,0.606,0.614,0.604,0.614,568668.0,50409271.00
20060321,0.613,0.618,0.613,0.615,671441.0,60021003.00
20060322,0.615,0.618,0.613,0.618,381638.0,34127142.00
20060323,0.618,0.618,0.611,0.616,647283.0,57787461.00
20060324,0.616,0.618,0.615,0.617,1955357.0,174950700.00
20060327,0.616,0.620,0.612,0.618,1175850.0,105035109.00
20060328,0.617,0.624,0.617,0.623,810884.0,73139668.00
20060329,0.622,0.632,0.622,0.629,671128.0,61155512.00
20060330,0.628,0.631,0.623,0.624,386376.0,35163229.00
20060331,0.624,0.629,0.620,0.627,502797.0,45593485.00
20060403,0.627,0.634,0.625,0.634,778161.0,71263424.00
20060404,0.633,0.637,0.631,0.637,906905.0,83604732.00
20060405,0.637,0.643,0.637,0.642,814620.0,75728520.00
20060406,0.643,0.644,0.639,0.641,355952.0,33118856.00
20060407,0.641,0.641,0.631,0.633,623301.0,57368947.00
20060410,0.633,0.643,0.632,0.642,1668292.0,154120708.00
20060411,0.643,0.651,0.641,0.645,455888.0,42646196.00
20060412,0.644,0.646,0.641,0.643,437688.0,40899725.00
20060413,0.641,0.645,0.633,0.634,743130.0,68840139.00
20060414,0.633,0.647,0.633,0.646,658206.0,61036757.00
20060417,0.641,0.654,0.640,0.653,1483824.0,139737889.00
20060418,0.653,0.660,0.650,0.655,534734.0,50831132.00
20060419,0.655,0.660,0.652,0.656,962210.0,91496229.00
20060420,0.655,0.660,0.646,0.647,1054273.0,99830746.00
20060421,0.647,0.664,0.647,0.663,1752676.0,166981851.00
20060424,0.662,0.666,0.657,0.662,721515.0,69410226.00
20060425,0.662,0.662,0.649,0.649,733476.0,69668390.00
20060426,0.649,0.666,0.649,0.664,651179.0,62565471.00
20060427,0.664,0.665,0.657,0.664,438902.0,42117312.00
20060428,0.660,0.684,0.655,0.684,626055.0,61094513.00
20060508,0.684,0.708,0.684,0.707,284418.0,28722286.00
20060509,0.708,0.725,0.704,0.721,502137.0,52194639.00
20060510,0.722,0.731,0.715,0.725,1001192.0,105232406.00
20060511,0.724,0.737,0.716,0.719,673948.0,71234601.00
20060512,0.715,0.744,0.713,0.744,1161769.0,123714674.00
20060515,0.748,0.793,0.748,0.785,475311.0,52637967.00
20060516,0.766,0.792,0.750,0.761,660686.0,73630622.00
20060517,0.760,0.777,0.751,0.763,409673.0,45501622.00
20060518,0.758,0.762,0.743,0.762,308645.0,33714347.00
20060519,0.768,0.781,0.758,0.776,440477.0,48159071.00
20060522,0.776,0.789,0.768,0.775,388477.0,43024780.00
20060523,0.775,0.775,0.746,0.750,1578814.0,169223714.00
20060524,0.751,0.772,0.737,0.751,519324.0,55451750.00
20060525,0.749,0.762,0.741,0.751,286335.0,30542525.00
20060526,0.754,0.769,0.753,0.768,474320.0,51286210.00
20060529,0.766,0.785,0.763,0.781,450699.0,49635881.00
20060530,0.781,0.791,0.780,0.785,350141.0,38991664.00
20060531,0.782,0.794,0.779,0.782,345028.0,38456033.00
20060601,0.781,0.803,0.780,0.802,356616.0,40179186.00
20060602,0.804,0.805,0.789,0.801,495117.0,56012503.00
20060605,0.793,0.799,0.775,0.792,591987.0,66264355.00
20060606,0.791,0.799,0.782,0.791,257723.0,29008647.00
20060607,0.791,0.791,0.754,0.756,1047598.0,113999622.00
20060608,0.752,0.763,0.743,0.760,1290264.0,137582344.00
20060609,0.760,0.765,0.748,0.748,994503.0,106397652.00
20060612,0.741,0.756,0.740,0.748,521358.0,55375723.00
20060613,0.747,0.757,0.743,0.746,379975.0,40313834.00
20060614,0.746,0.746,0.733,0.741,658482.0,69004910.00
20060615,0.739,0.746,0.739,0.742,167683.0,17681815.00
20060616,0.743,0.759,0.743,0.758,375067.0,40044621.00
20060619,0.754,0.768,0.748,0.763,498044.0,53784452.00
20060620,0.761,0.769,0.758,0.767,608284.0,65989784.00
20060621,0.766,0.775,0.756,0.766,586395.0,63686041.00
20060622,0.770,0.772,0.754,0.764,395477.0,43054514.00
20060623,0.761,0.772,0.759,0.770,420238.0,45656160.00
20060626,0.770,0.789,0.770,0.787,731359.0,81313280.00
20060627,0.789,0.789,0.781,0.787,901795.0,100362791.00
20060628,0.786,0.788,0.781,0.787,612814.0,68169171.00
20060629,0.789,0.802,0.787,0.802,1038187.0,117468539.00
20060630,0.803,0.809,0.797,0.801,1137558.0,129549108.00
20060703,0.803,0.820,0.803,0.818,667141.0,76854054.00
20060704,0.822,0.823,0.802,0.811,901567.0,104003153.00
20060705,0.816,0.816,0.743,0.791,557074.0,62467424.00
20060706,0.789,0.804,0.789,0.803,355871.0,40344758.00
20060707,0.803,0.805,0.791,0.795,227442.0,25796592.00
20060710,0.789,0.796,0.788,0.794,173599.0,19510901.00
20060711,0.794,0.798,0.790,0.796,119065.0,13414029.00
20060712,0.796,0.803,0.794,0.798,132138.0,14950069.00
20060713,0.798,0.798,0.762,0.765,968979.0,106503547.00
20060714,0.760,0.773,0.758,0.769,516294.0,56082021.00
20060717,0.767,0.775,0.762,0.773,764007.0,83492227.00
20060718,0.771,0.772,0.765,0.771,601817.0,65639620.00
20060719,0.769,0.771,0.752,0.754,381124.0,41036213.00
20060720,0.758,0.761,0.753,0.758,106251.0,11425478.00
20060721,0.758,0.768,0.758,0.767,104197.0,11313454.00
20060724,0.764,0.768,0.754,0.767,176108.0,19079712.00
20060725,0.767,0.778,0.767,0.775,216168.0,23754616.00
20060726,0.778,0.779,0.773,0.775,202636.0,22306683.00
20060727,0.775,0.782,0.765,0.770,237533.0,26062407.00
20060728,0.767,0.772,0.757,0.761,174410.0,18840123.00
20060731,0.757,0.758,0.741,0.741,302362.0,32062404.00
20060801,0.741,0.747,0.734,0.735,1508319.0,158632268.00
20060802,0.735,0.739,0.725,0.729,686456.0,71160003.00
20060803,0.729,0.737,0.726,0.732,199634.0,20736502.00
20060804,0.731,0.738,0.721,0.722,642238.0,66561286.00
20060807,0.719,0.722,0.710,0.710,1076697.0,109552590.00
20060808,0.712,0.724,0.712,0.722,1164564.0,118560361.00
20060809,0.722,0.727,0.719,0.725,192531.0,19765226.00
20060810,0.725,0.736,0.723,0.734,209183.0,21711953.00
20060811,0.734,0.737,0.730,0.733,426919.0,44479771.00
20060814,0.734,0.739,0.721,0.723,252036.0,26115597.00
20060815,0.720,0.732,0.719,0.732,122890.0,12691288.00
20060816,0.732,0.741,0.727,0.739,318178.0,33265849.00
20060817,0.738,0.738,0.730,0.732,121792.0,12679080.00
20060818,0.732,0.741,0.730,0.734,732245.0,76341513.00
20060821,0.719,0.735,0.708,0.735,131073.0,13471588.00
20060822,0.733,0.744,0.733,0.741,662818.0,69684554.00
20060823,0.743,0.748,0.740,0.744,172972.0,18282572.00
20060824,0.740,0.748,0.737,0.747,371944.0,39165105.00
20060825,0.748,0.753,0.747,0.750,621478.0,66069401.00
20060828,0.753,0.766,0.749,0.765,789034.0,85132587.00
20060829,0.764,0.769,0.761,0.762,1083142.0,117657957.00
20060830,0.759,0.762,0.757,0.760,723494.0,77938383.00
20060831,0.760,0.763,0.758,0.759,525511.0,56645863.00
20060901,0.760,0.760,0.749,0.750,712182.0,76079409.00
20060904,0.750,0.759,0.750,0.758,526068.0,56421702.00
20060905,0.758,0.768,0.757,0.762,637403.0,68911356.00
20060906,0.763,0.769,0.761,0.768,626790.0,68060074.00
20060907,0.770,0.770,0.757,0.760,519398.0,56149416.00
20060908,0.758,0.765,0.756,0.762,191020.0,20634914.00
20060911,0.763,0.767,0.760,0.766,323406.0,35041031.00
20060912,0.766,0.777,0.766,0.776,1102859.0,120895302.00
20060913,0.775,0.787,0.774,0.778,1573993.0,174575444.00
20060914,0.774,0.786,0.771,0.777,576643.0,63477336.00
20060915,0.777,0.799,0.777,0.796,607612.0,68334029.00
20060918,0.798,0.811,0.798,0.809,488457.0,55553182.00
20060919,0.803,0.808,0.798,0.799,640696.0,72854886.00
20060920,0.799,0.801,0.792,0.796,499869.0,56469807.00
20060921,0.796,0.808,0.796,0.806,843187.0,96185404.00
20060922,0.806,0.813,0.796,0.798,465706.0,53178110.00
20060925,0.798,0.801,0.790,0.794,230874.0,26018302.00
20060926,0.796,0.796,0.782,0.785,166925.0,18672412.00
20060927,0.782,0.793,0.782,0.793,148995.0,16631242.00
20060928,0.793,0.806,0.789,0.805,293413.0,33336455.00
20060929,0.805,0.816,0.805,0.815,790523.0,91245620.00
20061009,0.820,0.836,0.820,0.836,555621.0,65041625.00
20061010,0.837,0.843,0.830,0.839,1264892.0,150470236.00
20061011,0.837,0.839,0.828,0.839,255380.0,30239599.00
20061012,0.837,0.841,0.832,0.837,148844.0,17668868.00
20061013,0.830,0.838,0.830,0.836,204888.0,24295768.00
20061016,0.834,0.837,0.823,0.824,263294.0,31021014.00
20061017,0.823,0.828,0.818,0.818,229902.0,26827440.00
20061018,0.819,0.836,0.819,0.835,286575.0,33621517.00
20061019,0.835,0.842,0.833,0.838,595028.0,70823532.00
20061020,0.837,0.846,0.833,0.840,1212163.0,144717313.00
20061023,0.840,0.842,0.824,0.827,1617919.0,191197935.00
20061024,0.828,0.844,0.826,0.842,444330.0,52878328.00
20061025,0.842,0.858,0.840,0.846,796950.0,95942478.00
20061026,0.846,0.858,0.840,0.858,675208.0,81630735.00
20061027,0.857,0.858,0.844,0.846,856722.0,103413963.00
20061030,0.842,0.856,0.837,0.855,266146.0,31974197.00
20061031,0.854,0.870,0.854,0.869,377481.0,46361738.00
20061101,0.868,0.882,0.867,0.882,401008.0,49748237.00
20061102,0.881,0.887,0.873,0.878,402408.0,50131770.00
20061103,0.879,0.896,0.879,0.893,266418.0,33673788.00
20061106,0.888,0.906,0.882,0.906,564101.0,71883750.00
20061107,0.906,0.918,0.899,0.918,610984.0,78900854.00
20061108,0.916,0.916,0.901,0.904,496638.0,63954107.00
20061109,0.904,0.930,0.899,0.925,714352.0,92127727.00
20061110,0.927,0.943,0.915,0.922,865167.0,114033616.00
20061113,0.913,0.928,0.899,0.906,710696.0,91769192.00
20061114,0.899,0.917,0.891,0.916,714044.0,91939238.00
20061115,0.917,0.940,0.909,0.939,497628.0,65337864.00
20061116,0.943,0.957,0.936,0.943,796402.0,104287956.00
20061117,0.938,0.961,0.933,0.961,333950.0,43680039.00
20061120,0.962,0.988,0.962,0.988,586218.0,78750536.00
20061121,0.983,0.994,0.969,0.992,657989.0,89270296.00
20061122,0.987,1.010,0.978,0.999,727059.0,100026727.00
20061123,0.999,1.012,0.998,1.006,535892.0,74245848.00
20061124,1.001,1.004,0.989,1.002,987746.0,135916749.00
20061127,0.999,0.999,0.989,0.996,609162.0,83615193.00
20061128,0.991,1.000,0.976,0.985,1075020.0,146264079.00
20061129,0.968,1.004,0.966,0.999,957230.0,130858371.00
20061130,1.003,1.027,1.002,1.025,2034660.0,285827768.00
20061201,1.026,1.037,1.025,1.029,1016472.0,144674943.00
20061204,1.029,1.074,1.029,1.073,723834.0,105583419.00
20061205,1.076,1.090,1.071,1.077,895326.0,133722572.00
20061206,1.075,1.090,1.039,1.074,1289302.0,189729404.00
20061207,1.071,1.115,1.065,1.085,875333.0,132371461.00
20061208,1.079,1.083,1.039,1.041,2125418.0,311789276.00
20061211,1.039,1.101,1.037,1.101,651203.0,96627855.00
20061212,1.104,1.114,1.086,1.106,1131299.0,172025655.00
20061213,1.103,1.115,1.085,1.101,1033945.0,156866040.00
20061214,1.097,1.121,1.097,1.120,575615.0,88303400.00
20061215,1.122,1.141,1.119,1.140,820679.0,128137543.00
20061218,1.141,1.166,1.141,1.164,979099.0,155916493.00
20061219,1.173,1.182,1.149,1.170,968787.0,155994088.00
20061220,1.153,1.191,1.151,1.188,622779.0,100525128.00
20061221,1.185,1.185,1.167,1.171,1055058.0,171521420.00
20061222,1.162,1.176,1.144,1.150,937140.0,149102397.00
20061225,1.149,1.195,1.148,1.178,965901.0,156961666.00
20061226,1.179,1.199,1.172,1.185,963404.0,157026593.00
20061227,1.186,1.225,1.180,1.224,912289.0,152481833.00
20061228,1.225,1.260,1.224,1.230,643166.0,110007658.00
20061229,1.253,1.296,1.246,1.295,876447.0,154508168.00
20070104,1.340,1.371,1.299,1.304,1906122.0,351274648.00
20070105,1.282,1.317,1.275,1.286,2069807.0,370487133.00
20070108,1.283,1.328,1.282,1.325,982592.0,177599519.00
20070109,1.331,1.380,1.313,1.379,949403.0,177325643.00
20070110,1.390,1.395,1.361,1.393,1370977.0,261270228.00
20070111,1.390,1.404,1.369,1.374,1213079.0,231929216.00
20070112,1.360,1.374,1.317,1.330,1200895.0,223405689.00
20070115,1.319,1.389,1.319,1.388,1407428.0,263618958.00
20070116,1.391,1.419,1.382,1.408,1252620.0,242679557.00
20070117,1.407,1.440,1.369,1.383,1345619.0,261148963.00
20070118,1.372,1.393,1.336,1.380,1101469.0,207219908.00
20070119,1.381,1.427,1.380,1.425,1246961.0,242513994.00
20070122,1.439,1.490,1.438,1.487,1044118.0,211380227.00
20070123,1.498,1.514,1.451,1.510,1306146.0,266748155.00
20070124,1.511,1.553,1.498,1.528,882772.0,186684978.00
20070125,1.512,1.541,1.498,1.499,1267237.0,265656036.00
20070126,1.470,1.608,1.448,1.558,1436282.0,296757140.00
20070129,1.577,1.603,1.558,1.593,1359026.0,296263505.00
20070130,1.600,1.615,1.569,1.577,1857345.0,408048437.00
20070131,1.560,1.582,1.463,1.474,2130639.0,448070715.00
20070201,1.451,1.480,1.419,1.466,1503808.0,302494377.00
20070202,1.467,1.477,1.390,1.399,1391870.0,273881222.00
20070205,1.382,1.404,1.362,1.364,1123803.0,214092354.00
20070206,1.367,1.411,1.315,1.409,2120001.0,396783072.00
20070207,1.413,1.459,1.407,1.439,2566966.0,507956820.00
20070208,1.440,1.461,1.410,1.452,1483507.0,295559214.00
20070209,1.452,1.456,1.426,1.434,1148828.0,228541451.00
20070212,1.437,1.498,1.435,1.498,1210127.0,246056587.00
20070213,1.505,1.519,1.493,1.510,1045973.0,217300807.00
20070214,1.507,1.566,1.507,1.561,1415844.0,302563152.00
20070215,1.587,1.608,1.578,1.606,2181272.0,479650169.00
20070216,1.608,1.624,1.590,1.602,1903308.0,421891803.00
20070226,1.593,1.608,1.568,1.604,1042102.0,228796460.00
20070227,1.602,1.614,1.448,1.464,2053605.0,432638699.00
20070228,1.449,1.507,1.446,1.502,1827944.0,371970007.00
20070301,1.502,1.506,1.444,1.460,1351442.0,274453396.00
20070302,1.459,1.495,1.453,1.480,1242403.0,253456051.00
20070305,1.474,1.495,1.419,1.445,1700990.0,342072832.00
20070306,1.438,1.506,1.427,1.485,1638344.0,333095958.00
20070307,1.494,1.532,1.491,1.523,1433819.0,300466939.00
20070308,1.521,1.534,1.506,1.530,1058098.0,222706451.00
20070309,1.532,1.548,1.514,1.529,861600.0,182468428.00
20070312,1.529,1.535,1.507,1.522,1048669.0,220238399.00
20070313,1.522,1.534,1.514,1.528,817630.0,172077085.00
20070314,1.500,1.517,1.474,1.497,799225.0,165163065.00
20070315,1.493,1.528,1.493,1.526,848566.0,177644191.00
20070316,1.528,1.539,1.492,1.502,776581.0,162791131.00
20070319,1.470,1.571,1.362,1.558,1464772.0,310393510.00
20070320,1.557,1.558,1.539,1.555,661932.0,141680854.00
20070321,1.554,1.576,1.554,1.574,509341.0,110123749.00
20070322,1.577,1.595,1.575,1.579,809986.0,177425298.00
20070323,1.576,1.586,1.543,1.576,771270.0,166598069.00
20070326,1.576,1.600,1.565,1.598,683496.0,149425874.00
20070327,1.600,1.606,1.587,1.600,641926.0,141675132.00
20070328,1.598,1.632,1.563,1.630,1442688.0,319830730.00
20070329,1.638,1.681,1.631,1.647,1798374.0,410882889.00
20070330,1.644,1.655,1.629,1.636,875991.0,198280635.00
20070402,1.637,1.673,1.636,1.673,648445.0,148615346.00
20070403,1.683,1.691,1.674,1.689,628748.0,145938290.00
20070404,1.686,1.704,1.681,1.696,861676.0,201192582.00
20070405,1.691,1.708,1.680,1.700,690163.0,161103753.00
20070406,1.686,1.709,1.684,1.704,755683.0,177314437.00
20070409,1.704,1.745,1.703,1.742,303465.0,72404996.00
20070410,1.744,1.762,1.716,1.758,682451.0,164499240.00
20070411,1.760,1.792,1.760,1.782,843215.0,206983792.00
20070412,1.785,1.810,1.784,1.809,520659.0,129198600.00
20070413,1.812,1.817,1.789,1.789,776252.0,192883050.00
20070416,1.788,1.846,1.781,1.841,826731.0,208267427.00
20070417,1.846,1.852,1.789,1.833,1191823.0,299709096.00
20070418,1.829,1.838,1.797,1.821,805953.0,202364843.00
20070419,1.784,1.822,1.687,1.747,1221138.0,298792817.00
20070420,1.760,1.822,1.760,1.813,753561.0,187015506.00
20070423,1.821,1.894,1.821,1.892,436381.0,112313434.00
20070424,1.896,1.917,1.883,1.889,824314.0,216117596.00
20070425,1.883,1.921,1.853,1.910,1396699.0,365505805.00
20070426,1.914,1.930,1.898,1.923,760138.0,201370330.00
20070427,1.919,1.924,1.887,1.908,1103830.0,291160037.00
20070430,1.908,1.991,1.905,1.937,1424851.0,380772411.00
20070508,1.999,2.006,1.955,2.001,470796.0,129353132.00
20070509,1.991,2.024,1.955,2.017,923548.0,254021006.00
20070510,2.020,2.049,1.995,2.035,1941699.0,544987224.00
20070511,2.013,2.026,1.974,2.019,5407070.0,1489393109.00
20070514,1.991,2.070,1.977,2.043,1985590.0,557640293.00
20070515,2.042,2.050,1.957,1.970,1491433.0,412448904.00
20070516,1.963,2.005,1.939,2.005,1473334.0,400899829.00
20070517,2.006,2.044,1.999,2.034,678416.0,189829794.00
20070518,2.024,2.031,2.006,2.019,1332878.0,371622129.00
20070521,1.955,2.034,1.949,2.023,1103545.0,306609291.00
20070522,2.026,2.052,2.024,2.042,845394.0,238228265.00
20070523,2.042,2.069,2.025,2.069,1193406.0,337198237.00
20070524,2.093,2.093,2.030,2.049,1412053.0,400673347.00
20070525,2.035,2.086,2.028,2.078,1392632.0,398429803.00
20070528,2.091,2.125,2.064,2.119,1367645.0,398666334.00
20070529,2.119,2.160,2.119,2.158,1306119.0,386108409.00
20070530,2.051,2.160,1.968,1.982,1930957.0,549753521.00
20070531,1.986,2.144,1.959,2.085,1198172.0,335913281.00
20070601,2.086,2.169,2.028,2.070,1416595.0,413077820.00
20070604,2.089,2.099,1.894,1.953,2582916.0,701278016.00
20070605,1.912,1.978,1.780,1.967,2811166.0,730948408.00
20070606,1.969,1.991,1.905,1.960,1573920.0,426677767.00
20070607,1.977,2.027,1.970,2.020,1810176.0,499615950.00
20070608,2.026,2.040,1.991,2.028,882899.0,246122108.00
20070611,2.031,2.086,2.028,2.064,951888.0,270123447.00
20070612,2.065,2.123,2.028,2.111,1099597.0,315553991.00
20070613,2.122,2.173,2.122,2.172,1038372.0,309574779.00
20070614,2.170,2.170,2.130,2.145,1027400.0,304741793.00
20070615,2.109,2.165,2.102,2.161,456120.0,135223972.00
20070618,2.193,2.239,2.188,2.230,749446.0,230057917.00
20070619,2.210,2.238,2.209,2.220,864678.0,265285908.00
20070620,2.209,2.235,2.172,2.189,693061.0,211303793.00
20070621,2.180,2.213,2.167,2.207,1057994.0,320833639.00
20070622,2.205,2.238,2.129,2.162,1034058.0,313440595.00
20070625,2.170,2.201,2.108,2.112,973219.0,290277540.00
20070626,2.097,2.132,2.069,2.129,1476772.0,426676021.00
20070627,2.136,2.209,2.100,2.200,696372.0,208110457.00
20070628,2.181,2.217,2.142,2.144,983143.0,296997187.00
20070629,2.107,2.144,2.091,2.094,863634.0,252430722.00
20070702,2.094,2.136,2.046,2.118,585896.0,168444883.00
20070703,2.111,2.134,2.100,2.129,539237.0,157771150.00
20070704,2.128,2.132,2.075,2.081,724391.0,210123491.00
20070705,2.049,2.071,1.991,2.005,813741.0,228535143.00
20070706,1.999,2.060,1.955,2.055,1364054.0,377827532.00
20070709,2.057,2.128,2.057,2.122,792861.0,229251596.00
20070710,2.118,2.151,2.108,2.110,918740.0,270011931.00
20070711,2.110,2.122,2.086,2.112,674289.0,196419010.00
20070712,2.112,2.147,2.107,2.139,418626.0,123059633.00
20070713,2.145,2.146,2.113,2.142,290807.0,85552057.00
20070716,2.129,2.139,2.057,2.071,399108.0,115741531.00
20070717,2.058,2.140,2.057,2.131,307492.0,89043162.00
20070718,2.122,2.173,2.108,2.142,566476.0,168194255.00
20070719,2.144,2.156,2.129,2.134,333529.0,98649304.00
20070720,2.132,2.241,2.132,2.237,842736.0,256271347.00
20070723,2.281,2.324,2.259,2.319,1027803.0,325478477.00
20070724,2.321,2.356,2.308,2.320,631286.0,203081796.00
20070725,2.317,2.383,2.317,2.380,645419.0,208941125.00
20070726,2.388,2.392,2.356,2.373,632489.0,207269568.00
20070727,2.354,2.365,2.331,2.349,885509.0,286699776.00
20070730,2.351,2.422,2.346,2.416,659709.0,218417762.00
20070731,2.412,2.440,2.381,2.435,517851.0,172454233.00
20070801,2.435,2.452,2.346,2.358,987305.0,326951546.00
20070802,2.364,2.425,2.364,2.419,468193.0,154947711.00
20070803,2.426,2.535,2.426,2.535,665894.0,227979282.00
20070806,2.563,2.582,2.535,2.571,916748.0,323753815.00
20070807,2.574,2.598,2.542,2.578,759788.0,270043408.00
20070808,2.553,2.598,2.535,2.561,878896.0,311756114.00
20070809,2.561,2.651,2.556,2.648,712241.0,257393454.00
20070810,2.641,2.658,2.598,2.643,883590.0,320934125.00
20070813,2.647,2.708,2.630,2.657,866830.0,319543989.00
20070814,2.664,2.690,2.642,2.684,507143.0,186806764.00
20070815,2.683,2.712,2.656,2.693,1080584.0,400526890.00
20070816,2.685,2.690,2.618,2.637,1185885.0,433383746.00
20070817,2.623,2.666,2.564,2.574,1319480.0,474644630.00
20070820,2.640,2.750,2.629,2.745,1236092.0,458279058.00
20070821,2.758,2.781,2.740,2.766,740593.0,282040766.00
20070822,2.737,2.824,2.730,2.803,875380.0,336704987.00
20070823,2.805,2.841,2.786,2.837,599360.0,232987829.00
20070824,2.846,2.923,2.846,2.916,983243.0,392649344.00
20070827,2.939,2.981,2.897,2.926,1158176.0,470116544.00
20070828,2.909,2.937,2.861,2.926,1097661.0,440020920.00
20070829,2.895,2.934,2.870,2.889,1030863.0,412517185.00
20070830,2.905,2.933,2.887,2.911,619538.0,248600432.00
20070831,2.911,2.944,2.889,2.940,682851.0,275457638.00
20070903,2.955,3.010,2.955,3.009,871191.0,360169653.00
20070904,3.009,3.010,2.957,2.959,725177.0,298354836.00
20070905,2.960,2.984,2.897,2.957,946489.0,382649505.00
20070906,2.960,3.008,2.957,2.988,713275.0,294135331.00
20070907,2.976,2.987,2.937,2.940,732375.0,298739913.00
20070910,2.897,2.978,2.877,2.976,1193623.0,482982439.00
20070911,2.957,2.991,2.824,2.863,1078921.0,438519350.00
20070912,2.866,2.902,2.824,2.872,1176512.0,464494293.00
20070913,2.876,2.945,2.875,2.937,736750.0,295663782.00
20070914,2.940,2.955,2.904,2.947,710878.0,288245607.00
20070917,2.941,3.026,2.941,3.023,974353.0,402984770.00
20070918,3.024,3.029,2.955,2.998,526470.0,217606224.00
20070919,3.000,3.009,2.938,2.962,460145.0,188411237.00
20070920,2.962,3.010,2.962,2.997,438499.0,181012569.00
20070921,2.992,2.994,2.933,2.966,427972.0,174723342.00
20070924,2.962,3.006,2.937,2.997,418021.0,172197902.00
20070925,2.992,3.017,2.957,2.976,310599.0,128108020.00
20070926,2.950,2.992,2.931,2.932,303969.0,124012430.00
20070927,2.935,2.973,2.927,2.971,207457.0,84482215.00
20070928,2.991,3.075,2.989,3.073,1002095.0,421072870.00
20071008,3.138,3.138,3.049,3.110,886010.0,379603894.00
20071009,3.107,3.136,3.084,3.124,344698.0,147818889.00
20071010,3.132,3.208,3.125,3.152,575520.0,251853299.00
20071011,3.152,3.244,3.144,3.241,490338.0,216367367.00
20071012,3.248,3.262,3.116,3.228,1502230.0,662466941.00
20071015,3.228,3.323,3.215,3.322,685205.0,308431421.00
20071016,3.324,3.382,3.301,3.331,950452.0,437898990.00
20071017,3.306,3.338,3.280,3.292,641018.0,292253115.00
20071018,3.281,3.288,3.150,3.172,1450956.0,640566576.00
20071019,3.191,3.230,3.141,3.149,816947.0,357475429.00
20071022,3.099,3.140,3.071,3.081,607028.0,259599859.00
20071023,3.081,3.160,3.065,3.157,940200.0,402665753.00
20071024,3.167,3.215,3.145,3.189,840288.0,369890155.00
20071025,3.154,3.191,3.055,3.071,1452806.0,621626797.00
20071026,3.047,3.121,3.027,3.120,670930.0,285255836.00
20071029,3.128,3.184,3.128,3.181,536496.0,234226124.00
20071030,3.187,3.218,3.150,3.217,468735.0,206077744.00
20071031,3.259,3.259,3.186,3.219,941232.0,418048965.00
20071101,3.217,3.226,3.191,3.191,542713.0,240515222.00
20071102,3.143,3.156,3.105,3.122,817791.0,352852556.00
20071105,3.128,3.128,3.045,3.062,766084.0,325416973.00
20071106,3.055,3.084,3.026,3.044,645594.0,271861142.00
20071107,3.062,3.068,3.000,3.060,850941.0,355651980.00
20071108,3.039,3.039,2.911,2.921,1456918.0,595797362.00
20071109,2.888,2.931,2.853,2.896,940382.0,375561258.00
20071112,2.825,2.893,2.788,2.862,1529254.0,598253615.00
20071113,2.897,2.935,2.819,2.842,1669865.0,665072492.00
20071114,2.897,2.980,2.842,2.975,1361823.0,546847783.00
20071115,2.939,2.969,2.912,2.918,907800.0,368341104.00
20071116,2.874,2.903,2.845,2.876,732560.0,290545068.00
20071119,2.887,2.893,2.846,2.863,378051.0,149733934.00
20071120,2.839,2.924,2.810,2.894,938424.0,371239006.00
20071121,2.899,2.934,2.860,2.868,767303.0,306960142.00
20071122,2.824,2.840,2.749,2.755,966676.0,373193755.00
20071123,2.745,2.803,2.712,2.797,733804.0,280033872.00
20071126,2.839,2.846,2.716,2.740,1034771.0,400773304.00
20071127,2.727,2.784,2.727,2.733,612126.0,232263701.00
20071128,2.748,2.758,2.692,2.695,957952.0,360099034.00
20071129,2.724,2.835,2.705,2.834,1663399.0,635863788.00
20071130,2.810,2.824,2.753,2.766,1753895.0,674248797.00
20071203,2.748,2.813,2.741,2.792,687956.0,264393837.00
20071204,2.793,2.857,2.792,2.817,1069226.0,417677892.00
20071205,2.813,2.900,2.803,2.897,1390352.0,551375108.00
20071206,2.897,2.906,2.878,2.886,997474.0,398401456.00
20071207,2.896,2.950,2.882,2.940,950682.0,384116105.00
20071210,2.895,2.987,2.888,2.979,1756730.0,714852397.00
20071211,2.977,2.991,2.923,2.958,1254136.0,511787286.00
20071212,2.933,2.935,2.883,2.899,1198494.0,481560989.00
20071213,2.888,2.901,2.790,2.799,1313079.0,517722838.00
20071214,2.774,2.855,2.767,2.855,949725.0,368887796.00
20071217,2.858,2.858,2.778,2.780,915529.0,354803463.00
20071218,2.773,2.795,2.749,2.759,846872.0,323402330.00
20071219,2.792,2.839,2.787,2.825,1041608.0,404125763.00
20071220,2.824,2.889,2.817,2.879,1034697.0,409359538.00
20071221,2.874,2.918,2.846,2.916,1095134.0,438938292.00
20071224,2.933,2.976,2.922,2.959,1299919.0,530492770.00
20071225,2.957,2.976,2.946,2.956,859140.0,351424207.00
20071226,2.958,2.988,2.939,2.973,882032.0,360889524.00
20071227,2.983,3.031,2.955,3.030,1310493.0,542935540.00
20071228,3.031,3.038,2.994,3.006,922317.0,384698834.00
20080102,3.008,3.019,2.969,2.999,1016924.0,420915472.00
20080103,2.984,3.011,2.945,3.010,906064.0,371890089.00
20080104,3.008,3.056,2.996,3.044,1157594.0,485508115.00
20080107,3.026,3.091,3.021,3.080,792273.0,335473606.00
20080108,3.086,3.144,3.078,3.089,1052220.0,452516269.00
20080109,3.071,3.136,3.065,3.134,552871.0,237066316.00
20080110,3.137,3.160,3.118,3.145,486554.0,210985189.00
20080111,3.147,3.194,3.147,3.188,840892.0,368318077.00
20080114,3.194,3.230,3.186,3.213,575008.0,254862628.00
20080115,3.213,3.224,3.157,3.165,928551.0,408641104.00
20080116,3.142,3.142,3.062,3.067,1433235.0,611752220.00
20080117,3.041,3.077,2.941,3.006,1522775.0,631451566.00
20080118,2.981,3.027,2.971,3.016,827141.0,342841168.00
20080121,3.005,3.015,2.867,2.874,1080038.0,437970780.00
20080122,2.816,2.828,2.645,2.678,2024438.0,765129186.00
20080123,2.748,2.787,2.679,2.784,1334058.0,505141400.00
20080124,2.799,2.813,2.719,2.770,1066432.0,407762937.00
20080125,2.756,2.831,2.718,2.811,1131513.0,435010215.00
20080128,2.770,2.770,2.621,2.622,1012706.0,374310448.00
20080129,2.665,2.679,2.597,2.632,1062000.0,385751865.00
20080130,2.658,2.679,2.534,2.572,1334475.0,479993695.00
20080131,2.563,2.608,2.537,2.543,668594.0,237395237.00
20080201,2.556,2.578,2.475,2.535,1028203.0,358060151.00
20080204,2.607,2.789,2.601,2.789,1742082.0,648164912.00
20080205,2.752,2.777,2.715,2.735,1144795.0,432849275.00
20080213,2.653,2.713,2.651,2.667,731137.0,269719159.00
20080214,2.695,2.716,2.679,2.695,1068979.0,398066492.00
20080215,2.665,2.672,2.616,2.645,816716.0,298084357.00
20080218,2.687,2.714,2.670,2.690,701030.0,260647847.00
20080219,2.695,2.752,2.682,2.750,685063.0,257353070.00
20080220,2.750,2.766,2.672,2.675,1120598.0,419473026.00
20080221,2.661,2.666,2.608,2.640,762438.0,277639098.00
20080222,2.614,2.619,2.518,2.535,1184477.0,417246760.00
20080225,2.535,2.544,2.434,2.451,1056822.0,360247532.00
20080226,2.531,2.549,2.405,2.469,1626743.0,552575696.00
20080227,2.469,2.543,2.451,2.530,1085862.0,376451622.00
20080228,2.530,2.538,2.496,2.512,611142.0,212184714.00
20080229,2.501,2.545,2.498,2.535,761627.0,265846717.00
20080303,2.512,2.600,2.496,2.593,987329.0,348130964.00
20080304,2.593,2.605,2.498,2.505,1164047.0,408859751.00
20080305,2.497,2.513,2.439,2.479,1079525.0,367404570.00
20080306,2.488,2.564,2.448,2.504,1193149.0,413666647.00
20080307,2.473,2.515,2.466,2.477,677052.0,232199290.00
20080310,2.453,2.454,2.369,2.385,1336293.0,444504919.00
20080311,2.358,2.390,2.341,2.385,1072235.0,349956725.00
20080312,2.455,2.455,2.319,2.322,1753676.0,576215278.00
20080313,2.302,2.307,2.230,2.271,1506541.0,473319515.00
20080314,2.257,2.280,2.223,2.256,1277612.0,396245566.00
20080317,2.238,2.246,2.191,2.192,1820257.0,557594725.00
20080318,2.187,2.209,2.084,2.109,3639916.0,1076259476.00
20080319,2.152,2.202,2.125,2.168,3203667.0,956081242.00
20080320,2.122,2.241,2.049,2.210,4494772.0,1327225898.00
20080321,2.207,2.243,2.181,2.214,2052725.0,626915521.00
20080324,2.235,2.239,2.108,2.110,2038983.0,609402812.00
20080325,2.078,2.146,2.055,2.118,2217241.0,640691509.00
20080326,2.125,2.180,2.115,2.129,1996664.0,592489078.00
20080327,2.086,2.108,2.036,2.042,4066917.0,1163792061.00
20080328,2.015,2.149,2.010,2.142,4559853.0,1312001541.00
20080331,2.072,2.118,2.060,2.076,3161732.0,909501966.00
20080401,2.065,2.087,1.984,2.001,3952004.0,1106757853.00
20080402,2.031,2.097,1.989,2.019,6001655.0,1687299986.00
20080403,2.010,2.082,1.973,2.080,7009467.0,1972482911.00
20080407,2.056,2.171,2.047,2.165,6663398.0,1953285350.00
20080408,2.158,2.191,2.136,2.160,4526082.0,1350907320.00
20080409,2.137,2.160,2.057,2.060,5427665.0,1582873308.00
20080410,2.038,2.083,2.017,2.081,3546990.0,1004618959.00
20080411,2.099,2.113,2.075,2.087,2551484.0,738795482.00
20080414,2.044,2.053,1.966,1.968,4682719.0,1293343380.00
20080415,1.966,1.988,1.909,1.984,3736155.0,1004146871.00
20080416,1.982,1.984,1.939,1.941,3036787.0,823010678.00
20080417,1.955,1.973,1.876,1.887,3021089.0,800472351.00
20080418,1.868,1.886,1.822,1.839,3734741.0,953301726.00
20080421,1.970,1.970,1.839,1.865,8260107.0,2170315133.00
20080422,1.823,1.898,1.797,1.890,5713495.0,1443933416.00
20080423,1.867,1.984,1.855,1.968,5918195.0,1581114270.00
20080424,2.107,2.165,2.078,2.165,12077206.0,3559459470.00
20080425,2.157,2.230,2.136,2.162,11366079.0,3411499620.00
20080428,2.107,2.142,2.101,2.109,5683246.0,1664903052.00
20080429,2.100,2.142,2.093,2.131,4549739.0,1335310612.00
20080430,2.144,2.264,2.144,2.253,10742438.0,3288482435.00
20080505,2.288,2.292,2.233,2.270,6982361.0,2179572740.00
20080506,2.245,2.273,2.220,2.236,6216158.0,1923832472.00
20080507,2.220,2.265,2.144,2.146,6212331.0,1890764051.00
20080508,2.121,2.187,2.115,2.187,4767396.0,1414346702.00
20080509,2.200,2.206,2.119,2.144,5184935.0,1546911997.00
20080512,2.100,2.186,2.091,2.153,4832791.0,1423738733.00
20080513,2.100,2.154,2.100,2.118,5143222.0,1507775293.00
20080514,2.108,2.187,2.108,2.183,6100919.0,1819753201.00
20080515,2.194,2.215,2.169,2.170,3294715.0,999150013.00
20080516,2.170,2.191,2.149,2.165,2339685.0,700871465.00
20080519,2.158,2.163,2.125,2.146,1921502.0,569584340.00
20080520,2.146,2.173,2.049,2.054,4390610.0,1281871097.00
20080521,2.034,2.100,2.000,2.091,6317778.0,1777985046.00
20080522,2.050,2.096,2.043,2.057,3382218.0,965838213.00
20080523,2.054,2.083,2.041,2.060,2626221.0,748756032.00
20080526,2.042,2.046,1.994,1.998,2325031.0,646211910.00
20080527,1.998,2.014,1.986,2.002,2269328.0,626866243.00
20080528,2.006,2.075,1.996,2.056,3279241.0,921474610.00
20080529,2.044,2.060,2.007,2.009,2348720.0,661629003.00
20080530,2.028,2.046,2.002,2.033,1960886.0,549215069.00
20080602,2.017,2.056,2.015,2.044,1806710.0,508584073.00
20080603,2.051,2.057,2.021,2.036,1959181.0,551853653.00
20080604,2.026,2.028,1.978,1.994,2363199.0,650884449.00
20080605,1.984,1.991,1.961,1.973,1671064.0,456494513.00
20080606,1.985,1.989,1.957,1.964,1426672.0,388272079.00
20080610,1.886,1.900,1.773,1.797,4731190.0,1207791964.00
20080611,1.796,1.809,1.763,1.782,4349939.0,1071173871.00
20080612,1.774,1.785,1.726,1.742,3992987.0,965654845.00
20080613,1.746,1.766,1.713,1.714,2856305.0,684823262.00
20080616,1.722,1.737,1.687,1.716,3431953.0,812214740.00
20080617,1.718,1.723,1.666,1.678,3241960.0,759482754.00
20080618,1.666,1.763,1.643,1.744,6650649.0,1564423181.00
20080619,1.721,1.724,1.624,1.629,4710966.0,1090932684.00
20080620,1.651,1.736,1.605,1.687,6361814.0,1476285748.00
20080623,1.645,1.680,1.629,1.643,3239834.0,739601720.00
20080624,1.641,1.682,1.631,1.670,3719350.0,853078099.00
20080625,1.666,1.726,1.659,1.724,4139579.0,972547943.00
20080626,1.720,1.738,1.696,1.722,4258484.0,1010739080.00
20080627,1.666,1.674,1.625,1.634,4217237.0,962581758.00
20080630,1.624,1.645,1.595,1.616,2927546.0,654796330.00
20080701,1.621,1.627,1.547,1.552,3182818.0,692286342.00
20080702,1.558,1.574,1.528,1.545,2956745.0,633210755.00
20080703,1.522,1.595,1.494,1.564,6183572.0,1318988667.00
20080704,1.554,1.574,1.537,1.550,3377862.0,726646074.00
20080707,1.550,1.650,1.550,1.639,5338452.0,1190797103.00
20080708,1.642,1.670,1.609,1.638,5537598.0,1256307803.00
20080709,1.662,1.716,1.662,1.715,6430612.0,1504863809.00
20080710,1.687,1.730,1.673,1.692,5543317.0,1304975556.00
20080711,1.683,1.694,1.658,1.680,4358126.0,1006522461.00
20080714,1.669,1.703,1.662,1.688,3360014.0,780313565.00
20080715,1.702,1.702,1.608,1.612,5491387.0,1248775720.00
20080716,1.592,1.604,1.543,1.562,4343745.0,944593826.00
20080717,1.590,1.604,1.547,1.551,4163066.0,905280632.00
20080718,1.575,1.629,1.548,1.621,4915575.0,1075579269.00
20080721,1.604,1.671,1.593,1.667,6376266.0,1443098979.00
20080722,1.662,1.668,1.650,1.658,3506875.0,803278749.00
20080723,1.669,1.684,1.650,1.650,4543296.0,1046298977.00
20080724,1.663,1.715,1.663,1.711,5553165.0,1297091983.00
20080725,1.687,1.703,1.676,1.692,3718396.0,866586527.00
20080728,1.701,1.728,1.694,1.702,3628463.0,857978334.00
20080729,1.676,1.678,1.658,1.666,3109929.0,716650463.00
20080730,1.689,1.695,1.650,1.662,3288991.0,759001427.00
20080731,1.666,1.669,1.619,1.620,3310149.0,747057741.00
20080801,1.610,1.667,1.592,1.646,3906535.0,878960175.00
20080804,1.632,1.643,1.606,1.611,2201095.0,494692499.00
20080805,1.619,1.625,1.582,1.586,2449644.0,542276196.00
20080806,1.601,1.620,1.585,1.606,3148019.0,696766205.00
20080807,1.606,1.619,1.584,1.608,2860842.0,633316302.00
20080808,1.601,1.603,1.529,1.529,4679593.0,1011054819.00
20080811,1.523,1.543,1.472,1.478,4762362.0,993651376.00
20080812,1.471,1.492,1.459,1.471,3581193.0,729317809.00
20080813,1.464,1.477,1.428,1.462,4016720.0,804243942.00
20080814,1.448,1.469,1.443,1.457,2521888.0,508095422.00
20080815,1.456,1.486,1.447,1.468,2727794.0,553361593.00
20080818,1.469,1.472,1.400,1.401,3133220.0,619362606.00
20080819,1.387,1.431,1.382,1.415,3373841.0,657352728.00
20080820,1.401,1.539,1.395,1.535,6767706.0,1396097072.00
20080821,1.504,1.529,1.477,1.484,6069271.0,1255828745.00
20080822,1.474,1.477,1.438,1.455,3635606.0,731783519.00
20080825,1.456,1.490,1.446,1.464,2708337.0,550358036.00
20080826,1.448,1.465,1.425,1.435,2870832.0,571753102.00
20080827,1.436,1.463,1.422,1.440,3281373.0,653279102.00
20080828,1.442,1.466,1.437,1.451,3453452.0,693310086.00
20080829,1.459,1.495,1.453,1.476,4822678.0,981127904.00
20080901,1.461,1.466,1.421,1.430,3174456.0,630882331.00
20080902,1.420,1.427,1.404,1.411,2755774.0,537603991.00
20080903,1.409,1.419,1.373,1.382,3725958.0,715858151.00
20080904,1.380,1.393,1.362,1.383,2795785.0,531710657.00
20080905,1.338,1.367,1.333,1.347,3064207.0,570823689.00
20080908,1.352,1.360,1.323,1.327,3482166.0,644764733.00
20080909,1.336,1.343,1.320,1.334,2993584.0,550530251.00
20080910,1.323,1.356,1.309,1.332,3931151.0,724770771.00
20080911,1.325,1.329,1.280,1.283,3764073.0,675541242.00
20080912,1.284,1.299,1.277,1.285,2988569.0,531566505.00
20080916,1.238,1.249,1.189,1.194,5578113.0,940345778.00
20080917,1.197,1.210,1.155,1.159,4520890.0,736613369.00
20080918,1.131,1.170,1.086,1.136,8985735.0,1387431111.00
20080919,1.250,1.250,1.232,1.250,6101460.0,1052437197.00
20080922,1.362,1.375,1.296,1.375,16057842.0,2991931819.00
20080923,1.311,1.329,1.284,1.287,11210674.0,2023228395.00
20080924,1.251,1.304,1.246,1.302,7064867.0,1237935548.00
20080925,1.305,1.379,1.290,1.356,14174139.0,2643887430.00
20080926,1.369,1.369,1.322,1.351,9015699.0,1677113609.00
20081006,1.307,1.329,1.275,1.276,6639022.0,1195814716.00
20081007,1.230,1.279,1.208,1.254,7781598.0,1336669301.00
20081008,1.208,1.234,1.181,1.195,6257269.0,1044225274.00
20081009,1.218,1.222,1.180,1.183,6477807.0,1072531359.00
20081010,1.128,1.161,1.124,1.138,7454858.0,1172584991.00
20081013,1.134,1.206,1.107,1.204,9646636.0,1536945630.00
20081014,1.253,1.257,1.162,1.167,10281391.0,1731114289.00
20081015,1.144,1.161,1.132,1.146,5251515.0,830743038.00
20081016,1.101,1.120,1.086,1.088,5831459.0,886933803.00
20081017,1.101,1.107,1.083,1.096,4601533.0,696514535.00
20081020,1.088,1.138,1.076,1.136,6720321.0,1028651517.00
20081021,1.136,1.148,1.116,1.117,5751744.0,901677144.00
20081022,1.101,1.124,1.087,1.088,4084252.0,621770323.00
20081023,1.069,1.084,1.054,1.082,4846160.0,714675287.00
20081024,1.083,1.084,1.039,1.047,4221812.0,617873444.00
20081027,1.021,1.027,0.957,0.958,5781649.0,796844301.00
20081028,0.936,1.012,0.936,1.006,9708901.0,1316694182.00
20081029,1.013,1.019,0.975,0.975,7534457.0,1040432695.00
20081030,0.982,1.025,0.967,1.007,8467493.0,1173244804.00
20081031,0.996,1.006,0.979,0.984,4430443.0,607204654.00
20081103,0.978,1.004,0.969,0.985,3559338.0,487607592.00
20081104,0.978,0.989,0.962,0.981,3343358.0,451108319.00
20081105,0.991,1.042,0.989,1.025,7206332.0,1014205914.00
20081106,0.992,1.001,0.986,0.994,3791854.0,519823797.00
20081107,0.978,1.025,0.974,1.013,5578520.0,773518030.00
20081110,1.044,1.109,1.038,1.107,10805205.0,1601620115.00
20081111,1.086,1.103,1.078,1.080,8762809.0,1320606993.00
20081112,1.065,1.096,1.062,1.090,7328483.0,1093995359.00
20081113,1.072,1.137,1.065,1.125,11722088.0,1784002190.00
20081114,1.138,1.155,1.120,1.151,11564150.0,1820557402.00
20081117,1.143,1.162,1.134,1.160,10201256.0,1618588017.00
20081118,1.149,1.166,1.079,1.083,11361699.0,1769238706.00
20081119,1.091,1.167,1.075,1.162,11247095.0,1660350622.00
20081120,1.136,1.156,1.107,1.128,8614826.0,1287605840.00
20081121,1.090,1.156,1.070,1.124,12005016.0,1771127499.00
20081124,1.112,1.117,1.073,1.078,7180688.0,1039326700.00
20081125,1.100,1.104,1.056,1.075,6549297.0,933839917.00
20081126,1.070,1.089,1.064,1.077,5434629.0,773611218.00
20081127,1.151,1.161,1.094,1.096,13353383.0,1988823106.00
20081128,1.086,1.087,1.054,1.058,6925699.0,979030477.00
20081201,1.058,1.070,1.041,1.069,5579956.0,779794679.00
20081202,1.045,1.076,1.039,1.065,5742313.0,803897748.00
20081203,1.078,1.120,1.073,1.117,8883690.0,1286633522.00
20081204,1.137,1.173,1.128,1.138,13117663.0,1995055840.00
20081205,1.133,1.152,1.129,1.151,7971368.0,1202449345.00
20081208,1.163,1.199,1.161,1.198,10931565.0,1703217985.00
20081209,1.198,1.201,1.163,1.164,10483938.0,1638595535.00
20081210,1.157,1.204,1.148,1.200,11462816.0,1781723687.00
20081211,1.185,1.202,1.164,1.168,9993173.0,1565273424.00
20081212,1.158,1.165,1.111,1.119,9422163.0,1412195943.00
20081215,1.138,1.147,1.111,1.125,7071255.0,1056411243.00
20081216,1.113,1.133,1.092,1.132,6102003.0,893960423.00
20081217,1.137,1.145,1.126,1.131,6686846.0,1003959978.00
20081218,1.130,1.161,1.117,1.158,8212821.0,1236975435.00
20081219,1.150,1.177,1.147,1.157,7684586.0,1179880357.00
20081222,1.152,1.160,1.126,1.135,5121430.0,771292216.00
20081223,1.134,1.134,1.084,1.086,6283721.0,917059849.00
20081224,1.079,1.084,1.062,1.068,5065666.0,719294724.00
20081225,1.070,1.077,1.049,1.059,4996016.0,701855526.00
20081226,1.061,1.070,1.052,1.058,4094567.0,573517523.00
20081229,1.053,1.058,1.037,1.053,3366723.0,465742181.00
20081230,1.054,1.061,1.036,1.039,3949156.0,546940269.00
20081231,1.042,1.049,1.033,1.033,3538791.0,486329848.00
20090105,1.052,1.073,1.047,1.073,5396713.0,755487635.00
20090106,1.067,1.111,1.065,1.103,7721119.0,1116640317.00
20090107,1.104,1.116,1.095,1.096,4635741.0,676546929.00
20090108,1.081,1.082,1.058,1.065,4935569.0,696947061.00
20090109,1.063,1.084,1.063,1.081,3846877.0,547623174.00
20090112,1.075,1.092,1.071,1.075,3024485.0,432026934.00
20090113,1.063,1.070,1.056,1.058,2749068.0,385606390.00
20090114,1.058,1.105,1.058,1.105,4918519.0,704884951.00
20090115,1.092,1.109,1.084,1.095,5063104.0,732695692.00
20090116,1.099,1.148,1.099,1.127,8309865.0,1240169877.00
20090119,1.139,1.170,1.131,1.142,8706708.0,1324283945.00
20090120,1.135,1.151,1.124,1.149,4626336.0,695270330.00
20090121,1.130,1.164,1.129,1.144,6425038.0,973860823.00
20090122,1.155,1.160,1.137,1.155,5266793.0,800384994.00
20090123,1.151,1.159,1.139,1.149,3786638.0,575242261.00
20090202,1.156,1.159,1.142,1.151,2936899.0,446393873.00
20090203,1.150,1.183,1.148,1.180,5683211.0,876762577.00
20090204,1.186,1.217,1.186,1.216,6475666.0,1029578172.00
20090205,1.214,1.248,1.206,1.211,8590391.0,1394739561.00
20090206,1.218,1.264,1.218,1.263,8780202.0,1443817175.00
20090209,1.282,1.296,1.267,1.281,8249277.0,1395341986.00
20090210,1.275,1.287,1.257,1.285,7079243.0,1190377084.00
20090211,1.260,1.313,1.258,1.287,9895849.0,1673242308.00
20090212,1.285,1.294,1.243,1.268,8820437.0,1472057465.00
20090213,1.268,1.320,1.262,1.315,10537596.0,1796111263.00
20090216,1.324,1.358,1.322,1.357,9438028.0,1669533760.00
20090217,1.354,1.366,1.317,1.323,10784751.0,1918468838.00
20090218,1.298,1.304,1.257,1.263,12611674.0,2135720082.00
20090219,1.273,1.279,1.239,1.257,9124285.0,1518855075.00
20090220,1.255,1.273,1.240,1.271,6522033.0,1082391876.00
20090223,1.262,1.308,1.242,1.301,9209087.0,1555378087.00
20090224,1.279,1.293,1.225,1.233,9669282.0,1612002971.00
20090225,1.243,1.260,1.200,1.245,10135117.0,1647171825.00
20090226,1.237,1.269,1.198,1.206,11881628.0,1956582231.00
20090227,1.198,1.211,1.182,1.192,8027983.0,1268460696.00
20090302,1.190,1.205,1.165,1.193,6684935.0,1047653330.00
20090303,1.167,1.189,1.161,1.176,6075305.0,942147562.00
20090304,1.181,1.268,1.181,1.265,11420810.0,1847761774.00
20090305,1.276,1.295,1.250,1.279,13226973.0,2225256874.00
20090306,1.254,1.285,1.251,1.269,8706467.0,1458468439.00
20090309,1.276,1.295,1.224,1.226,9002155.0,1497681642.00
20090310,1.216,1.244,1.204,1.242,6909302.0,1113931982.00
20090311,1.279,1.282,1.226,1.231,6572473.0,1088073691.00
20090312,1.226,1.235,1.203,1.229,6866504.0,1103641826.00
20090313,1.239,1.252,1.226,1.227,6430066.0,1052102627.00
20090316,1.220,1.260,1.213,1.255,7221356.0,1181383715.00
20090317,1.251,1.298,1.247,1.294,10659549.0,1796816916.00
20090318,1.298,1.308,1.286,1.290,9098595.0,1560801643.00
20090319,1.288,1.313,1.286,1.311,6581546.0,1131090283.00
20090320,1.312,1.320,1.289,1.307,6721790.0,1160006049.00
20090323,1.304,1.343,1.303,1.337,6078071.0,1064579495.00
20090324,1.355,1.369,1.337,1.343,8281438.0,1478990482.00
20090325,1.338,1.356,1.320,1.321,7348766.0,1301199217.00
20090326,1.324,1.378,1.318,1.376,8446106.0,1498498313.00
20090327,1.385,1.391,1.373,1.380,8712051.0,1591932745.00
20090330,1.379,1.389,1.369,1.374,6090817.0,1109162896.00
20090331,1.348,1.392,1.341,1.386,9179304.0,1655375702.00
20090401,1.392,1.411,1.388,1.401,8758417.0,1618862763.00
20090402,1.404,1.438,1.402,1.420,7967039.0,1498370375.00
20090403,1.437,1.453,1.422,1.430,8571096.0,1626700766.00
20090407,1.433,1.449,1.415,1.434,5308382.0,1003369548.00
20090408,1.424,1.432,1.374,1.375,8614060.0,1594389355.00
20090409,1.376,1.398,1.362,1.396,8174438.0,1489470521.00
20090410,1.409,1.434,1.403,1.432,8206418.0,1538504820.00
20090413,1.438,1.473,1.435,1.467,8188753.0,1577880329.00
20090414,1.460,1.476,1.454,1.470,6221760.0,1205500402.00
20090415,1.462,1.472,1.439,1.465,8416868.0,1620811276.00
20090416,1.466,1.476,1.443,1.463,9036056.0,1747536309.00
20090417,1.460,1.466,1.440,1.445,8735848.0,1676768692.00
20090420,1.438,1.477,1.435,1.474,8419705.0,1625305289.00
20090421,1.460,1.466,1.436,1.451,8750955.0,1677327465.00
20090422,1.462,1.479,1.405,1.413,11240583.0,2151503988.00
20090423,1.404,1.414,1.392,1.410,8309074.0,1541673192.00
20090424,1.420,1.423,1.397,1.399,5308541.0,989905147.00
20090427,1.398,1.404,1.369,1.375,7919458.0,1445485654.00
20090428,1.370,1.383,1.362,1.374,6301276.0,1142301675.00
20090429,1.375,1.435,1.371,1.429,9355175.0,1743127890.00
20090430,1.433,1.441,1.421,1.429,6944976.0,1312004952.00
20090504,1.434,1.479,1.431,1.475,7187179.0,1386645826.00
20090505,1.481,1.496,1.471,1.479,7203650.0,1411678012.00
20090506,1.476,1.501,1.472,1.494,8843953.0,1739084932.00
20090507,1.503,1.520,1.484,1.500,7574338.0,1503728864.00
20090508,1.494,1.533,1.488,1.528,6873148.0,1372027534.00
20090511,1.538,1.567,1.503,1.507,9089584.0,1857283056.00
20090512,1.492,1.537,1.492,1.532,7838654.0,1566322269.00
20090513,1.529,1.551,1.521,1.547,7970206.0,1619377485.00
20090514,1.529,1.532,1.507,1.522,8168044.0,1643879477.00
20090515,1.526,1.536,1.513,1.525,4236903.0,853353783.00
20090518,1.514,1.538,1.503,1.533,6194782.0,1241890237.00
20090519,1.550,1.560,1.544,1.550,6597558.0,1352530587.00
20090520,1.550,1.553,1.528,1.529,5004940.0,1019303946.00
20090521,1.516,1.528,1.488,1.491,7934658.0,1574264446.00
20090522,1.485,1.500,1.476,1.490,5516684.0,1082236932.00
20090525,1.472,1.503,1.460,1.495,6025199.0,1178291333.00
20090526,1.495,1.498,1.469,1.471,4044070.0,793331898.00
20090527,1.480,1.516,1.478,1.507,7720533.0,1525656466.00
20090601,1.528,1.578,1.528,1.572,8892762.0,1829137698.00
20090602,1.581,1.593,1.568,1.569,8446640.0,1766526915.00
20090603,1.569,1.634,1.569,1.631,8022951.0,1701665608.00
20090604,1.620,1.651,1.612,1.642,13779883.0,2974684579.00
20090605,1.652,1.658,1.635,1.636,7158991.0,1557182352.00
20090608,1.635,1.673,1.621,1.651,8196234.0,1784019950.00
20090609,1.650,1.664,1.622,1.663,7365875.0,1599250848.00
20090610,1.664,1.684,1.660,1.676,6351955.0,1406039973.00
20090611,1.675,1.694,1.666,1.668,5996856.0,1328280244.00
20090612,1.666,1.680,1.628,1.637,7130601.0,1557224417.00
20090615,1.643,1.681,1.629,1.680,9647675.0,2108214463.00
20090616,1.662,1.685,1.656,1.669,8034266.0,1773006259.00
20090617,1.666,1.702,1.646,1.690,8568378.0,1889791840.00
20090618,1.692,1.729,1.688,1.727,8526393.0,1937263517.00
20090619,1.731,1.755,1.728,1.750,6089664.0,1401929349.00
20090622,1.771,1.778,1.750,1.753,6240395.0,1454328525.00
20090623,1.730,1.790,1.725,1.761,10687161.0,2474085076.00
20090624,1.753,1.769,1.741,1.765,7778426.0,1805990285.00
20090625,1.766,1.779,1.759,1.764,6789070.0,1587059488.00
20090626,1.768,1.779,1.761,1.768,4445594.0,1039591982.00
20090629,1.771,1.812,1.769,1.811,4647576.0,1102823938.00
20090630,1.818,1.819,1.800,1.801,6117506.0,1460258905.00
20090701,1.797,1.850,1.794,1.849,7371156.0,1779587769.00
20090702,1.852,1.887,1.849,1.879,7396075.0,1828327827.00
20090703,1.874,1.901,1.865,1.901,9175357.0,2280967715.00
20090706,1.902,1.935,1.902,1.930,7034117.0,1786189864.00
20090707,1.927,1.939,1.898,1.902,8782811.0,2225454465.00
20090708,1.884,1.905,1.844,1.890,12992371.0,3213185314.00
20090709,1.887,1.918,1.875,1.916,8606120.0,2155778584.00
20090710,1.916,1.927,1.896,1.904,6410081.0,1618151935.00
20090713,1.893,1.898,1.868,1.868,5854460.0,1456902692.00
20090714,1.876,1.933,1.876,1.931,7843976.0,1982141251.00
20090715,1.939,1.956,1.939,1.950,5028944.0,1295252227.00
20090716,1.968,1.993,1.954,1.967,7456119.0,1945443415.00
20090717,1.970,1.984,1.958,1.977,4748932.0,1237994626.00
20090720,1.983,2.018,1.968,2.015,5511670.0,1452301119.00
20090721,2.020,2.033,1.983,1.984,9207254.0,2447840196.00
20090722,1.987,2.031,1.987,2.030,8192437.0,2178190395.00
20090723,2.030,2.061,2.018,2.056,6105306.0,1645383527.00
20090724,2.072,2.083,2.036,2.078,7934005.0,2162927310.00
20090727,2.083,2.127,2.083,2.127,6401251.0,1781853656.00
20090728,2.128,2.128,2.099,2.116,7839437.0,2186659393.00
20090729,2.112,2.143,1.948,2.016,16218116.0,4444954883.00
20090730,2.050,2.097,2.018,2.083,18691334.0,5084567157.00
20090731,2.108,2.136,2.081,2.134,11139162.0,3103636181.00
20090803,2.144,2.153,2.119,2.149,9448753.0,2666630660.00
20090804,2.156,2.158,2.098,2.129,9894975.0,2775238134.00
20090805,2.122,2.127,2.075,2.092,9687033.0,2688026798.00
20090806,2.074,2.090,2.014,2.044,10897122.0,2950657062.00
20090807,2.052,2.063,1.987,1.996,11092247.0,2971365093.00
20090810,2.016,2.029,1.953,1.982,11902368.0,3122371282.00
20090811,1.992,1.994,1.957,1.983,9333240.0,2440674870.00
20090812,1.976,1.980,1.870,1.887,14824795.0,3771867736.00
20090813,1.896,1.927,1.859,1.917,13750788.0,3440306171.00
20090814,1.912,1.922,1.858,1.874,13390751.0,3335164919.00
20090817,1.840,1.864,1.765,1.771,19650951.0,4706222824.00
20090818,1.766,1.787,1.732,1.778,16894182.0,3936212125.00
20090819,1.779,1.790,1.675,1.696,16380558.0,3769934057.00
20090820,1.707,1.777,1.701,1.775,15457209.0,3552344907.00
20090821,1.774,1.818,1.758,1.796,16271664.0,3841856111.00
20090824,1.811,1.817,1.781,1.799,8031724.0,1907407063.00
20090825,1.787,1.787,1.666,1.718,12758568.0,2902380363.00
20090826,1.700,1.765,1.693,1.745,11535788.0,2648099755.00
20090827,1.730,1.762,1.710,1.730,15641601.0,3581935517.00
20090828,1.734,1.741,1.662,1.670,12839042.0,2860953710.00
20090831,1.639,1.643,1.544,1.548,11956721.0,2505602111.00
20090901,1.552,1.612,1.548,1.581,14582195.0,3045373591.00
20090902,1.567,1.624,1.560,1.616,12014648.0,2543343809.00
20090903,1.620,1.707,1.612,1.701,12773831.0,2812751750.00
20090904,1.696,1.721,1.687,1.701,12620296.0,2838171839.00
20090907,1.718,1.743,1.702,1.710,11496505.0,2620481122.00
20090908,1.702,1.748,1.682,1.747,11322595.0,2569199071.00
20090909,1.753,1.765,1.725,1.749,8531673.0,1968037999.00
20090910,1.741,1.755,1.725,1.731,6221025.0,1431811326.00
20090911,1.731,1.795,1.731,1.787,10618089.0,2481138306.00
20090914,1.795,1.810,1.780,1.806,7734602.0,1836695874.00
20090915,1.806,1.821,1.790,1.806,8445224.0,2015122935.00
20090916,1.794,1.809,1.756,1.773,9838157.0,2309718803.00
20090917,1.787,1.812,1.787,1.807,9179435.0,2184795970.00
20090918,1.807,1.811,1.731,1.741,10401903.0,2442293708.00
20090921,1.728,1.745,1.688,1.742,12815805.0,2904752511.00
20090922,1.729,1.757,1.696,1.697,9996097.0,2283936388.00
20090923,1.709,1.721,1.668,1.675,8304953.0,1858031466.00
20090924,1.665,1.718,1.652,1.697,10919304.0,2421117043.00
20090925,1.687,1.707,1.672,1.694,8303913.0,1856739981.00
20090928,1.702,1.707,1.642,1.647,5995097.0,1329973580.00
20090929,1.655,1.672,1.635,1.656,8615093.0,1881286699.00
20090930,1.666,1.690,1.658,1.675,6959203.0,1540139326.00
20091009,1.718,1.763,1.707,1.760,6567602.0,1508272116.00
20091012,1.765,1.777,1.741,1.744,6340133.0,1475401468.00
20091013,1.741,1.777,1.739,1.775,5769040.0,1343285157.00
20091014,1.779,1.817,1.774,1.785,8688422.0,2059459132.00
20091015,1.809,1.824,1.787,1.796,7615148.0,1816521727.00
20091016,1.803,1.810,1.764,1.794,7144068.0,1683730371.00
20091019,1.784,1.841,1.781,1.839,7236687.0,1737841075.00
20091020,1.851,1.867,1.843,1.862,9958862.0,2443228145.00
20091021,1.855,1.883,1.852,1.860,7020209.0,1730293653.00
20091022,1.859,1.865,1.840,1.843,6788279.0,1661275492.00
20091023,1.854,1.894,1.850,1.880,8372314.0,2075794088.00
20091026,1.884,1.893,1.871,1.884,6537836.0,1624989302.00
20091027,1.870,1.871,1.829,1.831,7364178.0,1801441089.00
20091028,1.824,1.838,1.789,1.825,10596915.0,2544201767.00
20091029,1.793,1.806,1.775,1.781,7607583.0,1800857823.00
20091030,1.814,1.832,1.799,1.801,7575535.0,1815267451.00
20091102,1.759,1.871,1.756,1.868,10960187.0,2645071456.00
20091103,1.868,1.899,1.865,1.887,8436729.0,2102676528.00
20091104,1.888,1.912,1.875,1.897,7660856.0,1917454305.00
20091105,1.898,1.910,1.885,1.902,6197405.0,1553761703.00
20091106,1.923,1.927,1.904,1.906,6889436.0,1743384206.00
20091109,1.908,1.913,1.887,1.912,5882493.0,1478344360.00
20091110,1.924,1.936,1.913,1.918,5801720.0,1475274929.00
20091111,1.912,1.916,1.894,1.905,5984211.0,1506110679.00
20091112,1.912,1.924,1.896,1.899,5226289.0,1320280184.00
20091113,1.893,1.918,1.874,1.915,7528457.0,1880534568.00
20091116,1.927,1.975,1.927,1.974,8385176.0,2164686036.00
20091117,1.984,1.992,1.971,1.974,6987284.0,1829379713.00
20091118,1.977,1.987,1.968,1.973,5241288.0,1368380910.00
20091119,1.978,1.989,1.953,1.974,8719656.0,2265873052.00
20091120,1.961,1.971,1.940,1.956,5629131.0,1453940345.00
20091123,1.958,1.967,1.948,1.965,4392946.0,1135733026.00
20091124,1.974,1.983,1.908,1.916,10613763.0,2736525294.00
20091125,1.916,1.946,1.889,1.944,10768356.0,2726314396.00
20091126,1.946,1.951,1.860,1.863,12830511.0,3228278516.00
20091127,1.847,1.858,1.804,1.813,11004704.0,2659145258.00
20091130,1.838,1.873,1.826,1.871,10279400.0,2513109893.00
20091201,1.865,1.893,1.848,1.887,9577832.0,2365868222.00
20091202,1.899,1.915,1.893,1.905,8101695.0,2039277087.00
20091203,1.906,1.906,1.877,1.893,5948841.0,1486411172.00
20091204,1.885,1.972,1.880,1.964,17656609.0,4490674240.00
20091207,1.959,1.977,1.953,1.965,11798832.0,3061888209.00
20091208,1.966,1.971,1.917,1.930,8987808.0,2303539208.00
20091209,1.907,1.918,1.885,1.890,8251290.0,2075595721.00
20091210,1.906,1.915,1.885,1.902,6967642.0,1750875723.00
20091211,1.906,1.926,1.899,1.902,6981986.0,1763335368.00
20091214,1.897,1.948,1.859,1.937,14189546.0,3572211984.00
20091215,1.920,1.937,1.909,1.912,7649092.0,1942409220.00
20091216,1.902,1.933,1.899,1.902,7551297.0,1911549899.00
20091217,1.912,1.919,1.865,1.868,8122791.0,2023668304.00
20091218,1.850,1.862,1.828,1.840,6959523.0,1695893351.00
20091221,1.840,1.845,1.809,1.828,6971908.0,1680287996.00
20091222,1.833,1.834,1.781,1.792,6770688.0,1616324207.00
20091223,1.789,1.803,1.778,1.797,6340410.0,1501176441.00
20091224,1.803,1.846,1.795,1.843,9199755.0,2218339440.00
20091225,1.840,1.843,1.821,1.823,4968935.0,1201122436.00
20091228,1.830,1.867,1.830,1.856,6343780.0,1554806309.00
20091229,1.855,1.874,1.846,1.874,5005694.0,1228445699.00
20091230,1.874,1.934,1.871,1.924,12122046.0,3062994659.00
20091231,1.927,1.946,1.923,1.937,9266964.0,2369026201.00
20100104,1.945,1.947,1.900,1.902,7864332.0,2000121183.00
20100105,1.912,1.940,1.884,1.926,10998787.0,2781187358.00
20100106,1.922,1.930,1.901,1.902,5465724.0,1384265012.00
20100107,1.902,1.912,1.854,1.864,8942675.0,2226035249.00
20100108,1.861,1.868,1.837,1.864,8854760.0,2168222331.00
20100111,1.968,1.968,1.864,1.872,13548809.0,3409013315.00
20100112,1.864,1.897,1.838,1.896,12172625.0,3008190197.00
20100113,1.856,1.860,1.809,1.812,14207432.0,3444822693.00
20100114,1.824,1.835,1.802,1.829,8782125.0,2113674940.00
20100115,1.829,1.847,1.816,1.834,6523284.0,1578854361.00
20100118,1.826,1.831,1.815,1.828,5088502.0,1226176350.00
20100119,1.833,1.853,1.831,1.840,9716637.0,2364288724.00
20100120,1.843,1.844,1.782,1.784,7692516.0,1837559300.00
20100121,1.787,1.809,1.777,1.799,11077709.0,2620563032.00
20100122,1.779,1.817,1.755,1.800,11702915.0,2762052036.00
20100125,1.781,1.811,1.779,1.783,7971761.0,1889290383.00
20100126,1.784,1.787,1.742,1.748,9614014.0,2235841187.00
20100127,1.751,1.756,1.712,1.712,10101134.0,2307873556.00
20100128,1.713,1.718,1.692,1.703,5968602.0,1344312609.00
20100129,1.694,1.725,1.689,1.699,6200918.0,1399818522.00
20100201,1.697,1.697,1.655,1.672,7001223.0,1544748300.00
20100202,1.684,1.715,1.673,1.678,6565432.0,1471088061.00
20100203,1.686,1.728,1.660,1.728,10953975.0,2456854488.00
20100204,1.712,1.725,1.701,1.715,7284769.0,1648858963.00
20100205,1.684,1.691,1.670,1.680,6526724.0,1448850255.00
20100208,1.681,1.691,1.667,1.675,3499845.0,776545307.00
20100209,1.672,1.694,1.669,1.687,4088552.0,909905131.00
20100210,1.700,1.714,1.697,1.713,3489611.0,785651270.00
20100211,1.712,1.725,1.709,1.717,2220589.0,503997960.00
20100212,1.722,1.734,1.719,1.731,2296410.0,524024130.00
20100222,1.731,1.737,1.718,1.719,3950442.0,901286945.00
20100223,1.712,1.717,1.671,1.688,5768024.0,1282063965.00
20100224,1.684,1.706,1.671,1.705,4036906.0,901550950.00
20100225,1.707,1.734,1.704,1.731,6789958.0,1548363360.00
20100226,1.725,1.736,1.723,1.726,3368786.0,769444498.00
20100301,1.725,1.759,1.725,1.755,4262416.0,983304740.00
20100302,1.756,1.763,1.745,1.750,4053307.0,938546926.00
20100303,1.750,1.758,1.736,1.757,2974660.0,686950835.00
20100304,1.756,1.757,1.716,1.718,5517074.0,1265292982.00
20100305,1.720,1.732,1.718,1.721,2679585.0,610224841.00
20100308,1.725,1.739,1.721,1.734,2459069.0,562812813.00
20100309,1.734,1.758,1.722,1.746,4175418.0,959487634.00
20100310,1.746,1.758,1.734,1.738,3431831.0,790858258.00
20100311,1.741,1.755,1.728,1.744,5778845.0,1329776310.00
20100312,1.743,1.746,1.722,1.725,4314374.0,987959534.00
20100315,1.722,1.725,1.690,1.695,6464220.0,1451917274.00
20100316,1.694,1.711,1.693,1.710,3490585.0,784200708.00
20100317,1.715,1.747,1.711,1.746,5761976.0,1317642743.00
20100318,1.746,1.755,1.732,1.737,4719135.0,1087836193.00
20100319,1.736,1.753,1.728,1.752,4398742.0,1011781370.00
20100322,1.752,1.764,1.748,1.753,4953433.0,1148749048.00
20100323,1.754,1.756,1.732,1.733,3725643.0,858504260.00
20100324,1.740,1.750,1.732,1.734,4030026.0,927298181.00
20100325,1.729,1.729,1.707,1.709,3738758.0,846862281.00
20100326,1.708,1.746,1.707,1.738,4746791.0,1086153573.00
20100329,1.749,1.794,1.746,1.791,9674775.0,2272431081.00
20100330,1.791,1.797,1.781,1.794,4539974.0,1073765883.00
20100331,1.793,1.796,1.774,1.779,4416231.0,1040035671.00
20100401,1.779,1.801,1.779,1.796,4932458.0,1168179903.00
20100402,1.800,1.806,1.792,1.798,3605144.0,856636428.00
20100406,1.807,1.822,1.790,1.797,5626045.0,1340743044.00
20100407,1.796,1.798,1.778,1.786,5117094.0,1208058922.00
20100408,1.782,1.782,1.752,1.757,4439933.0,1036580527.00
20100409,1.760,1.775,1.759,1.773,3462424.0,808733779.00
20100412,1.779,1.783,1.742,1.752,4241253.0,985735256.00
20100413,1.752,1.791,1.751,1.788,10363195.0,2431676276.00
20100414,1.789,1.802,1.780,1.795,4036563.0,953298221.00
20100415,1.796,1.796,1.775,1.790,4925177.0,1163292078.00
20100416,1.779,1.788,1.760,1.764,4909038.0,1147993709.00
20100419,1.745,1.745,1.669,1.673,12279319.0,2760509279.00
20100420,1.676,1.681,1.649,1.667,7301047.0,1603308555.00
20100421,1.666,1.694,1.655,1.690,6779411.0,1498723107.00
20100422,1.680,1.680,1.650,1.652,7096894.0,1556624883.00
20100423,1.655,1.663,1.633,1.641,7228109.0,1572435322.00
20100426,1.647,1.652,1.624,1.628,7998153.0,1729097565.00
20100427,1.622,1.623,1.575,1.598,7358024.0,1551887362.00
20100428,1.584,1.599,1.575,1.594,5240455.0,1099949543.00
20100429,1.602,1.616,1.587,1.588,5727070.0,1214322391.00
20100430,1.594,1.615,1.586,1.613,7141076.0,1507773371.00
20100504,1.593,1.606,1.587,1.591,5475072.0,1155019972.00
20100505,1.578,1.598,1.555,1.595,7239961.0,1506304703.00
20100506,1.583,1.585,1.519,1.521,8399427.0,1721562917.00
20100507,1.495,1.528,1.487,1.503,8559356.0,1704976592.00
20100510,1.512,1.533,1.497,1.524,8147783.0,1632192024.00
20100511,1.556,1.560,1.486,1.494,10151441.0,2042388210.00
20100512,1.491,1.522,1.479,1.521,10455751.0,2079700915.00
20100513,1.520,1.554,1.514,1.550,10015077.0,2033814818.00
20100514,1.535,1.547,1.528,1.534,5556543.0,1127563688.00
20100517,1.514,1.514,1.463,1.465,7717251.0,1517480062.00
20100518,1.469,1.506,1.460,1.497,9411959.0,1841228533.00
20100519,1.488,1.512,1.466,1.488,8406457.0,1654329376.00
20100520,1.478,1.500,1.462,1.463,6790226.0,1327966683.00
20100521,1.424,1.480,1.422,1.478,8029839.0,1539208949.00
20100524,1.488,1.535,1.488,1.526,8959631.0,1797000210.00
20100525,1.514,1.515,1.481,1.486,5155455.0,1020553039.00
20100526,1.491,1.503,1.480,1.487,4141656.0,815251142.00
20100527,1.485,1.514,1.466,1.510,6145954.0,1211139375.00
20100528,1.525,1.527,1.496,1.501,7091725.0,1417235385.00
20100531,1.494,1.503,1.463,1.469,5936731.0,1164556317.00
20100601,1.460,1.475,1.440,1.454,5975662.0,1152033031.00
20100602,1.452,1.460,1.429,1.452,4181174.0,797555186.00
20100603,1.458,1.469,1.443,1.444,5628330.0,1082823263.00
20100604,1.441,1.448,1.433,1.443,3146902.0,598815548.00
20100607,1.418,1.429,1.409,1.413,3998485.0,749559059.00
20100608,1.414,1.424,1.397,1.407,3306224.0,617022348.00
20100609,1.416,1.460,1.395,1.454,9092637.0,1724287997.00
20100610,1.440,1.443,1.428,1.431,5079873.0,963718485.00
20100611,1.438,1.452,1.434,1.436,4269637.0,813479735.00
20100617,1.447,1.451,1.435,1.435,3385910.0,645743269.00
20100618,1.433,1.450,1.420,1.423,3589891.0,682096628.00
20100621,1.432,1.481,1.427,1.475,7588459.0,1461510297.00
20100622,1.469,1.479,1.466,1.472,3130345.0,608561277.00
20100623,1.466,1.474,1.446,1.458,3327786.0,641230931.00
20100624,1.458,1.479,1.453,1.466,3456186.0,669254155.00
20100625,1.457,1.471,1.453,1.462,3782429.0,729895168.00
20100628,1.460,1.479,1.457,1.463,3040911.0,589189836.00
20100629,1.465,1.467,1.401,1.403,5879085.0,1110298594.00
20100630,1.396,1.400,1.385,1.389,4879007.0,897899196.00
20100701,1.387,1.398,1.376,1.380,3836843.0,703882146.00
20100702,1.381,1.394,1.359,1.391,5960439.0,1085179842.00
20100705,1.376,1.391,1.360,1.377,5157921.0,937433578.00
20100706,1.374,1.401,1.373,1.400,5923918.0,1088874963.00
20100707,1.399,1.401,1.388,1.401,3791664.0,698797301.00
20100708,1.408,1.417,1.398,1.404,3744394.0,696281224.00
20100709,1.405,1.446,1.395,1.436,5154950.0,971233123.00
20100712,1.434,1.454,1.426,1.444,4189544.0,798711169.00
20100713,1.429,1.429,1.413,1.422,3881148.0,729007143.00
20100714,1.427,1.449,1.425,1.432,4075068.0,772906186.00
20100715,1.435,1.449,1.407,1.409,4081152.0,770848961.00
20100716,1.404,1.411,1.391,1.407,3003036.0,555827245.00
20100719,1.398,1.449,1.394,1.440,4859904.0,912788445.00
20100720,1.442,1.469,1.441,1.466,5083045.0,979731572.00
20100721,1.466,1.474,1.459,1.466,4208853.0,815371291.00
20100722,1.461,1.485,1.459,1.483,3914225.0,762657720.00
20100723,1.485,1.500,1.482,1.492,4630919.0,911009011.00
20100726,1.493,1.499,1.481,1.494,3225914.0,635914667.00
20100727,1.488,1.494,1.482,1.485,2589743.0,508951670.00
20100728,1.485,1.529,1.482,1.528,6033573.0,1205355356.00
20100729,1.527,1.540,1.522,1.530,4638185.0,938186457.00
20100730,1.526,1.530,1.518,1.526,3020849.0,608278636.00
20100802,1.526,1.555,1.525,1.551,4743555.0,966217112.00
20100803,1.551,1.554,1.517,1.518,5456084.0,1110290239.00
20100804,1.519,1.533,1.499,1.523,6292554.0,1261623756.00
20100805,1.520,1.522,1.492,1.501,3699459.0,736103311.00
20100806,1.497,1.526,1.489,1.525,4582828.0,913859456.00
20100809,1.518,1.533,1.513,1.526,3961396.0,796772247.00
20100810,1.526,1.532,1.488,1.488,4932371.0,982673420.00
20100811,1.489,1.502,1.482,1.490,3717748.0,731861377.00
20100812,1.480,1.492,1.469,1.472,3137138.0,613249611.00
20100813,1.472,1.488,1.463,1.485,3547661.0,691492107.00
20100816,1.479,1.520,1.474,1.517,4092732.0,811230525.00
20100817,1.519,1.528,1.512,1.525,4167304.0,837351125.00
20100818,1.525,1.541,1.516,1.518,4031660.0,813365577.00
20100819,1.519,1.547,1.516,1.534,4763681.0,964863267.00
20100820,1.528,1.538,1.511,1.513,4672866.0,940341107.00
20100823,1.509,1.526,1.502,1.509,3008668.0,602034438.00
20100824,1.505,1.525,1.491,1.507,4344020.0,865926712.00
20100825,1.496,1.506,1.472,1.475,3958701.0,777578538.00
20100826,1.480,1.486,1.467,1.472,3584089.0,698618651.00
20100827,1.470,1.477,1.466,1.475,2215790.0,430760802.00
20100830,1.485,1.501,1.481,1.494,3780903.0,745787933.00
20100831,1.487,1.489,1.475,1.480,2582987.0,505577722.00
20100901,1.482,1.501,1.466,1.475,4482849.0,878516569.00
20100902,1.492,1.495,1.484,1.489,3791904.0,745922532.00
20100903,1.491,1.492,1.472,1.483,3622649.0,708805371.00
20100906,1.492,1.522,1.491,1.522,5202582.0,1036729538.00
20100907,1.522,1.527,1.509,1.517,2992689.0,599763595.00
20100908,1.509,1.513,1.496,1.505,2489716.0,494142962.00
20100909,1.504,1.505,1.470,1.477,3124799.0,612990500.00
20100910,1.476,1.482,1.461,1.474,3310231.0,642970052.00
20100913,1.472,1.491,1.467,1.481,3809717.0,743256020.00
20100914,1.487,1.492,1.477,1.481,3240119.0,635497178.00
20100915,1.481,1.481,1.454,1.456,2973526.0,575908993.00
20100916,1.455,1.459,1.421,1.433,3875978.0,735854892.00
20100917,1.436,1.441,1.429,1.432,1971986.0,373420533.00
20100920,1.432,1.444,1.423,1.436,2302257.0,436679490.00
20100921,1.441,1.444,1.432,1.437,1387218.0,263492831.00
20100927,1.442,1.454,1.438,1.449,1959700.0,373907971.00
20100928,1.445,1.450,1.435,1.436,4365711.0,832391710.00
20100929,1.434,1.457,1.432,1.441,2527330.0,483254177.00
20100930,1.434,1.475,1.431,1.475,3317030.0,641118756.00
20101008,1.491,1.542,1.487,1.534,8761856.0,1766050757.00
20101011,1.542,1.606,1.542,1.591,10767735.0,2248367381.00
20101012,1.588,1.611,1.578,1.609,5517757.0,1163400814.00
20101013,1.613,1.637,1.606,1.635,6973333.0,1495499032.00
20101014,1.654,1.690,1.652,1.657,9774964.0,2156006731.00
20101015,1.650,1.741,1.649,1.725,12955627.0,2906339498.00
20101018,1.740,1.779,1.712,1.714,15229469.0,3509399543.00
20101019,1.712,1.748,1.700,1.747,10732691.0,2439368445.00
20101020,1.731,1.775,1.712,1.746,15253882.0,3510123332.00
20101021,1.750,1.756,1.705,1.717,7822056.0,1785529965.00
20101022,1.712,1.728,1.693,1.708,5660443.0,1279288389.00
20101025,1.708,1.760,1.690,1.759,6524032.0,1490258504.00
20101026,1.764,1.768,1.726,1.737,6253113.0,1444285663.00
20101027,1.726,1.755,1.699,1.700,6983420.0,1592069793.00
20101028,1.698,1.715,1.688,1.701,4927050.0,1106856679.00
20101029,1.703,1.707,1.669,1.676,6139576.0,1365578206.00
20101101,1.681,1.718,1.681,1.717,5778768.0,1302241492.00
20101102,1.717,1.735,1.692,1.708,5427896.0,1227968287.00
20101103,1.708,1.730,1.689,1.704,8851912.0,2002039622.00
20101104,1.705,1.731,1.705,1.725,6315725.0,1434579795.00
20101105,1.761,1.779,1.730,1.743,4815341.0,1111918952.00
20101108,1.747,1.757,1.734,1.750,5078203.0,1171340202.00
20101109,1.748,1.749,1.716,1.725,4824500.0,1103446418.00
20101110,1.713,1.715,1.690,1.699,5822104.0,1307031551.00
20101111,1.703,1.743,1.697,1.721,7660028.0,1741143755.00
20101112,1.711,1.719,1.627,1.628,9968926.0,2203228430.00
20101115,1.635,1.641,1.595,1.621,7739761.0,1646741096.00
20101116,1.609,1.612,1.544,1.546,6790646.0,1398505273.00
20101117,1.532,1.557,1.520,1.531,8127281.0,1636182950.00
20101118,1.547,1.558,1.531,1.549,5598051.0,1130710264.00
20101119,1.557,1.558,1.504,1.551,5777401.0,1156034335.00
20101122,1.538,1.549,1.527,1.535,5395525.0,1084962952.00
20101123,1.525,1.527,1.483,1.503,6781645.0,1329721213.00
20101124,1.503,1.544,1.503,1.535,5847707.0,1170723949.00
20101125,1.542,1.559,1.526,1.557,5961879.0,1204108162.00
20101126,1.551,1.559,1.535,1.541,4368199.0,881225192.00
20101129,1.538,1.544,1.524,1.536,3271618.0,655731275.00
20101130,1.535,1.542,1.485,1.513,6600923.0,1301848749.00
20101201,1.507,1.522,1.502,1.514,3355812.0,663480328.00
20101202,1.538,1.542,1.522,1.525,3747387.0,751645315.00
20101203,1.529,1.538,1.522,1.531,3854803.0,770562704.00
20101206,1.538,1.555,1.535,1.551,4843421.0,977836169.00
20101207,1.547,1.571,1.526,1.560,4651442.0,940404130.00
20101208,1.556,1.566,1.539,1.541,3497617.0,709120169.00
20101209,1.534,1.545,1.522,1.525,2855650.0,572192620.00
20101210,1.516,1.548,1.515,1.542,3421433.0,684644995.00
20101213,1.548,1.586,1.545,1.584,4420587.0,903232604.00
20101214,1.589,1.592,1.576,1.579,3154333.0,652714546.00
20101215,1.580,1.584,1.567,1.569,2778846.0,572216329.00
20101216,1.567,1.571,1.554,1.554,2421549.0,494445866.00
20101217,1.554,1.557,1.546,1.551,1854486.0,375839869.00
20101220,1.556,1.562,1.504,1.525,4483724.0,894404290.00
20101221,1.528,1.572,1.525,1.564,5629472.0,1141355736.00
20101222,1.567,1.570,1.536,1.542,2848363.0,579118650.00
20101223,1.544,1.564,1.535,1.540,3540567.0,715827815.00
20101224,1.531,1.547,1.523,1.536,4346177.0,873032911.00
20101227,1.548,1.562,1.506,1.509,3835405.0,770861960.00
20101228,1.507,1.511,1.490,1.491,3974093.0,780128331.00
20101229,1.492,1.495,1.479,1.491,2460023.0,477699376.00
20101230,1.492,1.494,1.471,1.482,2865501.0,555724675.00
20101231,1.486,1.507,1.485,1.506,3404700.0,666077239.00
20110104,1.521,1.544,1.514,1.538,3270052.0,653661574.00
20110105,1.528,1.535,1.522,1.525,2975378.0,593870198.00
20110106,1.527,1.535,1.510,1.515,2769546.0,549874764.00
20110107,1.515,1.554,1.505,1.531,5507308.0,1103163092.00
20110110,1.529,1.541,1.508,1.510,3589159.0,714254727.00
20110111,1.507,1.529,1.504,1.526,3460248.0,685399280.00
20110112,1.530,1.543,1.518,1.538,3240602.0,648456156.00
20110113,1.544,1.546,1.533,1.537,2468333.0,496609628.00
20110114,1.531,1.533,1.512,1.512,2663104.0,528962648.00
20110117,1.505,1.512,1.460,1.463,5518198.0,1069924492.00
20110118,1.461,1.473,1.456,1.469,3063260.0,585975310.00
20110119,1.470,1.492,1.462,1.491,2692448.0,519892368.00
20110120,1.486,1.486,1.447,1.449,3191707.0,611280244.00
20110121,1.446,1.495,1.446,1.468,5069162.0,975857571.00
20110124,1.470,1.479,1.456,1.458,3182100.0,609889200.00
20110125,1.458,1.468,1.452,1.460,3276598.0,624947849.00
20110126,1.461,1.473,1.459,1.472,2182242.0,418226463.00
20110127,1.460,1.492,1.452,1.487,3897825.0,752122386.00
20110128,1.485,1.489,1.473,1.483,2487978.0,481597290.00
20110131,1.482,1.499,1.482,1.497,2098646.0,409078622.00
20110201,1.499,1.505,1.495,1.503,1849888.0,362729522.00
20110209,1.492,1.508,1.481,1.482,2800716.0,546426385.00
20110210,1.482,1.509,1.476,1.507,3241989.0,632883550.00
20110211,1.503,1.512,1.500,1.506,2323059.0,457298507.00
20110214,1.508,1.568,1.508,1.562,6377369.0,1286345985.00
20110215,1.565,1.580,1.557,1.560,5365600.0,1099089403.00
20110216,1.558,1.564,1.545,1.564,2620096.0,532048891.00
20110217,1.567,1.576,1.551,1.561,2909423.0,594002081.00
20110218,1.557,1.561,1.544,1.548,2670631.0,541336860.00
20110221,1.540,1.563,1.540,1.562,2652855.0,537653255.00
20110222,1.562,1.564,1.518,1.520,5125313.0,1026427422.00
20110223,1.515,1.523,1.512,1.520,2960572.0,587241399.00
20110224,1.518,1.531,1.514,1.525,2083827.0,414479917.00
20110225,1.526,1.538,1.514,1.528,3198576.0,637985827.00
20110228,1.528,1.542,1.516,1.538,2728981.0,545311690.00
20110301,1.538,1.561,1.537,1.549,3512534.0,710134995.00
20110302,1.541,1.562,1.539,1.554,4121846.0,834729334.00
20110303,1.557,1.588,1.555,1.563,6256426.0,1285043323.00
20110304,1.564,1.589,1.561,1.587,3608093.0,741902359.00
20110307,1.590,1.624,1.590,1.618,5494813.0,1156439911.00
20110308,1.616,1.626,1.606,1.616,3048962.0,644090974.00
20110309,1.620,1.629,1.610,1.614,3087730.0,653813685.00
20110310,1.608,1.609,1.577,1.580,3698803.0,768004369.00
20110311,1.575,1.582,1.555,1.560,3377053.0,693630736.00
20110314,1.560,1.567,1.553,1.563,3262411.0,665469678.00
20110315,1.554,1.562,1.515,1.537,4482528.0,897867830.00
20110316,1.541,1.564,1.539,1.561,3408120.0,690391467.00
20110317,1.546,1.559,1.533,1.541,2921769.0,590094214.00
20110318,1.554,1.560,1.546,1.550,2309983.0,468644552.00
20110321,1.557,1.562,1.544,1.551,2614457.0,530469518.00
20110322,1.557,1.569,1.538,1.566,3583402.0,729893164.00
20110323,1.563,1.587,1.559,1.586,3272440.0,673808094.00
20110324,1.585,1.586,1.571,1.574,1854775.0,382710853.00
20110325,1.579,1.606,1.575,1.599,6830342.0,1423600911.00
20110328,1.606,1.620,1.600,1.601,3559783.0,749655642.00
20110329,1.600,1.621,1.595,1.597,4641498.0,974839132.00
20110330,1.597,1.607,1.588,1.600,4159637.0,869539258.00
20110331,1.601,1.605,1.582,1.587,2689862.0,559584663.00
20110401,1.587,1.621,1.587,1.620,3712828.0,777360341.00
20110406,1.619,1.660,1.619,1.655,5596152.0,1203874898.00
20110407,1.658,1.667,1.649,1.655,2871106.0,621367145.00
20110408,1.655,1.666,1.650,1.665,2788411.0,604821365.00
20110411,1.668,1.685,1.655,1.656,3597690.0,785997219.00
20110412,1.651,1.659,1.639,1.646,2864755.0,617949700.00
20110413,1.639,1.678,1.634,1.676,3709388.0,800274222.00
20110414,1.677,1.681,1.663,1.665,3886085.0,850230764.00
20110415,1.661,1.688,1.657,1.675,5754661.0,1256897617.00
20110418,1.665,1.685,1.663,1.675,4606942.0,1008800940.00
20110419,1.666,1.667,1.636,1.638,3868357.0,834041424.00
20110420,1.640,1.647,1.626,1.632,2511599.0,537037611.00
20110421,1.643,1.655,1.638,1.644,2112787.0,454433557.00
20110422,1.644,1.652,1.633,1.639,1659568.0,355933236.00
20110425,1.637,1.637,1.618,1.619,4224040.0,897436856.00
20110426,1.616,1.626,1.610,1.614,3061206.0,647253232.00
20110427,1.621,1.629,1.600,1.610,4031562.0,851937272.00
20110428,1.619,1.638,1.608,1.613,5120982.0,1085091571.00
20110429,1.612,1.613,1.589,1.610,4859718.0,1017048539.00
20110503,1.607,1.611,1.593,1.609,3745780.0,785571734.00
20110504,1.600,1.602,1.561,1.563,4196392.0,865781866.00
20110505,1.561,1.564,1.549,1.559,3331552.0,678052267.00
20110506,1.546,1.562,1.541,1.550,3332765.0,674744110.00
20110509,1.554,1.561,1.543,1.548,1602935.0,325180386.00
20110510,1.551,1.565,1.547,1.564,2361397.0,480910301.00
20110511,1.564,1.569,1.554,1.559,1782825.0,363868559.00
20110512,1.550,1.556,1.536,1.537,2291256.0,463525769.00
20110513,1.542,1.555,1.531,1.554,4036686.0,812682544.00
20110516,1.546,1.557,1.535,1.535,2324891.0,469741580.00
20110517,1.535,1.557,1.530,1.548,3246608.0,655490555.00
20110518,1.544,1.566,1.542,1.562,3017268.0,614249660.00
20110519,1.564,1.570,1.555,1.556,1862852.0,380488675.00
20110520,1.554,1.567,1.554,1.561,1608604.0,328181060.00
20110523,1.557,1.558,1.514,1.516,3594129.0,718651044.00
20110524,1.516,1.522,1.513,1.517,2463750.0,488307278.00
20110525,1.515,1.519,1.499,1.501,1874155.0,369596727.00
20110526,1.511,1.515,1.502,1.504,2307239.0,455001170.00
20110527,1.506,1.518,1.503,1.506,3353594.0,661302603.00
20110530,1.503,1.515,1.495,1.508,2969728.0,585130930.00
20110531,1.508,1.531,1.505,1.529,3484381.0,690149301.00
20110601,1.525,1.526,1.518,1.523,2749798.0,547157078.00
20110602,1.515,1.515,1.481,1.493,3341204.0,654489964.00
20110603,1.492,1.507,1.489,1.505,2462273.0,482988228.00
20110607,1.500,1.512,1.498,1.510,1737026.0,341427398.00
20110608,1.512,1.512,1.490,1.508,1822315.0,357222937.00
20110609,1.505,1.507,1.485,1.486,1796970.0,351212574.00
20110610,1.486,1.493,1.475,1.490,2301401.0,446555828.00
20110613,1.481,1.491,1.473,1.486,2301005.0,445113811.00
20110614,1.482,1.511,1.482,1.505,2682365.0,526442900.00
20110615,1.504,1.508,1.494,1.495,1639751.0,321598109.00
20110616,1.486,1.488,1.476,1.477,1808399.0,349988435.00
20110617,1.476,1.483,1.466,1.467,2633882.0,508135362.00
20110620,1.466,1.469,1.454,1.461,2579290.0,492850768.00
20110621,1.465,1.474,1.463,1.473,2517652.0,483084689.00
20110622,1.474,1.487,1.467,1.473,2411586.0,464845294.00
20110623,1.469,1.504,1.468,1.497,2993370.0,581415672.00
20110624,1.495,1.543,1.492,1.531,4985093.0,989727824.00
20110627,1.528,1.540,1.523,1.528,2247320.0,449847788.00
20110628,1.533,1.534,1.517,1.528,2390127.0,476141481.00
20110629,1.528,1.529,1.502,1.503,1961966.0,388796548.00
20110630,1.506,1.538,1.506,1.529,3746783.0,747746630.00
20110701,1.531,1.539,1.522,1.527,1882240.0,376173248.00
20110704,1.536,1.568,1.536,1.567,4154892.0,844925454.00
20110705,1.566,1.569,1.554,1.561,2152954.0,438966280.00
20110706,1.558,1.558,1.539,1.551,2145618.0,433745235.00
20110707,1.561,1.569,1.543,1.544,2740925.0,557535939.00
20110708,1.546,1.559,1.541,1.551,2566631.0,519808515.00
20110711,1.545,1.551,1.538,1.547,1728510.0,349058334.00
20110712,1.540,1.540,1.515,1.515,2322503.0,462188178.00
20110713,1.518,1.542,1.518,1.538,3035411.0,608491141.00
20110714,1.540,1.550,1.535,1.543,1428670.0,287893915.00
20110715,1.541,1.551,1.531,1.547,1700338.0,342588497.00
20110718,1.548,1.551,1.537,1.541,1315131.0,265183493.00
20110719,1.535,1.537,1.528,1.531,1372164.0,274729301.00
20110720,1.539,1.540,1.522,1.527,1729563.0,345474024.00
20110721,1.528,1.534,1.509,1.510,2520797.0,499592965.00
20110722,1.512,1.521,1.510,1.512,1300353.0,257407509.00
20110725,1.505,1.506,1.468,1.472,2229284.0,433015644.00
20110726,1.471,1.479,1.469,1.475,1283007.0,247242238.00
20110727,1.469,1.479,1.464,1.478,1964964.0,378540230.00
20110728,1.463,1.470,1.456,1.464,1439337.0,275039626.00
20110729,1.467,1.486,1.454,1.473,2853193.0,547327675.00
20110801,1.473,1.480,1.465,1.474,1132155.0,218063999.00
20110802,1.463,1.464,1.447,1.461,2620447.0,498015028.00
20110803,1.449,1.467,1.447,1.460,1529581.0,291444726.00
20110804,1.463,1.475,1.460,1.460,913953.0,175167612.00
20110805,1.428,1.437,1.424,1.430,3099408.0,579614809.00
20110808,1.420,1.427,1.367,1.385,4679573.0,852953306.00
20110809,1.355,1.396,1.343,1.391,5060305.0,905382927.00
20110810,1.410,1.416,1.394,1.400,2876933.0,528815270.00
20110811,1.378,1.421,1.377,1.419,3004736.0,551509533.00
20110812,1.422,1.426,1.413,1.414,2604183.0,483175913.00
20110815,1.418,1.447,1.413,1.446,3205416.0,599853506.00
20110816,1.439,1.454,1.432,1.435,2165192.0,408360800.00
20110817,1.437,1.445,1.430,1.430,1825158.0,342574850.00
20110818,1.433,1.433,1.402,1.404,2800574.0,519359580.00
20110819,1.384,1.397,1.381,1.393,3027936.0,549784307.00
20110822,1.394,1.403,1.376,1.380,2127554.0,385044639.00
20110823,1.385,1.407,1.380,1.404,2389465.0,435292134.00
20110824,1.406,1.413,1.391,1.394,1424266.0,261232997.00
20110825,1.399,1.450,1.396,1.448,4833156.0,902600085.00
20110826,1.443,1.449,1.431,1.445,3583961.0,674582168.00
20110829,1.427,1.431,1.414,1.417,2493361.0,462777739.00
20110830,1.424,1.445,1.411,1.413,3332636.0,622684765.00
20110831,1.414,1.425,1.411,1.420,2337441.0,432747468.00
20110901,1.424,1.435,1.416,1.418,2740929.0,509616483.00
20110902,1.414,1.420,1.398,1.404,2619526.0,480751762.00
20110905,1.395,1.395,1.379,1.381,2473921.0,447142443.00
20110906,1.375,1.381,1.368,1.374,2594906.0,465847665.00
20110907,1.378,1.401,1.377,1.398,3545849.0,643761135.00
20110908,1.404,1.405,1.389,1.389,1823337.0,332769984.00
20110909,1.391,1.411,1.384,1.388,2798094.0,510332408.00
20110913,1.371,1.378,1.366,1.375,2208081.0,396005139.00
20110914,1.380,1.384,1.355,1.378,3100825.0,555307529.00
20110915,1.378,1.389,1.371,1.372,2603255.0,469884942.00
20110916,1.381,1.387,1.374,1.375,1835693.0,331191098.00
20110919,1.368,1.368,1.352,1.352,1911679.0,339116418.00
20110920,1.352,1.363,1.345,1.357,2817831.0,498661585.00
20110921,1.355,1.400,1.349,1.394,4853174.0,877104376.00
20110922,1.382,1.386,1.351,1.354,3302137.0,589959756.00
20110923,1.333,1.349,1.323,1.343,5806967.0,1011040066.00
20110926,1.331,1.345,1.303,1.304,4466763.0,770232137.00
20110927,1.318,1.329,1.310,1.322,3150240.0,543012212.00
20110928,1.328,1.331,1.305,1.309,2663323.0,459464836.00
20110929,1.302,1.315,1.298,1.306,3798578.0,648454284.00
20110930,1.308,1.316,1.296,1.303,3861283.0,658580026.00
20111010,1.306,1.308,1.290,1.290,2550316.0,432198041.00
20111011,1.328,1.329,1.284,1.293,5258885.0,900874226.00
20111012,1.283,1.345,1.280,1.343,8461923.0,1463868118.00
20111013,1.336,1.352,1.332,1.347,4317915.0,758179049.00
20111014,1.344,1.350,1.332,1.348,3017239.0,529399001.00
20111017,1.349,1.367,1.347,1.358,4646444.0,824355194.00
20111018,1.347,1.349,1.316,1.319,4848410.0,843198553.00
20111019,1.324,1.335,1.318,1.319,3429121.0,593622329.00
20111020,1.311,1.313,1.282,1.291,4054878.0,686428501.00
20111021,1.294,1.306,1.289,1.295,3755127.0,636723346.00
20111024,1.301,1.340,1.296,1.334,6169298.0,1064991778.00
20111025,1.333,1.358,1.324,1.353,5715338.0,1002324835.00
20111026,1.349,1.377,1.345,1.362,5777281.0,1030959497.00
20111027,1.364,1.373,1.361,1.368,3458928.0,617567884.00
20111028,1.387,1.411,1.385,1.396,6196203.0,1130522024.00
20111031,1.393,1.393,1.376,1.381,3863417.0,698516151.00
20111101,1.374,1.403,1.370,1.386,4780558.0,866457957.00
20111102,1.369,1.413,1.364,1.411,6206446.0,1119906392.00
20111103,1.413,1.420,1.401,1.403,5793664.0,1069176890.00
20111104,1.416,1.423,1.405,1.414,3347697.0,618548815.00
20111107,1.403,1.411,1.394,1.395,3011455.0,551213381.00
20111108,1.397,1.407,1.394,1.398,3309190.0,605116345.00
20111109,1.402,1.410,1.387,1.407,3881039.0,708906533.00
20111110,1.396,1.396,1.375,1.376,4365370.0,790184226.00
20111111,1.382,1.383,1.369,1.374,3022853.0,543831454.00
20111114,1.385,1.404,1.381,1.400,4707303.0,857781945.00
20111115,1.397,1.401,1.389,1.392,2711034.0,493840307.00
20111116,1.393,1.394,1.349,1.354,5599945.0,1001070937.00
20111117,1.355,1.361,1.347,1.349,2861742.0,505747970.00
20111118,1.342,1.345,1.325,1.328,3627004.0,631647326.00
20111121,1.329,1.329,1.318,1.328,2918447.0,504459319.00
20111122,1.320,1.330,1.316,1.328,3360847.0,581740411.00
20111123,1.329,1.330,1.310,1.314,4272667.0,735540054.00
20111124,1.306,1.324,1.301,1.315,3738403.0,640914775.00
20111125,1.313,1.318,1.300,1.304,3034898.0,518498242.00
20111128,1.308,1.316,1.302,1.309,4355043.0,744950289.00
20111129,1.318,1.325,1.310,1.323,4182038.0,720303714.00
20111130,1.319,1.320,1.280,1.283,5982847.0,1010683021.00
20111201,1.321,1.347,1.317,1.322,9234948.0,1603355697.00
20111202,1.323,1.323,1.307,1.314,3592202.0,617168611.00
20111205,1.314,1.320,1.304,1.308,4814936.0,825393507.00
20111206,1.305,1.310,1.298,1.304,3254516.0,555225871.00
20111207,1.304,1.318,1.303,1.314,3372716.0,577169371.00
20111208,1.313,1.326,1.302,1.313,3586190.0,614700932.00
20111209,1.305,1.315,1.304,1.307,2836082.0,484487928.00
20111212,1.303,1.307,1.296,1.298,3066528.0,521050221.00
20111213,1.293,1.295,1.270,1.272,5034212.0,843522935.00
20111214,1.270,1.276,1.263,1.265,3090090.0,512697626.00
20111215,1.259,1.262,1.233,1.234,5847482.0,953733674.00
20111216,1.235,1.257,1.231,1.256,6177531.0,1003762665.00
20111219,1.245,1.255,1.225,1.253,5803096.0,940313860.00
20111220,1.248,1.271,1.247,1.254,5250046.0,864318374.00
20111221,1.264,1.269,1.238,1.238,4289260.0,704302764.00
20111222,1.232,1.248,1.224,1.240,5763332.0,930015430.00
20111223,1.237,1.261,1.235,1.249,5438050.0,888675144.00
20111226,1.241,1.254,1.234,1.237,2422535.0,392951218.00
20111227,1.235,1.246,1.190,1.229,4670962.0,751872001.00
20111228,1.225,1.231,1.214,1.230,3423260.0,547384350.00
20111229,1.225,1.238,1.224,1.231,2729434.0,439072925.00
20111230,1.236,1.251,1.235,1.247,2960920.0,481300937.00
20120104,1.256,1.257,1.231,1.232,3178954.0,518043195.00
20120105,1.228,1.251,1.227,1.233,6173941.0,1001262786.00
20120106,1.231,1.241,1.228,1.241,4135368.0,666399111.00
20120109,1.244,1.284,1.233,1.283,5824854.0,959966632.00
20120110,1.280,1.319,1.280,1.317,7247760.0,1231729906.00
20120111,1.315,1.321,1.302,1.310,4084707.0,699539345.00
20120112,1.304,1.327,1.303,1.314,3722841.0,640240970.00
20120113,1.313,1.319,1.289,1.301,3896868.0,663822841.00
20120116,1.295,1.305,1.282,1.283,2903249.0,491321422.00
20120117,1.286,1.345,1.274,1.345,7444750.0,1280776719.00
20120118,1.342,1.352,1.320,1.323,4555136.0,796294225.00
20120119,1.326,1.357,1.324,1.353,6033836.0,1061498056.00
20120120,1.358,1.375,1.350,1.373,4136222.0,736723130.00
20120130,1.374,1.375,1.347,1.349,4320130.0,766493467.00
20120131,1.349,1.356,1.339,1.345,2868483.0,504909867.00
20120201,1.343,1.352,1.319,1.323,2989165.0,521888888.00
20120202,1.326,1.360,1.325,1.360,4750874.0,832168920.00
20120203,1.355,1.375,1.350,1.366,4273086.0,761050842.00
20120206,1.368,1.377,1.352,1.364,3352512.0,597813187.00
20120207,1.356,1.356,1.332,1.336,4716025.0,825209811.00
20120208,1.336,1.385,1.336,1.377,5446172.0,969122894.00
20120209,1.375,1.380,1.366,1.371,5152789.0,925397065.00
20120210,1.368,1.391,1.367,1.372,3638847.0,655177666.00
20120213,1.358,1.379,1.352,1.364,4279099.0,763162441.00
20120214,1.364,1.365,1.349,1.356,3235444.0,573043682.00
20120215,1.354,1.378,1.352,1.368,4084928.0,729427490.00
20120216,1.368,1.371,1.352,1.358,3535735.0,628769649.00
20120217,1.365,1.374,1.355,1.362,3271093.0,582621689.00
20120220,1.382,1.383,1.365,1.365,3647525.0,655514885.00
20120221,1.366,1.373,1.355,1.372,3355491.0,598640791.00
20120222,1.372,1.385,1.368,1.384,3393550.0,610800013.00
20120223,1.384,1.392,1.380,1.387,4826160.0,873404712.00
20120224,1.387,1.411,1.385,1.409,4463463.0,814938302.00
20120227,1.414,1.427,1.410,1.411,4227858.0,783721929.00
20120228,1.410,1.422,1.410,1.420,4492727.0,831254183.00
20120229,1.417,1.421,1.404,1.405,3163936.0,583119212.00
20120301,1.401,1.417,1.400,1.404,1957357.0,359618993.00
20120302,1.405,1.421,1.402,1.420,4122398.0,762066408.00
20120305,1.424,1.426,1.407,1.411,2778412.0,514515846.00
20120306,1.409,1.409,1.384,1.385,5038971.0,915426909.00
20120307,1.375,1.383,1.368,1.370,4067957.0,731246105.00
20120308,1.374,1.391,1.374,1.385,3554177.0,642927334.00
20120309,1.391,1.396,1.384,1.395,3656377.0,664555985.00
20120312,1.395,1.396,1.378,1.384,2295915.0,415454302.00
20120313,1.386,1.398,1.382,1.397,3617100.0,658726965.00
20120314,1.404,1.412,1.366,1.371,6645142.0,1209217277.00
20120315,1.372,1.375,1.358,1.360,4652085.0,831600553.00
20120316,1.362,1.371,1.352,1.370,3341347.0,595669796.00
20120319,1.364,1.371,1.355,1.371,3429503.0,611630288.00
20120320,1.368,1.368,1.351,1.352,3607295.0,640536751.00
20120321,1.362,1.367,1.351,1.355,5114453.0,907722943.00
20120322,1.355,1.366,1.349,1.358,2672020.0,474003157.00
20120323,1.352,1.357,1.343,1.346,2851855.0,502951011.00
20120326,1.346,1.352,1.344,1.349,1800451.0,316859952.00
20120327,1.353,1.356,1.348,1.349,2144571.0,378903423.00
20120328,1.346,1.347,1.316,1.320,4058289.0,705805025.00
20120329,1.316,1.316,1.299,1.304,4089596.0,699257750.00
20120330,1.306,1.316,1.305,1.316,4780235.0,819074039.00
20120405,1.313,1.339,1.303,1.336,4927679.0,853755475.00
20120406,1.333,1.340,1.329,1.339,2653768.0,462831729.00
20120409,1.332,1.336,1.325,1.328,1743095.0,302986696.00
20120410,1.326,1.338,1.313,1.337,2873471.0,496782393.00
20120411,1.325,1.346,1.325,1.336,2474998.0,432031761.00
20120412,1.337,1.365,1.334,1.365,3884945.0,686197181.00
20120413,1.365,1.375,1.362,1.369,4355286.0,778117262.00
20120416,1.362,1.369,1.358,1.362,2916856.0,519617865.00
20120417,1.362,1.365,1.345,1.347,2912269.0,515155109.00
20120418,1.349,1.378,1.349,1.378,3391036.0,606325962.00
20120419,1.375,1.383,1.374,1.377,2037529.0,367034437.00
20120420,1.375,1.398,1.374,1.398,3740992.0,679713536.00
20120423,1.397,1.400,1.384,1.387,2475631.0,450240112.00
20120424,1.384,1.411,1.371,1.392,7045765.0,1279161388.00
20120425,1.391,1.402,1.386,1.399,4016817.0,732786604.00
20120426,1.404,1.409,1.395,1.403,2774176.0,508574552.00
20120427,1.404,1.409,1.401,1.404,3030583.0,556458433.00
20120502,1.421,1.443,1.414,1.437,5207014.0,971667049.00
20120503,1.433,1.438,1.429,1.437,3270917.0,612995656.00
20120504,1.437,1.443,1.426,1.443,3626696.0,680951996.00
20120507,1.439,1.440,1.430,1.437,3748753.0,702894356.00
20120508,1.436,1.438,1.421,1.433,4624673.0,863722241.00
20120509,1.423,1.423,1.409,1.410,3444840.0,637621708.00
20120510,1.409,1.414,1.406,1.409,2474362.0,455975095.00
20120511,1.408,1.414,1.400,1.400,3101503.0,569656037.00
20120514,1.407,1.410,1.385,1.388,4036728.0,736943860.00
20120515,1.380,1.388,1.378,1.386,2659146.0,480150659.00
20120516,1.391,1.391,1.369,1.370,2997840.0,535665962.00
20120517,1.372,1.394,1.370,1.391,3060486.0,547799271.00
20120518,1.382,1.384,1.370,1.372,2078689.0,370765361.00
20120521,1.374,1.387,1.369,1.378,2412331.0,431157263.00
20120522,1.384,1.400,1.383,1.399,3126589.0,563722173.00
20120523,1.396,1.403,1.384,1.391,1853090.0,334704774.00
20120524,1.391,1.400,1.377,1.384,2573506.0,463013886.00
20120525,1.384,1.387,1.368,1.371,2809192.0,501272339.00
20120528,1.366,1.392,1.364,1.391,3244675.0,578593251.00
20120529,1.391,1.413,1.388,1.411,3861171.0,702985535.00
20120530,1.409,1.410,1.400,1.402,1776036.0,323188484.00
20120531,1.399,1.403,1.392,1.395,1574330.0,285024474.00
20120601,1.396,1.408,1.394,1.398,1700547.0,308927988.00
20120604,1.387,1.388,1.362,1.364,3293363.0,587654101.00
20120605,1.366,1.370,1.360,1.364,1976879.0,349639439.00
20120606,1.366,1.375,1.365,1.367,1337817.0,237446854.00
20120607,1.382,1.383,1.360,1.363,2451373.0,434723218.00
20120608,1.370,1.370,1.349,1.350,2378189.0,418151241.00
20120611,1.353,1.370,1.353,1.364,2602243.0,458686406.00
20120612,1.361,1.364,1.350,1.356,1917325.0,337119078.00
20120613,1.360,1.379,1.358,1.376,1886581.0,334773657.00
20120614,1.373,1.379,1.367,1.368,1300685.0,231449496.00
20120615,1.372,1.384,1.367,1.381,2606801.0,464989856.00
20120618,1.391,1.392,1.381,1.382,1317964.0,236734135.00
20120619,1.380,1.384,1.374,1.376,1067942.0,190803079.00
20120620,1.377,1.386,1.376,1.378,1050937.0,188030611.00
20120621,1.376,1.376,1.351,1.356,2254886.0,396952613.00
20120625,1.352,1.353,1.327,1.330,2638313.0,458508109.00
20120626,1.324,1.340,1.324,1.334,2508339.0,433003632.00
20120627,1.334,1.343,1.328,1.330,3563608.0,616678902.00
20120628,1.333,1.335,1.321,1.322,1379369.0,237346062.00
20120629,1.318,1.341,1.316,1.339,2264713.0,390448611.00
20120702,1.345,1.347,1.331,1.336,1473670.0,255430309.00
20120703,1.337,1.351,1.335,1.340,1958119.0,340882903.00
20120704,1.343,1.350,1.338,1.341,1422930.0,247922299.00
20120705,1.339,1.339,1.326,1.330,1640602.0,282952832.00
20120706,1.331,1.348,1.322,1.343,2399829.0,414976552.00
20120709,1.336,1.340,1.310,1.311,2615725.0,449041765.00
20120710,1.312,1.319,1.306,1.309,1824050.0,310091892.00
20120711,1.309,1.316,1.306,1.314,1819137.0,309214374.00
20120712,1.312,1.329,1.300,1.321,3163029.0,539218925.00
20120713,1.319,1.335,1.317,1.324,2298737.0,395351539.00
20120716,1.326,1.327,1.306,1.306,2473642.0,420616462.00
20120717,1.304,1.317,1.303,1.313,1670450.0,283647669.00
20120718,1.309,1.315,1.293,1.309,1962937.0,332024616.00
20120719,1.306,1.328,1.306,1.316,2496740.0,426841727.00
20120720,1.316,1.316,1.304,1.306,1703791.0,289215283.00
20120723,1.299,1.299,1.281,1.284,2042951.0,340871857.00
20120724,1.281,1.294,1.279,1.286,1704602.0,284187468.00
20120725,1.282,1.292,1.281,1.282,2034402.0,338766884.00
20120726,1.284,1.293,1.279,1.281,2332885.0,388557701.00
20120727,1.284,1.293,1.281,1.286,2575094.0,429401897.00
20120730,1.287,1.296,1.282,1.284,1827054.0,305247244.00
20120731,1.285,1.295,1.283,1.289,1858419.0,310454982.00
20120801,1.289,1.299,1.289,1.296,2394076.0,401593242.00
20120802,1.293,1.298,1.285,1.291,1476090.0,247085662.00
20120803,1.291,1.296,1.286,1.295,1596223.0,266769469.00
20120806,1.293,1.309,1.290,1.306,2039534.0,344061899.00
20120807,1.306,1.310,1.303,1.306,1691146.0,286337963.00
20120808,1.308,1.317,1.307,1.310,2383216.0,405285579.00
20120809,1.311,1.318,1.304,1.318,1843730.0,313679466.00
20120810,1.317,1.322,1.313,1.313,1136240.0,193925196.00
20120813,1.312,1.312,1.288,1.289,2480919.0,417923369.00
20120814,1.288,1.292,1.276,1.286,2098189.0,349096124.00
20120815,1.286,1.286,1.268,1.270,1839180.0,303938729.00
20120816,1.269,1.273,1.266,1.268,1337106.0,220006590.00
20120817,1.266,1.270,1.259,1.268,1765876.0,289275727.00
20120820,1.259,1.262,1.250,1.258,1375424.0,223578614.00
20120821,1.259,1.271,1.257,1.261,1912656.0,313357863.00
20120822,1.263,1.263,1.251,1.254,1002977.0,163089709.00
20120823,1.255,1.264,1.253,1.259,1431228.0,233471442.00
20120824,1.257,1.260,1.253,1.254,1022875.0,166493673.00
20120827,1.252,1.252,1.227,1.229,2232960.0,357838777.00
20120828,1.231,1.247,1.226,1.238,2303337.0,368931882.00
20120829,1.234,1.238,1.226,1.227,1305724.0,208313097.00
20120830,1.222,1.234,1.219,1.228,2145588.0,341265938.00
20120831,1.225,1.235,1.225,1.228,1383239.0,220569485.00
20120903,1.226,1.238,1.222,1.232,1765362.0,281815218.00
20120904,1.235,1.237,1.220,1.222,1103750.0,175805380.00
20120905,1.221,1.222,1.209,1.214,1494734.0,235311588.00
20120906,1.215,1.226,1.215,1.225,1677278.0,265125935.00
20120907,1.233,1.291,1.232,1.282,6468646.0,1064486793.00
20120910,1.282,1.286,1.276,1.281,2781868.0,461644437.00
20120911,1.274,1.274,1.260,1.271,2282965.0,374313502.00
20120912,1.277,1.282,1.262,1.272,2353805.0,387803641.00
20120913,1.269,1.273,1.263,1.263,2055987.0,337896730.00
20120914,1.276,1.284,1.267,1.275,3417131.0,565372668.00
20120917,1.272,1.276,1.252,1.252,2511090.0,411403565.00
20120918,1.246,1.247,1.234,1.238,2195766.0,352882563.00
20120919,1.238,1.242,1.233,1.239,1648873.0,264254366.00
20120920,1.237,1.237,1.216,1.219,1984111.0,315090153.00
20120921,1.216,1.230,1.214,1.222,1784046.0,282553637.00
20120924,1.214,1.234,1.209,1.227,2233079.0,353002272.00
20120925,1.224,1.234,1.222,1.228,1554316.0,247438855.00
20120926,1.227,1.234,1.215,1.218,1639898.0,259966399.00
20120927,1.219,1.312,1.219,1.251,6612596.0,1070433770.00
20120928,1.246,1.277,1.244,1.275,4758222.0,778005563.00
20121008,1.273,1.281,1.255,1.262,1727356.0,283779946.00
20121009,1.268,1.292,1.268,1.286,4048375.0,673433281.00
20121010,1.284,1.285,1.276,1.283,1799976.0,298880389.00
20121011,1.281,1.283,1.272,1.277,1681877.0,278554954.00
20121012,1.281,1.292,1.269,1.277,2396435.0,397922613.00
20121015,1.281,1.281,1.269,1.273,1392617.0,229798887.00
20121016,1.273,1.283,1.270,1.274,1994814.0,330338223.00
20121017,1.280,1.283,1.268,1.278,2076807.0,343755696.00
20121018,1.281,1.298,1.279,1.295,4091804.0,683172570.00
20121019,1.293,1.298,1.292,1.294,2242289.0,376383973.00
20121022,1.291,1.303,1.285,1.299,2176980.0,364489210.00
20121023,1.298,1.299,1.284,1.286,1753488.0,293225208.00
20121024,1.281,1.289,1.280,1.283,1753995.0,291857554.00
20121025,1.284,1.289,1.272,1.274,1890137.0,313579045.00
20121026,1.276,1.276,1.245,1.249,2124757.0,345974179.00
20121029,1.248,1.250,1.236,1.240,1497583.0,241478914.00
20121030,1.242,1.253,1.238,1.243,1716732.0,276726091.00
20121031,1.245,1.255,1.242,1.254,1451923.0,234956447.00
20121101,1.255,1.284,1.255,1.277,2080361.0,343240557.00
20121102,1.277,1.286,1.270,1.284,2150896.0,356657512.00
20121105,1.281,1.291,1.276,1.281,1486052.0,246893384.00
20121106,1.282,1.284,1.260,1.277,1558784.0,256571527.00
20121107,1.274,1.284,1.269,1.277,1426563.0,235999852.00
20121108,1.268,1.270,1.256,1.257,1634462.0,267772562.00
20121109,1.253,1.262,1.253,1.255,1200185.0,195496013.00
20121112,1.259,1.263,1.253,1.262,1198795.0,195629212.00
20121113,1.263,1.263,1.241,1.244,1677281.0,265287831.00
20121114,1.243,1.252,1.238,1.248,3691503.0,582713475.00
20121115,1.243,1.245,1.233,1.233,1469875.0,231124484.00
20121116,1.232,1.232,1.218,1.222,1620632.0,251358747.00
20121119,1.222,1.222,1.209,1.221,1904986.0,293903366.00
20121120,1.225,1.226,1.214,1.214,1374191.0,212493775.00
20121121,1.215,1.232,1.211,1.231,2405158.0,372450938.00
20121122,1.224,1.228,1.218,1.227,2040361.0,316691073.00
20121123,1.230,1.241,1.226,1.235,2320904.0,363375406.00
20121126,1.234,1.237,1.227,1.232,1456291.0,227508144.00
20121127,1.228,1.232,1.223,1.225,1138233.0,177233508.00
20121128,1.221,1.222,1.214,1.216,1798135.0,277533803.00
20121129,1.217,1.221,1.211,1.211,1516976.0,233767986.00
20121130,1.211,1.219,1.207,1.218,1854801.0,285423322.00
20121203,1.217,1.226,1.207,1.209,1472994.0,227157251.00
20121204,1.207,1.221,1.205,1.220,2105376.0,323900671.00
20121205,1.218,1.267,1.217,1.261,4673376.0,741365283.00
20121206,1.262,1.267,1.255,1.261,2715224.0,434044482.00
20121207,1.262,1.291,1.260,1.288,4275733.0,693400013.00
20121210,1.291,1.307,1.291,1.301,5495281.0,905874808.00
20121211,1.297,1.306,1.294,1.297,1849545.0,304921329.00
20121212,1.298,1.307,1.294,1.307,2996277.0,494127201.00
20121213,1.301,1.303,1.291,1.292,2686652.0,441526371.00
20121214,1.292,1.363,1.292,1.360,6508684.0,1101091459.00
20121217,1.364,1.378,1.364,1.369,5182749.0,901313596.00
20121218,1.366,1.392,1.361,1.373,4900370.0,856586108.00
20121219,1.371,1.384,1.368,1.372,3203018.0,558310705.00
20121220,1.368,1.384,1.360,1.379,3477058.0,604703922.00
20121221,1.381,1.394,1.367,1.368,3270796.0,570587876.00
20121224,1.367,1.386,1.366,1.378,2991594.0,522572241.00
20121225,1.371,1.425,1.367,1.414,5890460.0,1048865376.00
20121226,1.414,1.423,1.412,1.419,3010511.0,541134731.00
20121227,1.427,1.431,1.408,1.409,3549448.0,636937684.00
20121228,1.408,1.433,1.407,1.431,3613363.0,651120804.00
20121231,1.435,1.463,1.435,1.462,3663139.0,674232226.00
20130104,1.483,1.495,1.457,1.472,5793368.0,1083892117.00
20130107,1.465,1.487,1.461,1.479,3167598.0,593124603.00
20130108,1.479,1.481,1.453,1.461,3261195.0,605281775.00
20130109,1.457,1.465,1.447,1.457,2636745.0,487235973.00
20130110,1.457,1.476,1.450,1.458,2668491.0,495040885.00
20130111,1.460,1.466,1.427,1.433,3678670.0,674034148.00
20130114,1.427,1.494,1.425,1.487,7662939.0,1425246884.00
20130115,1.487,1.500,1.484,1.493,4217446.0,797109175.00
20130116,1.493,1.493,1.455,1.476,3497449.0,654278947.00
20130117,1.475,1.476,1.451,1.461,3660641.0,678390661.00
20130118,1.468,1.493,1.459,1.484,3521371.0,659212542.00
20130121,1.487,1.493,1.468,1.492,4531565.0,853623704.00
20130122,1.491,1.507,1.478,1.493,3130024.0,592366109.00
20130123,1.490,1.502,1.484,1.499,3322561.0,629079208.00
20130124,1.501,1.543,1.484,1.494,6176969.0,1184723346.00
20130125,1.494,1.498,1.479,1.487,2844112.0,537078923.00
20130128,1.487,1.537,1.487,1.537,4912061.0,946353668.00
20130129,1.538,1.566,1.534,1.558,4600171.0,902272783.00
20130130,1.561,1.565,1.548,1.562,2897104.0,573070785.00
20130131,1.564,1.570,1.555,1.567,3707282.0,735559430.00
20130201,1.560,1.617,1.558,1.615,5198870.0,1045191282.00
20130204,1.622,1.640,1.613,1.621,7212737.0,1489183308.00
20130205,1.613,1.632,1.601,1.624,4297021.0,880984603.00
20130206,1.623,1.648,1.623,1.634,2692461.0,557665225.00
20130207,1.632,1.634,1.584,1.614,4487042.0,915169661.00
20130208,1.617,1.619,1.591,1.605,3639864.0,742899836.00
20130218,1.613,1.615,1.585,1.586,4169070.0,843993978.00
20130219,1.582,1.588,1.553,1.560,3465846.0,688669363.00
20130220,1.558,1.561,1.532,1.556,4411764.0,865781732.00
20130221,1.540,1.540,1.477,1.493,8590292.0,1636263750.00
20130222,1.492,1.498,1.479,1.483,2684023.0,507290150.00
20130225,1.488,1.508,1.480,1.489,2332136.0,441290829.00
20130226,1.483,1.511,1.468,1.468,5196126.0,982103680.00
20130227,1.475,1.502,1.474,1.487,4908965.0,925356161.00
20130228,1.502,1.542,1.486,1.539,6155534.0,1185984019.00
20130301,1.540,1.546,1.508,1.533,4269924.0,828526947.00
20130304,1.506,1.514,1.443,1.452,7116791.0,1330188848.00
20130305,1.455,1.510,1.453,1.509,7855285.0,1470746309.00
20130306,1.518,1.532,1.502,1.524,4623435.0,890900722.00
20130307,1.517,1.526,1.483,1.498,5064373.0,968604260.00
20130308,1.504,1.511,1.491,1.498,3084470.0,586843435.00
20130311,1.491,1.497,1.472,1.482,2640337.0,496997144.00
20130312,1.479,1.495,1.448,1.461,4103522.0,765165956.00
20130313,1.456,1.466,1.442,1.446,3135446.0,577461869.00
20130314,1.444,1.459,1.436,1.450,2512665.0,461634722.00
20130315,1.450,1.493,1.433,1.455,5772256.0,1070586219.00
20130318,1.447,1.453,1.429,1.429,3666686.0,668807015.00
20130319,1.431,1.450,1.425,1.443,4037703.0,735666302.00
20130320,1.444,1.502,1.444,1.501,9211037.0,1727659246.00
20130321,1.503,1.507,1.491,1.499,3064761.0,583400368.00
20130322,1.501,1.508,1.493,1.501,2414012.0,459550239.00
20130325,1.506,1.520,1.495,1.499,3181198.0,607206135.00
20130326,1.494,1.494,1.461,1.467,3269546.0,610919217.00
20130327,1.469,1.491,1.461,1.471,3499394.0,655496784.00
20130328,1.446,1.446,1.396,1.410,5900670.0,1060106883.00
20130329,1.413,1.418,1.400,1.410,3460331.0,618231964.00
20130401,1.407,1.417,1.401,1.406,3583351.0,639849702.00
20130402,1.407,1.423,1.398,1.409,3991813.0,713030424.00
20130403,1.412,1.425,1.404,1.410,3684051.0,660042668.00
20130408,1.390,1.402,1.380,1.396,4090205.0,721274623.00
20130409,1.400,1.420,1.400,1.409,4414264.0,789351872.00
20130410,1.409,1.414,1.401,1.410,2675976.0,478073573.00
20130411,1.423,1.427,1.408,1.409,2275646.0,408692499.00
20130412,1.409,1.415,1.399,1.401,1993700.0,355562560.00
20130415,1.398,1.402,1.385,1.390,3369395.0,594220651.00
20130416,1.382,1.397,1.374,1.396,4435028.0,778392908.00
20130417,1.394,1.398,1.379,1.389,2639603.0,464835883.00
20130418,1.380,1.399,1.374,1.393,4027129.0,708289387.00
20130419,1.398,1.447,1.397,1.440,7341442.0,1327210278.00
20130422,1.439,1.442,1.432,1.438,3416637.0,622261737.00
20130423,1.440,1.440,1.389,1.390,5289899.0,943388712.00
20130424,1.392,1.426,1.386,1.412,6329424.0,1129118440.00
20130425,1.408,1.420,1.390,1.401,5219814.0,929025209.00
20130426,1.406,1.416,1.386,1.392,3760263.0,667767867.00
20130502,1.388,1.393,1.377,1.392,2692066.0,472751846.00
20130503,1.397,1.435,1.395,1.416,5924783.0,1066125796.00
20130506,1.420,1.440,1.420,1.430,4378822.0,794691886.00
20130507,1.428,1.438,1.420,1.433,3197692.0,579216305.00
20130508,1.440,1.455,1.432,1.437,4310440.0,787870787.00
20130509,1.436,1.440,1.413,1.426,2883170.0,521578730.00
20130510,1.420,1.438,1.419,1.435,3440873.0,623974509.00
20130513,1.436,1.438,1.420,1.427,2581899.0,467707591.00
20130514,1.423,1.426,1.397,1.408,3091746.0,552563698.00
20130515,1.409,1.414,1.403,1.409,2139798.0,382177068.00
20130516,1.404,1.435,1.397,1.435,5275166.0,949343293.00
20130517,1.435,1.458,1.427,1.453,4704391.0,860067576.00
20130520,1.454,1.480,1.453,1.468,4812296.0,895455635.00
20130521,1.465,1.469,1.453,1.461,3369000.0,623779033.00
20130522,1.460,1.468,1.456,1.464,2746688.0,509181545.00
20130523,1.456,1.463,1.437,1.438,3989651.0,733997600.00
20130524,1.444,1.456,1.430,1.442,3569874.0,653262405.00
20130527,1.441,1.450,1.435,1.439,2418481.0,442264024.00
20130528,1.441,1.476,1.434,1.476,5283254.0,973723604.00
20130529,1.476,1.484,1.466,1.468,4256919.0,796989632.00
20130530,1.464,1.472,1.459,1.463,3130205.0,581869941.00
20130531,1.465,1.472,1.448,1.451,3598356.0,666997618.00
20130603,1.453,1.468,1.452,1.454,3485591.0,644668215.00
20130604,1.453,1.455,1.436,1.440,4675908.0,855949427.00
20130605,1.441,1.442,1.427,1.430,2333140.0,424100064.00
20130606,1.428,1.431,1.412,1.415,3147987.0,567063572.00
20130607,1.416,1.422,1.390,1.396,3519143.0,626766311.00
20130613,1.379,1.379,1.341,1.360,13363752.0,2293537096.00
20130614,1.360,1.364,1.350,1.361,7908635.0,1362347649.00
20130617,1.364,1.366,1.348,1.349,2673970.0,459312588.00
20130618,1.356,1.364,1.345,1.358,3322665.0,572004706.00
20130619,1.353,1.353,1.331,1.346,3736725.0,636009183.00
20130620,1.341,1.341,1.301,1.304,3413414.0,570894804.00
20130621,1.285,1.313,1.279,1.301,4668074.0,768184730.00
20130624,1.297,1.297,1.215,1.218,6970357.0,1099712809.00
20130625,1.208,1.225,1.136,1.222,18893236.0,2875302000.00
20130626,1.223,1.224,1.191,1.206,5544870.0,846975039.00
20130627,1.211,1.227,1.203,1.211,4874509.0,750935250.00
20130628,1.211,1.256,1.197,1.246,5119651.0,800967380.00
20130701,1.235,1.244,1.225,1.242,2868539.0,449439977.00
20130702,1.248,1.249,1.222,1.237,3496046.0,546967175.00
20130703,1.230,1.231,1.209,1.226,3250117.0,503111346.00
20130704,1.218,1.248,1.212,1.235,4297493.0,672667749.00
20130705,1.241,1.255,1.238,1.241,3513754.0,555298071.00
20130708,1.229,1.235,1.211,1.218,4895334.0,758448170.00
20130709,1.218,1.222,1.210,1.215,2762051.0,426016046.00
20130710,1.215,1.250,1.213,1.249,4223703.0,658582836.00
20130711,1.258,1.345,1.258,1.328,9182256.0,1516406892.00
20130712,1.323,1.325,1.282,1.287,4768627.0,790171390.00
20130715,1.294,1.323,1.282,1.300,5932003.0,979362258.00
20130716,1.295,1.300,1.278,1.300,3295387.0,539071294.00
20130717,1.297,1.308,1.282,1.283,4308715.0,707602587.00
20130718,1.278,1.283,1.255,1.256,2959370.0,474344183.00
20130719,1.259,1.263,1.222,1.226,3394982.0,535504909.00
20130722,1.211,1.230,1.209,1.228,2993559.0,463153979.00
20130723,1.234,1.276,1.229,1.262,8050020.0,1286717927.00
20130724,1.254,1.259,1.228,1.246,3710438.0,584780112.00
20130725,1.248,1.260,1.237,1.245,4232010.0,670230779.00
20130726,1.234,1.244,1.230,1.238,2951037.0,462791260.00
20130729,1.227,1.227,1.204,1.208,2745653.0,422232191.00
20130730,1.211,1.242,1.209,1.222,4295098.0,667193536.00
20130731,1.234,1.251,1.221,1.223,3167112.0,495473710.00
20130801,1.231,1.258,1.229,1.252,5326852.0,840386546.00
20130802,1.262,1.270,1.248,1.251,3864141.0,615879581.00
20130805,1.253,1.265,1.247,1.264,2864974.0,456424808.00
20130806,1.259,1.274,1.247,1.266,3534317.0,564910189.00
20130807,1.264,1.282,1.259,1.260,4423175.0,712658899.00
20130808,1.259,1.272,1.252,1.258,3402683.0,543475809.00
20130809,1.267,1.272,1.247,1.265,4263692.0,681984351.00
20130812,1.274,1.313,1.269,1.312,8241874.0,1349744585.00
20130813,1.312,1.320,1.305,1.317,4002428.0,666659332.00
20130814,1.319,1.338,1.308,1.312,4943930.0,830188652.00
20130815,1.319,1.322,1.296,1.298,3126047.0,519365761.00
20130816,1.294,1.382,1.279,1.298,17637683.0,2943776653.00
20130819,1.285,1.316,1.279,1.307,4951342.0,813659001.00
20130820,1.306,1.325,1.293,1.298,4451458.0,740040113.00
20130821,1.300,1.307,1.282,1.293,3303941.0,540798485.00
20130822,1.289,1.308,1.286,1.289,4302756.0,708068474.00
20130823,1.296,1.301,1.256,1.276,4639134.0,752114922.00
20130826,1.281,1.307,1.274,1.305,5671564.0,930921064.00
20130827,1.303,1.310,1.293,1.304,3622080.0,597912571.00
20130828,1.295,1.308,1.282,1.299,4416945.0,726102921.00
20130829,1.308,1.310,1.288,1.294,3693067.0,607600906.00
20130830,1.292,1.305,1.283,1.297,2894460.0,475492106.00
20130902,1.301,1.305,1.289,1.300,2582897.0,425417965.00
20130903,1.302,1.318,1.300,1.315,4146918.0,688946251.00
20130904,1.313,1.320,1.312,1.317,2729286.0,455472641.00
20130905,1.315,1.317,1.309,1.313,2570083.0,428068950.00
20130906,1.310,1.328,1.310,1.327,4073991.0,682264344.00
20130909,1.339,1.404,1.339,1.397,8713139.0,1522208063.00
20130910,1.402,1.420,1.394,1.419,6338441.0,1127536987.00
20130911,1.428,1.440,1.417,1.422,7404069.0,1343773248.00
20130912,1.422,1.469,1.411,1.446,7681614.0,1401521437.00
20130913,1.444,1.450,1.425,1.428,4306520.0,784129561.00
20130916,1.435,1.441,1.405,1.417,4744114.0,855080799.00
20130917,1.420,1.424,1.384,1.386,4457711.0,791987351.00
20130918,1.385,1.392,1.369,1.387,3434698.0,602442146.00
20130923,1.392,1.400,1.382,1.395,3442428.0,607451854.00
20130924,1.395,1.395,1.355,1.365,4821856.0,836157714.00
20130925,1.361,1.375,1.353,1.354,3184800.0,550943189.00
20130926,1.353,1.353,1.327,1.332,5724788.0,969570365.00
20130927,1.329,1.338,1.325,1.337,3083861.0,521069125.00
20130930,1.342,1.351,1.333,1.338,2844491.0,483168020.00
20131008,1.333,1.358,1.324,1.354,3673802.0,625017700.00
20131009,1.348,1.364,1.344,1.359,3340601.0,574074636.00
20131010,1.360,1.364,1.334,1.336,4407376.0,753271053.00
20131011,1.345,1.363,1.340,1.360,5457408.0,936949658.00
20131014,1.361,1.364,1.351,1.355,2715075.0,467037774.00
20131015,1.356,1.359,1.341,1.349,3283594.0,561575042.00
20131016,1.345,1.346,1.326,1.332,3641258.0,616075480.00
20131017,1.338,1.341,1.324,1.326,3465983.0,586019316.00
20131018,1.327,1.343,1.326,1.335,2583411.0,437533971.00
20131021,1.337,1.353,1.326,1.352,4010413.0,682420483.00
20131022,1.349,1.349,1.331,1.336,3346514.0,568485316.00
20131023,1.344,1.359,1.331,1.335,5849336.0,997409487.00
20131024,1.333,1.337,1.319,1.320,4391624.0,738789950.00
20131025,1.321,1.332,1.304,1.312,6091154.0,1019085372.00
20131028,1.314,1.318,1.305,1.313,2932963.0,487941604.00
20131029,1.315,1.349,1.312,1.330,6355496.0,1070139319.00
20131030,1.331,1.347,1.323,1.347,6517093.0,1105021163.00
20131031,1.341,1.342,1.327,1.329,3415105.0,577055528.00
20131101,1.330,1.345,1.326,1.341,3966941.0,672462679.00
20131104,1.346,1.353,1.331,1.335,3014417.0,512437169.00
20131105,1.327,1.340,1.315,1.330,3824800.0,641438051.00
20131106,1.324,1.328,1.314,1.316,3642740.0,610182013.00
20131107,1.316,1.319,1.307,1.312,2897196.0,482474485.00
20131108,1.308,1.315,1.291,1.293,4553673.0,752644093.00
20131111,1.292,1.299,1.286,1.294,2685295.0,440036708.00
20131112,1.298,1.312,1.298,1.312,3438378.0,569496170.00
20131113,1.302,1.302,1.278,1.278,4441567.0,724875098.00
20131114,1.278,1.284,1.270,1.279,3666974.0,593427742.00
20131115,1.281,1.321,1.281,1.304,6134833.0,981966486.00
20131118,1.317,1.366,1.311,1.366,6959422.0,1137665940.00
20131119,1.366,1.366,1.348,1.350,4140401.0,687775623.00
20131120,1.360,1.366,1.344,1.353,4265765.0,706931509.00
20131121,1.345,1.345,1.325,1.340,4664271.0,762919763.00
20131122,1.343,1.346,1.334,1.336,4024621.0,661584428.00
20131125,1.328,1.349,1.326,1.329,5046943.0,827678549.00
20131126,1.328,1.335,1.323,1.326,3472308.0,566339917.00
20131127,1.326,1.349,1.324,1.339,4649279.0,761980272.00
20131128,1.344,1.366,1.341,1.352,5134174.0,854219552.00
20131129,1.357,1.358,1.347,1.350,3133980.0,519615107.00
20131202,1.353,1.378,1.346,1.366,7755329.0,1295169892.00
20131203,1.359,1.371,1.352,1.366,4617677.0,770481447.00
20131204,1.366,1.392,1.363,1.383,5426295.0,919630404.00
20131205,1.380,1.384,1.375,1.378,3386945.0,572898469.00
20131206,1.373,1.375,1.359,1.363,4331330.0,725409940.00
20131209,1.367,1.374,1.356,1.358,3632472.0,606381625.00
20131210,1.361,1.366,1.355,1.360,3684467.0,614995652.00
20131211,1.354,1.354,1.329,1.336,4130368.0,679144313.00
20131212,1.332,1.336,1.327,1.328,3477851.0,568350085.00
20131213,1.319,1.330,1.314,1.326,3723472.0,603977344.00
20131216,1.332,1.334,1.305,1.307,3915109.0,632158915.00
20131217,1.308,1.310,1.299,1.300,4039941.0,646315738.00
20131218,1.302,1.310,1.300,1.304,3815256.0,610184809.00
20131219,1.308,1.311,1.288,1.289,4439090.0,707455918.00
20131220,1.290,1.291,1.255,1.258,6320849.0,986155047.00
20131223,1.260,1.267,1.247,1.257,5115435.0,788734526.00
20131224,1.262,1.270,1.247,1.255,4632617.0,716119152.00
20131225,1.257,1.262,1.251,1.260,4537799.0,698849935.00
20131226,1.259,1.260,1.240,1.245,4355160.0,666929678.00
20131227,1.247,1.272,1.243,1.263,4430149.0,683997503.00
20131230,1.269,1.270,1.258,1.262,3949542.0,611504562.00
20131231,1.260,1.285,1.254,1.281,6141166.0,958296787.00
20140102,1.277,1.277,1.265,1.270,2877847.0,448748876.00
20140103,1.265,1.266,1.248,1.251,4162933.0,640028006.00
20140106,1.250,1.250,1.223,1.233,4929123.0,743336943.00
20140107,1.225,1.235,1.222,1.233,3139118.0,473138589.00
20140108,1.233,1.244,1.225,1.233,4312025.0,653197407.00
20140109,1.229,1.242,1.224,1.225,5113506.0,773493271.00
20140110,1.225,1.229,1.217,1.220,4213321.0,631308012.00
20140113,1.221,1.229,1.214,1.216,6403832.0,957544854.00
20140114,1.216,1.225,1.207,1.219,4698598.0,700363846.00
20140115,1.219,1.219,1.205,1.212,3077824.0,457240361.00
20140116,1.212,1.224,1.207,1.215,3245636.0,483675711.00
20140117,1.211,1.213,1.198,1.201,3544058.0,523433065.00
20140120,1.201,1.202,1.189,1.194,3412053.0,500396455.00
20140121,1.196,1.211,1.195,1.202,3690792.0,545060266.00
20140122,1.206,1.235,1.203,1.233,5214838.0,781276704.00
20140123,1.231,1.233,1.219,1.222,2897897.0,435143135.00
20140124,1.216,1.234,1.215,1.222,4043453.0,607367188.00
20140127,1.215,1.216,1.202,1.205,3108915.0,460747511.00
20140128,1.207,1.216,1.204,1.211,2622874.0,389100481.00
20140129,1.215,1.219,1.212,1.216,1877287.0,280036720.00
20140130,1.215,1.215,1.202,1.202,2186096.0,323531984.00
20140207,1.194,1.201,1.189,1.200,2454968.0,359660328.00
20140210,1.204,1.225,1.204,1.224,4603912.0,688676136.00
20140211,1.223,1.250,1.220,1.244,6230256.0,946090278.00
20140212,1.246,1.251,1.238,1.241,4017306.0,612908199.00
20140213,1.239,1.260,1.236,1.245,4563957.0,697469513.00
20140214,1.242,1.249,1.242,1.247,2669877.0,407706158.00
20140217,1.260,1.260,1.244,1.251,3874853.0,593627290.00
20140218,1.249,1.249,1.224,1.228,5157693.0,779424865.00
20140219,1.227,1.255,1.224,1.247,6633206.0,1006523256.00
20140220,1.251,1.267,1.236,1.238,6239637.0,958891180.00
20140221,1.235,1.240,1.220,1.225,3284835.0,494993878.00
20140224,1.213,1.213,1.189,1.196,4687325.0,687948988.00
20140225,1.196,1.202,1.171,1.174,4580144.0,666755951.00
20140226,1.167,1.179,1.165,1.174,3870572.0,556118669.00
20140227,1.177,1.190,1.168,1.183,4557632.0,659686348.00
20140228,1.181,1.194,1.167,1.191,4640179.0,673275169.00
20140303,1.189,1.194,1.182,1.189,3197736.0,465945869.00
20140304,1.185,1.194,1.180,1.189,3325702.0,483428804.00
20140305,1.192,1.194,1.177,1.177,2546669.0,370335354.00
20140306,1.176,1.193,1.169,1.187,4218938.0,611837840.00
20140307,1.186,1.198,1.181,1.184,3196403.0,466433919.00
20140310,1.176,1.177,1.146,1.148,4328309.0,616112797.00
20140311,1.148,1.158,1.143,1.149,4331396.0,610474048.00
20140312,1.147,1.164,1.143,1.153,4192628.0,592367409.00
20140313,1.162,1.181,1.156,1.169,4577672.0,657509009.00
20140314,1.165,1.171,1.154,1.159,1962094.0,279892118.00
20140317,1.168,1.172,1.159,1.169,2509462.0,358695188.00
20140318,1.169,1.172,1.161,1.162,2455165.0,351460194.00
20140319,1.160,1.160,1.146,1.157,3318661.0,468540359.00
20140320,1.151,1.169,1.147,1.148,3794437.0,539393661.00
20140321,1.146,1.197,1.144,1.193,8254679.0,1186299476.00
20140324,1.195,1.211,1.190,1.203,6411341.0,943671730.00
20140325,1.198,1.208,1.193,1.194,3833506.0,564014651.00
20140326,1.200,1.204,1.190,1.193,3233694.0,474356430.00
20140327,1.190,1.211,1.182,1.194,5460162.0,800135226.00
20140328,1.194,1.207,1.192,1.199,5642557.0,830738891.00
20140331,1.202,1.203,1.185,1.194,3644099.0,533626235.00
20140401,1.194,1.206,1.189,1.198,4460239.0,655237313.00
20140402,1.199,1.216,1.198,1.213,6191253.0,916803218.00
20140403,1.219,1.225,1.202,1.202,5573768.0,830863330.00
20140404,1.201,1.214,1.195,1.213,4910833.0,725784725.00
20140408,1.211,1.255,1.211,1.249,8637537.0,1309810547.00
20140409,1.251,1.252,1.242,1.246,3995242.0,610611895.00
20140410,1.247,1.292,1.238,1.277,8763528.0,1356536675.00
20140411,1.277,1.282,1.264,1.273,5840372.0,912991737.00
20140414,1.272,1.276,1.260,1.265,4031417.0,625536378.00
20140415,1.262,1.262,1.237,1.241,5013758.0,767333213.00
20140416,1.236,1.251,1.233,1.241,4328777.0,659239121.00
20140417,1.247,1.247,1.233,1.236,3279157.0,498746627.00
20140418,1.231,1.240,1.222,1.235,4687651.0,707667117.00
20140421,1.226,1.242,1.213,1.214,4504412.0,680012152.00
20140422,1.213,1.229,1.211,1.227,4867626.0,727546735.00
20140423,1.223,1.233,1.221,1.227,3874782.0,583011470.00
20140424,1.226,1.240,1.223,1.230,3633213.0,548805757.00
20140425,1.233,1.238,1.222,1.223,3972646.0,598938139.00
20140428,1.221,1.224,1.207,1.209,3768563.0,560263597.00
20140429,1.209,1.219,1.204,1.217,4756283.0,705858307.00
20140430,1.216,1.219,1.212,1.216,2827066.0,421572323.00
20140505,1.214,1.215,1.199,1.209,3203506.0,473297616.00
20140506,1.206,1.219,1.205,1.207,3533225.0,524334565.00
20140507,1.205,1.207,1.199,1.201,3156536.0,465920515.00
20140508,1.199,1.220,1.198,1.203,5251619.0,777157303.00
20140509,1.206,1.207,1.199,1.203,4112182.0,607111068.00
20140512,1.212,1.229,1.205,1.225,6320713.0,946718010.00
20140513,1.225,1.227,1.219,1.220,2885662.0,432975896.00
20140514,1.220,1.228,1.219,1.221,2438005.0,365636749.00
20140515,1.220,1.221,1.210,1.210,3172921.0,473077948.00
20140516,1.210,1.214,1.205,1.207,2890555.0,428767350.00
20140519,1.204,1.204,1.183,1.188,4041801.0,590299019.00
20140520,1.192,1.194,1.185,1.186,2625125.0,382780297.00
20140521,1.185,1.199,1.176,1.198,3804168.0,555447956.00
20140522,1.197,1.215,1.194,1.195,4592448.0,678957015.00
20140523,1.196,1.208,1.196,1.207,3675580.0,541601183.00
20140526,1.211,1.219,1.204,1.208,3509401.0,520775449.00
20140527,1.209,1.211,1.203,1.205,3024604.0,448050537.00
20140528,1.205,1.215,1.198,1.213,3661352.0,541819249.00
20140529,1.214,1.217,1.207,1.208,3611753.0,537162815.00
20140530,1.207,1.211,1.202,1.204,2964683.0,438839628.00
20140603,1.205,1.213,1.201,1.201,2742544.0,406050614.00
20140604,1.201,1.202,1.189,1.194,2650250.0,388100677.00
20140605,1.193,1.208,1.190,1.207,2766425.0,406731050.00
20140606,1.207,1.207,1.191,1.198,2864390.0,420938428.00
20140609,1.193,1.213,1.191,1.200,4343781.0,640940693.00
20140610,1.204,1.215,1.199,1.215,4639913.0,687507116.00
20140611,1.210,1.213,1.207,1.210,3248522.0,482076233.00
20140612,1.209,1.212,1.207,1.207,2629872.0,390038077.00
20140613,1.207,1.228,1.206,1.223,4944423.0,739155548.00
20140616,1.223,1.239,1.221,1.236,6208406.0,937392713.00
20140617,1.233,1.233,1.224,1.225,4307938.0,648380160.00
20140618,1.225,1.227,1.219,1.220,3898768.0,584816170.00
20140619,1.220,1.224,1.202,1.205,4540675.0,676476061.00
20140620,1.206,1.212,1.205,1.211,3901800.0,578381800.00
20140623,1.211,1.217,1.206,1.207,3176789.0,472085131.00
20140624,1.207,1.215,1.206,1.214,2648539.0,393413900.00
20140625,1.215,1.215,1.207,1.208,2297509.0,340687503.00
20140626,1.210,1.216,1.209,1.215,2975574.0,443111126.00
20140627,1.214,1.219,1.209,1.211,3004422.0,446640819.00
20140630,1.212,1.223,1.212,1.220,4287608.0,641354715.00
20140701,1.226,1.227,1.214,1.217,2898023.0,433503100.00
20140702,1.219,1.225,1.216,1.224,3963056.0,592987630.00
20140703,1.223,1.230,1.220,1.227,4199946.0,631036722.00
20140704,1.226,1.233,1.226,1.231,3513339.0,530058207.00
20140707,1.231,1.234,1.228,1.232,2738883.0,413531275.00
20140708,1.231,1.232,1.224,1.229,2856359.0,430253715.00
20140709,1.229,1.230,1.216,1.216,3796375.0,570291714.00
20140710,1.216,1.220,1.212,1.216,2553578.0,381045615.00
20140711,1.215,1.225,1.215,1.221,2428328.0,363416413.00
20140714,1.222,1.233,1.220,1.232,2707445.0,407423829.00
20140715,1.232,1.236,1.229,1.233,2405861.0,363735416.00
20140716,1.233,1.239,1.232,1.233,2958836.0,448318827.00
20140717,1.231,1.233,1.226,1.229,2342090.0,352947709.00
20140718,1.228,1.241,1.226,1.236,3263895.0,494497724.00
20140721,1.236,1.240,1.233,1.235,2114341.0,320497960.00
20140722,1.233,1.253,1.232,1.250,4232612.0,646246317.00
20140723,1.250,1.264,1.249,1.260,4589875.0,708467586.00
20140724,1.260,1.291,1.260,1.288,7566260.0,1187737168.00
20140725,1.291,1.301,1.286,1.301,5656655.0,896889292.00
20140728,1.306,1.350,1.306,1.343,10050610.0,1644656346.00
20140729,1.344,1.352,1.338,1.345,5268521.0,868532503.00
20140730,1.343,1.354,1.338,1.339,4601455.0,760144455.00
20140731,1.339,1.359,1.336,1.358,4589033.0,756910719.00
20140801,1.353,1.371,1.344,1.344,8262845.0,1376906824.00
20140804,1.350,1.375,1.346,1.374,7339842.0,1224977632.00
20140805,1.375,1.375,1.356,1.363,6029995.0,1009803221.00
20140806,1.354,1.361,1.339,1.352,6131152.0,1014909743.00
20140807,1.352,1.356,1.330,1.331,5552148.0,914419257.00
20140808,1.334,1.339,1.327,1.335,3649712.0,597020880.00
20140811,1.340,1.357,1.337,1.352,4941204.0,817287836.00
20140812,1.350,1.350,1.339,1.343,3174612.0,523292361.00
20140813,1.344,1.354,1.335,1.346,3789121.0,624291209.00
20140814,1.347,1.349,1.335,1.335,3585141.0,590529448.00
20140815,1.335,1.352,1.333,1.348,5165035.0,851650034.00
20140818,1.349,1.357,1.344,1.348,4595618.0,760250743.00
20140819,1.350,1.352,1.338,1.344,3869391.0,637887126.00
20140820,1.342,1.344,1.337,1.341,3324182.0,546176214.00
20140821,1.337,1.340,1.321,1.328,4067967.0,662173670.00
20140822,1.326,1.338,1.324,1.333,3622208.0,591519685.00
20140825,1.335,1.336,1.319,1.321,4147209.0,673615037.00
20140826,1.319,1.326,1.314,1.318,4464261.0,723552876.00
20140827,1.318,1.322,1.315,1.317,3190482.0,515749671.00
20140828,1.317,1.322,1.312,1.314,4454642.0,719665965.00
20140829,1.314,1.324,1.313,1.323,4675793.0,754963196.00
20140901,1.322,1.327,1.317,1.326,5784079.0,938172875.00
20140902,1.328,1.347,1.322,1.344,6967210.0,1136437203.00
20140903,1.349,1.362,1.347,1.359,6670508.0,1109440811.00
20140904,1.361,1.370,1.356,1.369,5516804.0,920845915.00
20140905,1.374,1.388,1.371,1.385,5650914.0,955187810.00
20140909,1.385,1.388,1.373,1.374,4845904.0,819472815.00
20140910,1.369,1.369,1.359,1.362,4882190.0,816176290.00
20140911,1.362,1.379,1.353,1.358,5793290.0,969842811.00
20140912,1.354,1.366,1.351,1.366,3814788.0,634937112.00
20140915,1.356,1.363,1.350,1.361,3921540.0,652433724.00
20140916,1.361,1.363,1.339,1.340,5269966.0,875710361.00
20140917,1.346,1.348,1.337,1.344,5191992.0,855103921.00
20140918,1.342,1.353,1.337,1.347,4833382.0,796889302.00
20140919,1.347,1.359,1.344,1.357,3946775.0,654196292.00
20140922,1.351,1.351,1.323,1.327,4186043.0,686332789.00
20140923,1.327,1.338,1.326,1.337,6210011.0,1014907313.00
20140924,1.331,1.364,1.327,1.363,6405437.0,1057707686.00
20140925,1.370,1.371,1.353,1.354,4993065.0,835049007.00
20140926,1.352,1.357,1.344,1.355,3564025.0,590665035.00
20140929,1.357,1.361,1.350,1.359,6536694.0,1086999087.00
20140930,1.359,1.360,1.353,1.358,2919366.0,485736867.00
20141008,1.360,1.366,1.353,1.366,3875550.0,646442887.00
20141009,1.367,1.371,1.361,1.367,3705997.0,621396390.00
20141010,1.359,1.365,1.354,1.357,3543252.0,590741288.00
20141013,1.353,1.353,1.338,1.348,3841915.0,633072475.00
20141014,1.344,1.353,1.336,1.339,3465731.0,571711589.00
20141015,1.340,1.354,1.335,1.353,3795353.0,625570169.00
20141016,1.346,1.364,1.342,1.349,4434016.0,735196298.00
20141017,1.350,1.354,1.336,1.345,4858931.0,801101402.00
20141020,1.350,1.352,1.344,1.349,3309492.0,547681590.00
20141021,1.349,1.352,1.341,1.342,3482981.0,575764661.00
20141022,1.342,1.352,1.339,1.340,4046643.0,667033963.00
20141023,1.339,1.344,1.330,1.330,4219692.0,692609304.00
20141024,1.331,1.335,1.326,1.328,3660862.0,597688932.00
20141027,1.320,1.320,1.306,1.308,4368666.0,702577526.00
20141028,1.310,1.330,1.309,1.328,4512520.0,728946907.00
20141029,1.334,1.354,1.330,1.346,4288524.0,704426482.00
20141030,1.346,1.361,1.342,1.356,3677725.0,608861982.00
20141031,1.361,1.398,1.361,1.390,6673713.0,1127396110.00
20141103,1.391,1.394,1.380,1.382,4810800.0,818387952.00
20141104,1.379,1.383,1.375,1.378,4357220.0,736729317.00
20141105,1.379,1.380,1.369,1.374,4160845.0,701602458.00
20141106,1.375,1.380,1.365,1.371,4687573.0,788492707.00
20141107,1.371,1.399,1.369,1.375,5830390.0,987851877.00
20141110,1.398,1.416,1.389,1.414,5689841.0,978286174.00
20141111,1.424,1.458,1.419,1.432,8497231.0,1499466515.00
20141112,1.426,1.450,1.421,1.448,5134096.0,901242667.00
20141113,1.451,1.466,1.441,1.447,5819074.0,1037487282.00
20141114,1.443,1.447,1.432,1.446,4877671.0,861075833.00
20141117,1.476,1.480,1.430,1.431,4279456.0,741400523.00
20141118,1.433,1.436,1.408,1.410,3831727.0,649572162.00
20141119,1.409,1.412,1.398,1.403,4272706.0,717363442.00
20141120,1.398,1.412,1.394,1.405,4492058.0,752844427.00
20141121,1.407,1.443,1.401,1.440,5940909.0,1006041717.00
20141124,1.447,1.490,1.446,1.473,7643415.0,1337764384.00
20141125,1.471,1.490,1.469,1.485,7574337.0,1337877898.00
20141126,1.492,1.521,1.492,1.521,6305776.0,1135315907.00
20141127,1.531,1.551,1.528,1.550,7166362.0,1316706945.00
20141128,1.550,1.606,1.543,1.601,8946556.0,1678863741.00
20141201,1.619,1.644,1.604,1.606,9803680.0,1897567814.00
20141202,1.597,1.711,1.596,1.694,11910518.0,2339197208.00
20141203,1.705,1.765,1.675,1.702,12225523.0,2516713017.00
20141204,1.712,1.825,1.700,1.825,11110291.0,2340159553.00
20141205,1.847,1.890,1.772,1.839,16028495.0,3518247253.00
20141208,1.821,1.950,1.794,1.936,12162508.0,2730774087.00
20141209,1.909,2.010,1.788,1.816,15903645.0,3662076044.00
20141210,1.830,1.882,1.759,1.875,15965274.0,3473689464.00
20141211,1.856,1.884,1.821,1.827,12329542.0,2728103715.00
20141212,1.827,1.871,1.810,1.827,9403561.0,2065211585.00
20141215,1.823,1.838,1.779,1.829,9456132.0,2036777872.00
20141216,1.832,1.912,1.824,1.910,13292428.0,2962819687.00
20141217,1.926,1.984,1.909,1.973,13505754.0,3136905582.00
20141218,1.974,2.000,1.943,1.958,11147140.0,2623212422.00
20141219,1.960,1.994,1.912,1.983,13030564.0,3047012386.00
20141222,1.985,2.057,1.972,2.014,14107198.0,3403547600.00
20141223,1.991,2.043,1.951,1.970,10310055.0,2463252523.00
20141224,1.973,1.979,1.866,1.889,12316173.0,2813668681.00
20141225,1.909,1.964,1.886,1.963,10771861.0,2483992727.00
20141226,1.964,2.056,1.960,2.053,13761033.0,3304446500.00
20141229,2.102,2.122,2.026,2.059,14977118.0,3719270139.00
20141230,2.059,2.110,2.043,2.087,18539511.0,4596432177.00
20141231,2.093,2.145,2.077,2.137,17180509.0,4331522119.00
20150105,2.160,2.223,2.139,2.196,15964692.0,4140996828.00
20150106,2.177,2.220,2.144,2.170,15561867.0,4048279320.00
20150107,2.156,2.196,2.142,2.167,8887969.0,2301888506.00
20150108,2.176,2.185,2.102,2.108,7936624.0,2018320287.00
20150109,2.102,2.214,2.090,2.113,11561504.0,2961835021.00
20150112,2.138,2.139,2.058,2.093,15146453.0,3794552984.00
20150113,2.093,2.113,2.069,2.081,8537998.0,2131201110.00
20150114,2.089,2.118,2.065,2.088,12076945.0,3022368205.00
20150115,2.088,2.169,2.072,2.165,19402258.0,4908509079.00
20150116,2.175,2.206,2.161,2.180,16932152.0,4415809869.00
20150119,2.035,2.064,1.963,1.963,18004159.0,4334764186.00
20150120,1.960,2.010,1.939,1.977,18381170.0,4339336590.00
20150121,1.998,2.108,1.986,2.096,16442956.0,4013711061.00
20150122,2.102,2.106,2.062,2.093,16531088.0,4124867570.00
20150123,2.105,2.151,2.093,2.113,19467750.0,4924803551.00
20150126,2.119,2.119,2.081,2.109,10965950.0,2749236448.00
20150127,2.118,2.120,2.040,2.075,13883846.0,3445722756.00
20150128,2.053,2.088,2.039,2.045,14169616.0,3479909093.00
20150129,2.012,2.028,1.992,2.010,9797907.0,2355012996.00
20150130,2.022,2.037,1.974,1.982,11434916.0,2735094419.00
20150202,1.927,1.961,1.920,1.925,11763677.0,2719672278.00
20150203,1.950,1.991,1.926,1.982,12359149.0,2883248272.00
20150204,1.989,2.013,1.952,1.954,12441323.0,2951498253.00
20150205,2.026,2.031,1.937,1.939,15494609.0,3685168664.00
20150206,1.935,1.954,1.901,1.918,14633780.0,3379291184.00
20150209,1.918,1.975,1.909,1.952,16392674.0,3805047015.00
20150210,1.952,1.988,1.943,1.984,14049515.0,3307644647.00
20150211,1.985,2.000,1.975,1.993,9498342.0,2254381257.00
20150212,1.992,2.002,1.969,1.996,7281668.0,1727233980.00
20150213,2.001,2.034,1.995,2.001,10730073.0,2579400224.00
20150216,2.001,2.012,1.992,2.005,6561740.0,1568280912.00
20150217,2.010,2.034,2.010,2.019,7073138.0,1708546536.00
20150225,2.019,2.019,1.975,1.985,6214187.0,1482105890.00
20150226,1.983,2.053,1.966,2.051,12779198.0,3073475083.00
20150227,2.049,2.064,2.033,2.041,8649075.0,2118466989.00
20150302,2.057,2.060,2.030,2.044,11234642.0,2743186294.00
20150303,2.032,2.032,1.976,1.979,10905397.0,2608596595.00
20150304,1.983,1.994,1.961,1.978,10776613.0,2546663816.00
20150305,1.964,1.969,1.936,1.954,11686131.0,2726749718.00
20150306,1.955,1.977,1.954,1.959,12732966.0,2988489866.00
20150309,1.926,2.018,1.917,2.007,16164937.0,3779924698.00
20150310,1.994,2.000,1.972,1.975,11403392.0,2701126647.00
20150311,1.979,2.018,1.978,1.988,10765567.0,2568748644.00
20150312,2.013,2.070,2.000,2.050,15312058.0,3717288862.00
20150313,2.058,2.089,2.043,2.056,12204913.0,3013068274.00
20150316,2.070,2.104,2.052,2.102,11598021.0,2884278427.00
20150317,2.124,2.134,2.109,2.129,10004521.0,2534648607.00
20150318,2.135,2.189,2.135,2.186,11406668.0,2938701587.00
20150319,2.180,2.185,2.156,2.166,12699599.0,3289417258.00
20150320,2.176,2.234,2.157,2.206,11945986.0,3128225586.00
20150323,2.224,2.247,2.216,2.241,10152759.0,2705820545.00
20150324,2.241,2.242,2.184,2.209,11945935.0,3160538969.00
20150325,2.202,2.218,2.162,2.180,9765797.0,2553955587.00
20150326,2.169,2.238,2.158,2.213,10830227.0,2851644196.00
20150327,2.219,2.238,2.195,2.218,6965789.0,1843611288.00
20150330,2.239,2.304,2.228,2.294,12115191.0,3280914085.00
20150331,2.330,2.357,2.261,2.267,11518648.0,3181426124.00
20150401,2.272,2.317,2.269,2.305,9343896.0,2557621768.00
20150402,2.328,2.331,2.264,2.293,7676121.0,2104261405.00
20150403,2.283,2.324,2.281,2.322,9358703.0,2574088444.00
20150407,2.344,2.384,2.335,2.380,10304750.0,2897496074.00
20150408,2.391,2.438,2.370,2.427,17220497.0,4946304636.00
20150409,2.438,2.494,2.401,2.409,16182811.0,4707144145.00
20150410,2.410,2.468,2.401,2.458,10013618.0,2907097463.00
20150413,2.504,2.520,2.483,2.505,11757054.0,3508368872.00
20150414,2.505,2.532,2.484,2.511,13417888.0,4013977289.00
20150415,2.511,2.577,2.501,2.521,15032584.0,4551657902.00
20150416,2.531,2.635,2.497,2.633,34711171.0,10678394344.00
20150417,2.713,2.718,2.644,2.667,30992134.0,9916762209.00
20150420,2.682,2.706,2.587,2.598,31337397.0,9929961175.00
20150421,2.604,2.638,2.578,2.630,15347536.0,4781424993.00
20150422,2.655,2.720,2.635,2.714,36471407.0,11666600695.00
20150423,2.721,2.726,2.667,2.690,18920252.0,6102634285.00
20150424,2.656,2.673,2.598,2.655,19187186.0,6048339597.00
20150427,2.682,2.730,2.675,2.726,18274853.0,5900277912.00
20150428,2.721,2.769,2.679,2.703,23581236.0,7649837396.00
20150429,2.696,2.718,2.669,2.696,15862078.0,5104603637.00
20150430,2.709,2.721,2.676,2.678,9605573.0,3095434331.00
20150504,2.680,2.694,2.638,2.689,11673041.0,3722000663.00
20150505,2.687,2.689,2.582,2.592,15107108.0,4757789593.00
20150506,2.604,2.669,2.556,2.582,17619166.0,5508694937.00
20150507,2.579,2.587,2.546,2.550,15346729.0,4706121240.00
20150508,2.571,2.577,2.505,2.558,14426576.0,4388655305.00
20150511,2.558,2.609,2.529,2.604,13744906.0,4214210585.00
20150512,2.598,2.632,2.578,2.620,14619613.0,4551027374.00
20150513,2.620,2.625,2.568,2.582,12618065.0,3912635585.00
20150514,2.577,2.595,2.558,2.573,13294763.0,4091686404.00
20150515,2.573,2.573,2.508,2.517,18375722.0,5569371103.00
20150518,2.495,2.511,2.466,2.467,13291300.0,3952731399.00
20150519,2.467,2.573,2.462,2.567,17438830.0,5289664280.00
20150520,2.582,2.618,2.555,2.567,24367021.0,7524532272.00
20150521,2.587,2.607,2.566,2.599,10626025.0,3283826586.00
20150522,2.628,2.680,2.611,2.679,23736404.0,7531592524.00
20150525,2.710,2.768,2.693,2.766,23304790.0,7608363188.00
20150526,2.787,2.803,2.731,2.780,18773643.0,6206152525.00
20150527,2.792,2.806,2.735,2.751,19038462.0,6288459386.00
20150528,2.751,2.763,2.554,2.578,22654285.0,7262607738.00
20150529,2.580,2.607,2.509,2.567,18680007.0,5724873763.00
20150601,2.567,2.688,2.538,2.678,14196628.0,4452008177.00
20150602,2.674,2.695,2.637,2.687,12345328.0,3932798734.00
20150603,2.684,2.690,2.635,2.672,10001942.0,3184008975.00
20150604,2.672,2.744,2.554,2.729,21038487.0,6723987852.00
20150605,2.797,2.805,2.669,2.725,18668723.0,6086798978.00
20150608,2.746,2.887,2.726,2.870,32458810.0,10965104700.00
20150609,2.896,2.901,2.785,2.814,33119585.0,11222739787.00
20150610,2.777,2.826,2.756,2.780,17449128.0,5814783469.00
20150611,2.792,2.801,2.738,2.763,22170885.0,7319816202.00
20150612,2.783,2.795,2.738,2.774,17253161.0,5707139113.00
20150615,2.792,2.804,2.688,2.693,28420111.0,9284478509.00
20150616,2.679,2.712,2.605,2.636,25005972.0,7958841457.00
20150617,2.646,2.671,2.607,2.659,24495889.0,7713551688.00
20150618,2.644,2.644,2.537,2.547,15537653.0,4819730190.00
20150619,2.533,2.546,2.399,2.407,21222148.0,6334686701.00
20150623,2.422,2.503,2.345,2.492,25737114.0,7495834453.00
20150624,2.504,2.537,2.445,2.527,22696737.0,6764107013.00
20150625,2.552,2.562,2.433,2.444,22398613.0,6728059139.00
20150626,2.395,2.454,2.206,2.249,40919972.0,11540757257.00
20150629,2.321,2.344,2.077,2.227,77379370.0,20741587350.00
20150630,2.227,2.391,2.178,2.387,68023663.0,18574139197.00
20150701,2.353,2.386,2.252,2.284,44334031.0,12356215669.00
20150702,2.336,2.339,2.160,2.247,58652951.0,15877853385.00
20150703,2.225,2.284,2.093,2.160,44648720.0,11699912527.00
20150706,2.376,2.376,2.206,2.296,91468314.0,24908825958.00
20150707,2.246,2.361,2.183,2.336,66501031.0,18190024244.00
20150708,2.177,2.309,2.103,2.180,70549862.0,18480241929.00
20150709,2.118,2.391,2.074,2.338,38934413.0,10445628439.00
20150710,2.291,2.520,2.269,2.432,41525733.0,12076073511.00
20150713,2.378,2.469,2.340,2.396,29219060.0,8381586711.00
20150714,2.349,2.377,2.274,2.313,22167415.0,6165300114.00
20150715,2.287,2.325,2.232,2.302,29629602.0,8041892905.00
20150716,2.303,2.326,2.261,2.294,23305909.0,6387342832.00
20150717,2.308,2.374,2.279,2.347,17912399.0,4969883280.00
20150720,2.340,2.355,2.309,2.325,13690408.0,3810863974.00
20150721,2.287,2.345,2.287,2.318,10213248.0,2832321270.00
20150722,2.307,2.319,2.278,2.292,8541650.0,2344990008.00
20150723,2.292,2.341,2.292,2.340,13379611.0,3711181745.00
20150724,2.337,2.349,2.289,2.299,10920952.0,3037606409.00
20150727,2.278,2.279,2.085,2.088,13794270.0,3624819088.00
20150728,2.046,2.119,2.015,2.080,26121821.0,6459579512.00
20150729,2.093,2.127,2.062,2.122,10930436.0,2719347677.00
20150730,2.113,2.134,2.060,2.067,9086653.0,2294806428.00
20150731,2.060,2.090,2.040,2.062,9267302.0,2281135141.00
20150803,2.043,2.076,2.026,2.075,7280003.0,1781101512.00
20150804,2.083,2.129,2.066,2.127,6892335.0,1723714490.00
20150805,2.118,2.123,2.084,2.086,6474482.0,1627673793.00
20150806,2.065,2.100,2.052,2.069,6547838.0,1625257446.00
20150807,2.087,2.112,2.077,2.097,7024853.0,1758489474.00
20150810,2.112,2.202,2.106,2.190,7033249.0,1803581785.00
20150811,2.192,2.193,2.158,2.169,4580237.0,1191425309.00
20150812,2.150,2.177,2.140,2.147,5478430.0,1411700162.00
20150813,2.144,2.165,2.113,2.157,6611362.0,1689235995.00
20150814,2.165,2.170,2.147,2.156,5615007.0,1448097650.00
20150817,2.144,2.144,2.113,2.134,4837135.0,1229187947.00
20150818,2.135,2.153,2.001,2.018,8578147.0,2156176947.00
20150819,2.007,2.043,1.949,2.032,14513427.0,3462093041.00
20150820,2.010,2.026,1.976,1.977,7011993.0,1677434307.00
20150821,1.954,1.978,1.898,1.904,10205282.0,2370702076.00
20150824,1.856,1.856,1.714,1.714,10185733.0,2138469981.00
20150825,1.626,1.717,1.565,1.579,19637012.0,3904806006.00
20150826,1.624,1.703,1.573,1.629,24642772.0,4829054008.00
20150827,1.673,1.775,1.643,1.767,17054224.0,3426767783.00
20150828,1.792,1.820,1.756,1.815,17883659.0,3812939796.00
20150831,1.789,1.853,1.738,1.850,12536076.0,2662268535.00
20150901,1.802,1.879,1.761,1.866,17867861.0,3895544893.00
20150902,1.796,1.882,1.794,1.872,17751740.0,3908512705.00
20150907,1.856,1.888,1.786,1.792,7018018.0,1542217022.00
20150908,1.775,1.832,1.746,1.823,8826626.0,1884800328.00
20150909,1.840,1.866,1.824,1.850,7774865.0,1715405314.00
20150910,1.827,1.858,1.824,1.847,6383745.0,1404976318.00
20150911,1.846,1.859,1.829,1.836,4208978.0,927380693.00
20150914,1.851,1.863,1.777,1.861,8682753.0,1892711429.00
20150915,1.825,1.833,1.797,1.815,7421049.0,1609690844.00
20150916,1.816,1.913,1.794,1.877,6239540.0,1366897993.00
20150917,1.861,1.892,1.839,1.840,7234522.0,1616968147.00
20150918,1.851,1.863,1.835,1.840,4984416.0,1101089968.00
20150921,1.834,1.860,1.824,1.852,3054092.0,672295116.00
20150922,1.851,1.892,1.851,1.873,4157248.0,931661115.00
20150923,1.837,1.859,1.823,1.825,2901948.0,637225616.00
20150924,1.835,1.841,1.819,1.831,1769072.0,386856297.00
20150925,1.829,1.831,1.796,1.818,2731276.0,592014778.00
20150928,1.815,1.825,1.798,1.820,1577215.0,341669082.00
20150929,1.802,1.804,1.774,1.781,1238566.0,264303016.00
20150930,1.791,1.816,1.790,1.798,1117961.0,240538238.00
20151008,1.876,1.878,1.836,1.839,1831017.0,405573565.00
20151009,1.846,1.866,1.840,1.860,1791459.0,396920595.00
20151012,1.871,1.940,1.864,1.916,2915809.0,663816276.00
20151013,1.898,1.913,1.897,1.908,2575451.0,586539259.00
20151014,1.895,1.916,1.889,1.891,1882636.0,428085365.00
20151015,1.893,1.932,1.887,1.929,3044261.0,695447711.00
20151016,1.934,1.954,1.931,1.944,3448540.0,800244714.00
20151019,1.945,1.964,1.924,1.943,2869684.0,667011334.00
20151020,1.937,1.962,1.926,1.960,2314235.0,535534033.00
20151021,1.957,1.983,1.902,1.943,4480909.0,1041480354.00
20151022,1.947,1.958,1.926,1.954,3204967.0,742318487.00
20151023,1.957,1.972,1.943,1.968,2816927.0,658982906.00
20151026,1.993,1.997,1.952,1.968,3189778.0,754117425.00
20151027,1.958,1.976,1.928,1.966,3688488.0,859820179.00
20151028,1.958,1.960,1.930,1.933,3351762.0,780107821.00
20151029,1.936,1.946,1.922,1.935,2210768.0,511170113.00
20151030,1.930,1.956,1.924,1.934,2298145.0,532311463.00
20151102,1.918,1.938,1.910,1.912,2335515.0,536826690.00
20151103,1.916,1.923,1.896,1.902,2240547.0,511025876.00
20151104,1.907,2.000,1.907,1.998,6242068.0,1463263415.00
20151105,1.989,2.106,1.984,2.047,7980961.0,1951571336.00
20151106,2.044,2.098,2.028,2.093,5376889.0,1324751224.00
20151109,2.093,2.168,2.091,2.120,7129335.0,1819460027.00
20151110,2.103,2.139,2.093,2.111,4001710.0,1009264592.00
20151111,2.108,2.111,2.067,2.097,3550867.0,886821328.00
20151112,2.102,2.107,2.061,2.068,2718884.0,674769752.00
20151113,2.051,2.074,2.041,2.046,2817521.0,691879904.00
20151116,2.013,2.055,2.012,2.051,2121028.0,515322562.00
20151117,2.060,2.103,2.047,2.051,3474785.0,861444800.00
20151118,2.052,2.068,2.036,2.041,2628234.0,643874699.00
20151119,2.044,2.072,2.038,2.069,2482182.0,608490337.00
20151120,2.067,2.077,2.054,2.059,2392857.0,590227591.00
20151123,2.058,2.077,2.026,2.051,2273019.0,559200132.00
20151124,2.047,2.047,2.024,2.046,2498985.0,608210335.00
20151125,2.039,2.059,2.029,2.055,3903089.0,951282005.00
20151126,2.068,2.075,2.046,2.049,2908015.0,715689385.00
20151127,2.039,2.042,1.923,1.941,4906738.0,1157861026.00
20151130,1.948,1.964,1.913,1.950,3545086.0,822706899.00
20151201,1.951,1.982,1.933,1.959,2875615.0,670301217.00
20151202,1.955,2.067,1.953,2.062,6575116.0,1583352202.00
20151203,2.053,2.073,2.027,2.060,4932606.0,1209805299.00
20151204,2.038,2.046,1.999,2.008,3904298.0,940898560.00
20151207,2.007,2.019,1.990,2.001,2874676.0,687342228.00
20151208,1.989,2.001,1.969,1.981,3401550.0,805506360.00
20151209,1.977,1.998,1.970,1.984,3177739.0,753118599.00
20151210,1.986,2.014,1.965,1.972,3142619.0,746648488.00
20151211,1.961,1.974,1.943,1.963,2490440.0,582669154.00
20151214,1.945,2.026,1.942,2.022,3719823.0,879489760.00
20151215,2.012,2.017,1.984,1.995,3147911.0,751845576.00
20151216,1.998,2.005,1.981,1.986,2422531.0,577047110.00
20151217,1.996,2.031,1.995,2.010,3806959.0,914671555.00
20151218,2.006,2.058,2.004,2.028,4619023.0,1121429051.00
20151221,2.015,2.103,2.014,2.093,6689579.0,1655026337.00
20151222,2.090,2.096,2.070,2.085,3163661.0,786752424.00
20151223,2.085,2.131,2.081,2.093,7109971.0,1784668988.00
20151224,2.090,2.093,2.051,2.075,3871870.0,958156827.00
20151225,2.077,2.088,2.068,2.082,1735857.0,430786858.00
20151228,2.082,2.089,2.016,2.020,2740406.0,670217661.00
20151229,2.019,2.038,2.015,2.036,2969462.0,718736233.00
20151230,2.037,2.038,2.005,2.030,2753570.0,664689596.00
20151231,2.025,2.038,2.014,2.023,3458720.0,837061955.00
20160104,2.019,2.021,1.902,1.907,2985469.0,703760451.00
20160105,1.892,1.935,1.867,1.914,6456995.0,1473642291.00
20160106,1.918,1.943,1.905,1.940,4009534.0,921398473.00
20160107,1.914,1.914,1.813,1.823,891669.0,199851686.00
20160108,1.872,1.892,1.805,1.858,5766769.0,1279000234.00
20160111,1.825,1.846,1.778,1.779,6332308.0,1370198234.00
20160112,1.792,1.804,1.773,1.784,4518035.0,966065883.00
20160113,1.803,1.813,1.767,1.768,5630807.0,1206024179.00
20160114,1.737,1.791,1.725,1.784,6241159.0,1311296332.00
20160115,1.775,1.784,1.725,1.733,5071113.0,1062633608.00
20160118,1.708,1.755,1.706,1.733,3894069.0,807679185.00
20160119,1.733,1.794,1.726,1.784,5158725.0,1087729552.00
20160120,1.773,1.779,1.735,1.751,3494118.0,734513531.00
20160121,1.737,1.773,1.708,1.711,3438259.0,715622054.00
20160122,1.729,1.741,1.701,1.731,3583318.0,737375435.00
20160125,1.733,1.740,1.720,1.729,1971928.0,407438313.00
20160126,1.718,1.722,1.633,1.640,4167637.0,834831477.00
20160127,1.645,1.654,1.606,1.639,5166376.0,1007226972.00
20160128,1.627,1.648,1.596,1.604,3889436.0,755063502.00
20160129,1.606,1.671,1.606,1.654,4292173.0,842926914.00
20160201,1.653,1.655,1.612,1.626,2164566.0,421762636.00
20160202,1.626,1.660,1.624,1.654,2590861.0,509738871.00
20160203,1.637,1.643,1.618,1.635,2402730.0,467505881.00
20160204,1.645,1.662,1.641,1.656,2943647.0,580570759.00
20160205,1.655,1.660,1.645,1.648,2783073.0,548767769.00
20160215,1.612,1.640,1.607,1.632,2458719.0,476558090.00
20160216,1.638,1.680,1.637,1.676,2937698.0,585025787.00
20160217,1.674,1.692,1.671,1.686,2718905.0,546408434.00
20160218,1.694,1.704,1.681,1.684,2101384.0,424778009.00
20160219,1.681,1.688,1.670,1.680,2029129.0,406839283.00
20160222,1.695,1.729,1.687,1.720,3946413.0,804270366.00
20160223,1.718,1.719,1.688,1.700,2233689.0,453973043.00
20160224,1.695,1.711,1.682,1.707,2961720.0,600965767.00
20160225,1.702,1.705,1.603,1.621,3761393.0,744375520.00
20160226,1.629,1.646,1.616,1.638,4191622.0,817819086.00
20160229,1.630,1.637,1.583,1.622,4246989.0,815890025.00
20160301,1.624,1.667,1.615,1.650,3402613.0,665828723.00
20160302,1.653,1.722,1.653,1.716,4373685.0,884244004.00
20160303,1.712,1.726,1.704,1.719,3456580.0,708318094.00
20160304,1.713,1.784,1.708,1.777,6550957.0,1368994680.00
20160307,1.775,1.792,1.755,1.768,4325792.0,915445864.00
20160308,1.762,1.773,1.704,1.771,4214339.0,873018382.00
20160309,1.735,1.767,1.718,1.764,4519536.0,938589375.00
20160310,1.745,1.763,1.721,1.724,2962009.0,617764700.00
20160311,1.710,1.734,1.707,1.730,3466691.0,712909607.00
20160314,1.743,1.775,1.735,1.738,3263170.0,683955102.00
20160315,1.737,1.762,1.721,1.757,4111974.0,856660295.00
20160316,1.746,1.793,1.743,1.788,4941515.0,1050081584.00
20160317,1.784,1.808,1.768,1.785,3819977.0,815888902.00
20160318,1.788,1.815,1.784,1.792,5378710.0,1155122415.00
20160321,1.809,1.855,1.804,1.835,7063211.0,1546431565.00
20160322,1.830,1.836,1.813,1.816,4337330.0,945064157.00
20160323,1.812,1.830,1.804,1.818,5923528.0,1283219124.00
20160324,1.810,1.810,1.789,1.792,3390856.0,727963216.00
20160325,1.790,1.806,1.788,1.796,3952447.0,847518459.00
20160328,1.802,1.815,1.773,1.776,3292481.0,705448359.00
20160329,1.779,1.789,1.757,1.762,4026092.0,851243809.00
20160330,1.776,1.810,1.776,1.807,3516452.0,754214899.00
20160331,1.812,1.818,1.797,1.805,2462077.0,531522727.00
20160401,1.802,1.814,1.772,1.813,3467697.0,745360354.00
20160405,1.802,1.833,1.797,1.821,4033006.0,876822489.00
20160406,1.815,1.821,1.806,1.813,2193315.0,475108314.00
20160407,1.817,1.823,1.789,1.791,2350029.0,505503939.00
20160408,1.782,1.787,1.768,1.779,2713618.0,576541114.00
20160411,1.791,1.814,1.791,1.795,2882288.0,620823119.00
20160412,1.795,1.799,1.786,1.794,1774047.0,379581451.00
20160413,1.804,1.840,1.804,1.815,5480353.0,1195900106.00
20160414,1.825,1.834,1.812,1.820,3061830.0,666019637.00
20160415,1.824,1.830,1.817,1.824,3050963.0,664278600.00
20160418,1.811,1.818,1.800,1.804,2191771.0,473288109.00
20160419,1.815,1.817,1.803,1.810,2058694.0,444328416.00
20160420,1.812,1.816,1.753,1.799,5753600.0,1225701355.00
20160421,1.787,1.816,1.783,1.797,3490579.0,751276764.00
20160422,1.786,1.808,1.776,1.805,2487581.0,535247590.00
20160425,1.799,1.804,1.775,1.796,1898352.0,406432949.00
20160426,1.794,1.811,1.789,1.802,1749271.0,375911470.00
20160427,1.803,1.805,1.792,1.795,1482272.0,318530563.00
20160428,1.796,1.804,1.784,1.794,1717320.0,368024979.00
20160429,1.786,1.795,1.785,1.788,1248875.0,267143131.00
20160503,1.789,1.815,1.781,1.808,2528151.0,544978428.00
20160504,1.802,1.807,1.796,1.803,1244277.0,267714478.00
20160505,1.796,1.802,1.794,1.801,1031108.0,221442962.00
20160506,1.801,1.803,1.758,1.761,2658437.0,566508057.00
20160509,1.756,1.759,1.728,1.734,3442924.0,716575961.00
20160510,1.731,1.744,1.728,1.733,1560353.0,323652183.00
20160511,1.738,1.750,1.731,1.739,1441010.0,299410777.00
20160512,1.732,1.749,1.722,1.744,1336796.0,277384936.00
20160513,1.733,1.749,1.733,1.741,941263.0,195919916.00
20160516,1.732,1.746,1.727,1.743,1261020.0,261761630.00
20160517,1.743,1.748,1.732,1.739,1091505.0,226682673.00
20160518,1.733,1.744,1.718,1.740,3188517.0,658974127.00
20160519,1.734,1.746,1.732,1.735,827861.0,171969403.00
20160520,1.729,1.745,1.729,1.744,946322.0,196673052.00
20160523,1.745,1.758,1.741,1.745,1206061.0,251858773.00
20160524,1.743,1.743,1.730,1.732,1744282.0,361361073.00
20160525,1.738,1.746,1.734,1.737,1182057.0,245572200.00
20160526,1.738,1.747,1.727,1.737,1151169.0,238605251.00
20160527,1.737,1.745,1.733,1.740,1124549.0,233450343.00
20160530,1.738,1.753,1.729,1.749,1591087.0,331658034.00
20160531,1.751,1.810,1.751,1.809,5842395.0,1252137529.00
20160601,1.809,1.810,1.794,1.794,2625484.0,564498989.00
20160602,1.792,1.799,1.784,1.792,1487011.0,318129523.00
20160603,1.794,1.807,1.789,1.804,2080395.0,446731858.00
20160606,1.804,1.807,1.789,1.793,1351637.0,289763568.00
20160607,1.796,1.800,1.792,1.794,1182076.0,253440864.00
20160608,1.794,1.797,1.784,1.791,917264.0,196021945.00
20160613,1.778,1.780,1.748,1.748,2547582.0,537797136.00
20160614,1.748,1.762,1.747,1.759,1234242.0,258758217.00
20160615,1.742,1.777,1.739,1.766,2028556.0,426938724.00
20160616,1.758,1.767,1.756,1.760,1243704.0,261720123.00
20160617,1.764,1.779,1.763,1.766,2166510.0,458576640.00
20160620,1.771,1.773,1.760,1.770,1212975.0,256033857.00
20160621,1.774,1.793,1.767,1.768,1611718.0,342244844.00
20160622,1.767,1.780,1.763,1.779,1748766.0,370432495.00
20160623,1.780,1.781,1.764,1.772,1000646.0,211711636.00
20160624,1.769,1.781,1.732,1.750,2138533.0,449350245.00
20160627,1.750,1.768,1.748,1.768,1943116.0,409063811.00
20160628,1.763,1.774,1.757,1.773,1449451.0,305469295.00
20160629,1.774,1.790,1.774,1.788,1905644.0,406090263.00
20160630,1.792,1.797,1.789,1.789,1254970.0,268751877.00
20160701,1.794,1.799,1.793,1.794,1144361.0,245450903.00
20160704,1.793,1.830,1.789,1.823,2056830.0,446441009.00
20160705,1.821,1.836,1.821,1.830,1729523.0,377638845.00
20160706,1.823,1.830,1.815,1.829,1664278.0,362355146.00
20160707,1.827,1.839,1.820,1.833,1194146.0,260924492.00
20160708,1.829,1.831,1.822,1.823,983801.0,214456153.00
20160711,1.826,1.849,1.826,1.832,1321293.0,290204345.00
20160712,1.832,1.871,1.832,1.870,2940528.0,650660174.00
20160713,1.873,1.897,1.870,1.872,4764777.0,1069761626.00
20160714,1.873,1.875,1.859,1.870,2473531.0,552365652.00
20160715,1.871,1.877,1.865,1.872,3047614.0,681314944.00
20160718,1.871,1.882,1.865,1.866,2190945.0,489701956.00
20160719,1.864,1.871,1.846,1.856,1971320.0,437073210.00
20160720,1.856,1.861,1.848,1.850,1319933.0,292105743.00
20160721,1.851,1.866,1.851,1.859,1429531.0,317500367.00
20160722,1.857,1.861,1.841,1.842,1017700.0,224642090.00
20160725,1.841,1.851,1.840,1.843,1008017.0,222103185.00
20160726,1.843,1.866,1.840,1.865,1914550.0,424591601.00
20160727,1.866,1.869,1.819,1.855,2926171.0,644322778.00
20160728,1.845,1.857,1.836,1.851,1235216.0,272776381.00
20160729,1.850,1.852,1.838,1.843,855808.0,188705231.00
20160801,1.841,1.842,1.827,1.834,1451769.0,318100802.00
20160802,1.835,1.840,1.827,1.834,877795.0,192184803.00
20160803,1.832,1.836,1.826,1.832,901834.0,197289822.00
20160804,1.831,1.833,1.819,1.830,994114.0,216850335.00
20160805,1.830,1.846,1.826,1.838,1112996.0,244169030.00
20160808,1.839,1.847,1.830,1.846,880394.0,193385523.00
20160809,1.843,1.861,1.843,1.860,1118268.0,247515348.00
20160810,1.861,1.861,1.853,1.856,1338665.0,296933615.00
20160811,1.856,1.889,1.852,1.861,2626153.0,587454178.00
20160812,1.861,1.903,1.861,1.902,2974616.0,669346800.00
20160815,1.906,1.983,1.903,1.956,5412527.0,1263106491.00
20160816,1.959,1.969,1.929,1.931,5259624.0,1220321073.00
20160817,1.933,1.943,1.918,1.926,2314969.0,533492477.00
20160818,1.927,1.944,1.912,1.918,2289851.0,527631727.00
20160819,1.917,1.930,1.910,1.927,1559685.0,357684903.00
20160822,1.926,1.929,1.912,1.915,1500541.0,343831079.00
20160823,1.916,1.932,1.911,1.918,2340447.0,536802344.00
20160824,1.919,1.927,1.904,1.909,2091216.0,477294909.00
20160825,1.905,1.905,1.887,1.900,1869078.0,423605339.00
20160826,1.902,1.911,1.897,1.898,1549018.0,352254518.00
20160829,1.898,1.900,1.887,1.897,1196589.0,270828940.00
20160830,1.897,1.911,1.897,1.906,1486517.0,337808028.00
20160831,1.905,1.917,1.901,1.912,1942188.0,442888671.00
20160901,1.912,1.914,1.898,1.899,1331148.0,303099987.00
20160902,1.899,1.909,1.897,1.908,1711015.0,388870655.00
20160905,1.910,1.923,1.907,1.909,1713722.0,391319553.00
20160906,1.909,1.922,1.898,1.914,1692879.0,386432421.00
20160907,1.914,1.926,1.913,1.918,2938161.0,673816760.00
20160908,1.915,1.919,1.912,1.918,1191994.0,272687753.00
20160909,1.916,1.920,1.905,1.909,1081196.0,247313790.00
20160912,1.882,1.888,1.867,1.884,3454826.0,774263669.00
20160913,1.882,1.884,1.874,1.877,1424014.0,319381640.00
20160914,1.871,1.874,1.863,1.866,1506998.0,336257115.00
20160919,1.866,1.880,1.866,1.877,1063911.0,238257401.00
20160920,1.876,1.878,1.871,1.875,804570.0,180024685.00
20160921,1.873,1.880,1.872,1.878,1107122.0,247995144.00
20160922,1.883,1.897,1.882,1.888,1405734.0,317247021.00
20160923,1.888,1.891,1.882,1.883,1042780.0,235008969.00
20160926,1.880,1.881,1.859,1.861,2170055.0,485127358.00
20160927,1.859,1.871,1.858,1.866,988029.0,220020211.00
20160928,1.868,1.869,1.857,1.858,1195647.0,265966883.00
20160929,1.862,1.875,1.862,1.867,1010064.0,225529439.00
20160930,1.863,1.874,1.863,1.871,1274905.0,284913647.00
20161010,1.881,1.898,1.878,1.894,1141358.0,257341662.00
20161011,1.894,1.899,1.891,1.897,1331115.0,301259065.00
20161012,1.892,1.893,1.887,1.890,1030107.0,232606505.00
20161013,1.887,1.895,1.887,1.890,784097.0,176956363.00
20161014,1.890,1.902,1.885,1.897,1144170.0,258723924.00
20161017,1.900,1.900,1.881,1.884,1215437.0,274697510.00
20161018,1.882,1.912,1.881,1.911,1689088.0,382795422.00
20161019,1.911,1.916,1.906,1.908,1109992.0,253195091.00
20161020,1.907,1.913,1.906,1.909,1035051.0,235931475.00
20161021,1.909,1.928,1.905,1.922,1777797.0,407072522.00
20161024,1.921,1.962,1.921,1.946,3893178.0,904622159.00
20161025,1.947,1.949,1.938,1.942,2463381.0,571569829.00
20161026,1.942,1.944,1.933,1.935,1934679.0,448208298.00
20161027,1.934,1.935,1.926,1.930,1739054.0,400792628.00
20161028,1.930,1.950,1.930,1.932,3028056.0,700997575.00
20161031,1.931,1.932,1.917,1.930,1240292.0,285065904.00
20161101,1.929,1.939,1.927,1.939,1399906.0,323638315.00
20161102,1.935,1.936,1.924,1.926,1459249.0,336171157.00
20161103,1.923,1.959,1.921,1.949,2594712.0,601527366.00
20161104,1.947,1.959,1.943,1.946,1310305.0,305352445.00
20161107,1.946,1.954,1.943,1.951,943443.0,219573733.00
20161108,1.956,1.969,1.951,1.958,1458718.0,341373003.00
20161109,1.957,1.957,1.925,1.943,2622338.0,607962232.00
20161110,1.953,1.969,1.953,1.963,1742958.0,408363468.00
20161111,1.959,1.985,1.957,1.979,3591485.0,847232900.00
20161114,1.974,2.005,1.973,1.988,3284321.0,779989590.00
20161115,1.985,1.988,1.977,1.981,1339446.0,316967642.00
20161116,1.982,1.985,1.974,1.977,1349158.0,318801802.00
20161117,1.976,1.985,1.968,1.984,1252760.0,295789112.00
20161118,1.985,1.991,1.974,1.979,1437971.0,340715047.00
20161121,1.975,2.015,1.975,2.001,3171603.0,757536893.00
20161122,2.000,2.020,1.999,2.016,2669513.0,641724279.00
20161123,2.017,2.036,2.013,2.022,2154154.0,521172448.00
20161124,2.019,2.040,2.017,2.031,2144528.0,519405381.00
20161125,2.031,2.054,2.018,2.052,2797375.0,679471520.00
20161128,2.060,2.081,2.056,2.060,2694263.0,665255111.00
20161129,2.061,2.109,2.055,2.098,3430981.0,834698510.00
20161130,2.092,2.101,2.068,2.075,5571959.0,1352489245.00
20161201,2.079,2.102,2.074,2.087,3458103.0,841660729.00
20161202,2.086,2.087,2.061,2.072,3598342.0,869541739.00
20161205,2.052,2.053,2.028,2.036,4557022.0,1083013120.00
20161206,2.035,2.044,2.030,2.031,2033863.0,483001676.00
20161207,2.031,2.038,2.025,2.037,2104626.0,498753666.00
20161208,2.041,2.048,2.037,2.042,2303045.0,548100604.00
20161209,2.040,2.077,2.035,2.070,3626518.0,870848654.00
20161212,2.069,2.081,2.030,2.047,5934859.0,1417710194.00
20161213,2.039,2.043,2.024,2.034,3478672.0,824986574.00
20161214,2.035,2.046,2.024,2.024,2541497.0,603286432.00
20161215,2.018,2.020,1.950,1.980,4081803.0,949245201.00
20161216,1.979,1.988,1.973,1.974,2069360.0,477342534.00
20161219,1.972,1.977,1.963,1.967,2027300.0,465444738.00
20161220,1.967,1.970,1.941,1.957,2181082.0,496352195.00
20161221,1.959,1.979,1.959,1.971,3288750.0,755605388.00
20161222,1.970,1.972,1.958,1.966,1293380.0,296329083.00
20161223,1.964,1.967,1.950,1.955,1589925.0,362728293.00
20161226,1.944,1.974,1.935,1.971,3005143.0,684120186.00
20161227,1.970,1.976,1.962,1.964,1829392.0,420150294.00
20161228,1.962,1.967,1.949,1.954,2137651.0,487391374.00
20161229,1.952,1.962,1.946,1.954,2142421.0,488255156.00
20161230,1.953,1.964,1.952,1.962,2386427.0,544894006.00
20170103,1.960,1.985,1.960,1.979,2716432.0,626330162.00
20170104,1.976,1.994,1.976,1.994,2243780.0,519611102.00
20170105,1.993,1.997,1.988,1.992,1653052.0,383888793.00
20170106,1.992,1.995,1.983,1.985,1093260.0,253554525.00
20170109,1.983,1.994,1.980,1.989,1460191.0,338284574.00
20170110,1.986,1.992,1.982,1.984,1182091.0,273842110.00
20170111,1.985,1.989,1.974,1.976,1804038.0,416669178.00
20170112,1.974,1.982,1.969,1.970,1581768.0,364393793.00
20170113,1.969,1.988,1.967,1.982,1652974.0,380903097.00
20170116,1.980,2.011,1.961,2.006,4368298.0,1011597198.00
20170117,1.998,2.003,1.992,1.998,1401623.0,326502132.00
20170118,1.997,2.018,1.997,2.011,1859741.0,435818334.00
20170119,2.008,2.018,2.000,2.002,2441889.0,572063104.00
20170120,2.003,2.018,2.002,2.015,1844401.0,432369727.00
20170123,2.016,2.025,2.010,2.014,3139089.0,738503644.00
20170124,2.015,2.021,2.012,2.019,1769305.0,415918129.00
20170125,2.017,2.024,2.012,2.022,1647286.0,387625966.00
20170126,2.025,2.035,2.024,2.030,1961230.0,464155920.00
20170203,2.030,2.033,2.006,2.009,1455852.0,342111875.00
20170206,2.012,2.017,2.004,2.010,1548299.0,362763938.00
20170207,2.010,2.013,2.000,2.003,1408960.0,329417249.00
20170208,2.003,2.015,1.994,2.014,1684464.0,393493921.00
20170209,2.014,2.029,2.009,2.019,2331212.0,548962391.00
20170210,2.021,2.035,2.020,2.030,2733694.0,646491032.00
20170213,2.030,2.042,2.030,2.040,2488312.0,591160947.00
20170214,2.039,2.041,2.030,2.033,1415678.0,335864319.00
20170215,2.033,2.043,2.031,2.032,1377216.0,327203562.00
20170216,2.032,2.038,2.030,2.035,1157874.0,274568384.00
20170217,2.037,2.047,2.024,2.025,1968658.0,467512548.00
20170220,2.026,2.055,2.026,2.054,4045643.0,963865183.00
20170221,2.054,2.065,2.050,2.053,2494719.0,598279404.00
20170222,2.053,2.057,2.048,2.055,2137838.0,511390078.00
20170223,2.054,2.059,2.042,2.048,1483924.0,354492716.00
20170224,2.047,2.047,2.036,2.046,2544948.0,605779061.00
20170227,2.044,2.045,2.027,2.030,1819209.0,432164374.00
20170228,2.030,2.039,2.026,2.031,1632510.0,386531982.00
20170301,2.033,2.042,2.030,2.031,2103578.0,499053101.00
20170302,2.036,2.041,2.017,2.018,1443827.0,341537364.00
20170303,2.016,2.016,2.006,2.010,1382678.0,324034920.00
20170306,2.011,2.019,2.008,2.015,1559258.0,365903393.00
20170307,2.012,2.019,2.012,2.019,1412334.0,331732369.00
20170308,2.018,2.024,2.015,2.020,1131251.0,266420757.00
20170309,2.017,2.018,2.000,2.010,1477523.0,345712056.00
20170310,2.008,2.011,2.003,2.003,950259.0,222241430.00
20170313,2.002,2.021,1.996,2.020,1606165.0,376838823.00
20170314,2.020,2.022,2.013,2.017,778545.0,183189202.00
20170315,2.014,2.020,2.011,2.019,1037653.0,243874806.00
20170316,2.025,2.038,2.024,2.032,1887140.0,447005089.00
20170317,2.034,2.035,2.006,2.010,2173504.0,512665502.00
20170320,2.014,2.018,2.006,2.013,997252.0,233947113.00
20170321,2.013,2.020,2.012,2.018,1873622.0,440152252.00
20170322,2.012,2.015,1.998,2.004,2182631.0,510055728.00
20170323,2.003,2.018,2.002,2.011,1361271.0,319000297.00
20170324,2.012,2.034,2.008,2.028,1946965.0,458191460.00
20170327,2.028,2.039,2.023,2.024,1740014.0,412091432.00
20170328,2.027,2.030,2.018,2.019,1670864.0,393928592.00
20170329,2.021,2.025,2.013,2.018,1392728.0,328018120.00
20170330,2.017,2.021,2.003,2.010,2658567.0,622998005.00
20170331,2.008,2.023,2.008,2.021,1710043.0,402125550.00
20170405,2.030,2.044,2.027,2.043,1852731.0,440025325.00
20170406,2.044,2.050,2.035,2.045,2820088.0,671762803.00
20170407,2.046,2.050,2.037,2.045,1548983.0,369035940.00
20170410,2.045,2.048,2.039,2.039,1296305.0,308739449.00
20170411,2.036,2.044,2.019,2.040,2574388.0,609633420.00
20170412,2.037,2.043,2.025,2.036,1530671.0,363534272.00
20170413,2.033,2.037,2.029,2.030,1756562.0,416071549.00
20170414,2.030,2.030,2.012,2.016,2096911.0,493751968.00
20170417,2.014,2.021,2.005,2.018,2794262.0,655265124.00
20170418,2.016,2.017,2.004,2.006,1423344.0,333776998.00
20170419,2.001,2.003,1.984,1.992,3465282.0,805082762.00
20170420,1.990,2.001,1.990,2.000,1851907.0,430719319.00
20170421,2.000,2.012,1.999,2.008,2031211.0,474885246.00
20170424,2.009,2.010,1.993,2.004,2487214.0,579523992.00
20170425,2.002,2.011,2.002,2.009,1745779.0,408621367.00
20170426,2.009,2.021,2.006,2.006,2282894.0,535630461.00
20170427,2.004,2.013,1.995,2.011,1543849.0,360522222.00
20170428,2.010,2.011,1.999,2.007,1834581.0,428708586.00
20170502,2.006,2.012,2.000,2.000,820257.0,191857354.00
20170503,2.000,2.006,1.994,1.994,1594104.0,371363612.00
20170504,1.994,1.999,1.985,1.990,1792657.0,416001123.00
20170505,1.988,1.988,1.970,1.984,2671015.0,616193677.00
20170508,1.979,1.990,1.971,1.988,3890832.0,898767925.00
20170509,1.983,1.989,1.982,1.986,1456514.0,337121159.00
20170510,1.987,2.000,1.987,1.991,2566048.0,596815560.00
20170511,1.987,2.005,1.986,2.002,2921606.0,679858476.00
20170512,2.000,2.033,2.000,2.033,5479669.0,1292245511.00
20170515,2.036,2.049,2.035,2.036,1804525.0,429557309.00
20170516,2.031,2.041,2.024,2.041,1872077.0,443240905.00
20170517,2.037,2.040,2.022,2.023,1570248.0,371254876.00
20170518,2.013,2.022,2.011,2.016,1901212.0,447008176.00
20170519,2.015,2.022,2.013,2.020,1394331.0,328209327.00
20170522,2.021,2.039,2.019,2.036,2710722.0,641943720.00
20170523,2.033,2.062,2.033,2.061,4897236.0,1171074128.00
20170524,2.060,2.064,2.041,2.058,2836901.0,678155348.00
20170525,2.054,2.125,2.053,2.119,4586789.0,1120059729.00
20170526,2.114,2.128,2.105,2.115,2042687.0,504004880.00
20170531,2.120,2.145,2.106,2.123,2429730.0,601892730.00
20170601,2.121,2.139,2.109,2.136,1880518.0,466017585.00
20170602,2.136,2.139,2.115,2.119,2081019.0,515903877.00
20170605,2.110,2.118,2.092,2.095,2236129.0,547064792.00
20170606,2.092,2.112,2.092,2.108,2596411.0,636737599.00
20170607,2.110,2.136,2.108,2.127,2287067.0,566547580.00
20170608,2.126,2.150,2.120,2.145,2505981.0,623395986.00
20170609,2.145,2.173,2.145,2.159,3358548.0,846437756.00
20170612,2.154,2.180,2.151,2.157,2400504.0,605919107.00
20170613,2.153,2.157,2.139,2.155,2253672.0,564894073.00
20170614,2.153,2.153,2.127,2.129,2865079.0,713097826.00
20170615,2.127,2.135,2.109,2.115,3417638.0,843876082.00
20170616,2.115,2.125,2.106,2.110,2421800.0,597936179.00
20170619,2.111,2.144,2.111,2.142,2588611.0,643698527.00
20170620,2.145,2.150,2.126,2.130,1787608.0,444674563.00
20170621,2.143,2.153,2.124,2.152,3144251.0,784552428.00
20170622,2.148,2.192,2.139,2.165,5262391.0,1331571257.00
20170623,2.161,2.182,2.151,2.181,2881168.0,727611538.00
20170626,2.182,2.205,2.181,2.191,3383752.0,865557808.00
20170627,2.187,2.203,2.180,2.199,3131230.0,798792323.00
20170628,2.194,2.205,2.185,2.186,2585744.0,661507490.00
20170629,2.188,2.201,2.182,2.200,1889145.0,482832285.00
20170630,2.189,2.199,2.185,2.194,1796644.0,459093560.00
20170703,2.198,2.199,2.173,2.181,1763846.0,448670070.00
20170704,2.180,2.184,2.160,2.162,2422040.0,611710897.00
20170705,2.161,2.201,2.160,2.199,2455481.0,624557876.00
20170706,2.193,2.211,2.187,2.202,2155174.0,552379766.00
20170707,2.199,2.204,2.188,2.197,2380477.0,609064809.00
20170710,2.195,2.215,2.191,2.209,2457108.0,632294050.00
20170711,2.207,2.252,2.206,2.234,3741320.0,973481005.00
20170712,2.231,2.261,2.220,2.228,3300303.0,862912043.00
20170713,2.231,2.264,2.228,2.263,3178567.0,833342746.00
20170714,2.265,2.287,2.257,2.286,2483724.0,657625261.00
20170717,2.289,2.320,2.262,2.290,7414212.0,1982213051.00
20170718,2.283,2.299,2.260,2.281,5012166.0,1332585903.00
20170719,2.282,2.319,2.281,2.318,4137178.0,1111089333.00
20170720,2.314,2.326,2.305,2.325,4311090.0,1162782113.00
20170721,2.316,2.320,2.296,2.299,3724236.0,1003156640.00
20170724,2.294,2.325,2.294,2.316,3115064.0,840334898.00
20170725,2.316,2.325,2.300,2.302,3742524.0,1009062253.00
20170726,2.301,2.320,2.282,2.296,4600481.0,1232188007.00
20170727,2.293,2.303,2.278,2.296,2331159.0,622126836.00
20170728,2.293,2.304,2.286,2.299,1610682.0,431091446.00
20170731,2.297,2.309,2.291,2.301,2307538.0,619016748.00
20170801,2.302,2.338,2.300,2.337,3144038.0,851505649.00
20170802,2.338,2.352,2.333,2.340,3308423.0,903398752.00
20170803,2.337,2.348,2.307,2.307,4339767.0,1177029802.00
20170804,2.305,2.315,2.290,2.291,2245588.0,603190552.00
20170807,2.288,2.307,2.281,2.298,1938120.0,518280896.00
20170808,2.298,2.304,2.287,2.301,1451225.0,388381988.00
20170809,2.297,2.299,2.284,2.285,2038579.0,544395763.00
20170810,2.284,2.301,2.261,2.277,3478412.0,923917043.00
20170811,2.264,2.271,2.239,2.241,3271999.0,858942038.00
20170814,2.246,2.268,2.241,2.260,3423437.0,900227536.00
20170815,2.263,2.289,2.260,2.274,3522193.0,935916272.00
20170816,2.270,2.272,2.257,2.265,1779781.0,469575470.00
20170817,2.267,2.277,2.262,2.275,1425335.0,377434915.00
20170818,2.268,2.290,2.265,2.285,2771559.0,736443817.00
20170821,2.287,2.298,2.278,2.284,2303134.0,613895616.00
20170822,2.289,2.308,2.284,2.307,3995656.0,1069243705.00
20170823,2.307,2.334,2.304,2.323,3033890.0,820917331.00
20170824,2.324,2.337,2.308,2.314,2450098.0,662794931.00
20170825,2.314,2.367,2.312,2.365,4899013.0,1341031730.00
20170828,2.372,2.417,2.372,2.392,5554768.0,1551719210.00
20170829,2.390,2.399,2.382,2.392,3519969.0,980874792.00
20170830,2.392,2.413,2.377,2.380,3649440.0,1019236220.00
20170831,2.383,2.391,2.362,2.373,5842383.0,1615413585.00
20170901,2.372,2.389,2.361,2.368,4044970.0,1119582562.00
20170904,2.366,2.373,2.355,2.371,2968715.0,818298908.00
20170905,2.370,2.396,2.370,2.386,3175202.0,881639715.00
20170906,2.380,2.383,2.365,2.371,3091919.0,855409418.00
20170907,2.374,2.378,2.350,2.353,2675442.0,737847090.00
20170908,2.354,2.362,2.342,2.349,1906751.0,522797028.00
20170911,2.354,2.369,2.338,2.342,3864359.0,1059500054.00
20170912,2.346,2.358,2.338,2.356,3787961.0,1036486704.00
20170913,2.354,2.356,2.342,2.350,3070605.0,840991788.00
20170914,2.350,2.356,2.329,2.335,2794696.0,762805558.00
20170915,2.334,2.341,2.326,2.335,2610550.0,710081234.00
20170918,2.337,2.356,2.337,2.341,3199706.0,875334839.00
20170919,2.343,2.349,2.325,2.333,3095470.0,843077912.00
20170920,2.332,2.339,2.326,2.331,2210194.0,601113718.00
20170921,2.330,2.353,2.326,2.340,2760949.0,752931508.00
20170922,2.336,2.348,2.328,2.341,2745850.0,748261030.00
20170925,2.335,2.344,2.331,2.341,3447473.0,939970632.00
20170926,2.339,2.346,2.337,2.343,2489844.0,679930009.00
20170927,2.342,2.342,2.325,2.326,6482281.0,1762188432.00
20170928,2.326,2.330,2.320,2.329,2659988.0,720843993.00
20170929,2.331,2.346,2.330,2.338,4708403.0,1285131965.00
20171009,2.392,2.401,2.353,2.359,5753671.0,1594735054.00
20171010,2.358,2.371,2.340,2.356,5950614.0,1630410615.00
20171011,2.356,2.374,2.356,2.369,3333772.0,919223942.00
20171012,2.368,2.382,2.362,2.379,2035754.0,563156715.00
20171013,2.378,2.380,2.373,2.377,1618771.0,448532364.00
20171016,2.376,2.396,2.376,2.386,3127203.0,870273124.00
20171017,2.385,2.390,2.378,2.384,2424663.0,673853132.00
20171018,2.384,2.406,2.382,2.404,6735698.0,1880157944.00
20171019,2.403,2.408,2.399,2.407,3276864.0,918435306.00
20171020,2.402,2.402,2.392,2.393,1827301.0,510153664.00
20171023,2.398,2.400,2.387,2.394,2383304.0,664897947.00
20171024,2.389,2.413,2.389,2.407,5566144.0,1560121894.00
20171025,2.406,2.410,2.400,2.404,3599678.0,1009114451.00
20171026,2.409,2.439,2.405,2.425,5212543.0,1472197243.00
20171027,2.425,2.465,2.422,2.465,3332629.0,949395897.00
20171030,2.463,2.467,2.432,2.454,5200350.0,1484354162.00
20171031,2.446,2.446,2.436,2.446,2181659.0,620794163.00
20171101,2.446,2.462,2.433,2.438,3781253.0,1078666947.00
20171102,2.434,2.443,2.425,2.442,4102266.0,1163057145.00
20171103,2.440,2.449,2.424,2.446,5519149.0,1567597933.00
20171106,2.441,2.443,2.428,2.439,2854825.0,810443077.00
20171107,2.439,2.473,2.439,2.466,6218318.0,1784292760.00
20171108,2.465,2.487,2.459,2.465,5710532.0,1644910059.00
20171109,2.463,2.476,2.458,2.475,4269429.0,1226904798.00
20171110,2.473,2.507,2.471,2.503,6372702.0,1847851071.00
20171113,2.506,2.521,2.503,2.512,2990331.0,876122558.00
20171114,2.513,2.518,2.496,2.499,4718732.0,1376845137.00
20171115,2.493,2.502,2.484,2.489,5185719.0,1505444521.00
20171116,2.483,2.518,2.482,2.515,4311724.0,1257602101.00
20171117,2.509,2.567,2.507,2.565,9210089.0,2723057023.00
20171120,2.554,2.570,2.533,2.570,5980591.0,1778111161.00
20171121,2.561,2.634,2.557,2.613,8072463.0,2454631041.00
20171122,2.621,2.654,2.613,2.631,6521079.0,2002279538.00
20171123,2.627,2.639,2.546,2.566,10107565.0,3061423992.00
20171124,2.562,2.577,2.542,2.565,5941973.0,1771682846.00
20171127,2.559,2.564,2.521,2.544,6937885.0,2053789717.00
20171128,2.541,2.542,2.512,2.529,5085750.0,1472221711.00
20171129,2.536,2.546,2.496,2.524,4044882.0,1167154680.00
20171130,2.516,2.531,2.489,2.496,6357419.0,1825466241.00
20171201,2.498,2.504,2.474,2.479,4639455.0,1320220344.00
20171204,2.470,2.505,2.463,2.496,2938001.0,837777504.00
20171205,2.489,2.550,2.487,2.540,8923698.0,2581142589.00
20171206,2.532,2.532,2.483,2.508,4660555.0,1340233057.00
20171207,2.507,2.513,2.468,2.484,5970121.0,1699303808.00
20171208,2.480,2.510,2.474,2.502,4890595.0,1395786224.00
20171211,2.502,2.532,2.495,2.531,3870458.0,1114818405.00
20171212,2.529,2.535,2.485,2.486,3941618.0,1133773016.00
20171213,2.489,2.514,2.477,2.507,5433994.0,1552969481.00
20171214,2.507,2.514,2.482,2.489,4566913.0,1303628490.00
20171215,2.483,2.488,2.458,2.460,4522940.0,1279876829.00
20171218,2.459,2.483,2.459,2.470,4561371.0,1290558354.00
20171219,2.471,2.508,2.470,2.507,5188905.0,1482025036.00
20171220,2.507,2.520,2.499,2.512,4072171.0,1169432847.00
20171221,2.507,2.540,2.498,2.527,5742876.0,1661198953.00
20171222,2.522,2.531,2.510,2.514,4101170.0,1184147248.00
20171225,2.513,2.545,2.503,2.512,5042697.0,1457666986.00
20171226,2.513,2.530,2.503,2.527,4927680.0,1420345129.00
20171227,2.522,2.527,2.469,2.475,8582376.0,2450851505.00
20171228,2.479,2.507,2.471,2.494,4516756.0,1288132419.00
20171229,2.496,2.510,2.488,2.496,2741056.0,783342458.00
20180102,2.502,2.541,2.500,2.539,4776970.0,1383492080.00
20180103,2.541,2.572,2.538,2.543,5708742.0,1668821383.00
20180104,2.544,2.561,2.541,2.550,3084130.0,900344767.00
20180105,2.551,2.566,2.547,2.562,3220088.0,942526280.00
20180108,2.557,2.578,2.555,2.571,3125530.0,918485934.00
20180109,2.570,2.594,2.569,2.594,3097112.0,916676148.00
20180110,2.591,2.617,2.585,2.615,4779056.0,1423989574.00
20180111,2.610,2.625,2.602,2.612,3227392.0,965216953.00
20180112,2.612,2.638,2.612,2.636,3187761.0,957658309.00
20180115,2.639,2.677,2.636,2.658,5852667.0,1781827856.00
20180116,2.652,2.677,2.650,2.676,4702502.0,1432989391.00
20180117,2.676,2.731,2.668,2.682,8383916.0,2590198891.00
20180118,2.699,2.727,2.692,2.713,6123523.0,1898899830.00
20180119,2.722,2.743,2.704,2.719,7679212.0,2397934043.00
20180122,2.710,2.742,2.701,2.733,6080782.0,1899510274.00
20180123,2.740,2.773,2.740,2.771,9355638.0,2953636240.00
20180124,2.781,2.791,2.748,2.771,8496426.0,2699437535.00
20180125,2.764,2.770,2.726,2.751,6424868.0,2022418278.00
20180126,2.747,2.791,2.743,2.770,5974380.0,1895127949.00
20180129,2.778,2.789,2.710,2.720,7415258.0,2340129048.00
20180130,2.713,2.729,2.683,2.686,4501058.0,1394189793.00
20180131,2.676,2.723,2.674,2.719,5737693.0,1775467538.00
20180201,2.721,2.739,2.704,2.737,7010665.0,2186595086.00
20180202,2.716,2.750,2.687,2.747,7292157.0,2272216717.00
20180205,2.713,2.778,2.707,2.778,8264981.0,2594426926.00
20180206,2.735,2.748,2.698,2.716,17298860.0,5384711724.00
20180207,2.744,2.762,2.632,2.640,13889274.0,4266528853.00
20180208,2.620,2.634,2.539,2.567,12060134.0,3578899060.00
20180209,2.490,2.514,2.370,2.448,18486013.0,5148844906.00
20180212,2.447,2.465,2.419,2.446,7828896.0,2193227398.00
20180213,2.471,2.519,2.470,2.488,6035503.0,1723677927.00
20180214,2.495,2.509,2.478,2.503,2596548.0,741460212.00
20180222,2.539,2.567,2.528,2.555,3632410.0,1059208022.00
20180223,2.563,2.587,2.554,2.581,3510744.0,1032836958.00
20180226,2.594,2.611,2.557,2.590,6511913.0,1927924081.00
20180227,2.597,2.599,2.543,2.550,6385342.0,1873449111.00
20180228,2.531,2.535,2.496,2.508,6043608.0,1741070931.00
20180301,2.491,2.536,2.488,2.519,4505127.0,1298810206.00
20180302,2.500,2.519,2.486,2.495,3424885.0,980550490.00
20180305,2.496,2.523,2.478,2.494,4844539.0,1385442491.00
20180306,2.511,2.523,2.472,2.522,5321614.0,1525238009.00
20180307,2.522,2.548,2.497,2.508,6929035.0,2001643050.00
20180308,2.509,2.531,2.498,2.527,3382254.0,975051054.00
20180309,2.533,2.544,2.520,2.536,4157863.0,1205019645.00
20180312,2.547,2.553,2.528,2.537,5242508.0,1524123075.00
20180313,2.538,2.547,2.506,2.509,6110263.0,1764288853.00
20180314,2.502,2.510,2.492,2.501,3079108.0,881510460.00
20180315,2.495,2.525,2.491,2.524,3327447.0,958410016.00
20180316,2.525,2.537,2.499,2.500,4296440.0,1239769679.00
20180319,2.501,2.527,2.489,2.526,4183281.0,1201754748.00
20180320,2.512,2.534,2.508,2.529,3095612.0,892921489.00
20180321,2.550,2.554,2.508,2.519,4386752.0,1273673068.00
20180322,2.520,2.531,2.482,2.495,4467999.0,1279916650.00
20180323,2.428,2.440,2.396,2.429,6577138.0,1824960347.00
20180326,2.414,2.418,2.360,2.388,6158116.0,1683043369.00
20180327,2.415,2.423,2.373,2.392,5944176.0,1631765668.00
20180328,2.367,2.393,2.339,2.348,6802531.0,1838408907.00
20180329,2.351,2.405,2.315,2.388,7055855.0,1905708016.00
20180330,2.387,2.389,2.365,2.370,5197398.0,1414041470.00
20180402,2.367,2.403,2.354,2.360,5701730.0,1550314340.00
20180403,2.343,2.365,2.337,2.352,4126589.0,1109466828.00
20180404,2.360,2.380,2.348,2.353,4260190.0,1153924587.00
20180409,2.357,2.372,2.343,2.368,4457497.0,1205290004.00
20180410,2.370,2.425,2.363,2.424,6981827.0,1911887307.00
20180411,2.424,2.441,2.412,2.424,7025353.0,1952370825.00
20180412,2.424,2.426,2.393,2.395,4629887.0,1277055672.00
20180413,2.406,2.414,2.371,2.373,4384862.0,1199489591.00
20180416,2.365,2.374,2.315,2.319,6860905.0,1834639042.00
20180417,2.324,2.339,2.290,2.294,7427396.0,1970885393.00
20180418,2.322,2.325,2.287,2.308,8331652.0,2200641845.00
20180419,2.316,2.348,2.311,2.337,5487971.0,1466478935.00
20180420,2.328,2.335,2.292,2.303,7326092.0,1936764933.00
20180423,2.293,2.328,2.293,2.322,5832207.0,1545776179.00
20180424,2.326,2.386,2.326,2.374,10363734.0,2805969429.00
20180425,2.361,2.369,2.350,2.352,5765261.0,1556493754.00
20180426,2.362,2.368,2.309,2.319,5129491.0,1370684895.00
20180427,2.328,2.330,2.274,2.308,8263366.0,2179340237.00
20180502,2.316,2.325,2.296,2.311,5254244.0,1390071333.00
20180503,2.305,2.329,2.286,2.318,4991656.0,1319272213.00
20180504,2.313,2.324,2.299,2.301,4249559.0,1124222082.00
20180507,2.308,2.340,2.295,2.336,5610542.0,1491859998.00
20180508,2.336,2.382,2.335,2.371,7808507.0,2113864275.00
20180509,2.369,2.373,2.356,2.368,3486344.0,943859483.00
20180510,2.372,2.388,2.360,2.378,5215803.0,1417977080.00
20180511,2.384,2.387,2.370,2.372,4103602.0,1117242122.00
20180514,2.380,2.405,2.380,2.398,5675991.0,1556725463.00
20180515,2.404,2.405,2.377,2.393,3967040.0,1084784173.00
20180516,2.386,2.389,2.360,2.363,6786815.0,1843251978.00
20180517,2.368,2.371,2.348,2.349,3661169.0,988869765.00
20180518,2.350,2.388,2.343,2.387,6539614.0,1771701744.00
20180521,2.403,2.409,2.383,2.390,6719152.0,1844031441.00
20180522,2.390,2.391,2.358,2.373,6090915.0,1654159201.00
20180523,2.368,2.368,2.332,2.334,7872361.0,2113780908.00
20180524,2.335,2.343,2.318,2.319,3345195.0,893110906.00
20180525,2.322,2.336,2.309,2.318,3615520.0,962077763.00
20180528,2.322,2.341,2.313,2.330,5349198.0,1425988590.00
20180529,2.329,2.333,2.302,2.319,5280081.0,1400824237.00
20180530,2.298,2.299,2.271,2.272,6091947.0,1595058091.00
20180531,2.288,2.321,2.286,2.315,5139408.0,1354095280.00
20180601,2.309,2.322,2.299,2.308,3435158.0,907807495.00
20180604,2.321,2.349,2.313,2.346,4922161.0,1317343680.00
20180605,2.345,2.361,2.335,2.355,3718050.0,999840662.00
20180606,2.351,2.354,2.343,2.346,2749741.0,739259816.00
20180607,2.355,2.373,2.350,2.353,4520974.0,1221341436.00
20180608,2.351,2.351,2.307,2.316,4472014.0,1190246531.00
20180611,2.311,2.331,2.304,2.326,3768374.0,1000289958.00
20180612,2.326,2.355,2.317,2.348,4969068.0,1330752122.00
20180613,2.343,2.347,2.329,2.334,3181872.0,852019566.00
20180614,2.324,2.356,2.324,2.336,5035938.0,1347711515.00
20180615,2.337,2.350,2.330,2.339,4369380.0,1171635382.00
20180619,2.319,2.325,2.256,2.281,8671085.0,2283778528.00
20180620,2.273,2.289,2.257,2.280,4734112.0,1233404982.00
20180621,2.281,2.307,2.263,2.264,6144921.0,1611735975.00
20180622,2.258,2.275,2.246,2.269,5145070.0,1331163478.00
20180625,2.277,2.283,2.224,2.226,5451130.0,1407392107.00
20180626,2.215,2.215,2.169,2.201,6896945.0,1734785970.00
20180627,2.197,2.210,2.141,2.153,7526618.0,1868552495.00
20180628,2.141,2.166,2.125,2.132,4680164.0,1148721672.00
20180629,2.141,2.184,2.138,2.179,5735634.0,1420601354.00
20180702,2.175,2.175,2.085,2.098,7882834.0,1927517679.00
20180703,2.107,2.111,2.053,2.105,7498297.0,1794299172.00
20180704,2.100,2.116,2.082,2.088,4279748.0,1028244125.00
20180705,2.088,2.113,2.071,2.088,4806742.0,1151142241.00
20180706,2.095,2.136,2.070,2.118,7491591.0,1808783334.00
20180709,2.128,2.181,2.127,2.180,6107861.0,1508009102.00
20180710,2.179,2.184,2.159,2.177,4163678.0,1035850728.00
20180711,2.136,2.153,2.122,2.143,5042944.0,1235755085.00
20180712,2.142,2.204,2.142,2.188,5398262.0,1346598281.00
20180713,2.195,2.198,2.182,2.191,3347763.0,839484675.00
20180716,2.191,2.205,2.164,2.175,3981412.0,992598503.00
20180717,2.174,2.177,2.148,2.162,4208749.0,1040571099.00
20180718,2.167,2.188,2.150,2.151,5627098.0,1397269596.00
20180719,2.161,2.184,2.151,2.161,3966762.0,983572899.00
20180720,2.161,2.230,2.142,2.219,9077772.0,2276190185.00
20180723,2.207,2.253,2.205,2.244,7761373.0,1981644976.00
20180724,2.250,2.294,2.250,2.280,6654713.0,1737849206.00
20180725,2.288,2.289,2.269,2.279,3908850.0,1019348349.00
20180726,2.283,2.293,2.247,2.249,3793583.0,984700356.00
20180727,2.249,2.263,2.239,2.249,4064616.0,1047116177.00
20180730,2.243,2.280,2.240,2.260,5541798.0,1432906028.00
20180731,2.257,2.276,2.247,2.267,4770616.0,1234773033.00
20180801,2.277,2.289,2.212,2.216,6281027.0,1620680737.00
20180802,2.208,2.214,2.149,2.170,7211972.0,1799665064.00
20180803,2.170,2.183,2.145,2.146,4492235.0,1114037048.00
20180806,2.147,2.178,2.129,2.144,6107523.0,1505697491.00
20180807,2.150,2.211,2.144,2.210,6747789.0,1681969650.00
20180808,2.205,2.210,2.173,2.178,5046803.0,1266377786.00
20180809,2.171,2.235,2.169,2.228,5629503.0,1428628900.00
20180810,2.228,2.242,2.212,2.228,5303562.0,1352598133.00
20180813,2.209,2.217,2.175,2.206,5088586.0,1280851450.00
20180814,2.204,2.212,2.185,2.199,4013338.0,1009904102.00
20180815,2.198,2.198,2.139,2.143,5204053.0,1289373593.00
20180816,2.123,2.167,2.104,2.143,7376080.0,1809777876.00
20180817,2.162,2.164,2.108,2.114,6223785.0,1521311297.00
20180820,2.120,2.149,2.112,2.147,5971887.0,1457281951.00
20180821,2.149,2.192,2.145,2.180,7343200.0,1829181714.00
20180822,2.191,2.191,2.169,2.183,5712116.0,1425145025.00
20180823,2.184,2.204,2.168,2.191,4828294.0,1210743787.00
20180824,2.184,2.224,2.170,2.204,4602932.0,1157069156.00
20180827,2.213,2.246,2.210,2.246,4604967.0,1175414969.00
20180828,2.249,2.256,2.230,2.236,2902311.0,744864639.00
20180829,2.233,2.239,2.226,2.230,2354116.0,601329629.00
20180830,2.233,2.245,2.208,2.212,3425790.0,872319225.00
20180831,2.192,2.219,2.186,2.202,5658302.0,1426387351.00
20180903,2.191,2.201,2.177,2.194,3499668.0,878201625.00
20180904,2.196,2.234,2.183,2.227,5871698.0,1487512798.00
20180905,2.216,2.221,2.170,2.172,6162962.0,1548682801.00
20180906,2.170,2.185,2.147,2.154,4450224.0,1104004931.00
20180907,2.161,2.192,2.154,2.176,4721382.0,1175338288.00
20180910,2.170,2.179,2.152,2.154,5473959.0,1353494447.00
20180911,2.152,2.163,2.131,2.139,7483562.0,1840034079.00
20180912,2.135,2.141,2.119,2.124,5386638.0,1312714761.00
20180913,2.150,2.158,2.126,2.154,7191134.0,1763511049.00
20180914,2.157,2.171,2.149,2.162,4774951.0,1181294349.00
20180917,2.149,2.157,2.139,2.142,3587507.0,881489679.00
20180918,2.135,2.197,2.132,2.195,6257165.0,1553404157.00
20180919,2.190,2.233,2.185,2.217,11346627.0,2875976142.00
20180920,2.219,2.232,2.214,2.219,5630914.0,1432342703.00
20180921,2.224,2.303,2.219,2.299,12526019.0,3237850345.00
20180925,2.272,2.281,2.262,2.271,8793921.0,2289129051.00
20180926,2.278,2.328,2.277,2.304,12509340.0,3303371020.00
20180927,2.297,2.305,2.285,2.295,7091972.0,1863219042.00
20180928,2.301,2.336,2.301,2.322,9357883.0,2482063284.00
20181008,2.271,2.280,2.210,2.212,13812960.0,3549752821.00
20181009,2.215,2.235,2.207,2.223,6857269.0,1744365478.00
20181010,2.226,2.244,2.203,2.223,9237275.0,2352262291.00
20181011,2.153,2.181,2.109,2.130,17201447.0,4237190646.00
20181012,2.136,2.188,2.133,2.178,11914450.0,2944757011.00
20181015,2.182,2.183,2.148,2.151,7111627.0,1761238494.00
20181016,2.154,2.192,2.143,2.155,10289539.0,2553136179.00
20181017,2.183,2.189,2.123,2.164,15095397.0,3739517266.00
20181018,2.149,2.152,2.111,2.113,8560992.0,2089517335.00
20181019,2.095,2.184,2.091,2.176,14075977.0,3459759479.00
20181022,2.210,2.289,2.193,2.270,21739074.0,5601993715.00
20181023,2.264,2.270,2.182,2.193,17429975.0,4447503080.00
20181024,2.189,2.253,2.189,2.205,17119307.0,4342598099.00
20181025,2.157,2.216,2.150,2.211,10730785.0,2680100188.00
20181026,2.216,2.227,2.177,2.198,9156340.0,2307347593.00
20181029,2.192,2.205,2.115,2.123,13053057.0,3208841956.00
20181030,2.117,2.180,2.115,2.151,13959948.0,3433249609.00
20181031,2.159,2.191,2.147,2.180,11289132.0,2806521874.00
20181101,2.201,2.226,2.185,2.190,10972874.0,2772464245.00
20181102,2.245,2.267,2.215,2.266,17200345.0,4417454630.00
20181105,2.247,2.247,2.218,2.234,7506374.0,1919837120.00
20181106,2.230,2.234,2.207,2.224,7271512.0,1847724176.00
20181107,2.227,2.246,2.205,2.208,7524801.0,1914198097.00
20181108,2.228,2.237,2.210,2.216,6577376.0,1673227225.00
20181109,2.201,2.201,2.166,2.166,12441089.0,3107304443.00
20181112,2.164,2.179,2.155,2.175,7608103.0,1889158465.00
20181113,2.150,2.205,2.147,2.191,9301776.0,2315689623.00
20181114,2.190,2.191,2.158,2.162,6731566.0,1673788381.00
20181115,2.162,2.189,2.161,2.188,6636932.0,1655348237.00
20181116,2.189,2.210,2.174,2.190,8651753.0,2173632881.00
20181119,2.193,2.219,2.193,2.219,8821221.0,2230974011.00
20181120,2.204,2.212,2.176,2.182,7450939.0,1869895570.00
20181121,2.166,2.186,2.163,2.181,6759450.0,1684666465.00
20181122,2.184,2.187,2.157,2.169,6037057.0,1498767906.00
20181123,2.168,2.174,2.129,2.133,7557891.0,1859303052.00
20181126,2.143,2.157,2.129,2.140,9171852.0,2248868030.00
20181127,2.143,2.150,2.124,2.130,7923000.0,1938288584.00
20181128,2.131,2.159,2.130,2.154,9237852.0,2270958157.00
20181129,2.165,2.171,2.141,2.143,5094377.0,1258887035.00
20181130,2.140,2.165,2.138,2.161,6303394.0,1554387434.00
20181203,2.216,2.219,2.192,2.209,7429891.0,1844693591.00
20181204,2.209,2.221,2.202,2.216,5166924.0,1284125862.00
20181205,2.194,2.215,2.193,2.206,6437242.0,1595598317.00
20181206,2.185,2.189,2.163,2.165,10326016.0,2520416104.00
20181207,2.171,2.174,2.158,2.158,7015264.0,1707456849.00
20181210,2.146,2.157,2.134,2.143,8166439.0,1966348639.00
20181211,2.143,2.151,2.139,2.147,7180797.0,1730496316.00
20181212,2.161,2.163,2.146,2.153,6210199.0,1503005768.00
20181213,2.154,2.193,2.154,2.183,8958024.0,2194111740.00
20181214,2.176,2.176,2.155,2.156,6044367.0,1469223498.00
20181217,2.152,2.161,2.142,2.153,9597185.0,2320703537.00
20181218,2.143,2.156,2.123,2.128,8157812.0,1959459227.00
20181219,2.130,2.134,2.099,2.104,6794289.0,1616954830.00
20181220,2.100,2.108,2.057,2.074,8889662.0,2075575600.00
20181221,2.066,2.069,2.031,2.048,7960322.0,1827648110.00
20181224,2.037,2.056,2.030,2.050,8199044.0,1882592032.00
20181225,2.031,2.052,2.003,2.040,16703674.0,3799465808.00
20181226,2.037,2.044,2.021,2.024,11515722.0,2628114094.00
20181227,2.050,2.055,2.018,2.024,6936089.0,1588103576.00
20181228,2.026,2.049,2.023,2.034,9505151.0,2173070031.00
20190102,2.039,2.041,1.999,2.007,7570764.0,1712496852.00
20190103,2.007,2.032,2.002,2.012,6237331.0,1412693946.00
20190104,2.000,2.057,1.999,2.056,10940849.0,2504025088.00
20190107,2.064,2.069,2.046,2.053,5897834.0,1362653387.00
20190108,2.053,2.053,2.041,2.047,3908305.0,898453538.00
20190109,2.058,2.094,2.056,2.069,10274108.0,2401047910.00
20190110,2.069,2.082,2.059,2.072,5419559.0,1261251534.00
20190111,2.074,2.096,2.072,2.088,6140104.0,1438014466.00
20190114,2.084,2.088,2.068,2.069,4351588.0,1014762934.00
20190115,2.073,2.111,2.072,2.109,11551682.0,2720673357.00
20190116,2.107,2.115,2.097,2.112,4770962.0,1129702841.00
20190117,2.116,2.128,2.102,2.104,3965942.0,942012678.00
20190118,2.113,2.148,2.112,2.144,6251104.0,1498472809.00
20190121,2.142,2.169,2.141,2.157,5361803.0,1300447871.00
20190122,2.156,2.156,2.127,2.132,6184660.0,1485736010.00
20190123,2.126,2.143,2.121,2.128,5503876.0,1318478513.00
20190124,2.131,2.142,2.115,2.138,5484315.0,1314224680.00
20190125,2.146,2.176,2.142,2.165,8426651.0,2049554355.00
20190128,2.177,2.193,2.154,2.162,4639326.0,1135339866.00
20190129,2.159,2.184,2.151,2.178,5789639.0,1409218099.00
20190130,2.167,2.185,2.163,2.169,4510495.0,1101487890.00
20190131,2.177,2.205,2.174,2.201,7068258.0,1743023618.00
20190201,2.216,2.219,2.197,2.217,5071088.0,1258934267.00
20190211,2.209,2.241,2.202,2.239,6242696.0,1560662785.00
20190212,2.240,2.250,2.230,2.246,4140549.0,1042670793.00
20190213,2.247,2.297,2.242,2.288,7008007.0,1787558222.00
20190214,2.282,2.294,2.275,2.284,7113019.0,1826332218.00
20190215,2.278,2.280,2.229,2.234,8525067.0,2159447808.00
20190218,2.250,2.290,2.250,2.288,11739115.0,3002852942.00
20190219,2.291,2.317,2.275,2.284,10788713.0,2781595168.00
20190220,2.297,2.303,2.278,2.293,4916327.0,1266630625.00
20190221,2.291,2.317,2.276,2.283,10241011.0,2639159388.00
20190222,2.280,2.331,2.266,2.330,8409185.0,2166137573.00
20190225,2.354,2.517,2.349,2.506,18873596.0,5123904640.00
20190226,2.492,2.492,2.418,2.427,17951760.0,4962554885.00
20190227,2.428,2.476,2.409,2.435,13528106.0,3716335330.00
20190228,2.435,2.454,2.424,2.435,7281764.0,1994954639.00
20190301,2.447,2.497,2.432,2.493,10116501.0,2797615029.00
20190304,2.510,2.578,2.490,2.505,15570769.0,4416759460.00
20190305,2.502,2.511,2.484,2.503,8937557.0,2508877950.00
20190306,2.502,2.520,2.471,2.509,12809075.0,3590201850.00
20190307,2.501,2.503,2.452,2.468,10880304.0,3026110293.00
20190308,2.426,2.438,2.377,2.380,11442307.0,3087545163.00
20190311,2.379,2.403,2.363,2.394,10446343.0,2799492683.00
20190312,2.416,2.442,2.391,2.403,13231733.0,3593093810.00
20190313,2.414,2.432,2.387,2.408,13146828.0,3561083447.00
20190314,2.403,2.435,2.402,2.411,10705055.0,2912476146.00
20190315,2.418,2.462,2.418,2.438,12821664.0,3515524300.00
20190318,2.441,2.504,2.433,2.502,13311526.0,3696610889.00
20190319,2.505,2.516,2.476,2.483,8228645.0,2306384742.00
20190320,2.477,2.507,2.465,2.486,10519820.0,2937599644.00
20190321,2.491,2.498,2.475,2.477,8080939.0,2256473755.00
20190322,2.477,2.490,2.450,2.471,7409310.0,2056814360.00
20190325,2.436,2.447,2.401,2.404,13741667.0,3744881138.00
20190326,2.420,2.424,2.385,2.395,8927310.0,2409066170.00
20190327,2.404,2.432,2.403,2.423,10458999.0,2843215117.00
20190328,2.414,2.426,2.395,2.419,5925132.0,1605788919.00
20190329,2.427,2.519,2.427,2.508,13937175.0,3894966398.00
20190401,2.527,2.576,2.527,2.557,12038079.0,3460511613.00
20190402,2.563,2.571,2.546,2.556,9152982.0,2630369288.00
20190403,2.542,2.590,2.536,2.581,8106146.0,2336498093.00
20190404,2.591,2.621,2.581,2.615,7566706.0,2212957462.00
20190408,2.634,2.664,2.597,2.619,9342055.0,2764710708.00
20190409,2.622,2.639,2.606,2.624,9051297.0,2668253389.00
20190410,2.616,2.653,2.599,2.637,11926745.0,3510648956.00
20190411,2.636,2.657,2.581,2.591,7894175.0,2318632150.00
20190412,2.582,2.597,2.572,2.586,7515562.0,2181532828.00
20190415,2.629,2.653,2.584,2.586,13319602.0,3931882427.00
20190416,2.579,2.678,2.573,2.677,13926162.0,4123776079.00
20190417,2.675,2.689,2.649,2.667,10581546.0,3173801877.00
20190418,2.665,2.671,2.649,2.658,6078747.0,1817812049.00
20190419,2.667,2.697,2.643,2.691,15202930.0,4568266831.00
20190422,2.694,2.700,2.618,2.632,14598093.0,4353392912.00
20190423,2.625,2.662,2.625,2.637,9439500.0,2798566589.00
20190424,2.644,2.653,2.593,2.632,10072455.0,2971978763.00
20190425,2.621,2.632,2.590,2.592,12397526.0,3635770753.00
20190426,2.581,2.597,2.559,2.563,11620134.0,3365424175.00
20190429,2.570,2.627,2.569,2.599,10222883.0,2986016015.00
20190430,2.598,2.614,2.583,2.605,6827256.0,1995072432.00
20190506,2.527,2.542,2.449,2.480,19548520.0,5474573473.00
20190507,2.492,2.507,2.458,2.483,12061676.0,3368606240.00
20190508,2.443,2.476,2.435,2.443,9503394.0,2617223945.00
20190509,2.432,2.435,2.375,2.390,12329123.0,3331285933.00
20190510,2.419,2.476,2.384,2.471,25998999.0,7138888384.00
20190513,2.443,2.447,2.419,2.425,7508046.0,2052475838.00
20190514,2.406,2.443,2.403,2.410,11686212.0,3185029723.00
20190515,2.427,2.474,2.426,2.460,10954325.0,3015406412.00
20190516,2.455,2.471,2.448,2.468,6532119.0,1806791510.00
20190517,2.468,2.472,2.416,2.423,13740253.0,3763471404.00
20190520,2.416,2.434,2.387,2.402,13070781.0,3535242146.00
20190521,2.403,2.446,2.402,2.422,14452587.0,3939878829.00
20190522,2.423,2.427,2.400,2.411,9612715.0,2605630745.00
20190523,2.402,2.408,2.374,2.382,8240925.0,2210094608.00
20190524,2.390,2.416,2.386,2.395,6255478.0,1686657720.00
20190527,2.391,2.425,2.366,2.415,7983517.0,2148945443.00
20190528,2.413,2.448,2.410,2.432,11145186.0,3048009609.00
20190529,2.421,2.469,2.417,2.445,7000035.0,1919156554.00
20190530,2.440,2.443,2.418,2.435,4434905.0,1211490177.00
20190531,2.431,2.456,2.424,2.427,4533678.0,1242478056.00
20190603,2.435,2.458,2.422,2.438,6299664.0,1726338571.00
20190604,2.437,2.444,2.414,2.422,5823471.0,1585352339.00
20190605,2.438,2.444,2.415,2.419,5269694.0,1440129993.00
20190606,2.420,2.427,2.404,2.406,4593769.0,1246423894.00
20190610,2.419,2.445,2.411,2.437,9330960.0,2553988948.00
20190611,2.447,2.507,2.445,2.504,11738006.0,3270626579.00
20190612,2.498,2.500,2.487,2.493,5692177.0,1594933404.00
20190613,2.491,2.500,2.471,2.488,6094716.0,1702766199.00
20190614,2.492,2.508,2.478,2.483,4515758.0,1265460733.00
20190617,2.481,2.505,2.481,2.491,3913233.0,1096691659.00
20190618,2.492,2.502,2.482,2.500,4759329.0,1334491956.00
20190619,2.562,2.574,2.539,2.541,8213251.0,2358019358.00
20190620,2.540,2.645,2.540,2.629,17341152.0,5058801128.00
20190621,2.629,2.643,2.619,2.628,11402715.0,3367203503.00
20190624,2.628,2.643,2.620,2.633,5417402.0,1602036930.00
20190625,2.632,2.633,2.570,2.597,15273855.0,4457214952.00
20190626,2.588,2.605,2.581,2.595,5756242.0,1678644628.00
20190627,2.603,2.638,2.603,2.629,6098190.0,1799610980.00
20190628,2.627,2.628,2.608,2.627,7428596.0,2186047094.00
20190701,2.670,2.696,2.665,2.687,13218484.0,3984858768.00
20190702,2.683,2.688,2.674,2.684,4508130.0,1358285837.00
20190703,2.676,2.678,2.649,2.658,8101843.0,2424420251.00
20190704,2.656,2.668,2.635,2.648,7114962.0,2121252772.00
20190705,2.645,2.663,2.638,2.658,6411849.0,1912867904.00
20190708,2.646,2.646,2.583,2.602,7758014.0,2276532476.00
20190709,2.599,2.611,2.584,2.593,5660119.0,1650904234.00
20190710,2.604,2.607,2.581,2.591,4265334.0,1244010826.00
20190711,2.604,2.628,2.590,2.600,5123220.0,1501606550.00
20190712,2.597,2.629,2.596,2.619,7320785.0,2154167295.00
20190715,2.607,2.638,2.570,2.618,9622977.0,2815471682.00
20190716,2.615,2.624,2.601,2.603,5231551.0,1533891663.00
20190717,2.593,2.610,2.585,2.595,3804581.0,1110768527.00
20190718,2.588,2.594,2.579,2.585,4467545.0,1299052287.00
20190719,2.595,2.623,2.595,2.616,6509143.0,1910318188.00
20190722,2.613,2.624,2.590,2.600,6672655.0,1956454820.00
20190723,2.602,2.609,2.594,2.601,8425271.0,2462523966.00
20190724,2.613,2.641,2.613,2.627,10018078.0,2959275919.00
20190725,2.627,2.650,2.623,2.649,5528144.0,1637314542.00
20190726,2.637,2.660,2.636,2.653,4163229.0,1239873847.00
20190729,2.651,2.654,2.640,2.650,3145172.0,935676418.00
20190730,2.652,2.671,2.652,2.659,3979921.0,1190965793.00
20190731,2.650,2.651,2.629,2.634,6560646.0,1943622290.00
20190801,2.621,2.630,2.602,2.612,5023138.0,1475959112.00
20190802,2.560,2.578,2.557,2.572,7014542.0,2024146287.00
20190805,2.557,2.559,2.519,2.523,7522352.0,2145626911.00
20190806,2.480,2.504,2.461,2.496,11694177.0,3261876318.00
20190807,2.502,2.506,2.483,2.484,7350606.0,2059570892.00
20190808,2.503,2.523,2.501,2.519,5916576.0,1669612156.00
20190809,2.532,2.534,2.504,2.509,3138770.0,888327551.00
20190812,2.517,2.555,2.516,2.553,3958124.0,1127560575.00
20190813,2.536,2.543,2.522,2.527,3207579.0,912252659.00
20190814,2.558,2.562,2.534,2.535,3482212.0,997247203.00
20190815,2.496,2.548,2.492,2.543,5062099.0,1436494171.00
20190816,2.548,2.573,2.537,2.554,4357908.0,1252569615.00
20190819,2.571,2.605,2.557,2.605,5579018.0,1618039293.00
20190820,2.598,2.607,2.593,2.599,4436124.0,1296068089.00
20190821,2.597,2.602,2.592,2.597,2688651.0,784777975.00
20190822,2.601,2.605,2.587,2.601,2809424.0,820219762.00
20190823,2.601,2.643,2.598,2.637,7074216.0,2089351380.00
20190826,2.605,2.610,2.585,2.593,7964338.0,2323615647.00
20190827,2.606,2.636,2.604,2.611,7415284.0,2183320682.00
20190828,2.602,2.613,2.588,2.591,8625730.0,2515547664.00
20190829,2.591,2.595,2.568,2.581,4889349.0,1417362508.00
20190830,2.601,2.610,2.581,2.595,5494816.0,1603901283.00
20190902,2.593,2.624,2.589,2.616,4084594.0,1199539751.00
20190903,2.616,2.621,2.604,2.615,2824525.0,829215970.00
20190904,2.614,2.648,2.613,2.645,4794114.0,1416593580.00
20190905,2.658,2.709,2.658,2.673,6385133.0,1924343117.00
20190906,2.690,2.704,2.678,2.702,4527298.0,1368192612.00
20190909,2.723,2.727,2.694,2.698,4750557.0,1444011673.00
20190910,2.698,2.707,2.679,2.688,6416862.0,1936516927.00
20190911,2.697,2.699,2.668,2.676,8706491.0,2622768828.00
20190912,2.682,2.717,2.682,2.711,4951925.0,1502170734.00
20190916,2.714,2.718,2.686,2.700,4111851.0,1247882461.00
20190917,2.693,2.694,2.648,2.658,7859068.0,2361227354.00
20190918,2.664,2.684,2.663,2.672,7980787.0,2397658641.00
20190919,2.679,2.683,2.660,2.676,3941838.0,1182882190.00
20190920,2.684,2.687,2.676,2.681,3830080.0,1153849185.00
20190923,2.670,2.672,2.642,2.653,5560055.0,1654327727.00
20190924,2.654,2.672,2.651,2.658,5994304.0,1793393951.00
20190925,2.651,2.662,2.643,2.649,6326637.0,1886061722.00
20190926,2.658,2.670,2.646,2.650,4586257.0,1370727772.00
20190927,2.649,2.654,2.639,2.650,3387130.0,1007239504.00
20190930,2.647,2.653,2.620,2.621,4467307.0,1324174176.00
20191008,2.621,2.657,2.620,2.641,6003259.0,1784081817.00
20191009,2.632,2.651,2.619,2.644,4298707.0,1273426610.00
20191010,2.644,2.662,2.633,2.658,2951435.0,878623812.00
20191011,2.669,2.705,2.663,2.698,5686825.0,1713277548.00
20191014,2.716,2.749,2.710,2.724,4739749.0,1453555171.00
20191015,2.721,2.730,2.718,2.725,2656609.0,813429352.00
20191016,2.726,2.753,2.710,2.715,4102418.0,1257989801.00
20191017,2.718,2.731,2.712,2.722,3398641.0,1039147467.00
20191018,2.727,2.737,2.678,2.682,5141967.0,1563773454.00
20191021,2.678,2.689,2.670,2.684,3413732.0,1028025229.00
20191022,2.691,2.695,2.675,2.686,3486246.0,1050936694.00
20191023,2.685,2.693,2.662,2.670,4353895.0,1310581680.00
20191024,2.673,2.690,2.663,2.677,3803104.0,1143688469.00
20191025,2.673,2.687,2.653,2.682,5081514.0,1524656787.00
20191028,2.686,2.702,2.678,2.694,3674721.0,1110622854.00
20191029,2.696,2.696,2.683,2.684,2263788.0,684330499.00
20191030,2.680,2.689,2.664,2.669,2951602.0,886655025.00
20191031,2.676,2.680,2.666,2.672,2619587.0,787118847.00
20191101,2.670,2.717,2.664,2.716,5038628.0,1527857332.00
20191104,2.720,2.734,2.719,2.731,4387744.0,1344948358.00
20191105,2.731,2.774,2.724,2.746,6570568.0,2029834237.00
20191106,2.741,2.751,2.733,2.740,3540065.0,1092278508.00
20191107,2.736,2.755,2.731,2.740,3692108.0,1137327429.00
20191108,2.758,2.759,2.722,2.723,3540707.0,1090653801.00
20191111,2.710,2.710,2.678,2.681,7559566.0,2289368583.00
20191112,2.687,2.692,2.670,2.685,3935588.0,1186118814.00
20191113,2.678,2.688,2.670,2.683,3217677.0,968824606.00
20191114,2.686,2.693,2.679,2.681,3014513.0,910020668.00
20191115,2.687,2.692,2.670,2.672,3839506.0,1156198502.00
20191118,2.672,2.701,2.668,2.694,3569864.0,1077301822.00
20191119,2.691,2.711,2.686,2.710,4246236.0,1289554456.00
20191120,2.709,2.709,2.675,2.681,3575295.0,1081041743.00
20191121,2.672,2.675,2.659,2.665,5816018.0,1742501109.00
20191122,2.669,2.683,2.631,2.640,7535545.0,2245917107.00
20191125,2.643,2.667,2.643,2.664,4084737.0,1219911155.00
20191126,2.671,2.678,2.659,2.663,5726171.0,1716517184.00
20191127,2.662,2.668,2.649,2.659,4464692.0,1334462301.00
20191128,2.660,2.667,2.644,2.650,3420941.0,1019563969.00
20191129,2.643,2.647,2.605,2.614,7572518.0,2232849793.00
20191202,2.614,2.626,2.612,2.615,2864324.0,831161814.00
20191203,2.610,2.625,2.595,2.624,2723413.0,788222654.00
20191204,2.615,2.621,2.604,2.619,2502162.0,724751426.00
20191205,2.625,2.641,2.625,2.635,4077374.0,1188894955.00
20191206,2.641,2.651,2.636,2.651,2904019.0,850151548.00
20191209,2.654,2.656,2.639,2.646,3558123.0,1042713436.00
20191210,2.640,2.650,2.637,2.648,2334625.0,684066277.00
20191211,2.657,2.663,2.644,2.660,4215219.0,1239191541.00
20191212,2.660,2.665,2.649,2.651,3473981.0,1021477679.00
20191213,2.675,2.713,2.675,2.708,6262289.0,1868407015.00
20191216,2.707,2.708,2.690,2.702,7394984.0,2208984009.00
20191217,2.703,2.753,2.697,2.731,6935913.0,2090222430.00
20191218,2.727,2.743,2.723,2.724,4853617.0,1469046619.00
20191219,2.727,2.729,2.714,2.717,3793251.0,1143438109.00
20191220,2.719,2.732,2.710,2.713,4723815.0,1423233622.00
20191223,2.711,2.725,2.686,2.689,5536351.0,1660823605.00
20191224,2.690,2.701,2.686,2.697,3596866.0,1073521696.00
20191225,2.694,2.695,2.679,2.690,4978454.0,1482332609.00
20191226,2.690,2.713,2.689,2.710,5075314.0,1518286393.00
20191227,2.713,2.744,2.710,2.716,6153843.0,1860126203.00
20191230,2.713,2.761,2.707,2.754,5714000.0,1733531710.00
20191231,2.750,2.762,2.743,2.761,4343767.0,1324084863.00
20200102,2.772,2.799,2.771,2.781,5154329.0,1589411884.00
20200103,2.788,2.790,2.766,2.770,3359493.0,1033552694.00
20200106,2.756,2.782,2.734,2.753,5843985.0,1788059233.00
20200107,2.759,2.775,2.754,2.764,3964978.0,1213624513.00
20200108,2.753,2.756,2.730,2.738,4421800.0,1343852756.00
20200109,2.754,2.765,2.750,2.760,3100534.0,947161689.00
20200110,2.769,2.772,2.755,2.763,2455257.0,750911285.00
20200113,2.765,2.781,2.749,2.781,3616240.0,1107041065.00
20200114,2.785,2.799,2.771,2.777,3768132.0,1162867642.00
20200115,2.774,2.780,2.749,2.750,4097596.0,1251576036.00
20200116,2.758,2.761,2.733,2.741,3868719.0,1176398396.00
20200117,2.745,2.765,2.738,2.746,5698299.0,1733918311.00
20200120,2.759,2.762,2.749,2.761,4597681.0,1403798600.00
20200121,2.744,2.747,2.712,2.715,5742114.0,1733470136.00
20200122,2.708,2.720,2.669,2.714,7377273.0,2206473244.00
20200123,2.692,2.697,2.622,2.641,7676312.0,2259669968.00
20200203,2.433,2.486,2.408,2.444,15627325.0,4240677392.00
20200204,2.451,2.516,2.446,2.514,8178730.0,2257436609.00
20200205,2.519,2.549,2.501,2.529,6744510.0,1887652247.00
20200206,2.539,2.582,2.528,2.566,4796258.0,1355467190.00
20200207,2.551,2.566,2.538,2.565,3829747.0,1081348895.00
20200210,2.543,2.567,2.537,2.563,4670017.0,1321198140.00
20200211,2.571,2.603,2.567,2.591,3629418.0,1041562669.00
20200212,2.588,2.606,2.575,2.603,2661449.0,764857498.00
20200213,2.603,2.616,2.584,2.590,2443407.0,703124394.00
20200214,2.583,2.609,2.583,2.604,3298031.0,949425523.00
20200217,2.607,2.655,2.605,2.653,4378669.0,1276703942.00
20200218,2.646,2.648,2.621,2.630,3601766.0,1051016880.00
20200219,2.626,2.646,2.623,2.630,3565495.0,1040185144.00
20200220,2.634,2.681,2.623,2.679,6843243.0,2009605513.00
20200221,2.668,2.693,2.662,2.670,3668062.0,1085537221.00
20200224,2.655,2.660,2.626,2.640,4382139.0,1281840403.00
20200225,2.614,2.623,2.584,2.617,6583575.0,1900506879.00
20200226,2.589,2.635,2.583,2.613,7132264.0,2067002724.00
20200227,2.613,2.631,2.611,2.616,3810776.0,1106765222.00
20200228,2.573,2.596,2.533,2.540,6958786.0,1971727560.00
20200302,2.554,2.632,2.554,2.617,5700194.0,1641373280.00
20200303,2.645,2.655,2.618,2.624,5648109.0,1650452906.00
20200304,2.623,2.654,2.621,2.653,3945323.0,1152619993.00
20200305,2.668,2.721,2.660,2.712,7928070.0,2366716688.00
20200306,2.688,2.698,2.663,2.664,4933352.0,1463182963.00
20200309,2.622,2.624,2.578,2.583,7865402.0,2258974317.00
20200310,2.582,2.641,2.565,2.628,9551269.0,2763644894.00
20200311,2.628,2.632,2.594,2.595,5469557.0,1581385485.00
20200312,2.568,2.578,2.542,2.560,6014654.0,1705302811.00
20200313,2.459,2.544,2.438,2.524,8597761.0,2369733308.00
20200316,2.514,2.514,2.420,2.426,7285986.0,1991427287.00
20200317,2.437,2.464,2.368,2.415,8883950.0,2379071814.00
20200318,2.426,2.449,2.361,2.363,7663965.0,2048682918.00
20200319,2.355,2.381,2.261,2.315,11665556.0,2985488971.00
20200320,2.333,2.373,2.322,2.369,10753989.0,2795675721.00
20200323,2.294,2.329,2.289,2.305,7636468.0,1951635837.00
20200324,2.347,2.375,2.331,2.372,10163561.0,2655033937.00
20200325,2.426,2.436,2.409,2.426,11965469.0,3213754585.00
20200326,2.408,2.443,2.403,2.417,4460332.0,1197526263.00
20200327,2.446,2.460,2.428,2.430,5194138.0,1404266476.00
20200330,2.400,2.424,2.394,2.419,4587442.0,1224202957.00
20200331,2.437,2.444,2.410,2.415,4571933.0,1229132124.00
20200401,2.411,2.446,2.407,2.411,4784449.0,1285444968.00
20200402,2.398,2.445,2.394,2.443,3645415.0,976648081.00
20200403,2.436,2.445,2.424,2.432,3308723.0,892025943.00
20200407,2.474,2.483,2.465,2.476,4249027.0,1164693404.00
20200408,2.465,2.474,2.458,2.465,2619263.0,715194320.00
20200409,2.474,2.479,2.469,2.473,2510024.0,688032693.00
20200410,2.473,2.503,2.465,2.472,4257051.0,1170042355.00
20200413,2.465,2.469,2.455,2.461,2683956.0,732041641.00
20200414,2.476,2.502,2.468,2.502,3425698.0,943543427.00
20200415,2.497,2.505,2.483,2.484,3031442.0,836605914.00
20200416,2.475,2.489,2.474,2.485,2345026.0,644853519.00
20200417,2.505,2.538,2.498,2.521,5300096.0,1479444368.00
20200420,2.525,2.534,2.513,2.530,2891718.0,808721479.00
20200421,2.525,2.526,2.488,2.502,2966626.0,821914114.00
20200422,2.494,2.520,2.487,2.519,3434283.0,952132026.00
20200423,2.523,2.534,2.511,2.516,2661707.0,743377532.00
20200424,2.505,2.506,2.491,2.496,2567856.0,709988734.00
20200427,2.499,2.531,2.499,2.519,4702763.0,1313548232.00
20200428,2.525,2.543,2.499,2.537,3156900.0,884392070.00
20200429,2.531,2.561,2.529,2.554,3204384.0,904967245.00
20200430,2.562,2.591,2.558,2.575,2623122.0,748633614.00
20200506,2.546,2.576,2.538,2.571,3094268.0,875418571.00
20200507,2.568,2.573,2.558,2.567,2174516.0,617648440.00
20200508,2.580,2.596,2.574,2.585,2590227.0,741884561.00
20200511,2.586,2.609,2.578,2.585,3178491.0,913101069.00
20200512,2.582,2.593,2.573,2.582,2760440.0,789534562.00
20200513,2.575,2.585,2.563,2.582,1293508.0,368743861.00
20200514,2.573,2.573,2.553,2.556,2381014.0,675347177.00
20200515,2.559,2.567,2.537,2.539,3609347.0,1019270555.00
20200518,2.537,2.566,2.537,2.558,3245524.0,918839506.00
20200519,2.577,2.586,2.570,2.575,2615125.0,746375063.00
20200520,2.575,2.581,2.567,2.572,2649678.0,755369257.00
20200521,2.576,2.582,2.560,2.562,2664747.0,758827460.00
20200522,2.555,2.557,2.497,2.499,5263931.0,1467875067.00
20200525,2.501,2.511,2.488,2.510,2751893.0,763102821.00
20200526,2.521,2.530,2.516,2.530,4514929.0,1262110400.00
20200527,2.530,2.535,2.513,2.521,2447970.0,683801179.00
20200528,2.519,2.551,2.507,2.529,3448193.0,966734155.00
20200529,2.510,2.536,2.510,2.530,2499406.0,699483316.00
20200601,2.555,2.590,2.553,2.586,3600437.0,1028020131.00
20200602,2.581,2.607,2.579,2.599,2591344.0,744612641.00
20200603,2.614,2.635,2.603,2.604,3965363.0,1149516473.00
20200604,2.615,2.616,2.594,2.598,1903741.0,548400159.00
20200605,2.600,2.614,2.588,2.611,1625445.0,467610233.00
20200608,2.615,2.636,2.615,2.623,2661521.0,774025199.00
20200609,2.625,2.641,2.620,2.639,2348825.0,685717528.00
20200610,2.639,2.639,2.622,2.625,1458401.0,424505141.00
20200611,2.618,2.627,2.591,2.598,2271380.0,655835377.00
20200612,2.570,2.612,2.565,2.610,2073558.0,594727513.00
20200615,2.589,2.596,2.565,2.570,2175223.0,621662537.00
20200616,2.588,2.599,2.584,2.597,2322299.0,667331713.00
20200617,2.596,2.602,2.585,2.601,2193334.0,630269425.00
20200618,2.593,2.614,2.582,2.614,3308401.0,952211486.00
20200619,2.611,2.652,2.609,2.642,3432001.0,1001206310.00
20200622,2.642,2.663,2.631,2.640,2950887.0,864848195.00
20200623,2.632,2.647,2.621,2.645,2152153.0,628469085.00
20200624,2.652,2.674,2.646,2.670,3295400.0,972348595.00
20200629,2.662,2.669,2.636,2.651,3767727.0,1104347348.00
20200630,2.659,2.679,2.658,2.669,4288447.0,1266693741.00
20200701,2.675,2.734,2.669,2.733,4644233.0,1391408140.00
20200702,2.725,2.811,2.725,2.801,6876463.0,2114508891.00
20200703,2.813,2.880,2.813,2.877,7871747.0,2480654338.00
20200706,2.916,3.143,2.916,3.132,23390531.0,7843001185.00
20200707,3.183,3.195,3.069,3.071,18197282.0,6275115633.00
20200708,3.067,3.150,3.061,3.112,9885358.0,3386774582.00
20200709,3.111,3.134,3.087,3.123,7593484.0,2617029221.00
20200710,3.092,3.106,3.033,3.045,7842484.0,2666360687.00
20200713,3.038,3.122,3.028,3.084,8411746.0,2868603436.00
20200714,3.077,3.096,3.016,3.051,7472006.0,2530144170.00
20200715,3.072,3.085,3.017,3.024,6739059.0,2275871725.00
20200716,3.030,3.042,2.889,2.894,12694687.0,4159533008.00
20200717,2.907,2.948,2.884,2.915,6933967.0,2239589705.00
20200720,2.943,3.015,2.920,3.007,7563956.0,2492109102.00
20200721,3.016,3.021,2.990,3.005,7052254.0,2346940308.00
20200722,3.003,3.076,2.993,3.010,9219312.0,3092646266.00
20200723,2.985,3.027,2.950,3.007,6347686.0,2102966923.00
20200724,2.995,2.996,2.872,2.889,7695369.0,2495368177.00
20200727,2.905,2.929,2.876,2.899,4216718.0,1355130586.00
20200728,2.923,2.936,2.901,2.917,4208788.0,1360198392.00
20200729,2.914,2.977,2.903,2.971,4833085.0,1580622913.00
20200730,2.976,2.990,2.957,2.958,3622184.0,1192828299.00
20200731,2.959,3.013,2.929,2.975,8726229.0,2870862428.00
20200803,2.991,3.014,2.978,3.004,4360640.0,1446273139.00
20200804,3.013,3.051,3.004,3.032,8436093.0,2829040789.00
20200805,3.023,3.023,2.979,3.012,6562667.0,2182663038.00
20200806,3.020,3.036,2.967,3.013,6136403.0,2035852035.00
20200807,2.997,3.013,2.948,2.986,4505419.0,1489021385.00
20200810,2.976,3.031,2.957,3.009,4561279.0,1517180572.00
20200811,3.007,3.054,2.980,2.985,7647643.0,2566067067.00
20200812,2.982,2.994,2.929,2.976,6780604.0,2225641573.00
20200813,2.983,2.987,2.957,2.966,3652431.0,1202298742.00
20200814,2.966,3.021,2.958,3.018,4830476.0,1601797644.00
20200817,3.026,3.115,3.022,3.086,9985613.0,3399768663.00
20200818,3.088,3.094,3.064,3.081,6166006.0,2103496665.00
20200819,3.080,3.084,3.023,3.025,6255113.0,2112083592.00
20200820,3.006,3.010,2.975,2.990,4645923.0,1541349655.00
20200821,3.009,3.026,2.986,3.012,4017356.0,1338992422.00
20200824,3.023,3.045,3.013,3.021,6758766.0,2265114492.00
20200825,3.031,3.056,3.021,3.032,4199785.0,1413743206.00
20200826,3.029,3.047,2.991,3.000,4217441.0,1407998071.00
20200827,3.003,3.018,2.983,3.017,2243945.0,746430470.00
20200828,3.013,3.095,3.007,3.091,5176502.0,1752953967.00
20200831,3.101,3.125,3.059,3.065,5224509.0,1795221459.00
20200901,3.056,3.074,3.050,3.073,3134691.0,1063756070.00
20200902,3.082,3.089,3.036,3.065,5577170.0,1890868886.00
20200903,3.064,3.093,3.043,3.058,2937892.0,997393116.00
20200904,3.022,3.038,3.009,3.030,3062897.0,1025193074.00
20200907,3.023,3.047,2.973,2.980,3417793.0,1140452427.00
20200908,2.994,3.019,2.979,3.012,4017689.0,1333350974.00
20200909,2.982,2.994,2.941,2.966,4345712.0,1431874718.00
20200910,2.985,2.997,2.969,2.976,4083386.0,1350036298.00
20200911,2.965,2.997,2.961,2.991,2699128.0,890587429.00
20200914,3.003,3.020,3.000,3.016,2803365.0,934929341.00
20200915,3.017,3.043,3.003,3.040,3398045.0,1140364713.00
20200916,3.036,3.044,3.013,3.021,2500424.0,839452882.00
20200917,3.016,3.016,2.985,2.992,2546803.0,846258287.00
20200918,2.994,3.078,2.992,3.075,7194799.0,2417685638.00
20200921,3.079,3.087,3.033,3.035,4823922.0,1632597919.00
20200922,3.017,3.042,2.987,2.999,5400558.0,1802640378.00
20200923,2.999,3.010,2.984,3.002,4096352.0,1361370534.00
20200924,2.984,2.992,2.950,2.953,2947134.0,967950850.00
20200925,2.962,2.976,2.949,2.963,3203182.0,1050487698.00
20200928,2.971,2.996,2.969,2.981,2285238.0,754931307.00
20200929,2.997,3.000,2.974,2.975,2870126.0,948837674.00
20200930,2.988,2.998,2.948,2.962,3880257.0,1277703358.00
20201009,3.003,3.024,3.002,3.013,4696781.0,1567201859.00
20201012,3.024,3.109,3.024,3.107,5449691.0,1860223690.00
20201013,3.095,3.110,3.084,3.103,2719943.0,932371789.00
20201014,3.097,3.097,3.080,3.091,2284716.0,781680111.00
20201015,3.087,3.114,3.082,3.092,4949409.0,1699066442.00
20201016,3.092,3.119,3.077,3.098,3936866.0,1353526262.00
20201019,3.117,3.147,3.067,3.078,5359320.0,1844539554.00
20201020,3.068,3.082,3.064,3.080,4263964.0,1451994825.00
20201021,3.087,3.100,3.072,3.099,4332577.0,1480408680.00
20201022,3.090,3.099,3.051,3.087,4383331.0,1494232069.00
20201023,3.087,3.114,3.071,3.077,5342279.0,1830334935.00
20201026,3.051,3.056,3.015,3.028,5355543.0,1798975251.00
20201027,3.023,3.028,3.007,3.021,3377189.0,1129533589.00
20201028,3.021,3.044,3.012,3.037,6329509.0,2124474365.00
20201029,3.011,3.072,3.005,3.054,4713226.0,1585602685.00
20201030,3.047,3.054,2.998,3.005,3857781.0,1293232637.00
20201102,3.009,3.025,2.981,2.994,3944026.0,1311800090.00
20201103,3.007,3.047,3.006,3.029,3894588.0,1305997449.00
20201104,3.033,3.065,3.023,3.051,3767623.0,1270007537.00
20201105,3.086,3.106,3.065,3.086,5484980.0,1872101864.00
20201106,3.095,3.096,3.058,3.077,3842345.0,1309046718.00
20201109,3.101,3.143,3.101,3.131,4699124.0,1626568266.00
20201110,3.152,3.152,3.115,3.129,4290955.0,1492462779.00
20201111,3.125,3.146,3.124,3.127,2617442.0,908741351.00
20201112,3.128,3.135,3.102,3.112,2964678.0,1022547405.00
20201113,3.097,3.097,3.043,3.059,5438522.0,1841734272.00
20201116,3.078,3.097,3.065,3.096,3862604.0,1317642597.00
20201117,3.092,3.102,3.081,3.096,3236188.0,1108946945.00
20201118,3.096,3.122,3.087,3.101,6266481.0,2159581271.00
20201119,3.091,3.131,3.087,3.124,4119329.0,1421194827.00
20201120,3.125,3.131,3.110,3.128,3522044.0,1217078363.00
20201123,3.134,3.196,3.133,3.179,7562164.0,2653729252.00
20201124,3.179,3.186,3.152,3.153,7239994.0,2537056720.00
20201125,3.164,3.182,3.130,3.131,5957756.0,2082198867.00
20201126,3.131,3.159,3.128,3.157,3071636.0,1069877134.00
20201127,3.158,3.215,3.155,3.211,8436767.0,2977601100.00
20201130,3.222,3.276,3.181,3.182,14674649.0,5193602819.00
20201201,3.185,3.265,3.185,3.259,8116321.0,2864395143.00
20201202,3.260,3.274,3.230,3.248,5415498.0,1922213431.00
20201203,3.247,3.255,3.226,3.242,5452708.0,1927642645.00
20201204,3.239,3.252,3.208,3.246,4427164.0,1560214890.00
20201207,3.247,3.252,3.200,3.217,4863094.0,1708975464.00
20201208,3.280,3.280,3.196,3.206,4369838.0,1535311280.00
20201209,3.213,3.225,3.175,3.179,5122861.0,1791501940.00
20201210,3.171,3.186,3.151,3.167,4583334.0,1586191032.00
20201211,3.178,3.187,3.118,3.142,5406707.0,1857613082.00
20201214,3.147,3.176,3.143,3.171,3034085.0,1046907314.00
20201215,3.168,3.180,3.149,3.174,3004024.0,1037206953.00
20201216,3.178,3.195,3.173,3.190,3823266.0,1329542783.00
20201217,3.195,3.244,3.190,3.241,6318998.0,2219359588.00
20201218,3.232,3.240,3.195,3.211,7269892.0,2552152128.00
20201221,3.212,3.233,3.181,3.219,5387367.0,1889408565.00
20201222,3.214,3.222,3.168,3.174,8216575.0,2872498884.00
20201223,3.178,3.216,3.178,3.199,7784277.0,2712982490.00
20201224,3.202,3.218,3.179,3.193,3420272.0,1193653672.00
20201225,3.181,3.218,3.171,3.215,5077381.0,1773929385.00
20201228,3.213,3.243,3.202,3.224,4370314.0,1538010740.00
20201229,3.232,3.241,3.212,3.218,2881878.0,1013844951.00
20201230,3.215,3.267,3.211,3.265,5351685.0,1893801835.00
20201231,3.272,3.338,3.272,3.330,6681955.0,2417288656.00
20210104,3.331,3.349,3.297,3.328,5707598.0,2070828077.00
20210105,3.321,3.367,3.306,3.364,8449437.0,3079597412.00
20210106,3.365,3.416,3.354,3.414,6515232.0,2410271253.00
20210107,3.424,3.488,3.410,3.484,5888201.0,2210573820.00
20210108,3.491,3.508,3.431,3.465,8143312.0,3082995430.00
20210111,3.463,3.519,3.436,3.450,6193083.0,2349883718.00
20210112,3.444,3.577,3.441,3.572,7146980.0,2742212198.00
20210113,3.583,3.595,3.514,3.539,6485911.0,2516183799.00
20210114,3.533,3.534,3.474,3.484,5627248.0,2151668300.00
20210115,3.495,3.534,3.459,3.486,6997194.0,2670259229.00
20210118,3.475,3.542,3.471,3.516,5510651.0,2109810976.00
20210119,3.524,3.528,3.463,3.479,4324575.0,1651465311.00
20210120,3.479,3.506,3.458,3.482,4850053.0,1844912632.00
20210121,3.497,3.544,3.483,3.518,5326731.0,2040987824.00
20210122,3.515,3.528,3.491,3.512,4624178.0,1771629407.00
20210125,3.509,3.568,3.494,3.564,10488274.0,4046937534.00
20210126,3.548,3.550,3.479,3.482,6646731.0,2543773042.00
20210127,3.482,3.501,3.464,3.487,7666242.0,2915126851.00
20210128,3.447,3.452,3.401,3.419,7312267.0,2731789964.00
20210129,3.433,3.441,3.354,3.394,6573387.0,2444146137.00
20210201,3.397,3.420,3.383,3.419,5094767.0,1893780024.00
20210202,3.428,3.441,3.411,3.438,6414960.0,2403515956.00
20210203,3.438,3.465,3.419,3.449,3808282.0,1430590734.00
20210204,3.432,3.489,3.432,3.470,4979277.0,1880798982.00
20210205,3.485,3.540,3.481,3.513,3567667.0,1368472618.00
20210208,3.526,3.559,3.500,3.550,4587740.0,1768024559.00
20210209,3.561,3.610,3.534,3.609,3470316.0,1350244949.00
20210210,3.619,3.692,3.615,3.676,3821689.0,1528119654.00
20210218,3.747,3.756,3.648,3.671,5796035.0,2343966320.00
20210219,3.658,3.672,3.616,3.663,7424466.0,2955627297.00
20210222,3.667,3.670,3.542,3.549,8536319.0,3347089388.00
20210223,3.527,3.598,3.523,3.561,5945696.0,2318195152.00
20210224,3.561,3.570,3.438,3.471,8597551.0,3285470393.00
20210225,3.504,3.539,3.485,3.521,5403721.0,2073582281.00
20210226,3.461,3.489,3.428,3.430,7698324.0,2900948289.00
20210301,3.461,3.463,3.424,3.457,4006001.0,1507765234.00
20210302,3.477,3.478,3.364,3.397,6433687.0,2391796939.00
20210303,3.390,3.487,3.388,3.485,5171484.0,1945427194.00
20210304,3.450,3.456,3.369,3.388,7159517.0,2659109479.00
20210305,3.344,3.401,3.313,3.370,6257017.0,2294065088.00
20210308,3.388,3.406,3.258,3.263,7918259.0,2875137354.00
20210309,3.263,3.285,3.191,3.211,11187524.0,3957865050.00
20210310,3.250,3.264,3.220,3.228,4454560.0,1574736792.00
20210311,3.243,3.314,3.242,3.311,5001663.0,1796509200.00
20210312,3.327,3.328,3.283,3.314,7292955.0,2630124073.00
20210315,3.299,3.313,3.231,3.260,3968066.0,1417111777.00
20210316,3.267,3.295,3.246,3.282,4202981.0,1502651100.00
20210317,3.277,3.302,3.238,3.277,3481777.0,1242125458.00
20210318,3.280,3.301,3.276,3.290,3219355.0,1155110580.00
20210319,3.254,3.262,3.190,3.203,7532107.0,2655519910.00
20210322,3.199,3.253,3.199,3.228,4118975.0,1449805957.00
20210323,3.229,3.239,3.177,3.211,4841983.0,1691697904.00
20210324,3.196,3.223,3.153,3.165,6435809.0,2229191719.00
20210325,3.153,3.178,3.142,3.163,3139494.0,1083019110.00
20210326,3.175,3.230,3.175,3.220,4668440.0,1633928987.00
20210329,3.230,3.249,3.206,3.226,4673773.0,1650062460.00
20210330,3.227,3.267,3.225,3.263,2955229.0,1047200460.00
20210331,3.261,3.261,3.209,3.232,1551816.0,546588609.00
20210401,3.242,3.276,3.236,3.268,2788295.0,991423466.00
20210402,3.282,3.301,3.267,3.299,2686632.0,962996321.00
20210406,3.302,3.305,3.267,3.278,2483615.0,889573237.00
20210407,3.280,3.282,3.231,3.245,1573202.0,556883110.00
20210408,3.238,3.271,3.221,3.260,2201077.0,782238211.00
20210409,3.251,3.251,3.200,3.212,2229002.0,782158791.00
20210412,3.202,3.215,3.165,3.178,7420601.0,2576015805.00
20210413,3.172,3.198,3.148,3.161,6497564.0,2245609223.00
20210414,3.163,3.182,3.142,3.167,6393460.0,2208677669.00
20210415,3.159,3.159,3.102,3.133,3856935.0,1314812221.00
20210416,3.136,3.156,3.112,3.146,4576248.0,1567068155.00
20210419,3.143,3.211,3.127,3.207,5628666.0,1955585611.00
20210420,3.190,3.222,3.182,3.200,3975612.0,1390939762.00
20210421,3.182,3.214,3.182,3.205,5760989.0,2012630289.00
20210422,3.214,3.225,3.178,3.189,4743191.0,1651855085.00
20210423,3.182,3.227,3.182,3.220,5280406.0,1853662573.00
20210426,3.229,3.246,3.162,3.168,7306014.0,2552018617.00
20210427,3.167,3.184,3.156,3.176,4757119.0,1645673764.00
20210428,3.161,3.179,3.145,3.177,6837571.0,2358016110.00
20210429,3.185,3.221,3.173,3.219,5186874.0,1814097185.00
20210430,3.216,3.222,3.170,3.190,7126829.0,2485156706.00
20210506,3.172,3.214,3.145,3.156,6658387.0,2309635845.00
20210507,3.166,3.170,3.106,3.114,4522384.0,1546822837.00
20210510,3.131,3.131,3.080,3.114,4780906.0,1619889168.00
20210511,3.089,3.150,3.085,3.142,4896054.0,1665396171.00
20210512,3.134,3.161,3.126,3.154,3181942.0,1092707745.00
20210513,3.130,3.143,3.102,3.122,4846685.0,1650771768.00
20210514,3.131,3.207,3.117,3.205,6030581.0,2088582024.00
20210517,3.207,3.255,3.202,3.234,5660637.0,1999258787.00
20210518,3.242,3.246,3.218,3.233,2521705.0,888988251.00
20210519,3.223,3.225,3.201,3.211,4830062.0,1692433889.00
20210520,3.210,3.231,3.193,3.222,3019163.0,1058648856.00
20210521,3.228,3.244,3.174,3.184,5344154.0,1867650570.00
20210524,3.183,3.198,3.159,3.197,3253458.0,1131189717.00
20210525,3.200,3.335,3.200,3.331,12063078.0,4305157379.00
20210526,3.342,3.365,3.331,3.342,6844583.0,2498716148.00
20210527,3.339,3.397,3.316,3.352,5694289.0,2084615874.00
20210528,3.351,3.376,3.315,3.345,4919406.0,1794215628.00
20210531,3.341,3.341,3.302,3.334,5449671.0,1974965199.00
20210601,3.329,3.339,3.295,3.335,4678284.0,1695717538.00
20210602,3.342,3.349,3.293,3.310,4764274.0,1722404354.00
20210603,3.306,3.327,3.278,3.284,3714268.0,1339603273.00
20210604,3.272,3.344,3.266,3.299,7254103.0,2620795084.00
20210607,3.302,3.304,3.271,3.292,3147772.0,1128198618.00
20210608,3.290,3.326,3.253,3.273,7481746.0,2682094923.00
20210609,3.271,3.289,3.264,3.282,4359964.0,1559788312.00
20210610,3.282,3.326,3.277,3.299,4947300.0,1785258996.00
20210611,3.307,3.310,3.267,3.272,4873567.0,1746172340.00
20210615,3.275,3.277,3.212,3.227,4386086.0,1549764808.00
20210616,3.226,3.231,3.183,3.194,5696719.0,1993362643.00
20210617,3.191,3.208,3.176,3.188,3756375.0,1308150936.00
20210618,3.189,3.200,3.144,3.166,6476357.0,2240428658.00
20210621,3.156,3.169,3.126,3.147,5877131.0,2017105681.00
20210622,3.156,3.178,3.148,3.174,6999304.0,2417534409.00
20210623,3.179,3.203,3.168,3.178,9861379.0,3426523913.00
20210624,3.182,3.197,3.168,3.196,3926033.0,1364302231.00
20210625,3.197,3.258,3.197,3.244,6163500.0,2173447460.00
20210628,3.250,3.253,3.216,3.232,4792933.0,1689986226.00
20210629,3.231,3.231,3.193,3.204,3783342.0,1325234182.00
20210630,3.205,3.225,3.203,3.221,5351239.0,1878453982.00
20210701,3.231,3.252,3.199,3.251,9123834.0,3214618369.00
20210702,3.222,3.234,3.131,3.136,6095497.0,2106127753.00
20210705,3.133,3.147,3.109,3.134,4262802.0,1455122932.00
20210706,3.134,3.145,3.106,3.144,6623367.0,2258333877.00
20210707,3.129,3.167,3.122,3.154,4999011.0,1716861890.00
20210708,3.156,3.164,3.100,3.111,5741556.0,1956405720.00
20210709,3.101,3.113,3.069,3.099,5418213.0,1828720774.00
20210712,3.117,3.149,3.099,3.124,4998143.0,1705243288.00
20210713,3.128,3.156,3.122,3.134,3746908.0,1283452342.00
20210714,3.134,3.134,3.075,3.086,6082605.0,2051832879.00
20210715,3.086,3.156,3.082,3.152,6771683.0,2311712611.00
20210716,3.150,3.156,3.113,3.118,5995457.0,2048015177.00
20210719,3.106,3.137,3.071,3.130,8230500.0,2790248502.00
20210720,3.108,3.129,3.106,3.123,4165823.0,1417034415.00
20210721,3.129,3.159,3.121,3.134,6145453.0,2104195144.00
20210722,3.138,3.158,3.131,3.138,4738041.0,1625540581.00
20210723,3.138,3.140,3.102,3.104,4865659.0,1652414972.00
20210726,3.089,3.091,2.955,2.986,10778223.0,3538673886.00
20210727,2.986,2.999,2.882,2.892,9163955.0,2943539619.00
20210728,2.888,2.932,2.864,2.916,13753784.0,4360822657.00
20210729,2.959,2.961,2.922,2.943,10272351.0,3296128857.00
20210730,2.923,2.923,2.883,2.898,5258982.0,1664828434.00
20210802,2.886,2.978,2.859,2.970,11704019.0,3764606634.00
20210803,2.958,2.994,2.944,2.981,5563126.0,1804723698.00
20210804,2.975,3.000,2.970,2.991,5784079.0,1884690269.00
20210805,2.975,3.023,2.963,2.985,2869718.0,938195391.00
20210806,2.978,2.979,2.948,2.961,2753680.0,889400149.00
20210809,2.941,3.014,2.935,2.994,3864420.0,1258724453.00
20210810,2.988,3.048,2.959,3.044,4239448.0,1390954294.00
20210811,3.036,3.054,3.019,3.019,3279591.0,1087005844.00
20210812,3.014,3.021,2.985,2.988,2303367.0,753589245.00
20210813,2.978,3.005,2.964,2.981,2916916.0,948314983.00
20210816,2.982,3.010,2.969,2.989,3349983.0,1093329626.00
20210817,2.987,3.005,2.911,2.916,6649099.0,2148158188.00
20210818,2.916,2.972,2.908,2.954,6467781.0,2072317004.00
20210819,2.950,2.950,2.899,2.912,5841188.0,1863245291.00
20210820,2.894,2.899,2.823,2.848,14932458.0,4664361186.00
20210823,2.861,2.885,2.849,2.873,10476526.0,3282125835.00
20210824,2.883,2.933,2.881,2.918,9800871.0,3114462566.00
20210825,2.924,2.942,2.908,2.929,8397187.0,2680400601.00
20210826,2.929,2.931,2.864,2.866,4294177.0,1352201551.00
20210827,2.863,2.920,2.863,2.894,5823994.0,1842628258.00
20210830,2.909,2.914,2.864,2.885,3875927.0,1219525359.00
20210831,2.873,2.899,2.833,2.875,7111205.0,2223885731.00
20210901,2.867,2.956,2.844,2.938,11547774.0,3669320333.00
20210902,2.942,2.960,2.920,2.936,6500143.0,2084416994.00
20210903,2.940,2.973,2.911,2.943,7923823.0,2551362957.00
20210906,2.944,2.996,2.937,2.975,7513479.0,2440656083.00
20210907,2.977,3.024,2.957,3.009,5601951.0,1827574693.00
20210908,3.008,3.019,2.970,2.977,4996303.0,1630740905.00
20210909,2.964,2.976,2.952,2.969,3858459.0,1248284795.00
20210910,2.965,3.029,2.963,3.016,6362379.0,2086083752.00
20210913,3.006,3.034,2.986,3.006,3896884.0,1279332107.00
20210914,3.003,3.022,2.948,2.958,5913182.0,1923848040.00
20210915,2.955,2.956,2.901,2.919,6611020.0,2113130187.00
20210916,2.917,2.929,2.884,2.902,7943086.0,2520730333.00
20210917,2.902,2.932,2.881,2.931,8161527.0,2594474901.00
20210922,2.884,2.903,2.873,2.894,9519875.0,3002386881.00
20210923,2.912,2.932,2.888,2.899,5466898.0,1733275773.00
20210924,2.895,2.939,2.894,2.919,6658228.0,2123803728.00
20210927,2.932,2.981,2.930,2.975,12530361.0,4052494181.00
20210928,2.971,2.992,2.946,2.975,5073992.0,1644949714.00
20210929,2.955,2.987,2.927,2.976,7670535.0,2479461267.00
20210930,2.976,2.978,2.952,2.960,5210971.0,1685853875.00
20211008,2.989,3.024,2.985,3.019,7346013.0,2416701710.00
20211011,3.032,3.072,3.029,3.035,8819092.0,2932563131.00
20211012,3.024,3.044,2.997,3.019,7035999.0,2318202782.00
20211013,3.016,3.063,3.005,3.048,7005946.0,2324791961.00
20211014,3.044,3.062,3.023,3.029,6328674.0,2097664394.00
20211015,3.025,3.060,3.014,3.053,5404179.0,1798181732.00
20211018,3.055,3.055,2.978,2.994,11655450.0,3814958917.00
20211019,2.990,3.024,2.990,3.015,8207056.0,2701064847.00
20211020,3.024,3.042,3.003,3.017,3418181.0,1126173105.00
20211021,3.024,3.054,3.014,3.036,4259644.0,1409867260.00
20211022,3.045,3.091,3.044,3.071,5547887.0,1856518226.00
20211025,3.058,3.076,3.050,3.069,5182925.0,1732904651.00
20211026,3.075,3.089,3.042,3.050,6561115.0,2190343593.00
20211027,3.039,3.039,3.003,3.012,6986262.0,2300873841.00
20211028,3.005,3.018,2.992,3.011,5816316.0,1908774886.00
20211029,3.014,3.028,3.006,3.027,6162197.0,2029577615.00
20211101,3.009,3.027,2.994,3.014,7367837.0,2423456717.00
20211102,3.014,3.031,2.958,2.978,7570410.0,2469436983.00
20211103,2.978,2.986,2.943,2.949,4594099.0,1484765041.00
20211104,2.961,2.980,2.957,2.973,5195861.0,1684474071.00
20211105,2.967,2.993,2.958,2.971,4460833.0,1450573846.00
20211108,2.969,2.984,2.952,2.960,5804083.0,1879253280.00
20211109,2.974,2.982,2.942,2.954,4889214.0,1578309216.00
20211110,2.953,2.953,2.896,2.937,6387808.0,2036890391.00
20211111,2.932,3.003,2.932,3.001,5664819.0,1840148190.00
20211112,3.005,3.009,2.983,2.989,6323865.0,2064458199.00
20211115,2.994,3.010,2.978,2.991,5215510.0,1702072277.00
20211116,2.992,3.008,2.975,2.991,5581139.0,1822411089.00
20211117,2.983,2.993,2.967,2.972,6808522.0,2211430938.00
20211118,2.966,2.967,2.935,2.942,5282352.0,1697800446.00
20211119,2.938,2.987,2.937,2.978,6281706.0,2033867363.00
20211122,2.983,2.992,2.973,2.976,5176126.0,1683786613.00
20211123,2.971,2.999,2.969,2.988,7160765.0,2336490610.00
20211124,2.988,3.014,2.979,2.999,5692304.0,1860254010.00
20211125,3.003,3.004,2.978,2.981,3645998.0,1187907911.00
20211126,2.975,2.977,2.948,2.953,5314869.0,1717221117.00
20211129,2.948,2.959,2.934,2.955,5194489.0,1649429966.00
20211130,2.958,2.967,2.924,2.938,3981696.0,1262295101.00
20211201,2.938,2.955,2.937,2.949,3066781.0,973039288.00
20211202,2.946,2.970,2.935,2.960,3474921.0,1106036089.00
20211203,2.964,2.986,2.959,2.986,5020281.0,1608191126.00
20211206,2.990,3.019,2.990,2.995,6139751.0,1986950367.00
20211207,3.012,3.028,3.003,3.019,5499133.0,1785432044.00
20211208,3.026,3.070,3.011,3.065,5948250.0,1951257630.00
20211209,3.072,3.151,3.069,3.113,14026512.0,4711577961.00
20211210,3.102,3.114,3.095,3.110,9110159.0,3045397699.00
20211213,3.134,3.175,3.113,3.115,8111711.0,2746873172.00
20211214,3.103,3.120,3.090,3.099,8132457.0,2717779183.00
20211215,3.094,3.107,3.067,3.068,4197778.0,1395086094.00
20211216,3.068,3.080,3.057,3.078,6516535.0,2154496588.00
20211217,3.076,3.080,3.030,3.032,8302089.0,2726207580.00
20211220,3.022,3.046,3.002,3.012,8456816.0,2750762533.00
20211221,3.008,3.030,3.008,3.025,5295563.0,1723112708.00
20211222,3.029,3.038,3.010,3.012,8855835.0,2877846190.00
20211223,3.019,3.043,3.003,3.041,5418192.0,1762128817.00
20211224,3.041,3.054,3.028,3.039,6470591.0,2118664423.00
20211227,3.038,3.048,3.019,3.035,9130879.0,2982399281.00
20211228,3.038,3.059,3.033,3.051,8957357.0,2936194866.00
20211229,3.052,3.057,2.993,2.995,6936835.0,2252549351.00
20211230,2.995,3.029,2.991,3.015,4602357.0,1494140313.00
20211231,3.023,3.036,3.016,3.024,4782451.0,1558192255.00
20220104,3.037,3.037,2.976,3.015,5552644.0,1793352766.00
20220105,3.011,3.043,2.996,3.010,6293084.0,2042819696.00
20220106,2.999,3.007,2.953,2.965,7819094.0,2501908718.00
20220107,2.971,2.993,2.971,2.978,5467260.0,1756458794.00
20220110,2.979,2.993,2.958,2.986,4806253.0,1542651732.00
20220111,2.986,3.002,2.964,2.968,5504840.0,1766569573.00
20220112,2.977,2.999,2.970,2.990,5313753.0,1707418671.00
20220113,2.996,3.003,2.938,2.940,7917416.0,2527951590.00
20220114,2.934,2.936,2.896,2.897,7288700.0,2285226948.00
20220117,2.895,2.919,2.894,2.907,5644914.0,1767099985.00
20220118,2.907,2.955,2.897,2.943,11338388.0,3581074095.00
20220119,2.949,2.959,2.931,2.943,4869957.0,1545037752.00
20220120,2.942,3.006,2.942,2.985,7415491.0,2380332500.00
20220121,2.982,2.990,2.961,2.977,6242966.0,2000037066.00
20220124,2.964,2.974,2.939,2.967,6965073.0,2219540463.00
20220125,2.952,2.954,2.902,2.906,7431757.0,2345231420.00
20220126,2.912,2.927,2.891,2.920,8433656.0,2648454419.00
20220127,2.920,2.920,2.877,2.885,9698176.0,3029864608.00
20220128,2.894,2.902,2.813,2.819,11994193.0,3688024015.00
20220207,2.862,2.889,2.855,2.874,7404357.0,2291127709.00
20220208,2.876,2.881,2.823,2.877,6533423.0,2009339884.00
20220209,2.879,2.906,2.869,2.897,8159284.0,2539232371.00
20220210,2.899,2.906,2.884,2.905,5020394.0,1565474717.00
20220211,2.896,2.930,2.890,2.900,5477671.0,1718538694.00
20220214,2.893,2.895,2.857,2.868,5255438.0,1626756143.00
20220215,2.865,2.888,2.860,2.879,4198539.0,1299681942.00
20220216,2.892,2.907,2.887,2.894,4279681.0,1335079945.00
20220217,2.890,2.916,2.890,2.896,4117646.0,1286970867.00
20220218,2.888,2.922,2.881,2.920,3962131.0,1238739274.00
20220221,2.915,2.916,2.887,2.907,5170776.0,1613113680.00
20220222,2.879,2.881,2.844,2.861,6400698.0,1971297843.00
20220223,2.868,2.880,2.853,2.879,5288408.0,1634065799.00
20220224,2.864,2.864,2.806,2.826,6452423.0,1970707439.00
20220225,2.837,2.868,2.829,2.838,6904135.0,2117127007.00
20220228,2.835,2.845,2.815,2.842,3183379.0,970271391.00
20220301,2.854,2.890,2.854,2.883,5458821.0,1687950579.00
20220302,2.871,2.874,2.860,2.868,3233351.0,998170253.00
20220303,2.880,2.887,2.850,2.858,3603684.0,1111193263.00
20220304,2.832,2.842,2.815,2.829,5981769.0,1820762167.00
20220307,2.810,2.812,2.736,2.744,7475232.0,2225462031.00
20220308,2.753,2.772,2.692,2.707,12366473.0,3638941390.00
20220309,2.720,2.735,2.591,2.681,12421484.0,3580232451.00
20220310,2.732,2.738,2.701,2.705,10781328.0,3160686529.00
20220311,2.675,2.720,2.630,2.713,10361809.0,2987125612.00
20220314,2.674,2.694,2.628,2.630,9301741.0,2669001144.00
20220315,2.600,2.612,2.491,2.495,15065340.0,4126797494.00
20220316,2.526,2.621,2.482,2.609,16251020.0,4455049406.00
20220317,2.661,2.692,2.638,2.653,10791913.0,3093930125.00
20220318,2.643,2.702,2.634,2.685,8830876.0,2537726619.00
20220321,2.691,2.692,2.646,2.669,8743420.0,2510854229.00
20220322,2.660,2.699,2.659,2.676,4903377.0,1413958454.00
20220323,2.686,2.701,2.668,2.692,6275030.0,1814844000.00
20220324,2.674,2.695,2.664,2.678,2915790.0,840749078.00
20220325,2.674,2.689,2.634,2.635,4257995.0,1218662403.00
20220328,2.613,2.647,2.582,2.634,6760074.0,1906883818.00
20220329,2.639,2.652,2.619,2.621,3495069.0,991126252.00
20220330,2.639,2.692,2.639,2.691,7433086.0,2137583350.00
20220331,2.684,2.689,2.672,2.675,5492683.0,1584805677.00
20220401,2.659,2.729,2.654,2.714,7765688.0,2254310098.00
20220406,2.697,2.712,2.683,2.703,8255950.0,2398340842.00
20220407,2.692,2.721,2.673,2.678,5322914.0,1543673755.00
20220408,2.679,2.707,2.668,2.701,5358440.0,1551172028.00
20220411,2.690,2.690,2.621,2.630,7152072.0,2034586740.00
20220412,2.630,2.673,2.611,2.671,8341405.0,2377636364.00
20220413,2.657,2.688,2.652,2.661,5107813.0,1468231736.00
20220414,2.684,2.719,2.675,2.703,7633662.0,2218710405.00
20220415,2.688,2.719,2.684,2.706,8478055.0,2471210228.00
20220418,2.683,2.684,2.652,2.666,6604405.0,1896478657.00
20220419,2.663,2.676,2.621,2.641,6117139.0,1743034539.00
20220420,2.643,2.646,2.609,2.615,5419703.0,1531785272.00
20220421,2.604,2.627,2.566,2.582,8308242.0,2325792515.00
20220422,2.561,2.608,2.555,2.595,6094221.0,1699084224.00
20220425,2.544,2.561,2.470,2.472,12434371.0,3378722469.00
20220426,2.470,2.519,2.461,2.474,12322149.0,3297143247.00
20220427,2.472,2.524,2.468,2.520,13866748.0,3739354461.00
20220428,2.513,2.557,2.510,2.553,10805321.0,2952175457.00
20220429,2.564,2.607,2.530,2.594,8757637.0,2424102314.00
20220505,2.594,2.611,2.582,2.582,7757036.0,2166992125.00
20220506,2.547,2.552,2.504,2.510,9768213.0,2653636946.00
20220509,2.495,2.506,2.471,2.486,6909343.0,1848751782.00
20220510,2.460,2.526,2.440,2.508,8519659.0,2284312005.00
20220511,2.503,2.555,2.503,2.528,9274502.0,2530197205.00
20220512,2.517,2.528,2.504,2.509,5188620.0,1405084096.00
20220513,2.526,2.547,2.517,2.534,3986973.0,1087246321.00
20220516,2.549,2.551,2.499,2.509,5922819.0,1605527653.00
20220517,2.517,2.543,2.515,2.542,4675288.0,1274458663.00
20220518,2.551,2.551,2.509,2.533,5689127.0,1550360229.00
20220519,2.506,2.539,2.504,2.531,4461152.0,1210351780.00
20220520,2.546,2.595,2.544,2.594,8922726.0,2474674295.00
20220523,2.598,2.598,2.555,2.566,7093710.0,1961050478.00
20220524,2.567,2.571,2.522,2.526,7121113.0,1952134682.00
20220525,2.527,2.539,2.517,2.530,6089973.0,1657074325.00
20220526,2.535,2.556,2.505,2.530,5458059.0,1484799595.00
20220527,2.551,2.575,2.540,2.548,5396187.0,1487042432.00
20220530,2.568,2.575,2.554,2.561,6310445.0,1741725690.00
20220531,2.561,2.601,2.556,2.593,5362546.0,1493499919.00
20220601,2.595,2.595,2.569,2.583,5126843.0,1426047952.00
20220602,2.569,2.581,2.562,2.579,3672027.0,1016592218.00
20220606,2.580,2.609,2.550,2.609,5443270.0,1515472323.00
20220607,2.608,2.647,2.600,2.627,5776689.0,1635055970.00
20220608,2.634,2.670,2.632,2.659,5626272.0,1604535512.00
20220609,2.656,2.674,2.642,2.649,5398185.0,1544512144.00
20220610,2.633,2.688,2.627,2.680,4702392.0,1346315169.00
20220613,2.650,2.656,2.615,2.633,5931108.0,1681453194.00
20220614,2.608,2.671,2.599,2.669,7755881.0,2194338596.00
20220615,2.667,2.751,2.666,2.705,12271224.0,3591944918.00
20220616,2.713,2.720,2.674,2.680,4639964.0,1347935863.00
20220617,2.668,2.726,2.666,2.720,7152977.0,2083071050.00
20220620,2.724,2.743,2.695,2.714,6990889.0,2044557481.00
20220621,2.715,2.740,2.699,2.720,5710038.0,1672869235.00
20220622,2.723,2.725,2.689,2.691,3973503.0,1157514435.00
20220623,2.694,2.735,2.693,2.729,4486795.0,1311328070.00
20220624,2.741,2.777,2.736,2.765,5401597.0,1601795157.00
20220627,2.777,2.823,2.777,2.801,7580648.0,2288335062.00
20220628,2.802,2.880,2.784,2.826,4321871.0,1307050775.00
20220629,2.813,2.837,2.793,2.803,4558015.0,1380922920.00
20220630,2.802,2.879,2.802,2.850,5664875.0,1737013420.00
20220701,2.858,2.864,2.828,2.840,4184348.0,1281364059.00
20220704,2.828,2.846,2.805,2.844,3057820.0,931995484.00
20220705,2.856,2.875,2.811,2.844,5602186.0,1712521998.00
20220706,2.837,2.839,2.780,2.796,4426048.0,1335811669.00
20220707,2.788,2.804,2.770,2.788,3829754.0,1150200422.00
20220708,2.806,2.822,2.790,2.791,2920431.0,881322854.00
20220711,2.777,2.777,2.739,2.750,4341076.0,1286585866.00
20220712,2.745,2.763,2.725,2.734,4125209.0,1218156399.00
20220713,2.734,2.742,2.715,2.725,2916523.0,857259453.00
20220714,2.722,2.728,2.695,2.707,4185122.0,1222818957.00
20220715,2.703,2.738,2.666,2.667,8027839.0,2332966371.00
20220718,2.673,2.711,2.660,2.703,4859841.0,1406810014.00
20220719,2.699,2.702,2.666,2.692,4961419.0,1434523577.00
20220720,2.707,2.713,2.693,2.700,4356377.0,1267792744.00
20220721,2.692,2.699,2.667,2.669,4332892.0,1250566887.00
20220722,2.675,2.704,2.660,2.681,6894781.0,1995337712.00
20220725,2.677,2.681,2.663,2.673,3948924.0,1135669666.00
20220726,2.676,2.697,2.676,2.685,3970741.0,1148621055.00
20220727,2.678,2.681,2.658,2.662,6246511.0,1793487279.00
20220728,2.673,2.698,2.660,2.661,8118063.0,2339335599.00
20220729,2.666,2.686,2.621,2.626,6098265.0,1740933854.00
20220801,2.620,2.630,2.602,2.617,4256154.0,1198460328.00
20220802,2.596,2.596,2.549,2.572,5940224.0,1643765774.00
20220803,2.578,2.594,2.548,2.554,5733683.0,1584371473.00
20220804,2.567,2.586,2.559,2.579,8675552.0,2404237203.00
20220805,2.589,2.619,2.577,2.614,6175030.0,1722853238.00
20220808,2.605,2.613,2.590,2.600,4133079.0,1158355031.00
20220809,2.599,2.607,2.592,2.601,3291964.0,921778487.00
20220810,2.597,2.607,2.561,2.570,4344090.0,1207218471.00
20220811,2.582,2.627,2.576,2.624,6835070.0,1919505464.00
20220812,2.621,2.640,2.615,2.634,4601065.0,1301788386.00
20220815,2.622,2.649,2.617,2.619,2984686.0,844836555.00
20220816,2.622,2.633,2.602,2.607,3147018.0,886542483.00
20220817,2.607,2.630,2.589,2.621,3779948.0,1063987000.00
20220818,2.619,2.621,2.590,2.597,3829147.0,1072639145.00
20220819,2.593,2.611,2.589,2.593,3939699.0,1102733867.00
20220822,2.585,2.608,2.580,2.594,6197564.0,1731032833.00
20220823,2.595,2.600,2.569,2.576,5022697.0,1395247862.00
20220824,2.581,2.593,2.547,2.550,7685177.0,2123445772.00
20220825,2.556,2.599,2.551,2.594,7955267.0,2203557050.00
20220826,2.595,2.606,2.589,2.595,4635611.0,1295958363.00
20220829,2.571,2.582,2.563,2.574,3635049.0,1007041300.00
20220830,2.577,2.582,2.549,2.570,3630781.0,1002535125.00
20220831,2.559,2.621,2.557,2.601,7917504.0,2212308581.00
20220901,2.595,2.602,2.572,2.577,5907740.0,1647792306.00
20220902,2.581,2.584,2.542,2.556,8083528.0,2228542652.00
20220905,2.547,2.551,2.522,2.545,5031000.0,1373200723.00
20220906,2.549,2.569,2.547,2.567,5909974.0,1628304205.00
20220907,2.556,2.564,2.549,2.557,4643492.0,1277352792.00
20220908,2.560,2.569,2.551,2.552,4341481.0,1197687499.00
20220909,2.558,2.606,2.557,2.600,6878768.0,1918852921.00
20220913,2.608,2.622,2.594,2.608,6487625.0,1823372567.00
20220914,2.584,2.604,2.582,2.589,9081889.0,2534487510.00
20220915,2.595,2.609,2.573,2.585,12024532.0,3355268080.00
20220916,2.576,2.582,2.528,2.530,15936291.0,4375778046.00
20220919,2.523,2.540,2.517,2.525,8049654.0,2191439467.00
20220920,2.535,2.538,2.513,2.520,6232720.0,1694955748.00
20220921,2.512,2.519,2.490,2.499,5623311.0,1516755684.00
20220922,2.488,2.497,2.474,2.479,6582474.0,1759693948.00
20220923,2.476,2.499,2.469,2.481,6224873.0,1665702460.00
20220926,2.469,2.498,2.462,2.465,7749392.0,2069510131.00
20220927,2.467,2.493,2.459,2.490,7418856.0,1979284034.00
20220928,2.478,2.485,2.459,2.462,7378432.0,1965171758.00
20220929,2.478,2.491,2.448,2.462,7329518.0,1951099730.00
20220930,2.465,2.483,2.458,2.461,7514908.0,1997170450.00
20221010,2.461,2.464,2.396,2.401,7781606.0,2035182637.00
20221011,2.403,2.408,2.388,2.394,5033068.0,1299435100.00
20221012,2.396,2.413,2.338,2.409,8093946.0,2070629003.00
20221013,2.392,2.398,2.373,2.381,6414022.0,1645638881.00
20221014,2.401,2.449,2.398,2.438,10523433.0,2752012327.00
20221017,2.428,2.439,2.416,2.436,5228933.0,1366455897.00
20221018,2.448,2.452,2.418,2.422,4904993.0,1284671805.00
20221019,2.420,2.427,2.374,2.374,6385676.0,1645859527.00
20221020,2.361,2.394,2.353,2.362,7296327.0,1858155867.00
20221021,2.368,2.374,2.334,2.347,6320970.0,1602802373.00
20221024,2.340,2.356,2.251,2.265,17748113.0,4376183570.00
20221025,2.254,2.295,2.244,2.257,10930381.0,2664513587.00
20221026,2.257,2.302,2.257,2.265,13450190.0,3293093070.00
20221027,2.276,2.297,2.245,2.246,10885377.0,2658001249.00
20221028,2.231,2.246,2.192,2.196,11179536.0,2670625528.00
20221031,2.177,2.196,2.155,2.166,12195804.0,2852410742.00
20221101,2.175,2.264,2.175,2.262,13770242.0,3288850968.00
20221102,2.249,2.299,2.243,2.281,15672545.0,3834184553.00
20221103,2.264,2.272,2.240,2.252,9722300.0,2361828219.00
20221104,2.249,2.339,2.249,2.327,13133777.0,3268200932.00
20221107,2.311,2.350,2.309,2.335,11106737.0,2787113958.00
20221108,2.336,2.344,2.305,2.319,6605712.0,1648211115.00
20221109,2.319,2.332,2.296,2.301,6643329.0,1651637056.00
20221110,2.288,2.315,2.278,2.305,11678145.0,2892796077.00
20221111,2.368,2.404,2.341,2.373,16973693.0,4326808323.00
20221114,2.414,2.431,2.387,2.392,15486306.0,4013741256.00
20221115,2.384,2.447,2.381,2.438,12226143.0,3189122943.00
20221116,2.433,2.449,2.422,2.428,7806404.0,2043886720.00
20221117,2.418,2.424,2.387,2.414,10278700.0,2660742024.00
20221118,2.419,2.427,2.398,2.405,7524799.0,1953528577.00
20221121,2.385,2.387,2.346,2.374,8268059.0,2101931179.00
20221122,2.373,2.413,2.364,2.387,9408623.0,2417284647.00
20221123,2.383,2.410,2.377,2.391,9330573.0,2406142080.00
20221124,2.403,2.417,2.371,2.375,7119700.0,1832825412.00
20221125,2.373,2.410,2.370,2.400,6312891.0,1628041416.00
20221128,2.356,2.366,2.320,2.359,10288461.0,2592277356.00
20221129,2.383,2.461,2.383,2.459,14043227.0,3670243371.00
20221130,2.450,2.473,2.446,2.456,7005994.0,1853936728.00
20221201,2.506,2.529,2.478,2.479,7735662.0,2050786924.00
20221202,2.477,2.483,2.461,2.465,8205385.0,2153288547.00
20221205,2.494,2.525,2.482,2.524,10830216.0,2883331828.00
20221206,2.518,2.550,2.507,2.532,8166305.0,2193238790.00
20221207,2.524,2.553,2.507,2.516,9127565.0,2448139349.00
20221208,2.513,2.529,2.509,2.522,4527157.0,1210498131.00
20221209,2.523,2.558,2.509,2.551,7896590.0,2125558628.00
20221212,2.533,2.544,2.516,2.521,4831705.0,1297769203.00
20221213,2.522,2.536,2.517,2.523,3551560.0,951883864.00
20221214,2.523,2.548,2.513,2.539,7044531.0,1893755883.00
20221215,2.538,2.550,2.513,2.526,5400836.0,1448617499.00
20221216,2.518,2.541,2.515,2.537,5504957.0,1478414493.00
20221219,2.540,2.548,2.490,2.499,7931807.0,2117504181.00
20221220,2.490,2.494,2.435,2.456,8140172.0,2127875028.00
20221221,2.457,2.470,2.456,2.460,5486897.0,1434438923.00
20221222,2.479,2.497,2.462,2.476,5840745.0,1538909382.00
20221223,2.462,2.484,2.454,2.470,7678328.0,2014199404.00
20221226,2.471,2.480,2.457,2.460,4623437.0,1210960874.00
20221227,2.486,2.496,2.474,2.489,7312860.0,1929865041.00
20221228,2.485,2.502,2.476,2.495,7116068.0,1881691458.00
20221229,2.481,2.486,2.461,2.482,6529419.0,1714475689.00
20221230,2.492,2.506,2.490,2.495,5732132.0,1520649115.00
20230103,2.487,2.505,2.463,2.497,6994091.0,1844826513.00
20230104,2.498,2.513,2.492,2.506,6811505.0,1810452570.00
20230105,2.524,2.557,2.521,2.553,7673493.0,2071085590.00
20230106,2.555,2.572,2.552,2.567,5207344.0,1416608193.00
20230109,2.575,2.598,2.572,2.590,5767041.0,1584096617.00
20230110,2.590,2.598,2.581,2.583,3703964.0,1017608300.00
20230111,2.587,2.609,2.583,2.588,5501241.0,1517125195.00
20230112,2.597,2.601,2.583,2.594,3760025.0,1034524416.00
20230113,2.602,2.637,2.598,2.636,6211516.0,1728075866.00
20230116,2.638,2.714,2.637,2.682,14942685.0,4262365348.00
20230117,2.680,2.685,2.660,2.673,7745356.0,2196088455.00
20230118,2.674,2.685,2.652,2.655,4374145.0,1236940535.00
20230119,2.648,2.667,2.632,2.665,10608961.0,2985736641.00
20230120,2.673,2.692,2.667,2.683,5153371.0,1465592269.00
20230130,2.732,2.736,2.678,2.684,7222290.0,2069324928.00
20230131,2.685,2.699,2.651,2.655,10023087.0,2836178472.00
20230201,2.662,2.667,2.625,2.666,8801468.0,2472760206.00
20230202,2.674,2.675,2.642,2.660,6050659.0,1704484775.00
20230203,2.643,2.652,2.600,2.621,7186050.0,1995759622.00
20230206,2.596,2.597,2.566,2.580,8026408.0,2196833433.00
20230207,2.588,2.599,2.578,2.588,5385890.0,1480671975.00
20230208,2.590,2.608,2.577,2.581,4116146.0,1130538490.00
20230209,2.577,2.615,2.575,2.608,7419446.0,2051189036.00
20230210,2.602,2.604,2.587,2.597,4470684.0,1231360996.00
20230213,2.587,2.618,2.579,2.614,6914539.0,1910593162.00
20230214,2.615,2.625,2.606,2.624,3698114.0,1026498605.00
20230215,2.623,2.629,2.595,2.600,4629191.0,1279511915.00
20230216,2.604,2.635,2.572,2.590,9284073.0,2574727599.00
20230217,2.586,2.606,2.560,2.563,8286179.0,2274513725.00
20230220,2.571,2.638,2.564,2.636,16163012.0,4457500171.00
20230221,2.635,2.652,2.626,2.649,12571254.0,3523700040.00
20230222,2.636,2.642,2.611,2.614,9068767.0,2528661213.00
20230223,2.617,2.635,2.602,2.613,5492708.0,1525445871.00
20230224,2.612,2.612,2.569,2.577,5845899.0,1603326991.00
20230227,2.565,2.586,2.561,2.574,3753529.0,1026115220.00
20230228,2.580,2.589,2.551,2.587,5747270.0,1569746201.00
20230301,2.585,2.630,2.578,2.616,10752492.0,2982122672.00
20230302,2.611,2.628,2.606,2.615,4911639.0,1364403340.00
20230303,2.623,2.630,2.603,2.618,5105758.0,1418655537.00
20230306,2.618,2.619,2.581,2.589,6715824.0,1847879966.00
20230307,2.585,2.606,2.557,2.560,8496081.0,2329975954.00
20230308,2.551,2.553,2.529,2.540,6506472.0,1753945558.00
20230309,2.541,2.544,2.509,2.523,9251809.0,2481642693.00
20230310,2.506,2.519,2.487,2.489,7825452.0,2078417819.00
20230313,2.487,2.523,2.487,2.514,5792902.0,1543605370.00
20230314,2.511,2.511,2.480,2.497,6653105.0,1763790666.00
20230315,2.515,2.523,2.497,2.498,6798532.0,1809780353.00
20230316,2.484,2.501,2.473,2.474,6448527.0,1702994098.00
20230317,2.492,2.524,2.471,2.484,11076690.0,2934197061.00
20230320,2.487,2.497,2.466,2.468,5590149.0,1472764878.00
20230321,2.477,2.498,2.475,2.493,8774690.0,2317373454.00
20230322,2.500,2.516,2.493,2.502,7796569.0,2073499381.00
20230323,2.493,2.519,2.493,2.518,4218210.0,1123529299.00
20230324,2.514,2.516,2.499,2.506,4224136.0,1123718051.00
20230327,2.501,2.507,2.480,2.490,4972088.0,1313211255.00
20230328,2.495,2.503,2.484,2.490,4814232.0,1273345596.00
20230329,2.506,2.509,2.483,2.487,4370344.0,1157229894.00
20230330,2.487,2.518,2.480,2.517,5811136.0,1541860963.00
20230331,2.520,2.532,2.508,2.514,5827104.0,1558997000.00
20230403,2.514,2.524,2.504,2.517,5775600.0,1542149143.00
20230404,2.520,2.527,2.508,2.526,5277525.0,1409821159.00
20230406,2.516,2.523,2.507,2.515,5102223.0,1362775549.00
20230407,2.515,2.542,2.514,2.533,4394099.0,1181089977.00
20230410,2.538,2.540,2.522,2.534,4274875.0,1148831495.00
20230411,2.536,2.542,2.519,2.528,5134756.0,1379171230.00
20230412,2.530,2.532,2.512,2.514,3529873.0,943960932.00
20230413,2.508,2.524,2.502,2.518,4260967.0,1136774849.00
20230414,2.524,2.539,2.519,2.528,3758752.0,1008943470.00
20230417,2.528,2.580,2.524,2.579,8260096.0,2241058337.00
20230418,2.576,2.596,2.572,2.588,6840900.0,1878871143.00
20230419,2.589,2.593,2.563,2.566,7059403.0,1930501674.00
20230420,2.566,2.568,2.542,2.549,9927785.0,2688941409.00
20230421,2.551,2.552,2.501,2.505,6940428.0,1862111507.00
20230424,2.504,2.507,2.461,2.471,6537842.0,1723665713.00
20230425,2.474,2.479,2.450,2.470,6843514.0,1790892020.00
20230426,2.470,2.477,2.459,2.467,9901829.0,2595482487.00
20230427,2.467,2.509,2.465,2.502,6106726.0,1612306898.00
20230428,2.502,2.531,2.502,2.524,5385948.0,1441790090.00
20230504,2.515,2.541,2.503,2.539,8033274.0,2158070035.00
20230505,2.542,2.550,2.520,2.531,4276098.0,1151525886.00
20230508,2.534,2.571,2.531,2.566,7718973.0,2094906057.00
20230509,2.570,2.592,2.548,2.549,9460392.0,2581293466.00
20230510,2.545,2.555,2.518,2.519,12671442.0,3407351445.00
20230511,2.527,2.534,2.509,2.513,3414709.0,914424225.00
20230512,2.510,2.518,2.477,2.478,8381463.0,2219185719.00
20230515,2.477,2.525,2.471,2.524,7365413.0,1948633565.00
20230516,2.526,2.532,2.509,2.519,4139537.0,1108002070.00
20230517,2.516,2.522,2.490,2.495,6463838.0,1719511803.00
20230518,2.501,2.513,2.482,2.491,5001811.0,1326092063.00
20230519,2.484,2.500,2.462,2.481,4895589.0,1289095178.00
20230522,2.479,2.518,2.477,2.505,6057546.0,1607624608.00
20230523,2.508,2.510,2.464,2.465,5679884.0,1497705671.00
20230524,2.461,2.464,2.426,2.427,10255726.0,2661080234.00
20230525,2.424,2.426,2.396,2.416,5672705.0,1453349939.00
20230526,2.414,2.425,2.390,2.414,4895198.0,1251103192.00
20230529,2.421,2.425,2.393,2.404,4874390.0,1244092489.00
20230530,2.403,2.411,2.365,2.393,7733127.0,1961064937.00
20230531,2.381,2.383,2.349,2.355,8220069.0,2060054132.00
20230601,2.350,2.384,2.350,2.360,7441608.0,1871859230.00
20230602,2.374,2.407,2.372,2.400,6348895.0,1611645326.00
20230605,2.394,2.401,2.380,2.389,3673219.0,932481470.00
20230606,2.388,2.420,2.375,2.377,6088878.0,1547803212.00
20230607,2.386,2.397,2.365,2.376,4196962.0,1061363001.00
20230608,2.372,2.409,2.365,2.399,6065365.0,1537183796.00
20230609,2.402,2.412,2.397,2.407,6736898.0,1719696984.00
20230612,2.406,2.419,2.389,2.407,6983175.0,1781936831.00
20230613,2.403,2.418,2.393,2.415,3495467.0,893465577.00
20230614,2.416,2.436,2.413,2.414,6419380.0,1652532797.00
20230615,2.421,2.452,2.420,2.451,4757356.0,1229740765.00
20230616,2.453,2.478,2.452,2.473,5528363.0,1447020615.00
20230619,2.470,2.470,2.439,2.442,3904649.0,1015451697.00
20230620,2.439,2.447,2.426,2.431,3313576.0,856964368.00
20230621,2.425,2.434,2.404,2.406,5095436.0,1309329692.00
20230626,2.393,2.393,2.373,2.379,8211922.0,2074965471.00
20230627,2.379,2.400,2.371,2.393,6029772.0,1527392528.00
20230628,2.388,2.403,2.380,2.402,7991543.0,2029496264.00
20230629,2.398,2.404,2.382,2.388,3358439.0,851871370.00
20230630,2.387,2.409,2.382,2.394,4238520.0,1078814230.00
20230703,2.400,2.434,2.397,2.430,5354347.0,1376150007.00
20230704,2.430,2.435,2.424,2.434,2348901.0,605857801.00
20230705,2.430,2.436,2.415,2.420,2908181.0,747943209.00
20230706,2.413,2.425,2.397,2.402,2755416.0,704464042.00
20230707,2.396,2.401,2.385,2.392,3569697.0,907380335.00
20230710,2.403,2.422,2.396,2.404,3498717.0,894634214.00
20230711,2.414,2.424,2.407,2.420,3773715.0,967983815.00
20230712,2.423,2.432,2.413,2.419,3521039.0,906042000.00
20230713,2.432,2.458,2.430,2.458,5388172.0,1401149207.00
20230714,2.462,2.466,2.453,2.458,3647546.0,952326649.00
20230717,2.452,2.452,2.425,2.434,5906522.0,1525315630.00
20230718,2.437,2.441,2.423,2.431,2838368.0,732573969.00
20230719,2.425,2.441,2.425,2.440,3540793.0,914391296.00
20230720,2.442,2.458,2.424,2.426,4706573.0,1220356105.00
20230721,2.428,2.450,2.421,2.436,7338594.0,1896642870.00
20230724,2.419,2.434,2.414,2.424,3874085.0,996493758.00
20230725,2.458,2.501,2.458,2.501,15317271.0,4037185385.00
20230726,2.496,2.502,2.489,2.498,4870458.0,1290286883.00
20230727,2.502,2.516,2.489,2.499,7878832.0,2096215664.00
20230728,2.484,2.577,2.484,2.569,11175666.0,3017759648.00
20230731,2.587,2.621,2.565,2.572,9765852.0,2682260909.00
20230801,2.569,2.590,2.558,2.565,7118587.0,1941419104.00
20230802,2.560,2.572,2.534,2.541,8588072.0,2322574930.00
20230803,2.539,2.567,2.534,2.565,8015844.0,2171835205.00
20230804,2.588,2.604,2.565,2.567,9632960.0,2641123332.00
20230807,2.554,2.559,2.544,2.556,9506790.0,2574777677.00
20230808,2.548,2.568,2.534,2.552,8158148.0,2207884579.00
20230809,2.543,2.560,2.541,2.552,9569187.0,2592590685.00
20230810,2.547,2.555,2.530,2.549,6707250.0,1812057033.00
20230811,2.549,2.551,2.487,2.489,13165393.0,3507923505.00
20230814,2.463,2.475,2.450,2.470,7019116.0,1837370077.00
20230815,2.468,2.479,2.446,2.471,7496054.0,1962151230.00
20230816,2.457,2.474,2.452,2.453,6914164.0,1805684038.00
20230817,2.443,2.466,2.433,2.458,8036682.0,2087042289.00
20230818,2.458,2.469,2.429,2.430,10098946.0,2623677440.00
20230821,2.427,2.434,2.399,2.399,7743154.0,1985151542.00
20230822,2.407,2.429,2.389,2.418,9507972.0,2431593268.00
20230823,2.410,2.420,2.382,2.388,9881186.0,2519512005.00
20230824,2.392,2.423,2.391,2.405,6658206.0,1699966454.00
20230825,2.397,2.430,2.394,2.414,7899690.0,2021090765.00
20230828,2.549,2.553,2.433,2.445,18693566.0,4923733757.00
20230829,2.440,2.474,2.437,2.455,10784132.0,2810876624.00
20230830,2.458,2.465,2.444,2.448,6663610.0,1735331968.00
20230831,2.449,2.458,2.432,2.440,5513696.0,1430002814.00
20230901,2.450,2.472,2.449,2.458,8072719.0,2106628526.00
20230904,2.480,2.507,2.472,2.504,9662526.0,2556384713.00
20230905,2.495,2.496,2.483,2.488,4896198.0,1293288080.00
20230906,2.478,2.489,2.471,2.484,4522422.0,1190218237.00
20230907,2.478,2.480,2.455,2.459,4488510.0,1175420984.00
20230908,2.452,2.458,2.439,2.445,5168458.0,1342113803.00
20230911,2.445,2.476,2.443,2.461,4845495.0,1265626826.00
20230912,2.458,2.463,2.453,2.458,3086228.0,805115303.00
20230913,2.457,2.468,2.434,2.450,6615026.0,1720177577.00
20230914,2.453,2.465,2.443,2.457,5656313.0,1473698703.00
20230915,2.463,2.473,2.436,2.445,11259270.0,2932957293.00
20230918,2.441,2.459,2.430,2.458,5115627.0,1330766802.00
20230919,2.457,2.461,2.443,2.458,4086633.0,1064346244.00
20230920,2.455,2.457,2.445,2.446,5407676.0,1406574268.00
20230921,2.440,2.448,2.422,2.423,6361265.0,1641438850.00
20230922,2.421,2.482,2.417,2.481,12486141.0,3260070800.00
20230925,2.474,2.475,2.454,2.458,6306563.0,1647727015.00
20230926,2.456,2.461,2.440,2.442,5389943.0,1400038830.00
20230927,2.441,2.464,2.441,2.453,7877179.0,2048604830.00
20230928,2.458,2.460,2.430,2.433,9018754.0,2336548889.00
20231009,2.428,2.431,2.403,2.425,7094741.0,1822548048.00
20231010,2.435,2.444,2.409,2.410,6393301.0,1646034145.00
20231011,2.424,2.430,2.413,2.418,4995536.0,1284088580.00
20231012,2.442,2.452,2.430,2.441,6471168.0,1675887135.00
20231013,2.424,2.425,2.411,2.417,6273821.0,1610513092.00
20231016,2.419,2.421,2.389,2.395,5455743.0,1390957031.00
20231017,2.400,2.408,2.391,2.405,5123652.0,1305836338.00
20231018,2.402,2.408,2.392,2.395,6448572.0,1641461767.00
20231019,2.383,2.383,2.328,2.330,15488621.0,3862174966.00
20231020,2.321,2.330,2.309,2.317,9673340.0,2383220681.00
20231023,2.312,2.319,2.280,2.299,11724096.0,2861862694.00
20231024,2.305,2.313,2.286,2.307,8044666.0,1966471085.00
20231025,2.331,2.342,2.314,2.318,11670341.0,2881007828.00
20231026,2.310,2.329,2.308,2.327,5877751.0,1446754655.00
20231027,2.320,2.359,2.314,2.349,6742575.0,1672977375.00
20231030,2.341,2.354,2.336,2.347,5615286.0,1397838429.00
20231031,2.343,2.347,2.332,2.344,6983907.0,1734504656.00
20231101,2.381,2.383,2.346,2.352,10050692.0,2515490923.00
20231102,2.358,2.371,2.347,2.348,4396058.0,1100881287.00
20231103,2.352,2.374,2.350,2.367,4454147.0,1117568062.00
20231106,2.381,2.391,2.375,2.386,5701929.0,1442477640.00
20231107,2.381,2.382,2.368,2.376,5112930.0,1289007419.00
20231108,2.369,2.380,2.356,2.368,4980410.0,1252143620.00
20231109,2.361,2.376,2.360,2.368,5394368.0,1355518432.00
20231110,2.360,2.361,2.341,2.345,5938621.0,1479753993.00
20231113,2.349,2.352,2.328,2.340,4960145.0,1230909580.00
20231114,2.344,2.351,2.328,2.338,5508289.0,1367791628.00
20231115,2.355,2.363,2.349,2.358,7149495.0,1788279955.00
20231116,2.356,2.356,2.332,2.334,7976905.0,1981040525.00
20231117,2.329,2.334,2.311,2.330,28054255.0,6923473035.00
20231120,2.328,2.344,2.315,2.336,7063421.0,1749220517.00
20231121,2.343,2.363,2.341,2.347,8004787.0,1998848048.00
20231122,2.341,2.345,2.327,2.328,6009052.0,1489593401.00
20231123,2.327,2.340,2.317,2.336,5408029.0,1335877055.00
20231124,2.331,2.334,2.320,2.324,6429471.0,1588186082.00
20231127,2.321,2.322,2.287,2.302,6475224.0,1555543986.00
20231128,2.299,2.304,2.291,2.301,5105589.0,1226821308.00
20231129,2.302,2.306,2.280,2.291,14102669.0,3375092287.00
20231130,2.289,2.301,2.286,2.297,5498243.0,1318575392.00
20231201,2.296,2.296,2.263,2.281,16372300.0,3903011780.00
20231204,2.284,2.284,2.263,2.264,6021258.0,1430200569.00
20231205,2.259,2.260,2.216,2.218,9668267.0,2262667405.00
20231206,2.214,2.231,2.206,2.216,7242915.0,1679044884.00
20231207,2.212,2.216,2.192,2.207,8458436.0,1948908721.00
20231208,2.208,2.222,2.203,2.213,5784336.0,1338105415.00
20231211,2.200,2.233,2.178,2.223,13889477.0,3206687526.00
20231212,2.217,2.238,2.213,2.235,12710683.0,2963779376.00
20231213,2.229,2.230,2.190,2.191,9165594.0,2113160238.00
20231214,2.204,2.212,2.179,2.181,7997255.0,1833907775.00
20231215,2.191,2.214,2.175,2.182,11945294.0,2736672740.00
20231218,2.171,2.192,2.160,2.184,7464831.0,1702216585.00
20231219,2.181,2.197,2.171,2.187,7834450.0,1788840281.00
20231220,2.191,2.195,2.172,2.174,7118853.0,1626615463.00
20231221,2.165,2.205,2.165,2.199,14034940.0,3216135684.00
20231222,2.197,2.220,2.188,2.207,17711173.0,4082702832.00
20231225,2.206,2.213,2.200,2.208,8254433.0,1904272372.00
20231226,2.208,2.209,2.191,2.199,10013610.0,2300801401.00
20231227,2.199,2.208,2.186,2.202,11402150.0,2619377616.00
20231228,2.200,2.257,2.198,2.252,13067198.0,3053581232.00
20231229,2.248,2.262,2.243,2.253,9174642.0,2160909818.00
20240102,2.254,2.254,2.225,2.226,7873101.0,1838299287.00
20240103,2.223,2.234,2.219,2.231,6276761.0,1461195301.00
20240104,2.230,2.231,2.195,2.213,9061636.0,2093817070.00
20240105,2.208,2.231,2.190,2.203,10194159.0,2356530474.00
20240108,2.200,2.209,2.175,2.179,8887650.0,2030449583.00
20240109,2.182,2.187,2.170,2.181,8539230.0,1945903903.00
20240110,2.176,2.193,2.168,2.171,8002375.0,1821165952.00
20240111,2.170,2.188,2.163,2.176,7518734.0,1709975191.00
20240112,2.169,2.188,2.166,2.173,5938060.0,1351633457.00
20240115,2.165,2.193,2.162,2.173,5665875.0,1288485025.00
20240116,2.169,2.186,2.159,2.185,11365268.0,2581364386.00
20240117,2.176,2.178,2.135,2.137,12722519.0,2867308876.00
20240118,2.128,2.179,2.101,2.175,48256572.0,10801614249.00
20240119,2.161,2.188,2.152,2.183,37844813.0,8604240707.00
20240122,2.175,2.192,2.141,2.163,28731502.0,6539373939.00
20240123,2.157,2.175,2.139,2.160,14307000.0,3226612717.00
20240124,2.170,2.200,2.146,2.195,16299793.0,3704587204.00
20240125,2.196,2.250,2.191,2.245,15457903.0,3594294797.00
20240126,2.238,2.256,2.231,2.248,24310874.0,5710766401.00
20240129,2.248,2.260,2.237,2.240,11633523.0,2734417310.00
20240130,2.229,2.236,2.204,2.206,12781779.0,2966181024.00
20240131,2.198,2.209,2.177,2.192,19494492.0,4477275386.00
20240201,2.182,2.205,2.174,2.184,20151254.0,4613678834.00
20240202,2.185,2.199,2.117,2.169,21091627.0,4791054424.00
20240205,2.155,2.203,2.137,2.190,16359863.0,3717343796.00
20240206,2.182,2.256,2.180,2.249,23857265.0,5559702140.00
20240207,2.253,2.278,2.236,2.277,29994877.0,7075158357.00
20240208,2.285,2.291,2.263,2.281,32903829.0,7825611541.00
20240219,2.294,2.300,2.278,2.299,17493531.0,4186607628.00
20240220,2.295,2.301,2.283,2.298,9881649.0,2369139816.00
20240221,2.291,2.367,2.287,2.338,19576886.0,4775414858.00
20240222,2.334,2.362,2.332,2.359,8735502.0,2145403464.00
20240223,2.359,2.375,2.352,2.360,10611448.0,2619541868.00
20240226,2.357,2.358,2.316,2.321,19025108.0,4640194462.00
20240227,2.313,2.333,2.311,2.332,12488100.0,3029288516.00
20240228,2.332,2.347,2.317,2.319,17928480.0,4368541732.00
20240229,2.312,2.342,2.312,2.338,12861036.0,3131930462.00
20240301,2.334,2.349,2.325,2.342,11914239.0,2912366448.00
20240304,2.338,2.351,2.332,2.345,12735646.0,3118727719.00
20240305,2.336,2.379,2.333,2.373,24326536.0,6003144952.00
20240306,2.370,2.377,2.360,2.361,15001291.0,3712948524.00
20240307,2.359,2.373,2.345,2.353,9681971.0,2386691729.00
20240308,2.353,2.362,2.337,2.353,8131796.0,1997938711.00
20240311,2.353,2.372,2.345,2.371,10377410.0,2558986707.00
20240312,2.371,2.386,2.365,2.377,16067259.0,3990464004.00
20240313,2.373,2.374,2.346,2.358,10131920.0,2495595260.00
20240314,2.357,2.373,2.343,2.352,8526481.0,2101941459.00
20240315,2.345,2.359,2.336,2.354,10234260.0,2509045972.00
20240318,2.352,2.367,2.347,2.364,8959254.0,2207872991.00
20240319,2.359,2.368,2.343,2.347,9932093.0,2442316117.00
20240320,2.341,2.360,2.336,2.353,8084708.0,1986075707.00
20240321,2.358,2.369,2.352,2.353,6084785.0,1501322389.00
20240322,2.348,2.350,2.315,2.332,14666309.0,3569943425.00
20240325,2.327,2.346,2.322,2.331,7060301.0,1723222112.00
20240326,2.333,2.344,2.327,2.340,7279260.0,1777001087.00
20240327,2.335,2.349,2.326,2.327,8445248.0,2062872250.00
20240328,2.325,2.352,2.315,2.332,11681462.0,2848278617.00
20240329,2.329,2.346,2.328,2.343,6343347.0,1550757553.00
20240401,2.348,2.377,2.348,2.367,9645423.0,2387593224.00
20240402,2.368,2.373,2.356,2.364,6630532.0,1638175015.00
20240403,2.365,2.367,2.350,2.356,5966107.0,1470757959.00
20240408,2.349,2.358,2.334,2.344,9452898.0,2318565441.00
20240409,2.343,2.346,2.327,2.331,6621908.0,1615618068.00
20240410,2.333,2.339,2.316,2.325,8470106.0,2061198197.00
20240411,2.318,2.331,2.307,2.323,6501972.0,1577499388.00
20240412,2.322,2.328,2.297,2.303,7555349.0,1825001902.00
20240415,2.301,2.353,2.300,2.351,14488230.0,3542177673.00
20240416,2.346,2.357,2.324,2.342,10738001.0,2631564003.00
20240417,2.338,2.367,2.325,2.366,10021600.0,2458853411.00
20240418,2.359,2.395,2.357,2.372,11747951.0,2919442062.00
20240419,2.363,2.372,2.350,2.357,8419503.0,2077412676.00
20240422,2.358,2.378,2.349,2.353,8092445.0,1999412924.00
20240423,2.350,2.355,2.339,2.341,5461993.0,1338976271.00
20240424,2.347,2.355,2.334,2.350,6679206.0,1637772280.00
20240425,2.346,2.365,2.339,2.359,5467004.0,1344262737.00
20240426,2.361,2.395,2.361,2.388,10252533.0,2552948611.00
20240429,2.386,2.420,2.381,2.402,12745864.0,3201015603.00
20240430,2.399,2.410,2.389,2.391,6102266.0,1530682323.00
20240506,2.418,2.431,2.411,2.420,10292529.0,2603957589.00
20240507,2.419,2.428,2.414,2.425,5575827.0,1412239015.00
20240508,2.421,2.422,2.409,2.411,5025894.0,1268695299.00
20240509,2.410,2.431,2.410,2.426,4806423.0,1217520491.00
20240510,2.432,2.439,2.415,2.433,9575303.0,2429604704.00
20240513,2.425,2.436,2.411,2.430,8365878.0,2120015264.00
20240514,2.429,2.433,2.415,2.421,5615916.0,1421424551.00
20240515,2.419,2.425,2.399,2.404,6855137.0,1725564825.00
20240516,2.408,2.422,2.400,2.413,7740598.0,1952385454.00
20240517,2.413,2.452,2.411,2.450,9433886.0,2393025520.00
20240520,2.451,2.468,2.446,2.455,6527969.0,1677191415.00
20240521,2.451,2.455,2.440,2.451,4955627.0,1268200231.00
20240522,2.447,2.457,2.443,2.452,5769511.0,1478840139.00
20240523,2.444,2.446,2.420,2.427,10148166.0,2577202045.00
20240524,2.419,2.429,2.397,2.399,9265578.0,2338037356.00
20240527,2.403,2.423,2.403,2.421,8532848.0,2153491606.00
20240528,2.421,2.429,2.411,2.414,4946235.0,1251433919.00
20240529,2.412,2.434,2.411,2.415,5478518.0,1387191251.00
20240530,2.412,2.425,2.393,2.399,6922247.0,1740791885.00
20240531,2.403,2.412,2.389,2.390,5260071.0,1319365549.00
20240603,2.388,2.400,2.380,2.393,6104775.0,1525472189.00
20240604,2.391,2.413,2.389,2.407,6874873.0,1726177373.00
20240605,2.406,2.410,2.395,2.396,6055816.0,1520838398.00
20240606,2.401,2.418,2.389,2.397,7178145.0,1803766881.00
20240607,2.403,2.407,2.375,2.387,7205760.0,1799425178.00
20240611,2.380,2.382,2.349,2.358,9922437.0,2449930587.00
20240612,2.354,2.360,2.346,2.355,6958130.0,1711513594.00
20240613,2.359,2.359,2.339,2.345,7129564.0,1749727333.00
20240614,2.342,2.367,2.335,2.362,8970682.0,2204621247.00
20240617,2.346,2.354,2.344,2.347,9911370.0,2433455971.00
20240618,2.346,2.358,2.342,2.347,6218496.0,1526849003.00
20240619,2.348,2.355,2.342,2.351,5918251.0,1453691654.00
20240620,2.348,2.359,2.342,2.345,7609007.0,1868123726.00
20240621,2.343,2.348,2.322,2.340,16365973.0,3995896590.00
20240624,2.324,2.355,2.322,2.340,12784610.0,3122801047.00
20240625,2.340,2.345,2.319,2.331,10331747.0,2520755095.00
20240626,2.326,2.342,2.321,2.335,8626790.0,2101358607.00
20240627,2.330,2.333,2.316,2.328,9311183.0,2263826818.00
20240628,2.322,2.346,2.321,2.335,7429559.0,1814786783.00
20240701,2.334,2.348,2.326,2.344,6621932.0,1617680106.00
20240702,2.341,2.361,2.340,2.355,9290694.0,2286800998.00
20240703,2.356,2.359,2.346,2.355,3773520.0,928360508.00
20240704,2.357,2.367,2.346,2.347,6321292.0,1556480556.00
20240705,2.347,2.352,2.308,2.328,11938359.0,2901136104.00
20240708,2.321,2.331,2.311,2.317,6944250.0,1684210852.00
20240709,2.316,2.346,2.300,2.338,10059165.0,2448496420.00
20240710,2.334,2.345,2.332,2.334,5067294.0,1238683767.00
20240711,2.346,2.362,2.339,2.359,6476890.0,1592910989.00
20240712,2.361,2.376,2.360,2.373,10995092.0,2725852700.00
20240715,2.370,2.386,2.367,2.383,11447504.0,2849936851.00
20240716,2.381,2.395,2.373,2.391,12088254.0,3012994756.00
20240717,2.389,2.408,2.388,2.401,11333481.0,2841428538.00
20240718,2.396,2.416,2.390,2.412,13175566.0,3310701450.00
20240719,2.406,2.437,2.392,2.429,29955500.0,7583547723.00
20240722,2.427,2.428,2.390,2.406,10696968.0,2688982308.00
20240723,2.400,2.407,2.371,2.375,7002163.0,1747985093.00
20240724,2.368,2.381,2.356,2.367,9856988.0,2439409112.00
20240725,2.358,2.364,2.332,2.344,13277874.0,3255110632.00
20240726,2.345,2.348,2.323,2.338,13986516.0,3412317353.00
20240729,2.335,2.340,2.325,2.329,5652227.0,1378369379.00
20240730,2.324,2.326,2.303,2.317,15775588.0,3817954955.00
20240731,2.316,2.360,2.315,2.356,10156080.0,2485013315.00
20240801,2.353,2.358,2.339,2.342,6009496.0,1474349712.00
20240802,2.331,2.341,2.320,2.327,9324298.0,2269291723.00
20240805,2.320,2.345,2.308,2.312,22994509.0,5580889063.00
20240806,2.322,2.329,2.277,2.297,13266939.0,3184782813.00
20240807,2.292,2.310,2.289,2.295,7888451.0,1897094333.00
20240808,2.294,2.316,2.287,2.301,5420832.0,1304227402.00
20240809,2.312,2.320,2.298,2.299,7108425.0,1714657556.00
20240812,2.299,2.306,2.294,2.300,3785181.0,909934152.00
20240813,2.299,2.302,2.286,2.299,4829871.0,1158542404.00
20240814,2.300,2.300,2.285,2.286,5535233.0,1325266891.00
20240815,2.282,2.326,2.278,2.317,11877681.0,2871335967.00
20240816,2.316,2.332,2.312,2.328,12210098.0,2969005525.00
20240819,2.328,2.351,2.328,2.339,4569783.0,1118738686.00
20240820,2.343,2.343,2.321,2.332,10826380.0,2635439160.00
20240821,2.326,2.330,2.307,2.321,8675947.0,2106447259.00
20240822,2.322,2.328,2.314,2.324,9491853.0,2305467167.00
20240823,2.324,2.343,2.322,2.339,5248149.0,1280201017.00
20240826,2.341,2.346,2.325,2.336,4942720.0,1204738842.00
20240827,2.335,2.343,2.328,2.338,7653493.0,1870196685.00
20240828,2.334,2.337,2.312,2.322,10675309.0,2590692432.00
20240829,2.316,2.320,2.300,2.302,4836324.0,1166474497.00
20240830,2.298,2.341,2.297,2.323,10847342.0,2632743966.00
20240902,2.311,2.314,2.283,2.286,7392893.0,1774478044.00
20240903,2.285,2.288,2.272,2.276,9377083.0,2232479897.00
20240904,2.265,2.276,2.253,2.256,7137825.0,1687877679.00
20240905,2.257,2.268,2.253,2.259,6894338.0,1627092180.00
20240906,2.261,2.276,2.247,2.249,8562679.0,2024786340.00
20240909,2.241,2.244,2.212,2.219,10023801.0,2332017439.00
20240910,2.218,2.227,2.208,2.220,8205770.0,1902284704.00
20240911,2.215,2.217,2.200,2.207,9266640.0,2137845440.00
20240912,2.208,2.215,2.195,2.197,6991983.0,1610700920.00
20240913,2.197,2.212,2.191,2.192,7015425.0,1614763210.00
20240918,2.192,2.213,2.190,2.205,9862960.0,2271001146.00
20240919,2.208,2.229,2.186,2.218,10390874.0,2401231797.00
20240920,2.214,2.229,2.199,2.222,18929667.0,4382428683.00
20240923,2.220,2.241,2.218,2.229,6102424.0,1423995800.00
20240924,2.254,2.344,2.243,2.344,19945356.0,4767019076.00
20240925,2.377,2.414,2.367,2.372,16106077.0,4025351590.00
20240926,2.369,2.506,2.369,2.504,23766597.0,6062194855.00
20240927,2.545,2.696,2.495,2.606,15153691.0,4046810263.00
20240930,2.679,2.816,2.604,2.783,35718685.0,10146589826.00
20241008,3.061,3.061,2.783,2.849,37580843.0,11415209760.00
20241009,2.785,2.812,2.638,2.643,22327071.0,6363795056.00
20241010,2.665,2.793,2.658,2.728,22507431.0,6425501180.00
20241011,2.718,2.724,2.635,2.673,19952232.0,5592958724.00
20241014,2.683,2.721,2.657,2.704,18874594.0,5315177775.00
20241015,2.692,2.710,2.636,2.638,15630305.0,4369529347.00
20241016,2.620,2.662,2.614,2.634,11896819.0,3276690493.00
20241017,2.650,2.663,2.593,2.594,15459338.0,4235451493.00
20241018,2.597,2.738,2.573,2.674,20674267.0,5715393298.00
20241021,2.675,2.689,2.647,2.669,13690328.0,3819999477.00
20241022,2.668,2.695,2.661,2.679,12676923.0,3546348418.00
20241023,2.679,2.717,2.670,2.695,14522924.0,4089184202.00
20241024,2.682,2.687,2.656,2.668,10727306.0,2994282318.00
20241025,2.668,2.694,2.657,2.672,9443247.0,2639334798.00
20241028,2.671,2.675,2.644,2.674,8204625.0,2282518658.00
20241029,2.676,2.701,2.652,2.658,11055290.0,3088699839.00
20241030,2.649,2.663,2.612,2.624,10150427.0,2794248194.00
20241031,2.624,2.643,2.603,2.622,10689799.0,2930423765.00
20241101,2.616,2.662,2.616,2.642,13807559.0,3817604038.00
20241104,2.645,2.666,2.622,2.664,7106926.0,1964549168.00
20241105,2.657,2.719,2.648,2.718,15474295.0,4356399376.00
20241106,2.717,2.733,2.678,2.696,13287261.0,3757745277.00
20241107,2.675,2.801,2.675,2.798,19703699.0,5637320950.00
20241108,2.808,2.822,2.743,2.757,18561411.0,5381264573.00
20241111,2.732,2.743,2.698,2.740,12060510.0,3433982664.00
20241112,2.734,2.768,2.687,2.699,13409688.0,3820161665.00
20241113,2.687,2.725,2.685,2.715,11543369.0,3271408028.00
20241114,2.706,2.732,2.686,2.692,12772062.0,3618983319.00
20241115,2.686,2.698,2.656,2.657,13944189.0,3912222816.00
20241118,2.668,2.712,2.655,2.669,11996198.0,3365626873.00
20241119,2.665,2.672,2.624,2.657,9194689.0,2548604159.00
20241120,2.652,2.673,2.644,2.663,8549799.0,2376422995.00
20241121,2.659,2.674,2.652,2.670,7389827.0,2057145584.00
20241122,2.666,2.671,2.587,2.592,13130656.0,3602971341.00
20241125,2.594,2.609,2.556,2.570,13224316.0,3568798498.00
20241126,2.561,2.596,2.560,2.580,8399711.0,2265478100.00
20241127,2.580,2.612,2.570,2.610,11047126.0,2996742823.00
20241128,2.612,2.617,2.584,2.598,9132828.0,2482544613.00
20241129,2.599,2.647,2.598,2.613,11626312.0,3182140226.00
20241202,2.610,2.629,2.596,2.620,7992803.0,2144378892.00
20241203,2.620,2.641,2.607,2.634,8012046.0,2156432834.00
20241204,2.631,2.643,2.619,2.631,9249462.0,2495054356.00
20241205,2.622,2.632,2.611,2.619,4138205.0,1112357920.00
20241206,2.620,2.667,2.613,2.647,9679321.0,2628474881.00
20241209,2.644,2.671,2.638,2.650,6695835.0,1821136370.00
20241210,2.728,2.739,2.666,2.675,12984448.0,3596212305.00
20241211,2.668,2.677,2.653,2.657,6737849.0,1842999625.00
20241212,2.659,2.688,2.651,2.687,8735536.0,2397809797.00
20241213,2.672,2.673,2.614,2.622,17176953.0,4640972496.00
20241216,2.622,2.626,2.612,2.618,8353765.0,2244566951.00
20241217,2.614,2.653,2.614,2.632,10871029.0,2938050879.00
20241218,2.640,2.659,2.640,2.650,8432093.0,2292001076.00
20241219,2.632,2.650,2.619,2.640,5620155.0,1521754656.00
20241220,2.637,2.653,2.627,2.633,9487539.0,2567483609.00
20241223,2.633,2.672,2.633,2.655,14460434.0,3944060298.00
20241224,2.659,2.689,2.648,2.683,8582619.0,2354797871.00
20241225,2.690,2.708,2.683,2.694,10273263.0,2840047675.00
20241226,2.693,2.695,2.678,2.687,6313202.0,1739122645.00
20241227,2.684,2.699,2.671,2.684,6117459.0,1684614127.00
20241230,2.684,2.708,2.684,2.703,7772449.0,2152251817.00
20241231,2.702,2.709,2.667,2.669,15603911.0,4302212444.00
20250102,2.664,2.669,2.578,2.599,12402833.0,3336364664.00
20250103,2.596,2.604,2.562,2.574,9348973.0,2480596828.00
20250106,2.574,2.579,2.541,2.563,10737270.0,2818947759.00
20250107,2.562,2.581,2.554,2.578,6570023.0,1731993888.00
20250108,2.575,2.599,2.553,2.584,12182753.0,3218938292.00
20250109,2.582,2.584,2.560,2.571,7736789.0,2041823177.00
20250110,2.569,2.584,2.547,2.549,9300707.0,2445972393.00
20250113,2.537,2.550,2.521,2.541,7230674.0,1881410409.00
20250114,2.545,2.595,2.538,2.585,11877053.0,3133213372.00
20250115,2.579,2.593,2.573,2.579,6509676.0,1724376610.00
20250116,2.585,2.603,2.559,2.570,8949630.0,2368453814.00
20250117,2.563,2.584,2.550,2.570,6186776.0,1632157202.00
20250120,2.583,2.598,2.570,2.576,6491374.0,1721842484.00
20250121,2.585,2.587,2.565,2.573,4747302.0,1254500373.00
20250122,2.572,2.573,2.531,2.541,11475867.0,2993509343.00
20250123,2.557,2.597,2.552,2.557,13289416.0,3502865346.00
20250124,2.556,2.587,2.552,2.571,9747169.0,2572864277.00
20250127,2.575,2.588,2.571,2.576,11620837.0,3074369800.00
20250205,2.588,2.591,2.547,2.553,11290191.0,2962741079.00
20250206,2.553,2.578,2.546,2.571,8921698.0,2347513436.00
20250207,2.569,2.617,2.560,2.600,13450502.0,3575362486.00
20250210,2.600,2.619,2.597,2.610,6044639.0,1617467906.00
20250211,2.615,2.616,2.597,2.603,7720638.0,2062683345.00
20250212,2.602,2.636,2.598,2.630,7175887.0,1924971127.00
20250213,2.628,2.655,2.624,2.634,9275064.0,2509812167.00
20250214,2.630,2.654,2.625,2.650,9345724.0,2531742248.00
20250217,2.656,2.663,2.636,2.654,10702113.0,2906761375.00
20250218,2.651,2.669,2.634,2.644,10415171.0,2835266625.00
20250219,2.638,2.665,2.632,2.653,6717841.0,1827226884.00
20250220,2.650,2.650,2.631,2.639,5718533.0,1548508733.00
20250221,2.647,2.678,2.638,2.675,9607078.0,2626155763.00
20250224,2.671,2.680,2.649,2.662,10676691.0,2919079511.00
20250225,2.649,2.653,2.626,2.635,7562659.0,2048354417.00
20250226,2.638,2.659,2.635,2.657,6829191.0,1854394616.00
20250227,2.656,2.673,2.645,2.671,7267979.0,1983692780.00
20250228,2.663,2.680,2.631,2.637,9990513.0,2722485399.00
20250303,2.636,2.646,2.609,2.618,7660951.0,2067717435.00
20250304,2.607,2.618,2.598,2.610,5336225.0,1428469856.00
20250305,2.611,2.634,2.607,2.629,7279974.0,1958669647.00
20250306,2.640,2.680,2.639,2.671,11925746.0,3261219816.00
20250307,2.669,2.684,2.664,2.670,7012406.0,1921692029.00
20250310,2.670,2.672,2.640,2.658,12763713.0,3473076251.00
20250311,2.641,2.671,2.637,2.670,6161943.0,1676905021.00
20250312,2.670,2.676,2.655,2.661,5463028.0,1492721820.00
20250313,2.660,2.673,2.643,2.654,5724652.0,1562037965.00
20250314,2.659,2.738,2.659,2.732,15514683.0,4318119340.00
20250317,2.741,2.747,2.722,2.727,6493563.0,1820785324.00
20250318,2.736,2.742,2.726,2.729,4533660.0,1271261850.00
20250319,2.726,2.748,2.723,2.738,6219571.0,1744324260.00
20250320,2.739,2.740,2.702,2.709,7753116.0,2157416106.00
20250321,2.702,2.712,2.657,2.665,10133600.0,2787569782.00
20250324,2.664,2.685,2.663,2.682,6366811.0,1747704081.00
20250325,2.685,2.688,2.676,2.682,5959960.0,1639618034.00
20250326,2.681,2.687,2.664,2.667,7912873.0,2171300454.00
20250327,2.666,2.695,2.663,2.680,6780263.0,1863821605.00
20250328,2.679,2.683,2.661,2.669,5455546.0,1494605469.00
20250331,2.664,2.682,2.647,2.656,8421435.0,2298250484.00
20250401,2.657,2.666,2.649,2.652,4572423.0,1246064948.00
20250402,2.649,2.660,2.642,2.647,3759598.0,1022632654.00
20250403,2.628,2.662,2.625,2.651,6896073.0,1874086278.00
20250407,2.554,2.593,2.427,2.506,37040801.0,9546614904.00
20250408,2.506,2.562,2.499,2.561,35563153.0,9231398383.00
20250409,2.544,2.586,2.528,2.581,15037226.0,3950325657.00
20250410,2.607,2.611,2.581,2.604,8769246.0,2336224166.00
20250411,2.594,2.612,2.585,2.609,11058711.0,2951415497.00
20250414,2.611,2.625,2.601,2.617,4601982.0,1235248373.00
20250415,2.613,2.628,2.603,2.623,10207057.0,2741779164.00
20250416,2.622,2.652,2.605,2.646,23126580.0,6254287293.00
20250417,2.634,2.676,2.631,2.649,11663309.0,3165668335.00
20250418,2.641,2.658,2.637,2.651,13018067.0,3539182659.00
20250421,2.646,2.663,2.642,2.642,6303513.0,1714100311.00
20250422,2.641,2.658,2.640,2.647,6106662.0,1660128171.00
20250423,2.654,2.657,2.636,2.639,4951600.0,1342415055.00
20250424,2.639,2.657,2.638,2.646,5941611.0,1613866464.00
20250425,2.648,2.655,2.634,2.641,6653659.0,1805125877.00
20250428,2.637,2.649,2.626,2.642,5199593.0,1408460197.00
20250429,2.641,2.646,2.632,2.637,3846837.0,1040951117.00
20250430,2.637,2.644,2.624,2.625,5568278.0,1503201223.00
20250506,2.640,2.641,2.626,2.638,5058295.0,1367480491.00
20250507,2.670,2.676,2.646,2.662,12209317.0,3326943534.00
20250508,2.655,2.687,2.652,2.673,7976006.0,2186952398.00
20250509,2.669,2.680,2.668,2.675,5120432.0,1405198746.00
20250512,2.680,2.704,2.675,2.693,7264181.0,2005089060.00
20250513,2.704,2.704,2.692,2.699,5758009.0,1593292617.00
20250514,2.701,2.760,2.699,2.746,12546489.0,3513556759.00
20250515,2.742,2.750,2.727,2.732,8112795.0,2277983259.00
20250516,2.727,2.733,2.697,2.708,6900619.0,1916601343.00
20250519,2.700,2.708,2.692,2.699,4655272.0,1288467234.00
20250520,2.700,2.722,2.699,2.710,3666608.0,1019948818.00
20250521,2.710,2.733,2.710,2.722,4281720.0,1196598225.00
20250522,2.717,2.731,2.711,2.725,2470538.0,689977958.00
20250523,2.723,2.736,2.703,2.705,5058543.0,1410503675.00
20250526,2.700,2.714,2.686,2.694,4736762.0,1311057810.00
20250527,2.693,2.701,2.677,2.680,4171257.0,1149675545.00
20250528,2.680,2.684,2.674,2.677,3341957.0,918550162.00
20250529,2.678,2.699,2.672,2.684,8820875.0,2432427132.00
20250530,2.683,2.688,2.661,2.679,8849951.0,2427758102.00
20250603,2.671,2.691,2.665,2.678,5012603.0,1377558489.00
20250604,2.681,2.694,2.678,2.685,3180233.0,876760447.00
20250605,2.690,2.691,2.676,2.684,4164795.0,1146637796.00
20250606,2.688,2.698,2.681,2.686,5067367.0,1397081746.00
20250609,2.688,2.697,2.677,2.686,7097882.0,1957559023.00
20250610,2.688,2.697,2.666,2.673,9179435.0,2523180748.00
20250611,2.673,2.706,2.672,2.692,5850728.0,1616633629.00
20250612,2.688,2.696,2.672,2.690,3926503.0,1081965600.00
20250613,2.685,2.690,2.667,2.676,6512013.0,1788406622.00
20250616,2.668,2.687,2.666,2.683,5788284.0,1590303432.00
20250617,2.682,2.686,2.671,2.683,5712680.0,1570751594.00
20250618,2.682,2.690,2.670,2.680,4276770.0,1175526798.00
20250619,2.676,2.678,2.658,2.664,8062187.0,2206082968.00
20250620,2.666,2.685,2.665,2.679,7882260.0,2165196619.00
20250623,2.674,2.701,2.664,2.692,7550156.0,2076108843.00
20250624,2.692,2.739,2.691,2.721,9588477.0,2675962191.00
20250625,2.723,2.762,2.717,2.760,9741270.0,2736403316.00
20250626,2.758,2.762,2.751,2.754,5915427.0,1672621168.00
20250627,2.757,2.767,2.721,2.724,7351361.0,2068149774.00
20250630,2.724,2.738,2.716,2.736,7893734.0,2210764804.00
20250701,2.735,2.744,2.729,2.739,4388174.0,1232308688.00
20250702,2.740,2.752,2.733,2.745,4130994.0,1162975614.00
20250703,2.747,2.752,2.737,2.749,2259457.0,636587617.00
20250704,2.747,2.786,2.738,2.764,5631235.0,1597038383.00
20250707,2.759,2.761,2.749,2.756,2882050.0,814856144.00
20250708,2.755,2.778,2.755,2.773,4582411.0,1302452590.00
20250709,2.775,2.785,2.765,2.770,4053707.0,1154327161.00
20250710,2.767,2.806,2.766,2.786,5590829.0,1598907165.00
20250711,2.788,2.844,2.786,2.798,12511232.0,3610956141.00
20250714,2.797,2.811,2.794,2.796,5217903.0,1500087616.00
20250715,2.796,2.803,2.767,2.783,6323674.0,1805683902.00
20250716,2.783,2.793,2.767,2.778,4466359.0,1273605526.00
20250717,2.777,2.788,2.773,2.787,3816978.0,1088783179.00
20250718,2.791,2.816,2.790,2.811,6767310.0,1948265127.00
20250721,2.814,2.823,2.807,2.817,5735454.0,1657056376.00
20250722,2.819,2.842,2.806,2.840,6589763.0,1911014128.00
20250723,2.841,2.871,2.840,2.847,7262294.0,2124964391.00
20250724,2.847,2.868,2.839,2.859,5381465.0,1576501117.00
20250725,2.859,2.859,2.833,2.842,5725561.0,1671135438.00
20250728,2.843,2.859,2.834,2.855,6102850.0,1782760737.00
20250729,2.851,2.864,2.842,2.860,5208200.0,1525541361.00
20250730,2.856,2.893,2.849,2.868,8261651.0,2433011771.00
20250731,2.860,2.860,2.815,2.826,9464200.0,2749811736.00
20250801,2.820,2.829,2.796,2.803,8235140.0,2374086988.00
20250804,2.795,2.818,2.794,2.817,4798952.0,1383406392.00
20250805,2.817,2.842,2.815,2.838,7243018.0,2099184601.00
20250806,2.836,2.849,2.833,2.844,3287829.0,959042523.00
20250807,2.846,2.857,2.834,2.847,4043735.0,1180788104.00
20250808,2.842,2.849,2.831,2.836,2938309.0,856099430.00
20250811,2.838,2.850,2.831,2.838,6412172.0,1869028848.00
20250812,2.839,2.866,2.839,2.858,6136004.0,1798129332.00
20250813,2.858,2.879,2.856,2.866,7414554.0,2180500310.00
20250814,2.868,2.907,2.868,2.879,9297514.0,2757349078.00
20250815,2.873,2.902,2.864,2.890,13530609.0,4003619255.00
20250818,2.895,2.916,2.881,2.896,10996324.0,3269602786.00
20250819,2.894,2.909,2.861,2.863,8026990.0,2377183203.00
20250820,2.860,2.901,2.847,2.900,10037507.0,2959911660.00
20250821,2.904,2.923,2.901,2.914,8740236.0,2611520308.00
20250822,2.916,2.989,2.916,2.988,12658649.0,3839493779.00
20250825,3.001,3.049,2.996,3.045,11883797.0,3686011529.00
20250826,3.042,3.042,3.016,3.022,7274856.0,2259143372.00
20250827,3.024,3.037,2.970,2.974,9928063.0,3063603360.00
20250828,2.969,3.019,2.958,3.017,11513666.0,3525295588.00
20250829,3.007,3.043,3.003,3.033,12427409.0,3859689659.00
20250901,3.036,3.043,3.018,3.034,9471059.0,2943557486.00
20250902,3.036,3.061,3.022,3.049,7797980.0,2432778748.00
20250903,3.049,3.058,2.986,3.009,11190358.0,3463114302.00
20250904,3.005,3.008,2.927,2.957,14957114.0,4540923242.00
20250905,2.956,3.002,2.950,2.994,6499236.0,1981307539.00
20250908,2.992,3.005,2.974,2.989,5352385.0,1640028027.00
20250909,2.983,3.002,2.967,2.982,8518875.0,2609463949.00
20250910,2.979,3.010,2.977,2.994,4603634.0,1413805970.00
20250911,2.983,3.045,2.969,3.043,13086003.0,4051308693.00
20250912,3.045,3.057,3.019,3.025,6949719.0,2166630148.00
20250915,3.030,3.039,3.011,3.019,5423224.0,1682296306.00
20250916,3.022,3.029,2.997,3.004,6450472.0,1991021243.00
20250917,3.000,3.016,2.989,3.010,5797480.0,1787174499.00
20250918,3.014,3.029,2.944,2.971,13048575.0,3998792923.00
20250919,2.963,2.987,2.961,2.968,6556660.0,1998501642.00
20250922,2.967,2.984,2.955,2.977,6331045.0,1928638675.00
20250923,2.975,2.992,2.946,2.977,11085926.0,3374128682.00
20250924,2.967,2.999,2.965,2.994,8089784.0,2479210133.00
20250925,2.996,3.019,2.994,3.009,5579762.0,1721400563.00
20250926,2.999,3.018,2.994,2.999,4655693.0,1435065217.00
20250929,2.994,3.059,2.977,3.030,12640895.0,3914435874.00
20250930,3.038,3.049,3.033,3.047,5536347.0,1727831432.00
20251009,3.058,3.089,3.042,3.081,6753908.0,2128598458.00
20251010,3.065,3.069,3.023,3.033,9312346.0,2914413377.00
20251013,2.974,3.029,2.974,3.022,5377148.0,1658253505.00
20251014,3.036,3.053,3.008,3.022,11351224.0,3526579487.00
20251015,3.023,3.063,3.016,3.059,8039212.0,2502433071.00
20251016,3.055,3.088,3.051,3.079,8492969.0,2678346524.00
20251017,3.078,3.083,3.020,3.031,10476012.0,3278620181.00
20251020,3.042,3.055,3.024,3.032,9068140.0,2826283876.00
20251021,3.039,3.072,3.035,3.064,8524248.0,2676516855.00
20251022,3.048,3.073,3.043,3.068,7930701.0,2490736551.00
20251023,3.065,3.092,3.042,3.087,5765693.0,1815583860.00
20251024,3.095,3.118,3.091,3.111,6810618.0,2170182537.00
20251027,3.127,3.143,3.119,3.135,9466972.0,3042816244.00
20251028,3.131,3.141,3.109,3.115,7843015.0,2513720323.00
20251029,3.117,3.131,3.113,3.129,6303459.0,2018965576.00
20251030,3.124,3.141,3.107,3.112,9869086.0,3163449253.00
20251031,3.113,3.116,3.076,3.080,10606639.0,3363311712.00
20251103,3.073,3.084,3.053,3.081,10062007.0,3166655042.00
20251104,3.080,3.093,3.061,3.076,9918416.0,3136611917.00
20251105,3.054,3.084,3.046,3.070,5728688.0,1803327006.00
20251106,3.078,3.114,3.074,3.109,6410614.0,2037541881.00
20251107,3.102,3.115,3.100,3.105,4454563.0,1420114082.00
20251110,3.108,3.122,3.094,3.120,4411218.0,1406521562.00
20251111,3.124,3.127,3.089,3.099,5112493.0,1628643364.00
20251112,3.098,3.125,3.098,3.116,5535944.0,1768649254.00
20251113,3.110,3.143,3.109,3.139,5012237.0,1608743671.00
20251114,3.129,3.141,3.101,3.102,4273872.0,1369872620.00
20251117,3.101,3.102,3.066,3.079,7648816.0,2416180192.00
20251118,3.072,3.088,3.060,3.070,6626141.0,2089781641.00
20251119,3.066,3.098,3.066,3.085,7117605.0,2254120766.00
20251120,3.097,3.105,3.070,3.076,3863730.0,1224754736.00
20251121,3.058,3.093,3.017,3.022,7926387.0,2473786882.00
20251124,3.026,3.031,3.008,3.016,6183482.0,1914988653.00
20251125,3.025,3.039,3.018,3.031,5700565.0,1771704351.00
20251126,3.034,3.168,3.032,3.035,4655892.0,1455522610.00
20251127,3.039,3.055,3.030,3.033,6512394.0,2031957083.00
20251128,3.032,3.039,3.019,3.034,5891902.0,1833142674.00
20251201,3.038,3.059,3.035,3.058,7558124.0,2362655988.00
20251202,3.058,3.059,3.036,3.043,4791261.0,1497172653.00
20251203,3.041,3.049,3.022,3.029,4778345.0,1488190809.00
20251204,3.033,3.046,3.023,3.037,4306399.0,1340649980.00
20251205,3.037,3.078,3.034,3.065,6637137.0,2079986960.00
20251208,3.072,3.098,3.071,3.084,7894104.0,2500002711.00
20251209,3.080,3.082,3.056,3.062,5570294.0,1754740990.00
20251210,3.059,3.062,3.034,3.053,5522261.0,1724812129.00
20251211,3.058,3.062,3.030,3.041,4920669.0,1536097539.00
20251212,3.046,3.060,3.031,3.055,6310280.0,1970526960.00
20251215,3.047,3.083,3.043,3.054,5200073.0,1635603985.00
20251216,3.052,3.053,3.011,3.024,7878038.0,2442529699.00
20251217,3.025,3.074,3.014,3.058,8863131.0,2695966160.00
20251218,3.053,3.069,3.046,3.064,3775788.0,1154764013.00
20251219,3.065,3.090,3.058,3.078,8660722.0,2665173324.00
20251222,3.083,3.100,3.082,3.092,5439508.0,1682043220.00
20251223,3.096,3.113,3.089,3.098,7227072.0,2241101077.00
20251224,3.097,3.105,3.084,3.099,6620371.0,2050027844.00
20251225,3.096,3.113,3.090,3.107,4466238.0,1386865466.00
20251226,3.108,3.134,3.106,3.120,7161973.0,2236789637.00
20251229,3.120,3.130,3.101,3.109,4870165.0,1518726583.00
20251230,3.100,3.123,3.094,3.108,5242576.0,1629081498.00
20251231,3.110,3.124,3.097,3.105,9114747.0,2833025366.00
20260105,3.116,3.182,3.116,3.174,7992179.0,2524515102.00
20260106,3.180,3.236,3.177,3.235,6444102.0,2073263117.00
20260107,3.236,3.238,3.206,3.220,6129682.0,1976501651.00
20260108,3.212,3.218,3.182,3.198,5125429.0,1642284602.00
20260109,3.197,3.223,3.188,3.209,6013761.0,1927069956.00
20260112,3.215,3.225,3.200,3.218,5443025.0,1748840628.00
20260113,3.223,3.256,3.200,3.214,9151140.0,2949642163.00
20260114,3.216,3.249,3.179,3.187,11870164.0,3820923161.00
20260115,3.180,3.205,3.170,3.180,36385077.0,11581736838.00
20260116,3.193,3.207,3.142,3.160,34763667.0,11018656854.00
20260119,3.153,3.174,3.142,3.153,22693188.0,7155389658.00
20260120,3.152,3.167,3.135,3.150,24576446.0,7744320022.00
20260121,3.147,3.175,3.136,3.145,53658762.0,16901428956.00
20260122,3.153,3.166,3.124,3.131,28467854.0,8925098582.00
20260123,3.135,3.141,3.094,3.106,39699812.0,12351771835.00
20260126,3.115,3.166,3.111,3.129,53619427.0,16795014111.00
20260127,3.130,3.158,3.123,3.131,28902465.0,9061716278.00
20260128,3.141,3.152,3.123,3.138,68470665.0,21454832756.00
20260129,3.145,3.203,3.128,3.196,36935945.0,11689686750.00
20260130,3.175,3.186,3.116,3.147,11439162.0,3606714962.00
20260202,3.130,3.154,3.071,3.080,16930653.0,5253679671.00
20260203,3.098,3.111,3.063,3.108,9719698.0,3003809726.00
20260204,3.107,3.148,3.103,3.147,7163199.0,2238591025.00
20260205,3.129,3.145,3.106,3.137,7105427.0,2221742828.00
20260206,3.110,3.135,3.092,3.115,7068558.0,2200633906.00
20260209,3.140,3.162,3.135,3.161,6225056.0,1962017584.00
20260210,3.165,3.171,3.159,3.170,4426210.0,1400921663.00
20260211,3.165,3.174,3.156,3.170,3693565.0,1169523562.00
20260212,3.171,3.176,3.158,3.161,2559036.0,809350294.00
20260213,3.149,3.150,3.111,3.114,9338776.0,2917013891.00
20260224,3.150,3.154,3.118,3.119,4165786.0,1303475437.00
20260225,3.121,3.162,3.121,3.134,8470643.0,2659610449.00
20260226,3.136,3.140,3.101,3.115,4776386.0,1488554625.00
20260227,3.108,3.128,3.104,3.123,5581606.0,1740196930.00
20260302,3.113,3.131,3.086,3.125,10925052.0,3401466066.00
20260303,3.122,3.137,3.089,3.096,8676074.0,2697542076.00
20260304,3.070,3.077,3.030,3.051,6620919.0,2022399263.00
20260305,3.066,3.078,3.054,3.066,5806391.0,1780740164.00
20260306,3.055,3.079,3.047,3.068,6014140.0,1842106689.00
20260309,3.040,3.050,3.005,3.041,8632089.0,2612539197.00
20260310,3.047,3.064,3.047,3.060,4393113.0,1342906763.00
20260311,3.060,3.066,3.048,3.062,3983936.0,1218659571.00
20260312,3.058,3.061,3.030,3.047,5331609.0,1624238842.00
20260313,3.038,3.055,3.027,3.035,4469639.0,1360100429.00
20260316,3.030,3.032,3.003,3.028,6431454.0,1943812607.00
20260317,3.030,3.072,3.028,3.039,7016996.0,2142979238.00
20260318,3.045,3.050,3.015,3.035,5913833.0,1793105343.00
20260319,3.010,3.018,2.983,2.993,7664708.0,2298977591.00
20260320,2.990,3.001,2.955,2.957,9070530.0,2701831656.00
20260323,2.924,2.931,2.851,2.868,13985705.0,4033225736.00
20260324,2.880,2.902,2.862,2.900,9756823.0,2815365062.00
20260325,2.911,2.935,2.910,2.930,11941220.0,3493475489.00
20260326,2.927,2.935,2.890,2.897,4154586.0,1209382587.00
20260327,2.877,2.919,2.876,2.909,6506352.0,1890122901.00
20260330,2.886,2.908,2.875,2.905,5452618.0,1575939126.00
20260331,2.912,2.939,2.900,2.902,6016877.0,1758374966.00
20260401,2.930,2.957,2.929,2.951,4575115.0,1347557081.00
20260402,2.945,2.947,2.911,2.926,4193380.0,1229403559.00
20260403,2.930,2.932,2.898,2.901,2830257.0,824316115.00
20260407,2.901,2.915,2.895,2.900,4016673.0,1166961547.00
20260408,2.940,2.982,2.938,2.978,8465137.0,2507918932.00
20260409,2.964,2.964,2.950,2.958,3756177.0,1111116413.00
20260410,2.967,2.989,2.966,2.972,4850042.0,1444035469.00
20260413,2.966,2.975,2.956,2.972,2694993.0,799899357.00
20260414,2.988,2.999,2.972,2.997,4224665.0,1261579352.00
20260415,3.008,3.027,3.005,3.008,3957364.0,1193503853.00
