timetag,open,high,low,close,volumn,amount
20010827,4.61,5.04,4.38,4.75,406318.0,1410347179.00
20010828,4.67,4.94,4.62,4.92,129647.0,463463143.00
20010829,4.94,4.94,4.82,4.86,53252.0,194689619.00
20010830,4.84,5.01,4.81,4.95,48013.0,177558558.00
20010831,4.96,5.02,4.91,4.94,23231.0,86231237.00
20010903,4.97,5.01,4.92,4.94,22112.0,82129438.00
20010904,4.94,5.08,4.92,5.00,37006.0,139204380.00
20010905,5.02,5.06,4.97,5.00,26066.0,97796243.00
20010906,4.99,5.00,4.87,4.90,28997.0,107078403.00
20010907,4.87,4.93,4.76,4.76,31552.0,113868742.00
20010910,4.72,4.92,4.67,4.90,18878.0,68406471.00
20010911,4.91,4.93,4.83,4.84,11390.0,41579698.00
20010912,4.72,4.83,4.71,4.80,25045.0,89421380.00
20010913,4.81,4.85,4.77,4.79,10986.0,39512775.00
20010914,4.81,4.87,4.78,4.85,7672.0,27740691.00
20010917,4.82,4.84,4.74,4.78,8983.0,32183248.00
20010918,4.79,4.88,4.79,4.84,10773.0,39006062.00
20010919,4.85,4.93,4.81,4.93,8650.0,31597369.00
20010920,4.93,4.95,4.87,4.89,11173.0,41189577.00
20010921,4.84,4.89,4.81,4.81,7880.0,28638681.00
20010924,4.81,4.86,4.81,4.81,4068.0,14703096.00
20010925,4.84,4.88,4.81,4.84,3488.0,12639790.00
20010926,4.82,4.87,4.81,4.82,4956.0,17892565.00
20010927,4.82,4.94,4.81,4.90,8778.0,32085131.00
20010928,4.93,4.97,4.87,4.95,17088.0,63169143.00
20011008,4.94,4.96,4.84,4.88,6552.0,24091149.00
20011009,4.89,5.01,4.89,4.98,9558.0,35498605.00
20011010,4.98,5.00,4.81,4.82,17548.0,63956753.00
20011011,4.81,4.87,4.76,4.77,12306.0,44319896.00
20011012,4.79,4.89,4.54,4.81,20010.0,70897331.00
20011015,4.79,4.81,4.66,4.71,9755.0,34501714.00
20011016,4.69,4.78,4.64,4.64,8319.0,29068173.00
20011017,4.64,4.65,4.52,4.56,12507.0,42766283.00
20011018,4.56,4.63,4.53,4.54,4983.0,16999063.00
20011019,4.54,4.56,4.41,4.47,15687.0,52422843.00
20011022,4.44,4.50,4.36,4.38,9760.0,32268911.00
20011023,4.81,4.81,4.67,4.81,40598.0,145710538.00
20011024,4.91,4.91,4.69,4.79,40682.0,147001102.00
20011025,4.77,4.78,4.65,4.66,16036.0,56527283.00
20011026,4.63,4.68,4.59,4.67,9002.0,31280144.00
20011029,4.66,4.76,4.66,4.71,4587.0,16205054.00
20011030,4.70,4.74,4.66,4.67,3484.0,12214728.00
20011031,4.67,4.68,4.64,4.68,4762.0,16633344.00
20011101,4.68,4.76,4.66,4.75,6643.0,23511580.00
20011102,4.71,4.77,4.69,4.72,3435.0,12189356.00
20011105,4.67,4.71,4.63,4.66,3690.0,12879737.00
20011106,4.64,4.71,4.63,4.69,2609.0,9138666.00
20011107,4.67,4.67,4.51,4.52,9325.0,31791132.00
20011108,4.45,4.52,4.40,4.50,7402.0,24682904.00
20011109,4.50,4.60,4.45,4.56,3760.0,12737203.00
20011112,4.59,4.59,4.47,4.48,2683.0,9088858.00
20011113,4.44,4.50,4.43,4.49,2673.0,8965279.00
20011114,4.49,4.54,4.49,4.49,769.0,2599260.00
20011115,4.49,4.51,4.47,4.50,2193.0,7378238.00
20011116,4.83,4.83,4.54,4.55,9954.0,34600364.00
20011119,4.56,4.68,4.55,4.68,3735.0,12950484.00
20011120,4.70,4.74,4.66,4.72,8069.0,28559194.00
20011121,4.74,4.74,4.66,4.70,5114.0,17957630.00
20011122,4.70,4.71,4.66,4.69,4198.0,14713840.00
20011123,4.67,4.70,4.64,4.67,3960.0,13866447.00
20011126,4.67,4.67,4.60,4.62,3100.0,10749495.00
20011127,4.62,4.68,4.62,4.67,2569.0,8954894.00
20011128,4.68,4.72,4.66,4.68,3773.0,13256608.00
20011129,4.67,4.70,4.65,4.65,3046.0,10658762.00
20011130,4.65,4.73,4.64,4.72,4070.0,14292950.00
20011203,4.72,4.84,4.72,4.83,16037.0,57741700.00
20011204,4.84,4.84,4.78,4.83,6894.0,24859859.00
20011205,4.94,4.94,4.80,4.81,15028.0,54737513.00
20011206,4.79,4.85,4.78,4.81,6372.0,23004767.00
20011207,4.82,4.83,4.78,4.79,3908.0,14031911.00
20011210,4.81,4.82,4.77,4.80,4161.0,14941666.00
20011211,4.81,4.81,4.75,4.76,3580.0,12821499.00
20011212,4.75,4.82,4.75,4.77,4632.0,16611472.00
20011213,4.75,4.80,4.70,4.71,3540.0,12580276.00
20011214,4.67,4.74,4.67,4.70,2841.0,10026619.00
20011217,4.69,4.75,4.68,4.72,4413.0,15611050.00
20011218,4.74,4.80,4.68,4.79,4821.0,17167382.00
20011219,4.79,4.87,4.76,4.80,9620.0,34761229.00
20011220,4.79,4.79,4.62,4.64,11362.0,39988830.00
20011221,4.63,4.80,4.63,4.79,8135.0,28861442.00
20011224,4.80,4.97,4.78,4.86,27250.0,99947172.00
20011225,4.87,4.90,4.80,4.87,12182.0,44420025.00
20011226,4.88,4.97,4.82,4.96,16809.0,62127143.00
20011227,4.97,5.05,4.93,4.98,23284.0,87052679.00
20011228,4.98,5.02,4.92,4.98,12279.0,45692306.00
20011231,5.03,5.25,5.00,5.15,52195.0,202281565.00
20020104,5.17,5.18,5.00,5.01,29109.0,111030307.00
20020107,4.96,5.01,4.90,4.99,18942.0,70279717.00
20020108,4.94,5.02,4.87,4.88,13286.0,48947614.00
20020109,4.87,4.96,4.85,4.92,10606.0,38912708.00
20020110,4.94,4.99,4.85,4.97,18815.0,69093753.00
20020111,4.94,4.96,4.81,4.81,11834.0,43306414.00
20020114,4.77,4.86,4.73,4.82,18718.0,67196713.00
20020115,4.80,4.95,4.79,4.88,18247.0,66666866.00
20020116,4.87,4.93,4.72,4.85,13974.0,50700232.00
20020117,4.83,4.87,4.63,4.68,24180.0,85418339.00
20020118,4.64,4.92,4.63,4.89,32262.0,116437266.00
20020121,4.85,4.89,4.75,4.79,15755.0,56764193.00
20020122,4.78,4.93,4.78,4.86,13485.0,49186214.00
20020123,4.89,5.03,4.83,5.02,23336.0,86396947.00
20020124,4.99,5.05,4.91,4.98,26615.0,99483235.00
20020125,4.97,5.01,4.91,4.95,13941.0,51685501.00
20020128,4.94,4.98,4.71,4.74,21667.0,77886073.00
20020129,4.70,4.83,4.67,4.76,11872.0,42283085.00
20020130,4.75,4.84,4.70,4.75,8419.0,30030708.00
20020131,4.81,5.07,4.81,5.02,40828.0,152780902.00
20020201,5.01,5.07,4.93,4.95,17345.0,64926556.00
20020204,4.96,5.09,4.94,5.06,16510.0,62395237.00
20020205,5.06,5.16,5.02,5.06,11195.0,42691507.00
20020206,5.05,5.09,4.95,4.96,9668.0,36137656.00
20020207,4.96,5.06,4.95,4.99,6688.0,25158901.00
20020208,5.02,5.10,5.02,5.03,12569.0,47643920.00
20020226,5.07,5.14,5.00,5.04,14815.0,56234511.00
20020227,5.05,5.09,5.01,5.06,8290.0,31387541.00
20020228,5.07,5.13,5.04,5.07,12506.0,47786791.00
20020301,5.07,5.09,4.97,4.99,7421.0,27907358.00
20020304,4.99,5.08,4.95,5.08,5224.0,19593096.00
20020305,5.08,5.22,5.05,5.15,22188.0,85787001.00
20020306,5.18,5.22,5.07,5.12,18620.0,71904848.00
20020307,5.10,5.15,5.08,5.14,13616.0,52163426.00
20020308,5.15,5.31,5.15,5.29,35326.0,137988821.00
20020311,5.30,5.30,5.21,5.27,17606.0,69191402.00
20020312,5.27,5.27,5.14,5.14,17251.0,66875878.00
20020313,5.11,5.18,5.10,5.10,7793.0,29935169.00
20020314,5.09,5.17,5.08,5.15,6387.0,24487493.00
20020315,5.07,5.19,5.05,5.06,11892.0,45551718.00
20020318,5.09,5.18,5.06,5.07,6070.0,23162182.00
20020319,5.09,5.19,5.07,5.17,6774.0,26123109.00
20020320,5.18,5.27,5.17,5.20,15031.0,58767953.00
20020321,5.25,5.28,5.16,5.19,15037.0,58789396.00
20020322,5.19,5.21,5.13,5.14,7972.0,30733685.00
20020325,5.14,5.19,5.11,5.18,4315.0,16693141.00
20020326,5.17,5.18,5.09,5.10,6239.0,23950585.00
20020327,5.09,5.13,5.06,5.09,4991.0,19022433.00
20020328,5.07,5.11,5.07,5.07,5291.0,20150615.00
20020329,5.07,5.08,4.95,4.97,10625.0,39865325.00
20020401,4.96,5.04,4.95,5.02,2766.0,10386559.00
20020402,5.02,5.04,4.91,4.94,7329.0,27163339.00
20020403,4.94,4.98,4.91,4.94,6019.0,22255856.00
20020404,4.93,5.02,4.87,5.02,5161.0,19068025.00
20020405,5.04,5.06,4.95,4.98,3046.0,11402145.00
20020408,4.98,4.99,4.93,4.94,2300.0,8539346.00
20020409,4.94,5.01,4.92,5.00,3291.0,12257478.00
20020410,5.00,5.04,4.97,5.00,3423.0,12828309.00
20020411,5.00,5.06,4.99,5.00,6797.0,25576043.00
20020412,5.02,5.10,5.01,5.07,4519.0,17168808.00
20020415,5.13,5.14,5.02,5.06,2925.0,11085699.00
20020416,5.06,5.11,5.06,5.11,6036.0,23013458.00
20020417,5.14,5.14,4.92,4.94,13219.0,48993045.00
20020418,4.94,4.96,4.86,4.86,8538.0,31299469.00
20020419,4.86,4.87,4.79,4.83,8854.0,31912486.00
20020422,4.81,4.86,4.79,4.83,4113.0,14831735.00
20020423,4.83,4.83,4.74,4.74,4088.0,14622595.00
20020424,4.74,4.79,4.69,4.70,5050.0,17876338.00
20020425,4.68,4.76,4.68,4.74,2596.0,9206508.00
20020426,4.74,4.82,4.72,4.81,2381.0,8537641.00
20020429,4.83,4.94,4.83,4.85,4665.0,17015081.00
20020430,4.87,4.89,4.80,4.83,5978.0,21592851.00
20020508,4.85,4.87,4.81,4.84,1700.0,6152534.00
20020509,4.81,4.87,4.81,4.81,1712.0,6186437.00
20020510,4.81,4.82,4.76,4.76,2688.0,9625819.00
20020513,4.75,4.77,4.72,4.72,2830.0,10033864.00
20020514,4.72,4.87,4.70,4.74,5070.0,18159637.00
20020515,4.76,4.76,4.70,4.72,2244.0,7948908.00
20020516,4.70,4.72,4.66,4.67,5549.0,19465458.00
20020517,4.66,4.75,4.64,4.68,3859.0,13508333.00
20020520,4.67,4.67,4.60,4.61,3353.0,11623861.00
20020521,4.74,4.74,4.66,4.68,5707.0,20081800.00
20020522,4.68,4.74,4.66,4.67,2974.0,10442708.00
20020523,4.79,4.79,4.68,4.70,1619.0,5705093.00
20020524,4.67,4.70,4.63,4.66,2407.0,8401313.00
20020527,4.67,4.72,4.66,4.69,1653.0,5801250.00
20020528,4.70,4.75,4.68,4.69,2614.0,9258306.00
20020529,4.70,4.72,4.63,4.64,2684.0,9340641.00
20020530,4.66,4.68,4.62,4.65,1962.0,6813508.00
20020531,4.67,4.69,4.64,4.66,1806.0,6326359.00
20020603,4.66,4.67,4.61,4.66,2290.0,7966689.00
20020604,4.66,4.67,4.54,4.60,1976.0,6831604.00
20020605,4.60,4.60,4.55,4.58,2224.0,7636262.00
20020606,4.59,4.73,4.55,4.67,5757.0,19928860.00
20020607,4.64,4.69,4.62,4.66,3622.0,12686067.00
20020610,4.67,4.68,4.61,4.62,1832.0,6371263.00
20020611,4.64,4.67,4.62,4.65,1539.0,5368576.00
20020612,4.64,4.69,4.61,4.69,2082.0,7240715.00
20020613,4.68,4.71,4.66,4.66,1623.0,5701623.00
20020614,4.66,4.70,4.62,4.62,947.0,3289645.00
20020617,4.61,4.63,4.58,4.62,1358.0,4678657.00
20020618,4.63,4.68,4.63,4.67,1636.0,5721280.00
20020619,4.66,4.67,4.63,4.64,833.0,2900266.00
20020620,4.67,4.68,4.64,4.66,1319.0,4609083.00
20020621,4.67,4.77,4.66,4.74,4266.0,15107102.00
20020624,5.21,5.21,4.94,5.10,61254.0,234474989.00
20020626,4.98,4.99,4.88,4.92,15423.0,56971879.00
20020627,4.93,4.96,4.89,4.91,5581.0,20574559.00
20020628,4.90,4.99,4.90,4.94,10763.0,39735941.00
20020701,4.95,5.00,4.91,4.91,4320.0,16032014.00
20020702,4.91,4.91,4.88,4.91,3935.0,14439880.00
20020703,4.91,4.92,4.87,4.89,5333.0,19520104.00
20020704,4.90,4.90,4.81,4.81,6669.0,24199148.00
20020705,4.81,4.83,4.81,4.83,6815.0,24596151.00
20020708,4.83,4.87,4.82,4.83,3192.0,11563090.00
20020709,4.83,4.84,4.81,4.82,3523.0,12721871.00
20020710,4.82,4.84,4.76,4.77,4622.0,16561215.00
20020711,4.76,4.84,4.76,4.80,2357.0,8471292.00
20020712,4.80,4.83,4.78,4.81,1588.0,5724883.00
20020715,4.81,4.83,4.79,4.79,1308.0,4708941.00
20020716,4.76,4.82,4.76,4.79,2316.0,8339593.00
20020717,4.80,4.81,4.76,4.79,1342.0,4803760.00
20020718,4.81,4.87,4.81,4.84,5893.0,21394400.00
20020719,4.85,4.87,4.84,4.86,2516.0,9151205.00
20020722,4.90,4.90,4.85,4.86,6103.0,22267992.00
20020723,4.87,4.87,4.81,4.84,2901.0,10500988.00
20020724,4.85,4.87,4.82,4.86,4663.0,16952456.00
20020725,4.87,4.90,4.79,4.82,1700.0,5497155.00
20020726,4.85,4.85,4.79,4.80,1558.0,5017641.00
20020729,4.81,4.82,4.71,4.73,2557.0,8122111.00
20020730,4.73,4.74,4.70,4.70,3445.0,10878707.00
20020731,4.70,4.73,4.66,4.67,2579.0,8116149.00
20020801,4.67,4.70,4.65,4.66,2000.0,6261720.00
20020802,4.67,4.74,4.63,4.69,1253.0,3927364.00
20020805,4.69,4.70,4.66,4.67,1078.0,3381677.00
20020806,4.67,4.71,4.66,4.69,2092.0,6575058.00
20020807,4.69,4.70,4.68,4.69,1355.0,4259610.00
20020808,4.69,4.71,4.66,4.67,1264.0,3969885.00
20020809,4.66,4.68,4.62,4.62,2490.0,7741685.00
20020812,4.60,4.61,4.57,4.57,2250.0,6900600.00
20020813,4.58,4.58,4.54,4.57,1704.0,5204222.00
20020814,4.62,4.62,4.57,4.62,2472.0,7621219.00
20020815,4.62,4.62,4.59,4.59,1259.0,3886298.00
20020816,4.55,4.61,4.52,4.60,2240.0,6857222.00
20020819,4.60,4.61,4.57,4.58,1108.0,3407937.00
20020820,4.57,4.63,4.57,4.61,2372.0,7316844.00
20020821,4.63,4.63,4.59,4.61,1694.0,5229829.00
20020822,4.63,4.68,4.61,4.65,4220.0,13173485.00
20020823,4.65,4.68,4.65,4.66,2431.0,7592485.00
20020826,4.65,4.65,4.58,4.59,2631.0,8109133.00
20020827,4.59,4.61,4.57,4.60,2584.0,7938100.00
20020828,4.61,4.65,4.55,4.56,3765.0,11550532.00
20020829,4.56,4.58,4.55,4.55,2899.0,8846652.00
20020830,4.56,4.56,4.54,4.55,1886.0,5751167.00
20020902,4.55,4.55,4.53,4.54,2341.0,7119903.00
20020903,4.54,4.61,4.54,4.57,2277.0,6981608.00
20020904,4.57,4.60,4.54,4.57,1788.0,5457397.00
20020905,4.56,4.56,4.52,4.52,2893.0,8795149.00
20020906,4.53,4.55,4.51,4.53,1859.0,5634774.00
20020909,4.52,4.53,4.48,4.49,2613.0,7873842.00
20020910,4.48,4.49,4.40,4.42,8057.0,23941530.00
20020911,4.40,4.42,4.27,4.34,9845.0,28552916.00
20020912,4.33,4.37,4.29,4.34,1716.0,4984486.00
20020913,4.33,4.36,4.32,4.35,1071.0,3119148.00
20020916,4.35,4.35,4.28,4.28,3923.0,11280816.00
20020917,4.29,4.34,4.27,4.31,2613.0,7538521.00
20020918,4.33,4.33,4.29,4.31,1616.0,4660761.00
20020919,4.30,4.35,4.26,4.33,3650.0,10478770.00
20020920,4.32,4.32,4.28,4.29,1372.0,3949578.00
20020923,4.28,4.29,4.24,4.24,2121.0,6061634.00
20020924,4.24,4.24,4.16,4.18,7148.0,20063143.00
20020925,4.18,4.26,4.18,4.22,3557.0,10075783.00
20020926,4.23,4.23,4.18,4.18,2168.0,6093149.00
20020927,4.20,4.23,4.18,4.21,1505.0,4234851.00
20021008,4.20,4.20,4.17,4.19,3589.0,10069826.00
20021009,4.18,4.19,4.12,4.14,2458.0,6822147.00
20021010,4.13,4.18,4.13,4.15,1087.0,3018141.00
20021011,4.13,4.16,4.10,4.12,1217.0,3366265.00
20021014,4.16,4.16,4.11,4.12,1095.0,3024408.00
20021015,4.12,4.15,4.11,4.15,2065.0,5710573.00
20021016,4.15,4.21,4.14,4.17,2261.0,6327939.00
20021017,4.17,4.18,4.10,4.12,1564.0,4336014.00
20021018,4.10,4.13,3.96,4.00,4635.0,12464187.00
20021021,4.00,4.07,3.96,4.01,1646.0,4391499.00
20021022,4.03,4.11,4.02,4.09,2105.0,5735513.00
20021023,4.10,4.10,4.03,4.05,1080.0,2938025.00
20021024,4.04,4.09,4.04,4.05,970.0,2637743.00
20021025,4.05,4.05,3.97,3.98,2368.0,6346386.00
20021028,3.97,3.97,3.87,3.87,4471.0,11679872.00
20021029,3.96,3.96,3.82,3.91,3198.0,8294858.00
20021030,3.92,3.93,3.87,3.89,2035.0,5323624.00
20021031,3.89,3.95,3.88,3.89,2817.0,7375701.00
20021101,3.89,3.92,3.87,3.91,1471.0,3830309.00
20021104,3.91,3.98,3.91,3.98,1995.0,5271415.00
20021105,3.99,4.06,3.96,4.02,3485.0,9402742.00
20021106,4.02,4.03,3.99,3.99,1622.0,4344756.00
20021107,3.99,4.01,3.96,3.97,2416.0,6446131.00
20021108,4.06,4.06,3.87,3.89,2717.0,7151816.00
20021111,3.90,3.93,3.85,3.88,1882.0,4915876.00
20021112,3.89,3.92,3.84,3.85,2395.0,6207445.00
20021113,3.85,3.88,3.83,3.88,1953.0,5035473.00
20021114,3.88,3.90,3.85,3.86,1688.0,4380220.00
20021115,3.85,3.89,3.83,3.85,2349.0,6065973.00
20021118,3.85,3.89,3.85,3.88,1947.0,5049726.00
20021119,3.88,3.96,3.87,3.94,3218.0,8450560.00
20021120,3.95,3.99,3.87,3.93,9579.0,25196773.00
20021121,3.92,3.94,3.86,3.86,4019.0,10494849.00
20021122,3.88,3.92,3.82,3.87,2429.0,6292793.00
20021125,3.87,3.92,3.82,3.91,3987.0,10418495.00
20021126,3.93,3.94,3.84,3.84,2054.0,5354392.00
20021127,3.82,3.88,3.79,3.83,3320.0,8506108.00
20021128,3.83,3.94,3.82,3.92,2492.0,6508407.00
20021202,3.96,3.99,3.87,3.88,5850.0,15455370.00
20021203,3.87,3.94,3.84,3.94,3103.0,8113029.00
20021204,3.89,4.00,3.89,3.95,4151.0,11045715.00
20021205,3.94,4.09,3.93,4.04,13020.0,35246694.00
20021206,4.03,4.06,4.00,4.03,3741.0,10116516.00
20021209,4.03,4.04,3.99,4.00,2902.0,7793264.00
20021210,4.00,4.02,3.94,3.95,2611.0,6946196.00
20021211,3.93,3.95,3.90,3.93,2546.0,6682742.00
20021212,3.93,3.97,3.90,3.97,3989.0,10541432.00
20021213,3.85,3.99,3.85,3.95,2223.0,5860451.00
20021216,3.95,4.03,3.94,4.02,7976.0,21310704.00
20021217,4.02,4.04,3.99,4.02,2926.0,7886188.00
20021218,4.01,4.03,3.99,3.99,2028.0,5434639.00
20021219,3.99,4.00,3.96,3.97,2310.0,6160134.00
20021220,3.97,4.02,3.97,4.00,1624.0,4353432.00
20021223,4.04,4.04,3.99,4.00,1984.0,5333977.00
20021224,4.00,4.02,3.95,3.99,848.0,2257524.00
20021225,4.00,4.00,3.95,3.95,1481.0,3939760.00
20021226,3.95,3.96,3.82,3.84,5145.0,13383935.00
20021227,3.83,3.88,3.81,3.86,3390.0,8693114.00
20021230,3.85,3.85,3.80,3.81,3002.0,7672458.00
20021231,3.82,3.85,3.80,3.80,1644.0,4200254.00
20030102,3.81,3.81,3.69,3.69,3565.0,8921541.00
20030103,3.68,3.72,3.66,3.68,1743.0,4300516.00
20030106,3.67,3.72,3.66,3.71,986.0,2438328.00
20030107,3.71,3.73,3.67,3.68,1450.0,3595101.00
20030108,3.73,3.78,3.68,3.78,1768.0,4438021.00
20030109,3.77,3.83,3.73,3.81,2602.0,6616310.00
20030110,3.81,3.87,3.77,3.79,2346.0,6010671.00
20030113,3.76,3.81,3.76,3.79,1403.0,3560912.00
20030114,3.78,3.99,3.76,3.94,9588.0,25012085.00
20030115,3.95,4.06,3.94,3.99,11451.0,30551168.00
20030116,4.00,4.05,3.98,4.05,7359.0,19870062.00
20030117,4.06,4.06,3.98,3.98,3795.0,10187340.00
20030120,3.97,3.97,3.92,3.96,2070.0,5466246.00
20030121,3.96,4.03,3.96,3.96,4787.0,12816356.00
20030122,3.96,3.96,3.93,3.93,1633.0,4309306.00
20030123,3.93,3.96,3.93,3.93,2167.0,5719869.00
20030124,3.93,3.95,3.93,3.94,2441.0,6438339.00
20030127,3.93,4.02,3.93,4.00,3955.0,10571327.00
20030128,4.00,4.03,3.98,4.01,3494.0,9383544.00
20030129,4.01,4.03,3.99,4.01,3302.0,8889672.00
20030210,4.01,4.01,3.96,3.97,1693.0,4508037.00
20030211,3.94,3.98,3.94,3.98,821.0,2174401.00
20030212,3.99,4.02,3.96,4.01,1477.0,3959442.00
20030213,4.01,4.03,3.98,3.98,2718.0,7302546.00
20030214,3.97,4.03,3.97,4.01,1904.0,5111392.00
20030217,3.99,4.02,3.96,3.96,1567.0,4181515.00
20030218,3.96,3.97,3.94,3.96,1048.0,2772836.00
20030219,3.96,3.97,3.95,3.97,1029.0,2732606.00
20030220,3.97,4.00,3.96,3.98,851.0,2269016.00
20030221,3.96,3.97,3.91,3.94,2268.0,5978463.00
20030224,3.95,3.95,3.91,3.93,615.0,1625901.00
20030225,3.93,4.02,3.92,4.01,1878.0,4998648.00
20030226,4.02,4.04,3.98,3.99,1082.0,2904654.00
20030227,3.99,4.03,3.97,3.99,1697.0,4531822.00
20030228,4.01,4.01,3.97,4.00,1360.0,3636052.00
20030303,4.01,4.10,4.01,4.09,6000.0,16398104.00
20030304,4.09,4.10,4.04,4.07,1909.0,5200922.00
20030305,4.07,4.18,4.05,4.15,9405.0,26031534.00
20030306,4.16,4.16,4.08,4.10,4507.0,12426005.00
20030307,4.11,4.12,4.06,4.08,2475.0,6781984.00
20030310,4.08,4.09,4.01,4.02,3103.0,8423721.00
20030311,4.01,4.02,3.96,4.00,1964.0,5253243.00
20030312,4.00,4.02,3.97,4.01,1177.0,3146322.00
20030313,4.01,4.07,4.01,4.02,1997.0,5398369.00
20030314,4.01,4.02,3.99,4.00,2756.0,7388968.00
20030317,4.00,4.00,3.95,3.97,4692.0,12465705.00
20030318,3.97,3.99,3.90,3.92,3147.0,8320204.00
20030319,3.88,3.93,3.86,3.87,3397.0,8841844.00
20030320,3.88,3.94,3.87,3.88,1968.0,5120173.00
20030321,3.88,3.95,3.88,3.94,2021.0,5285370.00
20030324,3.94,3.96,3.91,3.93,1718.0,4522748.00
20030325,3.92,3.93,3.87,3.88,2062.0,5372767.00
20030326,3.88,3.95,3.81,3.84,3589.0,9202596.00
20030327,3.83,3.92,3.79,3.90,2105.0,5430724.00
20030328,3.91,3.92,3.88,3.89,3810.0,9946659.00
20030331,3.88,3.90,3.88,3.89,3047.0,7935303.00
20030401,3.89,3.92,3.88,3.91,3729.0,9730810.00
20030402,3.91,3.95,3.90,3.93,3713.0,9769605.00
20030403,3.94,3.96,3.92,3.93,5193.0,13726384.00
20030404,3.92,3.93,3.87,3.89,4984.0,12980379.00
20030407,3.88,3.89,3.82,3.83,4462.0,11509954.00
20030408,3.83,3.84,3.78,3.82,6112.0,15568085.00
20030409,3.82,3.89,3.78,3.88,10123.0,26059689.00
20030410,3.88,3.90,3.82,3.87,10789.0,27753599.00
20030411,3.86,3.96,3.86,3.95,29966.0,78671196.00
20030414,3.97,4.06,3.97,4.04,12612.0,33863674.00
20030415,4.04,4.06,3.97,4.02,7797.0,20927730.00
20030416,4.02,4.09,3.94,3.95,17017.0,45879208.00
20030417,3.96,3.98,3.92,3.92,7598.0,20049212.00
20030418,3.93,4.00,3.93,3.94,5339.0,14169319.00
20030421,3.93,3.94,3.81,3.82,11301.0,29053506.00
20030422,3.81,3.85,3.80,3.80,5131.0,13111434.00
20030423,3.80,3.81,3.73,3.74,5816.0,14679641.00
20030424,3.74,3.75,3.69,3.69,9749.0,24258559.00
20030425,3.71,3.78,3.70,3.72,7008.0,17541876.00
20030428,3.72,3.76,3.66,3.75,7845.0,19413811.00
20030429,3.78,3.79,3.66,3.70,9840.0,24464578.00
20030430,3.70,3.80,3.69,3.76,13499.0,33816176.00
20030512,3.76,3.79,3.72,3.73,7351.0,18413860.00
20030513,3.73,3.73,3.53,3.53,15235.0,36698786.00
20030514,3.54,3.58,3.52,3.55,9342.0,22223327.00
20030515,3.57,3.67,3.55,3.66,10417.0,25192950.00
20030516,3.67,3.68,3.60,3.64,9658.0,23550103.00
20030519,3.66,3.78,3.66,3.74,12899.0,32321424.00
20030520,3.73,3.74,3.68,3.69,5148.0,12771620.00
20030521,3.69,3.74,3.69,3.69,3163.0,7874688.00
20030522,3.67,3.73,3.67,3.72,3099.0,7672879.00
20030523,3.72,3.72,3.66,3.69,6889.0,17042735.00
20030526,3.69,3.74,3.68,3.71,9985.0,24833946.00
20030527,3.71,3.73,3.68,3.71,3622.0,8973935.00
20030528,3.73,3.85,3.72,3.75,9617.0,24413346.00
20030529,3.75,3.82,3.73,3.79,5156.0,13025241.00
20030530,3.84,3.92,3.80,3.90,18180.0,47295540.00
20030602,3.91,3.92,3.85,3.89,6258.0,16282794.00
20030603,3.89,3.90,3.83,3.83,5536.0,14325999.00
20030604,3.83,3.85,3.78,3.81,3995.0,10206523.00
20030605,3.81,3.88,3.80,3.82,6798.0,17422312.00
20030606,3.82,3.82,3.76,3.79,3596.0,9123796.00
20030609,3.78,3.80,3.76,3.78,2436.0,6174170.00
20030610,3.78,3.83,3.78,3.80,1628.0,4142275.00
20030611,3.80,3.83,3.80,3.82,3018.0,7712445.00
20030613,3.82,3.86,3.81,3.83,3200.0,8241151.00
20030616,3.83,3.83,3.77,3.78,2012.0,5108268.00
20030617,3.79,3.79,3.73,3.75,2994.0,7523686.00
20030618,3.75,3.80,3.72,3.73,3184.0,8004964.00
20030619,3.74,3.77,3.69,3.72,3260.0,8113184.00
20030620,3.72,3.76,3.71,3.73,1670.0,4175133.00
20030623,3.73,3.84,3.72,3.79,7811.0,19907731.00
20030624,3.79,3.82,3.78,3.80,1694.0,4313862.00
20030625,3.80,3.87,3.79,3.80,4204.0,10783227.00
20030626,3.80,3.83,3.71,3.76,4477.0,11265141.00
20030627,3.76,3.79,3.72,3.73,2719.0,6835321.00
20030630,3.73,3.75,3.72,3.73,3520.0,8803181.00
20030701,3.72,3.78,3.72,3.77,4885.0,12302828.00
20030702,3.76,3.76,3.73,3.75,1336.0,3354436.00
20030703,3.75,3.77,3.72,3.74,2878.0,7192931.00
20030704,3.73,3.75,3.72,3.73,2197.0,5492526.00
20030707,3.73,3.74,3.70,3.71,1669.0,4154239.00
20030708,3.72,3.76,3.72,3.76,2272.0,5693893.00
20030709,3.76,3.76,3.73,3.74,1483.0,3722710.00
20030710,3.76,3.84,3.74,3.83,6288.0,16057693.00
20030711,3.83,3.86,3.82,3.84,5763.0,14825594.00
20030714,3.88,3.97,3.84,3.94,8674.0,20533771.00
20030715,3.92,4.00,3.90,3.95,6660.0,15884704.00
20030716,3.96,4.00,3.95,3.98,7796.0,18717481.00
20030717,3.98,4.05,3.97,4.00,9978.0,24185340.00
20030718,4.00,4.02,3.89,3.91,9629.0,23126678.00
20030721,3.89,3.94,3.87,3.92,7112.0,16722758.00
20030722,3.91,3.96,3.91,3.94,3109.0,7381958.00
20030723,3.94,3.96,3.91,3.94,5592.0,13316655.00
20030724,3.94,3.94,3.91,3.91,1450.0,3437577.00
20030725,3.91,3.92,3.83,3.86,2875.0,6717751.00
20030728,3.86,3.87,3.84,3.84,1885.0,4383607.00
20030729,3.86,3.89,3.84,3.87,1303.0,3043368.00
20030730,3.90,3.90,3.84,3.86,2730.0,6375509.00
20030731,3.86,3.86,3.79,3.83,2249.0,5205478.00
20030801,3.81,3.83,3.76,3.79,3255.0,7459786.00
20030804,3.77,3.79,3.74,3.79,2709.0,6168033.00
20030805,3.79,3.82,3.76,3.82,1930.0,4411194.00
20030806,3.82,3.84,3.79,3.84,2284.0,5272928.00
20030807,3.81,3.82,3.79,3.81,750.0,1725955.00
20030808,3.79,3.81,3.76,3.77,1865.0,4268481.00
20030811,3.74,3.77,3.74,3.76,996.0,2260732.00
20030812,3.76,3.82,3.76,3.80,752.0,1725279.00
20030813,3.79,3.81,3.79,3.80,1802.0,4138095.00
20030814,3.77,3.80,3.77,3.77,1906.0,4369481.00
20030815,3.77,3.79,3.77,3.77,928.0,2117302.00
20030818,3.77,3.78,3.76,3.76,890.0,2029145.00
20030819,3.76,3.79,3.75,3.77,1140.0,2595147.00
20030820,3.77,3.77,3.74,3.75,868.0,1967309.00
20030821,3.75,3.77,3.48,3.67,4551.0,9879702.00
20030822,3.67,3.71,3.59,3.60,3864.0,8446625.00
20030825,3.57,3.58,3.52,3.53,2345.0,5036822.00
20030826,3.53,3.56,3.52,3.53,1001.0,2141565.00
20030827,3.53,3.80,3.53,3.62,4246.0,9547143.00
20030828,3.58,3.63,3.56,3.59,1446.0,3148383.00
20030829,3.60,3.61,3.52,3.56,2752.0,5896174.00
20030901,3.59,3.62,3.53,3.62,4951.0,10737290.00
20030902,3.61,3.72,3.61,3.66,7206.0,15963063.00
20030903,3.66,3.69,3.62,3.65,1161.0,2555237.00
20030904,3.65,3.68,3.62,3.62,1244.0,2733564.00
20030905,3.62,3.62,3.48,3.56,5812.0,12436931.00
20030908,3.53,3.56,3.51,3.54,1813.0,3877013.00
20030909,3.54,3.55,3.48,3.54,3562.0,7588439.00
20030910,3.54,3.62,3.49,3.54,2041.0,4387546.00
20030911,3.54,3.56,3.52,3.53,1009.0,2160179.00
20030912,3.53,3.53,3.50,3.51,2803.0,5941702.00
20030915,3.51,3.53,3.48,3.49,2648.0,5601667.00
20030916,3.49,3.52,3.45,3.50,1811.0,3803937.00
20030917,3.52,3.53,3.48,3.48,6788.0,14360716.00
20030918,3.46,3.49,3.46,3.48,1195.0,2508659.00
20030919,3.47,3.49,3.46,3.47,3830.0,8044199.00
20030922,3.49,3.49,3.44,3.46,1186.0,2488640.00
20030923,3.46,3.48,3.43,3.46,955.0,1991592.00
20030924,3.50,3.51,3.46,3.51,2285.0,4821609.00
20030925,3.51,3.51,3.47,3.51,2138.0,4498042.00
20030926,3.50,3.54,3.48,3.51,2654.0,5638160.00
20030929,3.49,3.51,3.49,3.49,1888.0,3986232.00
20030930,3.50,3.54,3.50,3.51,1443.0,3068648.00
20031008,3.50,3.52,3.48,3.52,852.0,1802810.00
20031009,3.51,3.52,3.49,3.51,1135.0,2406369.00
20031010,3.50,3.58,3.49,3.57,1337.0,2869291.00
20031013,3.57,3.59,3.54,3.58,1619.0,3500004.00
20031014,3.57,3.59,3.55,3.59,1792.0,3875773.00
20031015,3.60,3.62,3.58,3.58,1161.0,2523297.00
20031016,3.58,3.60,3.54,3.55,1490.0,3206207.00
20031017,3.55,3.55,3.52,3.53,822.0,1759531.00
20031020,3.54,3.56,3.53,3.53,928.0,1986081.00
20031021,3.54,3.57,3.53,3.54,663.0,1421413.00
20031022,3.55,3.62,3.55,3.61,2163.0,4701448.00
20031023,3.61,3.62,3.58,3.58,2251.0,4898910.00
20031024,3.57,3.58,3.56,3.56,971.0,2091740.00
20031027,3.55,3.56,3.50,3.51,3655.0,7761245.00
20031028,3.51,3.58,3.51,3.53,2983.0,6367834.00
20031029,3.53,3.64,3.53,3.64,7084.0,15341314.00
20031030,3.66,3.69,3.61,3.65,9309.0,20522203.00
20031031,3.72,3.72,3.65,3.71,5784.0,12895253.00
20031103,3.75,3.78,3.70,3.76,4878.0,11043553.00
20031104,3.77,3.91,3.76,3.86,15387.0,35781199.00
20031105,3.85,3.95,3.83,3.90,17312.0,40944023.00
20031106,3.92,3.92,3.86,3.88,6273.0,14718968.00
20031107,3.86,3.87,3.76,3.79,7497.0,17267141.00
20031110,3.81,3.84,3.77,3.81,2760.0,6335394.00
20031111,3.81,3.86,3.80,3.85,2601.0,6018093.00
20031112,3.81,3.86,3.81,3.81,2960.0,6839594.00
20031113,3.80,3.83,3.76,3.78,2103.0,4796537.00
20031114,3.77,3.82,3.75,3.81,2273.0,5200996.00
20031117,3.82,3.83,3.79,3.80,1800.0,4141789.00
20031118,3.81,3.81,3.76,3.76,2449.0,5590828.00
20031119,3.76,3.80,3.74,3.80,3146.0,7192949.00
20031120,3.78,3.83,3.77,3.81,4987.0,11467710.00
20031121,3.87,3.87,3.79,3.80,1825.0,4207140.00
20031124,3.82,3.86,3.77,3.85,2497.0,5751644.00
20031125,3.86,3.86,3.80,3.84,3349.0,7752298.00
20031126,3.81,3.85,3.79,3.84,3401.0,7832142.00
20031127,3.82,3.89,3.79,3.81,5847.0,13553445.00
20031128,3.82,3.82,3.78,3.80,3104.0,7138329.00
20031201,3.86,3.86,3.78,3.81,8764.0,20159528.00
20031202,3.84,3.85,3.81,3.84,6943.0,16075321.00
20031203,3.85,3.94,3.84,3.89,13572.0,31788191.00
20031204,3.90,3.92,3.86,3.88,8160.0,19152457.00
20031205,3.87,3.96,3.86,3.95,20335.0,48018185.00
20031208,3.96,3.96,3.90,3.92,3532.0,8392000.00
20031209,3.92,3.93,3.88,3.90,3796.0,8935849.00
20031210,3.94,3.94,3.89,3.93,5360.0,12660246.00
20031211,3.93,3.95,3.89,3.89,4640.0,10986759.00
20031212,3.89,3.90,3.88,3.89,1932.0,4539656.00
20031215,3.89,3.92,3.88,3.91,1862.0,4392702.00
20031216,3.90,3.92,3.84,3.90,3332.0,7816685.00
20031217,3.90,4.02,3.90,3.98,8282.0,19926940.00
20031218,3.97,4.02,3.94,4.01,5708.0,13788179.00
20031219,4.02,4.02,3.94,3.97,5827.0,14005567.00
20031222,3.97,4.05,3.92,4.05,6253.0,15017997.00
20031223,4.05,4.11,4.01,4.08,10333.0,25513368.00
20031224,4.08,4.18,4.06,4.17,7043.0,17578282.00
20031225,4.17,4.19,4.14,4.15,7431.0,18686453.00
20031226,4.14,4.21,4.12,4.18,5153.0,12938394.00
20031230,4.17,4.25,4.11,4.22,4138.0,10461733.00
20031231,4.22,4.22,4.18,4.20,5510.0,13951355.00
20040102,4.14,4.22,4.14,4.17,6513.0,16401867.00
20040105,4.15,4.38,4.15,4.37,8539.0,22096848.00
20040106,4.39,4.50,4.39,4.46,9467.0,25293426.00
20040107,4.45,4.50,4.36,4.46,11336.0,30614269.00
20040108,4.47,4.55,4.45,4.54,8607.0,23401787.00
20040109,4.55,4.55,4.31,4.34,8821.0,23829502.00
20040112,4.30,4.40,4.27,4.39,6490.0,16933810.00
20040113,4.44,4.58,4.44,4.57,13421.0,36807002.00
20040114,4.57,4.82,4.53,4.78,25095.0,71681040.00
20040115,4.72,4.78,4.64,4.68,10170.0,29112473.00
20040116,4.65,4.77,4.63,4.71,7407.0,21179706.00
20040129,4.63,4.80,4.63,4.79,5353.0,15425466.00
20040130,4.79,4.81,4.65,4.65,7785.0,22429306.00
20040202,4.72,4.86,4.68,4.79,31304.0,90694934.00
20040203,4.80,4.83,4.75,4.80,8127.0,23508436.00
20040204,4.80,4.82,4.77,4.80,8646.0,25042786.00
20040205,4.78,4.80,4.65,4.67,9256.0,26274156.00
20040206,4.63,4.73,4.58,4.61,12925.0,36392591.00
20040209,4.61,4.70,4.58,4.66,5778.0,16136748.00
20040210,4.66,4.68,4.59,4.60,2891.0,8054689.00
20040211,4.63,4.63,4.53,4.57,4488.0,12391205.00
20040212,4.58,4.67,4.55,4.57,2231.0,6196652.00
20040213,4.58,4.65,4.56,4.62,2531.0,7068284.00
20040216,4.62,4.75,4.62,4.74,4081.0,11599148.00
20040217,4.76,4.76,4.72,4.72,7236.0,20708523.00
20040218,4.72,4.87,4.67,4.81,9703.0,28085541.00
20040219,4.82,4.82,4.75,4.77,6155.0,17792327.00
20040220,4.73,4.78,4.70,4.75,3256.0,9294561.00
20040223,4.79,4.80,4.62,4.63,4234.0,11943403.00
20040224,4.61,4.70,4.56,4.67,8245.0,22993324.00
20040225,4.68,4.76,4.52,4.52,5595.0,15651947.00
20040226,4.53,4.68,4.50,4.68,10313.0,28613246.00
20040227,4.68,4.70,4.59,4.70,4431.0,12479813.00
20040301,4.69,4.73,4.64,4.72,2938.0,8324629.00
20040302,4.67,5.19,4.67,5.15,25187.0,75299463.00
20040303,5.16,5.23,5.03,5.08,24661.0,76280342.00
20040304,5.06,5.10,5.01,5.05,5718.0,17429570.00
20040305,5.06,5.16,5.01,5.07,4117.0,12628392.00
20040308,5.06,5.13,4.92,4.98,6327.0,19124563.00
20040309,4.98,5.01,4.92,4.95,4492.0,13474582.00
20040310,4.92,5.03,4.92,5.02,3116.0,9368573.00
20040311,4.96,5.11,4.96,5.11,6966.0,21204912.00
20040312,5.29,5.51,5.22,5.41,37852.0,123629707.00
20040315,5.40,5.54,5.36,5.53,18985.0,62741210.00
20040316,5.53,5.86,5.48,5.78,30957.0,106413221.00
20040317,5.76,5.83,5.68,5.78,13411.0,46683001.00
20040318,5.78,5.84,5.74,5.79,15703.0,55053859.00
20040319,5.78,5.85,5.73,5.77,14743.0,51625581.00
20040322,5.79,5.82,5.71,5.71,10206.0,35526463.00
20040323,5.68,5.71,5.55,5.60,13909.0,47091718.00
20040324,5.58,5.83,5.56,5.80,13295.0,46222270.00
20040325,5.77,5.83,5.61,5.64,14931.0,51190803.00
20040326,5.71,5.77,5.49,5.75,17415.0,59748602.00
20040329,5.75,5.88,5.66,5.67,11281.0,39480878.00
20040330,5.66,5.76,5.63,5.75,5876.0,20288601.00
20040331,5.74,5.83,5.72,5.80,7310.0,25543352.00
20040401,5.76,5.87,5.76,5.86,8504.0,29966660.00
20040402,5.85,6.04,5.85,6.01,18818.0,67825517.00
20040405,6.01,6.19,6.01,6.16,18631.0,68785082.00
20040406,6.19,6.19,6.11,6.16,7135.0,26461490.00
20040407,6.17,6.46,6.17,6.43,18692.0,72038041.00
20040408,6.44,6.71,6.41,6.70,15913.0,63361313.00
20040409,6.69,6.69,6.48,6.49,34322.0,135738045.00
20040412,6.44,6.54,6.34,6.41,10272.0,39974344.00
20040413,6.44,6.52,6.39,6.48,15524.0,60506087.00
20040414,6.43,6.45,6.22,6.31,15543.0,59198319.00
20040415,6.29,6.39,6.26,6.28,5958.0,22690028.00
20040416,6.26,6.37,6.19,6.29,4497.0,17042489.00
20040419,6.29,6.29,6.09,6.10,5897.0,22127813.00
20040420,6.09,6.20,6.01,6.16,7705.0,28305520.00
20040421,6.19,6.21,5.99,6.06,3994.0,14703154.00
20040422,6.04,6.09,5.99,6.06,8252.0,30019961.00
20040423,6.02,6.09,5.99,6.09,8065.0,29417711.00
20040426,6.05,6.18,6.02,6.16,6603.0,24414409.00
20040427,6.16,6.45,6.16,6.27,20597.0,78913119.00
20040428,6.27,6.27,6.14,6.21,5596.0,21005617.00
20040429,6.37,6.42,5.87,6.07,17383.0,62795124.00
20040430,6.01,6.21,5.96,6.19,12961.0,47858161.00
20040510,6.17,6.19,5.89,6.00,8003.0,28883861.00
20040511,5.92,6.09,5.92,5.96,6734.0,24441916.00
20040512,5.96,6.10,5.96,6.09,8684.0,31635698.00
20040513,6.04,6.26,6.04,6.25,14720.0,55043074.00
20040514,6.27,6.29,6.09,6.20,6028.0,22432732.00
20040517,6.17,6.17,6.01,6.08,3389.0,12486993.00
20040518,6.08,6.16,5.79,5.99,19383.0,70073744.00
20040519,6.04,6.14,5.97,6.06,4800.0,17709875.00
20040520,6.02,6.07,5.98,6.04,2495.0,9068633.00
20040521,6.04,6.07,5.93,6.02,1291.0,4704499.00
20040524,6.02,6.04,5.95,5.96,1563.0,5641346.00
20040525,5.95,6.04,5.92,5.93,5146.0,18589609.00
20040526,5.93,5.98,5.89,5.96,2776.0,10011880.00
20040527,6.06,6.12,5.96,6.04,3758.0,13778597.00
20040528,6.02,6.12,6.01,6.10,1951.0,7168549.00
20040601,6.10,6.20,6.10,6.19,3637.0,13507855.00
20040602,6.19,6.19,6.09,6.10,2381.0,8832774.00
20040603,6.11,6.17,6.04,6.09,782.0,2869881.00
20040604,5.99,6.10,5.97,6.00,2070.0,7529168.00
20040607,5.96,6.04,5.95,6.02,2453.0,8856253.00
20040608,5.96,6.04,5.94,6.01,3357.0,12115216.00
20040609,5.96,6.02,5.92,5.96,4724.0,17036585.00
20040610,5.96,6.01,5.63,5.68,24414.0,84607735.00
20040611,5.64,5.81,5.64,5.71,9236.0,31913342.00
20040614,5.68,5.69,5.49,5.53,11932.0,40393296.00
20040615,5.52,5.57,5.36,5.55,21484.0,70392158.00
20040616,5.54,5.73,5.51,5.70,6623.0,22482333.00
20040617,5.70,5.70,5.43,5.48,14816.0,49602583.00
20040618,5.46,5.53,5.33,5.51,11670.0,38053133.00
20040621,5.43,5.56,5.41,5.54,1034.0,3441885.00
20040622,5.56,5.63,5.54,5.63,1254.0,4238393.00
20040623,5.62,5.62,5.46,5.50,595.0,1987467.00
20040624,5.50,5.59,5.49,5.50,1241.0,4133360.00
20040625,5.53,5.74,5.47,5.59,3696.0,12619117.00
20040628,5.54,5.69,5.54,5.65,3080.0,10476223.00
20040629,5.65,5.67,5.59,5.64,6890.0,23479163.00
20040630,5.64,5.66,5.46,5.60,4102.0,13952503.00
20040701,5.43,5.82,5.43,5.80,2781.0,7361258.00
20040702,5.82,5.93,5.73,5.92,2873.0,7731847.00
20040705,5.86,6.16,5.86,6.15,5202.0,14545862.00
20040706,6.18,6.38,6.12,6.12,16359.0,47067614.00
20040707,6.12,6.30,6.01,6.26,13244.0,38002932.00
20040708,6.28,6.29,6.19,6.21,2357.0,6779704.00
20040709,6.17,6.27,6.17,6.19,1635.0,4678105.00
20040712,6.19,6.26,6.10,6.22,4328.0,12351574.00
20040713,6.19,6.40,6.19,6.39,6419.0,18772253.00
20040714,6.38,6.42,6.29,6.42,4478.0,13176396.00
20040715,6.42,6.65,6.42,6.64,28186.0,85455066.00
20040716,6.65,6.70,6.51,6.64,5876.0,17947709.00
20040719,6.64,6.68,6.50,6.63,8508.0,25718864.00
20040720,6.61,6.63,6.52,6.62,7868.0,23908753.00
20040721,6.62,6.71,6.55,6.70,7533.0,23041352.00
20040722,6.68,6.91,6.64,6.68,27936.0,87061727.00
20040723,6.62,6.84,6.60,6.83,10551.0,32608304.00
20040726,6.86,6.86,6.57,6.69,6616.0,20362835.00
20040727,6.71,6.71,6.46,6.47,11112.0,33370357.00
20040728,6.65,6.65,6.26,6.40,8846.0,25861812.00
20040729,6.36,6.44,6.30,6.43,3413.0,10010293.00
20040730,6.40,6.59,6.40,6.53,2490.0,7475971.00
20040802,6.52,6.58,6.40,6.46,7327.0,21734520.00
20040803,6.40,6.50,6.36,6.38,7760.0,22860312.00
20040804,6.33,6.51,6.32,6.49,4741.0,13978388.00
20040805,6.47,6.47,6.36,6.41,2169.0,6399271.00
20040806,6.38,6.49,6.32,6.47,2657.0,7857159.00
20040809,6.40,6.50,6.40,6.50,2457.0,7317440.00
20040810,6.45,6.55,6.44,6.55,2609.0,7820329.00
20040811,6.51,6.53,6.47,6.50,1042.0,3119880.00
20040812,6.41,6.53,6.41,6.53,2818.0,8383158.00
20040813,6.49,6.55,6.45,6.54,3719.0,11134746.00
20040816,6.49,6.54,6.48,6.48,1783.0,5336450.00
20040817,6.47,6.53,6.42,6.51,1970.0,5905094.00
20040818,6.55,6.58,6.49,6.54,5510.0,16624721.00
20040819,6.51,6.55,6.47,6.49,5889.0,17653366.00
20040820,6.49,6.55,6.47,6.50,5630.0,16868762.00
20040823,6.47,6.47,6.33,6.34,5733.0,16839797.00
20040824,6.29,6.38,6.29,6.37,2859.0,8339871.00
20040825,6.40,6.40,6.32,6.39,1630.0,4768554.00
20040826,6.34,6.42,6.34,6.41,2161.0,6353347.00
20040827,6.40,6.44,6.36,6.39,1324.0,3898855.00
20040830,6.34,6.38,6.25,6.29,3491.0,10126801.00
20040831,6.36,6.49,6.27,6.33,2413.0,7032455.00
20040901,6.30,6.30,6.21,6.21,3798.0,10907461.00
20040902,6.18,6.23,6.06,6.23,4399.0,12428743.00
20040903,6.19,6.23,6.10,6.22,2729.0,7734124.00
20040906,6.15,6.25,6.15,6.23,2327.0,6677837.00
20040907,6.29,6.32,6.25,6.29,2635.0,7621058.00
20040908,6.31,6.42,6.30,6.41,4696.0,13766558.00
20040909,6.41,6.51,6.37,6.44,10208.0,30324405.00
20040910,6.42,6.47,6.36,6.44,2206.0,6519368.00
20040913,6.44,6.44,6.29,6.38,3242.0,9459180.00
20040914,6.38,6.51,6.29,6.48,6125.0,18071359.00
20040915,6.46,6.77,6.43,6.76,11409.0,35117697.00
20040916,6.75,6.95,6.73,6.86,11471.0,36213781.00
20040917,6.90,7.03,6.75,7.01,13196.0,42076514.00
20040920,7.06,7.16,6.99,7.10,12021.0,39168091.00
20040921,6.96,7.16,6.96,7.01,8374.0,27222818.00
20040922,6.95,7.05,6.95,6.98,4348.0,13965168.00
20040923,6.97,7.28,6.97,7.25,17667.0,58219692.00
20040924,7.29,7.79,7.29,7.49,30981.0,108295826.00
20040927,7.59,7.81,7.49,7.58,6066.0,21339456.00
20040928,7.57,7.81,7.55,7.77,6740.0,23948625.00
20040929,7.77,7.85,7.68,7.71,13628.0,48864987.00
20040930,7.70,7.83,7.50,7.81,7366.0,26230671.00
20041008,7.70,7.93,7.60,7.92,9667.0,34809243.00
20041011,7.93,8.27,7.93,8.07,10197.0,38270567.00
20041012,8.01,8.01,7.73,7.82,7452.0,26810799.00
20041013,7.75,7.80,7.62,7.75,6645.0,23571291.00
20041014,7.75,8.00,7.64,7.68,6479.0,23199283.00
20041015,7.60,7.81,7.52,7.67,5121.0,18189199.00
20041018,7.66,7.67,7.52,7.57,2336.0,8190572.00
20041019,7.55,7.86,7.53,7.81,10583.0,37755969.00
20041020,7.81,8.14,7.77,7.96,15933.0,58326643.00
20041021,7.93,8.14,7.77,8.05,5996.0,22003540.00
20041022,8.04,8.55,8.03,8.50,18161.0,70151234.00
20041025,8.57,8.75,8.49,8.56,15601.0,61900268.00
20041026,8.50,8.66,8.40,8.64,4973.0,19618432.00
20041027,8.65,8.81,8.53,8.55,11878.0,47630068.00
20041028,8.49,8.61,8.38,8.46,9338.0,36495905.00
20041029,8.25,8.53,8.25,8.46,14363.0,55678745.00
20041101,8.37,8.59,8.36,8.55,3673.0,14302880.00
20041102,8.46,8.49,8.27,8.48,3356.0,12926156.00
20041103,8.46,8.51,8.33,8.45,7615.0,29484721.00
20041104,8.38,8.46,8.28,8.31,6785.0,26198028.00
20041105,8.26,8.26,7.81,7.93,25994.0,95080945.00
20041108,7.92,8.03,7.82,8.02,3585.0,13062547.00
20041109,8.10,8.31,8.02,8.31,7314.0,27801916.00
20041110,8.25,8.64,8.25,8.56,11288.0,44436007.00
20041111,8.55,8.64,8.42,8.42,8330.0,32780356.00
20041112,8.40,8.49,8.31,8.36,5667.0,21837428.00
20041115,8.36,8.42,8.16,8.41,8947.0,34292416.00
20041116,8.36,8.41,8.25,8.25,3298.0,12563653.00
20041117,8.25,8.29,8.18,8.25,8032.0,30415917.00
20041118,8.24,8.30,8.15,8.24,2624.0,9967008.00
20041119,8.25,8.25,8.18,8.23,3196.0,12098840.00
20041122,8.21,8.23,8.05,8.12,6429.0,24094050.00
20041123,8.08,8.16,7.99,8.00,6155.0,22797433.00
20041124,7.98,8.07,7.92,7.93,4292.0,15819097.00
20041125,7.90,8.26,7.90,8.17,5924.0,22286271.00
20041126,8.17,8.24,8.10,8.16,1974.0,7411584.00
20041129,8.17,8.37,8.16,8.27,5442.0,20728652.00
20041130,8.10,8.25,8.03,8.04,1618.0,6026605.00
20041201,8.14,8.14,7.99,8.03,784.0,2900938.00
20041202,8.07,8.07,7.92,8.03,3985.0,14671547.00
20041203,7.99,8.05,7.94,7.97,626.0,2303971.00
20041206,8.03,8.03,7.92,7.96,1111.0,4068795.00
20041207,7.93,8.05,7.92,7.98,1899.0,6998528.00
20041208,8.03,8.07,7.92,7.99,10290.0,37575758.00
20041209,7.99,8.14,7.94,7.94,11349.0,41890865.00
20041210,7.96,8.03,7.95,8.03,897.0,3311205.00
20041213,7.94,8.07,7.94,8.05,2208.0,8189873.00
20041214,8.03,8.05,7.98,7.98,1245.0,4601617.00
20041215,7.94,8.05,7.92,7.92,10969.0,40055481.00
20041216,7.92,8.00,7.88,7.98,11500.0,42361519.00
20041217,7.92,7.93,7.83,7.86,1049.0,3805636.00
20041220,7.81,7.92,7.56,7.57,2459.0,8749161.00
20041221,7.60,7.68,7.52,7.54,2198.0,7700170.00
20041222,7.52,7.67,7.42,7.66,3168.0,11055083.00
20041223,7.66,7.76,7.64,7.64,6883.0,24351860.00
20041224,7.60,7.78,7.60,7.70,4469.0,15920008.00
20041227,7.70,7.83,7.70,7.81,1570.0,5614076.00
20041228,7.70,8.02,7.70,7.96,2924.0,10655265.00
20041229,8.03,8.13,7.96,8.09,5654.0,21025179.00
20041230,8.01,8.08,7.89,7.99,3345.0,12358921.00
20041231,7.97,8.18,7.83,7.95,5869.0,21514898.00
20050104,7.90,7.99,7.81,7.91,2348.0,8566179.00
20050105,7.90,8.09,7.86,8.08,6139.0,22582400.00
20050106,8.03,8.05,7.92,7.94,5523.0,20282548.00
20050107,7.92,8.07,7.92,8.01,3002.0,11115440.00
20050110,8.01,8.31,8.01,8.30,10718.0,40597723.00
20050111,8.30,8.38,8.29,8.31,5003.0,19240403.00
20050112,8.31,8.35,8.22,8.33,3389.0,12949338.00
20050113,8.27,8.43,8.27,8.38,2883.0,11159242.00
20050114,8.35,8.40,8.18,8.23,3338.0,12691131.00
20050117,8.13,8.29,8.05,8.23,1812.0,6845213.00
20050118,8.23,8.36,8.18,8.36,2638.0,10016325.00
20050119,8.25,8.44,8.23,8.23,2652.0,10180585.00
20050120,8.21,8.25,8.14,8.23,974.0,3670093.00
20050121,8.16,8.25,7.92,8.23,3177.0,11879307.00
20050124,8.24,8.38,8.18,8.30,4173.0,15943177.00
20050125,8.36,8.57,8.28,8.55,5816.0,22704867.00
20050126,8.56,8.64,8.46,8.55,3734.0,14767520.00
20050127,8.48,8.56,8.48,8.51,1021.0,4007784.00
20050128,8.51,8.51,8.38,8.48,1341.0,5226481.00
20050131,8.38,8.55,8.38,8.54,1165.0,4552532.00
20050201,8.46,8.53,8.39,8.46,4002.0,15598247.00
20050202,8.44,8.68,8.44,8.65,5378.0,21280023.00
20050203,8.65,8.65,8.46,8.54,4442.0,17455936.00
20050204,8.55,8.65,8.46,8.61,4008.0,15785371.00
20050216,8.68,8.68,8.59,8.64,4440.0,17660778.00
20050217,8.67,8.67,8.42,8.47,11591.0,45296879.00
20050218,8.43,8.53,8.43,8.52,9595.0,37550338.00
20050221,8.53,8.79,8.52,8.75,10629.0,42401501.00
20050222,8.75,8.79,8.68,8.77,5629.0,22687067.00
20050223,8.79,9.01,8.72,8.99,5647.0,23056177.00
20050224,8.96,9.37,8.90,9.33,9447.0,40046102.00
20050225,9.39,9.39,9.23,9.33,5990.0,25777149.00
20050228,9.33,9.61,9.26,9.44,4483.0,19453353.00
20050301,9.53,9.53,9.29,9.43,5506.0,23670511.00
20050302,9.31,9.42,9.22,9.23,11396.0,48820913.00
20050303,9.18,9.33,9.16,9.28,3429.0,14586727.00
20050304,9.21,9.42,9.21,9.38,4364.0,18804824.00
20050307,9.39,9.77,9.39,9.69,10222.0,45290496.00
20050308,9.77,9.85,9.62,9.82,6585.0,29575338.00
20050309,9.90,10.15,9.83,10.00,4713.0,21694338.00
20050310,10.20,10.20,9.61,9.90,4726.0,21498741.00
20050311,9.90,10.15,9.70,10.07,9362.0,42521284.00
20050314,9.94,10.61,9.90,10.27,10378.0,48987452.00
20050315,10.27,10.32,10.11,10.17,5783.0,27220784.00
20050316,10.09,10.20,9.97,10.17,6829.0,31720439.00
20050317,10.14,10.48,10.03,10.31,5015.0,23726911.00
20050318,10.31,10.33,10.09,10.23,2405.0,11319532.00
20050321,10.20,10.30,9.98,10.20,2701.0,12692125.00
20050322,10.20,10.72,10.16,10.59,12259.0,59468831.00
20050323,10.61,10.90,10.58,10.64,12551.0,62550272.00
20050324,10.63,10.67,10.09,10.21,9162.0,43515225.00
20050325,10.20,10.40,10.03,10.26,2329.0,10960985.00
20050328,10.27,10.72,10.20,10.65,2428.0,11802982.00
20050329,10.65,10.83,10.42,10.44,2448.0,11989719.00
20050330,10.42,10.42,10.22,10.28,2480.0,11744620.00
20050331,10.21,10.46,10.16,10.44,1507.0,7129716.00
20050401,10.44,10.87,10.42,10.63,3410.0,16774374.00
20050404,10.63,10.87,10.52,10.84,5427.0,26985512.00
20050405,10.90,11.07,10.79,10.84,4902.0,24660016.00
20050406,10.89,11.13,10.76,11.10,5674.0,28795816.00
20050407,11.11,11.39,10.85,10.87,12437.0,64340829.00
20050408,10.87,10.87,10.49,10.83,4505.0,22165004.00
20050411,10.81,10.81,10.35,10.46,9126.0,44306742.00
20050412,10.47,10.48,10.28,10.32,1994.0,9516181.00
20050413,10.48,10.72,10.42,10.61,8689.0,42332154.00
20050414,10.61,10.67,10.44,10.63,1914.0,9295179.00
20050415,10.74,10.74,10.53,10.59,1635.0,7963442.00
20050418,10.57,10.57,10.31,10.32,2957.0,14168640.00
20050419,10.31,10.37,10.07,10.09,7807.0,36608850.00
20050420,10.09,10.20,10.05,10.17,5357.0,24960623.00
20050421,10.11,10.53,10.09,10.48,2808.0,13403617.00
20050422,10.49,10.58,10.40,10.44,3520.0,16950065.00
20050425,10.66,11.39,10.55,11.29,12704.0,65092003.00
20050426,11.28,11.62,11.24,11.34,13609.0,71600714.00
20050427,11.26,11.53,11.24,11.46,7472.0,39437614.00
20050428,11.46,11.61,11.34,11.50,8521.0,45118705.00
20050429,11.35,11.54,11.29,11.50,6825.0,35950860.00
20050509,11.39,11.49,11.14,11.18,7655.0,39655697.00
20050510,11.07,11.13,10.81,11.00,6446.0,32384041.00
20050511,11.00,11.00,10.68,10.71,6784.0,33782884.00
20050512,10.53,10.95,10.43,10.61,14250.0,69749251.00
20050513,10.53,10.83,10.42,10.57,15076.0,73784829.00
20050516,10.52,10.70,10.46,10.61,2596.0,12703148.00
20050517,10.63,10.87,10.61,10.78,7724.0,38326324.00
20050518,10.83,10.83,10.10,10.42,9678.0,46208050.00
20050519,10.42,10.78,10.21,10.67,5123.0,25028891.00
20050520,10.64,10.88,10.64,10.67,5845.0,29146429.00
20050523,10.64,10.83,10.42,10.50,2614.0,12730239.00
20050524,10.50,10.56,10.43,10.45,1379.0,6674005.00
20050525,10.43,10.44,10.33,10.37,3208.0,15348057.00
20050526,10.40,10.42,9.94,9.99,10634.0,49432691.00
20050527,9.88,9.96,9.58,9.72,15949.0,71377627.00
20050530,9.55,9.81,9.40,9.70,9034.0,40352669.00
20050531,9.69,9.81,9.61,9.67,11879.0,53080356.00
20050601,9.68,9.77,9.45,9.70,8658.0,38201050.00
20050602,9.66,9.66,8.79,8.92,25297.0,105700729.00
20050603,8.79,9.22,8.60,9.16,7146.0,29143703.00
20050606,9.08,9.72,8.97,9.69,4213.0,18349446.00
20050607,9.76,10.03,9.69,9.82,5989.0,27080944.00
20050608,9.72,10.80,9.72,10.72,11039.0,52789496.00
20050609,10.70,10.89,10.42,10.49,7770.0,38204045.00
20050610,10.44,10.61,10.11,10.21,4165.0,19681140.00
20050613,10.23,10.42,10.10,10.25,7069.0,33389071.00
20050614,10.20,10.52,10.20,10.35,7271.0,34530651.00
20050615,10.22,10.42,10.22,10.34,1596.0,7599370.00
20050616,10.35,10.53,10.31,10.52,5931.0,28452404.00
20050617,10.53,10.63,10.34,10.53,3262.0,15703945.00
20050620,10.63,11.52,10.53,11.24,12368.0,62906075.00
20050621,11.18,11.28,10.97,11.03,2597.0,13347956.00
20050622,11.03,11.39,11.02,11.35,6121.0,31728393.00
20050623,11.35,11.41,11.22,11.31,5276.0,27503936.00
20050624,11.21,11.42,10.66,11.40,6150.0,31786457.00
20050627,11.46,11.92,11.37,11.90,10824.0,58344425.00
20050628,11.72,11.83,11.51,11.59,3766.0,20129464.00
20050630,11.50,11.80,11.50,11.64,12778.0,68740725.00
20050701,11.93,11.93,11.11,11.36,6104.0,32182036.00
20050704,11.29,11.46,11.18,11.35,3018.0,15730157.00
20050705,11.29,11.29,11.19,11.28,2248.0,11662288.00
20050706,11.23,11.29,10.85,10.92,6316.0,32226601.00
20050707,10.85,11.06,10.78,10.96,5785.0,29052550.00
20050708,10.89,11.33,10.89,11.26,6930.0,35940472.00
20050711,11.29,11.52,11.23,11.28,6562.0,34538170.00
20050712,11.26,11.65,11.12,11.61,5712.0,30210107.00
20050713,11.59,11.61,10.96,11.39,3857.0,19981575.00
20050714,11.29,11.50,11.28,11.48,2012.0,10624551.00
20050715,11.40,11.56,11.40,11.50,1002.0,5300561.00
20050718,11.49,11.55,11.41,11.44,1564.0,8258010.00
20050719,11.43,11.58,11.42,11.49,1325.0,7015760.00
20050720,11.49,11.50,11.27,11.31,3012.0,15767931.00
20050721,11.31,11.41,11.13,11.28,2536.0,13127981.00
20050722,11.29,11.47,11.19,11.30,6095.0,31708848.00
20050725,11.29,11.35,11.09,11.15,6961.0,35971529.00
20050726,11.07,11.30,11.07,11.24,8008.0,41433496.00
20050727,11.35,11.55,11.29,11.47,5369.0,28350004.00
20050728,11.48,11.61,11.40,11.57,8592.0,45732284.00
20050729,11.51,11.61,11.50,11.54,2425.0,12951117.00
20050801,11.56,11.68,11.50,11.63,3840.0,20465514.00
20050802,11.62,11.65,11.45,11.59,4262.0,22676467.00
20050803,11.55,11.65,11.50,11.63,8184.0,43619808.00
20050804,11.65,12.11,11.65,12.05,10560.0,58044426.00
20050805,12.26,12.47,12.09,12.26,6365.0,29678263.00
20050808,12.27,12.35,11.77,12.12,8545.0,39434837.00
20050809,12.09,12.09,11.86,11.94,5841.0,26540331.00
20050810,11.86,12.22,11.86,12.13,5800.0,26665195.00
20050811,12.09,12.46,12.09,12.45,13593.0,63589532.00
20050812,12.45,12.46,12.19,12.36,4715.0,22081209.00
20050815,12.32,12.77,12.09,12.61,7020.0,32711316.00
20050816,12.61,12.61,12.34,12.48,5751.0,27203993.00
20050817,13.06,13.73,12.22,12.83,12506.0,60400828.00
20050818,13.01,13.09,12.35,12.38,10989.0,52638476.00
20050819,12.32,12.47,12.27,12.38,4972.0,23314587.00
20050822,12.35,12.57,12.22,12.48,6929.0,32877617.00
20050823,12.41,12.63,12.41,12.62,4786.0,22825313.00
20050824,12.62,12.67,12.50,12.60,3214.0,15394347.00
20050825,12.61,12.64,12.51,12.60,3540.0,16937359.00
20050826,12.54,12.81,12.54,12.73,4582.0,22162003.00
20050829,12.75,12.85,12.72,12.80,5128.0,24984384.00
20050830,12.77,12.84,12.64,12.72,2453.0,11883761.00
20050831,12.64,12.87,12.62,12.84,2394.0,11660189.00
20050901,12.82,13.23,12.82,13.14,5487.0,27342423.00
20050902,13.09,13.44,13.09,13.29,4998.0,25226079.00
20050905,13.27,13.56,13.27,13.39,3910.0,19986278.00
20050906,13.39,13.48,13.14,13.17,3194.0,16132458.00
20050907,13.16,13.31,13.14,13.28,5186.0,26062481.00
20050908,13.28,13.28,13.06,13.15,6307.0,31589421.00
20050909,13.15,13.15,12.88,13.09,4254.0,21034934.00
20050912,13.09,13.09,12.83,13.04,1595.0,7856513.00
20050913,12.96,13.35,12.96,13.35,4901.0,24688591.00
20050914,13.33,13.46,13.17,13.37,3299.0,16772020.00
20050915,13.34,13.49,13.24,13.34,1740.0,8846890.00
20050916,13.31,13.45,13.31,13.40,3217.0,16398350.00
20050919,13.30,13.50,13.24,13.27,2040.0,10355074.00
20050920,13.29,13.29,13.19,13.26,1795.0,9041751.00
20050921,13.16,13.30,13.01,13.06,2949.0,14686809.00
20050922,12.98,13.14,12.66,12.89,3358.0,16372928.00
20050923,12.85,13.01,12.71,12.86,3064.0,15048364.00
20050926,12.87,12.97,12.75,12.77,1766.0,8657470.00
20050927,12.76,12.81,12.65,12.68,1709.0,8278850.00
20050928,12.62,12.88,12.62,12.82,2336.0,11331850.00
20050929,12.87,13.09,12.83,13.06,2084.0,10308512.00
20050930,13.06,13.06,12.75,13.00,3324.0,16352331.00
20051010,12.90,13.06,12.77,12.78,2647.0,12946799.00
20051011,12.75,12.87,12.67,12.84,1359.0,6622928.00
20051012,12.88,12.88,12.46,12.49,8327.0,39835258.00
20051013,12.50,12.59,12.28,12.38,10907.0,51553349.00
20051014,12.35,12.47,11.91,11.97,4942.0,22786107.00
20051017,11.87,12.22,11.80,12.01,9468.0,43391916.00
20051018,12.01,12.33,12.01,12.33,9642.0,44960711.00
20051019,12.38,12.47,12.21,12.33,7924.0,37063754.00
20051020,12.28,12.38,12.10,12.15,5721.0,26662088.00
20051021,12.12,12.21,12.09,12.17,3395.0,15694623.00
20051024,12.14,12.39,12.14,12.37,4444.0,20771238.00
20051025,12.44,12.56,12.43,12.52,11594.0,55177336.00
20051026,12.52,12.55,12.43,12.51,9635.0,45847901.00
20051027,12.49,12.49,12.23,12.34,9748.0,45785210.00
20051028,12.35,12.64,12.35,12.50,6982.0,33237651.00
20051031,12.48,12.83,12.38,12.67,6685.0,32099218.00
20051101,12.72,12.76,12.57,12.69,8542.0,41028115.00
20051102,12.62,12.76,12.51,12.66,2766.0,13366082.00
20051103,12.72,12.73,12.41,12.41,2539.0,12120721.00
20051104,12.41,12.51,12.19,12.42,4895.0,22899009.00
20051107,12.22,12.35,12.20,12.33,2475.0,11545343.00
20051108,12.33,12.36,12.32,12.33,6077.0,28543068.00
20051109,12.40,12.48,12.22,12.28,6020.0,28203162.00
20051110,12.33,12.33,12.13,12.26,3950.0,18352311.00
20051111,12.15,12.26,12.09,12.19,2926.0,13501333.00
20051114,12.11,12.17,11.97,11.98,2162.0,9877960.00
20051115,12.02,12.06,11.93,11.93,7767.0,35512394.00
20051116,11.93,12.08,11.83,12.06,7248.0,33007959.00
20051117,12.04,12.05,11.35,11.82,11008.0,49497150.00
20051118,11.83,12.04,11.57,11.91,6941.0,31397165.00
20051121,11.83,12.02,11.77,12.00,4575.0,20639360.00
20051122,11.95,12.24,11.70,12.13,3538.0,16131067.00
20051123,12.02,12.20,11.98,12.16,1371.0,6306488.00
20051124,12.09,12.09,11.83,11.92,10882.0,49193081.00
20051125,11.85,11.98,11.80,11.97,3913.0,17618489.00
20051128,11.95,12.01,11.70,11.95,1523.0,6903246.00
20051129,11.95,12.01,11.30,11.67,2488.0,11117104.00
20051130,11.56,11.61,11.28,11.50,6508.0,28172021.00
20051201,11.43,11.52,11.36,11.38,5354.0,23266367.00
20051202,11.38,11.77,11.38,11.70,9633.0,42441653.00
20051205,11.70,11.74,11.47,11.61,2757.0,12151492.00
20051206,11.49,11.60,11.43,11.50,14916.0,65529317.00
20051207,11.43,11.60,11.43,11.50,4309.0,18878496.00
20051208,11.44,11.56,11.44,11.46,3657.0,16002582.00
20051209,11.49,11.49,11.25,11.27,15462.0,66478204.00
20051212,11.25,11.25,10.95,10.95,15102.0,63383458.00
20051213,10.96,11.03,10.64,10.87,20414.0,83729902.00
20051214,10.79,11.25,10.78,11.16,17975.0,75326820.00
20051215,11.18,11.28,11.04,11.26,5934.0,25306079.00
20051216,11.25,11.47,11.17,11.42,6670.0,28659038.00
20051219,11.43,11.59,11.37,11.52,4702.0,20587488.00
20051220,11.57,11.58,11.30,11.40,4540.0,19679338.00
20051221,11.33,11.46,11.23,11.29,4959.0,21349222.00
20051222,11.21,11.46,11.17,11.36,3340.0,14361625.00
20051223,11.28,11.62,11.28,11.59,6291.0,27434932.00
20051226,11.62,11.70,11.51,11.62,6992.0,30863111.00
20051227,11.64,11.82,11.60,11.81,7290.0,32574560.00
20051228,11.82,11.96,11.76,11.95,6250.0,28274416.00
20051229,11.96,12.30,11.96,12.29,15674.0,72783428.00
20051230,12.22,12.23,11.80,11.99,36647.0,167469295.00
20060104,11.93,11.93,11.59,11.64,35507.0,157456208.00
20060105,11.62,11.91,11.60,11.76,16992.0,75918198.00
20060106,11.77,11.95,11.66,11.89,17162.0,77233333.00
20060109,11.92,12.43,11.91,12.30,20770.0,96726018.00
20060110,12.35,12.51,12.23,12.34,17456.0,82153545.00
20060111,12.34,12.51,12.22,12.24,8315.0,39227536.00
20060112,12.20,12.37,12.12,12.35,9989.0,46568064.00
20060113,12.35,12.69,12.22,12.48,9936.0,47330433.00
20060116,12.56,12.59,12.22,12.23,7730.0,36255137.00
20060117,12.09,12.25,12.04,12.10,13824.0,63618353.00
20060118,12.09,12.34,12.09,12.13,9706.0,45114697.00
20060119,12.29,12.30,12.03,12.11,7283.0,33651491.00
20060120,12.12,12.18,11.92,12.08,14216.0,65092507.00
20060123,12.09,12.09,11.80,11.83,13286.0,59899023.00
20060124,11.83,12.16,11.83,11.96,11452.0,52535743.00
20060125,11.99,12.48,11.91,12.42,15730.0,73251753.00
20060206,12.50,12.54,12.22,12.46,15691.0,74143388.00
20060207,12.46,13.14,12.39,13.14,28665.0,140985315.00
20060208,13.05,13.16,12.85,13.10,22264.0,110727360.00
20060209,13.08,13.14,12.69,12.74,7770.0,38004186.00
20060210,12.72,13.93,12.64,13.81,31873.0,160573342.00
20060213,15.19,15.19,15.19,15.19,16966.0,98029548.00
20060215,15.64,15.64,14.93,15.27,28996.0,168845650.00
20060216,15.15,15.77,15.06,15.42,18977.0,110783125.00
20060217,15.42,15.48,15.28,15.31,8907.0,51929488.00
20060220,15.19,15.27,14.77,15.08,10843.0,62004351.00
20060221,14.95,15.39,14.95,15.39,10239.0,59431946.00
20060222,15.34,15.51,15.24,15.43,10335.0,60384853.00
20060223,15.43,16.43,15.32,16.37,11730.0,69601180.00
20060417,18.00,18.00,18.00,18.00,238.0,1630985.00
20060418,19.80,19.80,19.80,19.80,324.0,2444655.00
20060419,21.79,21.79,21.57,21.79,43967.0,364421942.00
20060420,23.65,23.65,21.04,22.09,55615.0,475176332.00
20060421,22.02,23.79,21.82,23.37,31886.0,278281209.00
20060424,23.52,24.12,22.94,23.43,36248.0,322955394.00
20060425,23.39,24.50,23.03,24.02,39704.0,357994221.00
20060525,24.04,25.11,20.35,21.15,198116.0,811908674.00
20060526,21.10,21.38,20.13,21.36,91801.0,360661885.00
20060529,21.37,23.50,21.37,23.50,80683.0,345986865.00
20060530,25.16,25.85,24.37,25.85,138758.0,664776550.00
20060531,25.88,27.73,25.05,25.65,151731.0,747411522.00
20060601,25.65,26.77,25.10,26.44,90331.0,438913211.00
20060602,26.44,26.44,24.90,25.17,73104.0,348052311.00
20060605,24.90,24.90,23.40,23.97,68747.0,308294272.00
20060606,23.63,23.63,22.97,23.00,56641.0,246688991.00
20060607,22.74,23.50,22.28,22.45,71001.0,302769993.00
20060608,22.35,23.02,21.91,22.82,58454.0,247094039.00
20060609,22.82,23.08,22.17,22.76,58410.0,247306955.00
20060612,22.44,24.14,22.17,24.08,71344.0,311536764.00
20060613,24.08,25.20,24.08,24.54,74829.0,347247357.00
20060614,24.31,25.22,23.24,25.00,62233.0,287725376.00
20060615,25.00,25.75,24.52,24.79,51311.0,242480009.00
20060616,24.78,25.27,24.68,24.97,40080.0,188160360.00
20060619,24.84,26.49,24.41,25.93,76305.0,368697291.00
20060620,25.72,26.10,25.49,25.83,37608.0,181973717.00
20060621,25.83,25.91,24.98,25.29,36323.0,172805456.00
20060622,25.11,25.37,24.95,24.99,23653.0,111205968.00
20060623,24.84,25.27,24.74,24.94,27924.0,130091791.00
20060626,24.95,25.83,24.95,25.49,47869.0,227823194.00
20060627,25.57,26.50,25.55,26.16,51466.0,252140738.00
20060628,26.10,26.10,25.43,25.56,26800.0,128599786.00
20060629,25.59,25.91,25.43,25.70,37191.0,178456804.00
20060630,25.78,26.04,25.00,25.34,39032.0,185164398.00
20060703,25.33,25.33,24.78,25.00,48287.0,225238880.00
20060704,24.84,25.14,24.39,25.11,52506.0,242839931.00
20060705,25.22,25.22,24.68,24.87,15572.0,72575812.00
20060706,24.84,25.16,24.63,24.94,22055.0,103048532.00
20060707,24.96,25.10,24.53,24.57,28023.0,129587181.00
20060710,24.51,24.51,23.96,24.06,27697.0,125019271.00
20060711,24.04,24.29,23.83,23.91,27214.0,122211032.00
20060712,23.88,23.91,23.27,23.50,33125.0,145831734.00
20060713,23.37,24.25,23.12,23.86,39424.0,175231413.00
20060714,23.61,23.91,23.30,23.81,18343.0,80947648.00
20060717,23.67,24.33,23.43,23.97,25684.0,115482082.00
20060718,23.94,23.97,23.52,23.68,15392.0,68227611.00
20060719,23.61,23.72,22.92,23.22,31326.0,136738969.00
20060720,23.20,23.71,22.91,23.66,19372.0,85005958.00
20060721,23.64,23.77,23.51,23.74,10759.0,47693738.00
20060724,23.56,25.04,23.40,24.69,40525.0,185467434.00
20060725,24.69,25.11,24.41,25.01,32542.0,151329073.00
20060726,25.01,25.11,24.49,24.84,17404.0,80947127.00
20060727,24.79,25.00,24.47,24.67,24515.0,113653352.00
20060728,24.57,24.62,24.17,24.31,22886.0,104187953.00
20060731,24.24,24.25,23.51,23.51,15948.0,70945071.00
20060801,23.51,24.04,23.45,23.90,13168.0,58663703.00
20060802,23.88,24.04,23.44,23.55,8860.0,39215950.00
20060803,23.56,23.80,22.81,22.96,16655.0,71947181.00
20060804,22.97,23.18,22.44,22.81,14793.0,63433581.00
20060807,22.57,23.18,21.95,22.63,14142.0,59874589.00
20060808,22.44,23.10,22.44,23.08,7771.0,33435494.00
20060809,23.11,23.67,22.97,23.43,10288.0,44982771.00
20060810,23.43,23.71,23.43,23.51,13105.0,57720598.00
20060811,23.55,23.77,23.53,23.55,7247.0,32036673.00
20060814,23.55,23.66,23.08,23.40,11173.0,49033692.00
20060815,23.27,23.60,23.24,23.57,6398.0,28008387.00
20060816,23.56,24.09,23.51,24.04,8998.0,40252021.00
20060817,24.09,24.09,23.18,23.64,10929.0,48410678.00
20060818,23.45,23.75,23.27,23.58,3381.0,14888941.00
20060821,22.96,23.61,22.89,23.60,7293.0,32062134.00
20060822,23.51,24.23,23.51,24.14,11108.0,49977253.00
20060823,23.40,23.88,23.40,23.73,21056.0,93035269.00
20060824,23.51,23.72,23.44,23.57,12574.0,55366636.00
20060825,23.57,23.82,23.40,23.53,7474.0,32852243.00
20060828,23.46,23.61,23.19,23.43,25572.0,112066807.00
20060829,23.49,24.69,23.49,24.39,37854.0,171776439.00
20060830,24.17,24.47,23.93,24.03,9692.0,43806887.00
20060831,24.04,24.29,23.93,24.16,12358.0,55827539.00
20060901,24.23,24.24,23.98,24.08,10873.0,48927412.00
20060904,23.92,24.18,23.92,24.11,5903.0,26589669.00
20060905,24.05,24.16,23.94,24.01,12354.0,55522598.00
20060906,23.99,24.28,23.93,24.10,11380.0,51403210.00
20060907,24.03,24.12,23.71,24.04,10518.0,46987030.00
20060908,23.77,23.99,23.59,23.75,5890.0,26157743.00
20060911,23.61,23.73,23.45,23.58,8302.0,36625467.00
20060912,23.58,23.58,23.35,23.40,19393.0,85026963.00
20060913,23.41,23.65,23.41,23.44,18421.0,81014932.00
20060914,23.51,24.65,23.08,24.63,63366.0,284212833.00
20060915,24.63,24.99,24.09,24.49,29243.0,134841289.00
20060918,24.51,24.63,24.19,24.48,34084.0,155113047.00
20060919,24.39,24.97,24.28,24.79,29992.0,138992138.00
20060920,24.73,25.28,24.62,25.10,22442.0,105158852.00
20060921,25.11,25.19,25.00,25.00,16312.0,76643185.00
20060922,24.98,25.11,24.63,25.01,12425.0,57912198.00
20060925,24.76,25.19,24.76,24.96,10475.0,49168157.00
20060926,24.93,24.94,24.55,24.56,11789.0,54462375.00
20060927,24.52,24.76,24.39,24.64,8052.0,36977025.00
20060928,24.57,25.08,24.43,25.01,16779.0,77577351.00
20060929,25.00,25.58,24.84,25.34,22756.0,107764446.00
20061009,25.65,27.41,25.65,27.18,37970.0,191569287.00
20061010,27.51,28.05,26.98,27.10,24124.0,124074029.00
20061011,27.07,27.25,26.44,26.57,12117.0,60357112.00
20061012,26.57,26.85,26.22,26.51,14286.0,70986726.00
20061013,26.51,26.61,26.02,26.18,14898.0,73257749.00
20061016,26.18,26.18,25.00,25.32,38076.0,180476685.00
20061017,25.32,25.86,25.03,25.72,15370.0,73212480.00
20061018,25.64,26.82,25.38,26.61,23878.0,118175550.00
20061019,26.52,26.98,26.19,26.71,16611.0,83199478.00
20061020,26.69,26.79,26.48,26.50,12095.0,60370256.00
20061023,26.28,27.43,26.28,27.25,38998.0,198293833.00
20061024,27.27,28.09,27.14,27.87,26709.0,138579123.00
20061025,28.15,29.85,27.89,29.48,47476.0,261743388.00
20061026,29.38,29.58,28.85,29.38,20428.0,112072591.00
20061027,29.38,29.38,28.80,28.86,14791.0,80382720.00
20061030,28.85,29.04,28.47,28.87,12369.0,66246109.00
20061031,28.87,29.54,28.53,28.84,11266.0,61092386.00
20061101,28.64,28.85,28.30,28.42,12762.0,67866974.00
20061102,28.37,29.27,27.97,29.26,23319.0,123978621.00
20061103,29.38,29.64,28.69,29.26,13876.0,75858369.00
20061106,28.88,30.56,28.85,29.97,26740.0,147856261.00
20061107,29.97,30.40,29.65,29.81,21326.0,119649817.00
20061108,29.65,30.72,29.38,30.35,25348.0,143238979.00
20061109,30.21,30.56,29.98,30.54,15962.0,90494365.00
20061110,30.42,31.47,30.24,30.77,33153.0,191717604.00
20061113,30.72,30.72,29.86,30.40,28315.0,161068513.00
20061114,30.26,32.13,30.26,32.00,31306.0,183957465.00
20061115,32.31,33.66,31.84,33.04,34033.0,211445125.00
20061116,33.05,35.78,33.04,34.55,48628.0,313184874.00
20061117,34.71,34.99,33.66,34.49,38341.0,244957666.00
20061120,33.94,35.15,33.94,34.51,27060.0,174396384.00
20061121,34.54,34.58,33.12,33.73,30241.0,190983784.00
20061122,33.71,34.29,33.05,33.89,28900.0,182237646.00
20061123,33.66,34.46,33.66,33.90,12547.0,79824997.00
20061124,33.88,34.35,33.34,34.14,23495.0,148702618.00
20061127,34.14,35.08,34.08,34.35,16498.0,106393462.00
20061128,34.29,34.72,33.55,33.56,28322.0,180775984.00
20061129,33.12,35.34,32.55,34.41,26754.0,172337879.00
20061130,34.58,36.96,34.58,36.19,21012.0,141522146.00
20061201,36.19,38.30,36.19,36.86,40414.0,282813533.00
20061204,37.00,37.89,36.22,36.92,26886.0,185669864.00
20061205,36.81,38.08,36.76,37.44,38117.0,266976425.00
20061206,37.40,37.40,35.74,36.88,37493.0,256408498.00
20061207,36.60,37.45,36.60,37.15,21855.0,151160168.00
20061208,36.86,37.34,36.33,36.89,22068.0,152466866.00
20061211,36.38,38.73,36.38,38.63,26754.0,188889525.00
20061212,38.94,39.26,38.14,38.37,11767.0,84919970.00
20061213,38.61,38.70,37.75,38.09,33416.0,239515640.00
20061214,38.36,41.34,38.09,41.16,37628.0,279885276.00
20061215,41.14,42.72,40.62,42.27,23697.0,185540482.00
20061218,42.19,46.30,42.19,46.16,35238.0,295726593.00
20061219,46.16,47.44,44.81,45.14,38038.0,326181880.00
20061220,44.87,45.89,44.61,45.04,25195.0,212351401.00
20061221,45.04,45.68,44.07,44.33,30301.0,256088470.00
20061222,44.07,44.72,42.73,43.18,30439.0,249249212.00
20061225,43.31,44.97,43.31,44.45,24954.0,207941105.00
20061227,44.99,46.16,44.98,45.67,19853.0,169858959.00
20061228,45.84,45.94,44.61,45.67,29281.0,248296941.00
20061229,45.67,49.20,45.18,46.92,82975.0,728497750.00
20070104,48.09,48.18,45.68,45.86,44664.0,394957199.00
20070105,45.30,46.31,44.50,46.09,27805.0,236787475.00
20070108,46.10,46.27,44.81,45.34,48923.0,417405505.00
20070109,45.35,48.08,45.20,47.44,28300.0,248096035.00
20070110,47.55,48.34,46.80,47.53,28239.0,249921321.00
20070111,47.55,49.78,47.28,49.14,37482.0,341540304.00
20070112,49.10,51.93,48.08,51.80,36402.0,347136996.00
20070115,51.85,54.49,51.85,53.22,30670.0,305993933.00
20070116,53.08,53.84,51.44,52.21,35039.0,344077710.00
20070117,52.14,55.03,51.30,52.42,25916.0,257353976.00
20070118,52.36,56.36,51.82,56.21,30645.0,315103130.00
20070119,56.21,59.78,56.21,58.42,22255.0,243504208.00
20070122,58.82,61.97,58.77,60.48,25521.0,290839225.00
20070123,60.80,61.33,55.61,56.24,41782.0,450098219.00
20070124,56.36,60.37,56.36,58.65,19404.0,212553649.00
20070125,57.43,59.27,56.79,57.90,44848.0,490557153.00
20070126,57.16,58.74,52.36,58.17,35845.0,380378208.00
20070129,57.59,60.37,56.68,57.43,18560.0,201345338.00
20070130,57.02,59.35,56.89,58.63,26561.0,287395106.00
20070131,57.59,58.77,54.49,55.15,33267.0,352147545.00
20070201,53.42,56.61,53.16,56.10,25909.0,265744453.00
20070202,55.54,55.99,53.42,53.96,14988.0,151508799.00
20070205,53.95,53.96,51.67,51.82,19837.0,194534210.00
20070206,50.76,51.77,47.81,51.15,39522.0,365914405.00
20070207,50.85,53.41,50.76,52.07,17976.0,175261713.00
20070208,51.77,52.88,49.95,51.27,18373.0,176642961.00
20070209,50.85,51.60,49.68,50.31,12262.0,116298291.00
20070212,50.11,52.76,49.79,51.82,12511.0,120701377.00
20070213,52.29,53.34,51.82,53.32,18767.0,184420201.00
20070214,53.73,54.49,52.36,53.19,15614.0,154853057.00
20070215,53.77,56.08,53.43,55.14,16805.0,173731362.00
20070216,55.97,56.10,53.19,53.51,25071.0,256784061.00
20070226,53.32,53.32,51.29,51.83,15321.0,150045013.00
20070227,51.55,51.55,46.65,46.82,31866.0,292514587.00
20070301,51.50,51.50,49.62,51.50,44582.0,429485218.00
20070302,51.82,53.95,51.27,52.24,34770.0,341362335.00
20070305,52.31,52.31,50.65,50.70,21805.0,208807884.00
20070306,50.22,54.04,49.68,53.48,24350.0,241040734.00
20070307,54.12,55.27,53.43,54.20,26425.0,271589373.00
20070308,53.90,54.49,52.94,54.20,13807.0,138217148.00
20070309,53.48,54.75,52.94,53.43,16185.0,162560219.00
20070312,53.32,53.43,52.69,53.32,19443.0,193188602.00
20070313,52.87,53.32,51.30,52.57,19080.0,186420809.00
20070314,51.82,52.36,50.91,51.30,21600.0,207586165.00
20070315,50.75,52.36,50.75,52.05,20973.0,201776897.00
20070316,52.25,52.36,50.81,52.15,14634.0,140836291.00
20070319,50.76,52.47,50.65,52.02,25951.0,253220579.00
20070320,52.00,52.09,50.46,50.54,21187.0,201378936.00
20070321,50.57,51.45,48.95,50.22,28289.0,266389528.00
20070322,50.33,50.69,49.15,50.48,31397.0,291678124.00
20070323,49.96,50.81,49.26,50.75,30279.0,283551750.00
20070326,50.65,50.70,50.06,50.23,22656.0,212983960.00
20070327,50.10,50.22,49.07,49.57,37197.0,345056807.00
20070328,49.61,50.14,48.62,49.73,34926.0,323233779.00
20070329,49.78,51.55,49.30,51.48,49415.0,465028032.00
20070330,51.60,51.63,49.79,50.49,30985.0,293158039.00
20070402,50.75,50.76,49.10,50.16,28257.0,261934932.00
20070403,50.16,51.07,49.21,50.69,42800.0,402378753.00
20070404,50.75,52.35,50.75,52.00,40807.0,395605830.00
20070405,51.76,51.76,50.60,50.93,37460.0,358362495.00
20070406,50.54,50.76,49.95,50.22,27615.0,259568009.00
20070409,50.51,51.61,49.63,50.75,62834.0,591101165.00
20070410,50.87,51.17,50.27,50.43,63046.0,597770870.00
20070411,50.73,50.73,49.63,50.15,53828.0,504663488.00
20070412,50.06,53.48,49.67,52.80,76458.0,739231914.00
20070413,52.89,56.30,51.82,55.00,84783.0,867089257.00
20070416,54.44,55.53,53.69,54.35,37812.0,383878218.00
20070417,54.49,55.26,51.82,52.72,44618.0,442356324.00
20070418,52.72,52.72,51.02,51.60,48780.0,470273102.00
20070419,51.13,51.29,48.83,49.58,39881.0,372975317.00
20070420,49.68,51.02,49.63,50.52,41516.0,392180310.00
20070423,50.53,51.19,49.68,51.06,47486.0,447869454.00
20070424,51.24,51.28,49.96,50.47,39478.0,372593709.00
20070425,50.48,51.71,50.00,51.28,37822.0,362266657.00
20070426,51.33,52.61,50.75,52.00,33698.0,325641558.00
20070427,51.97,51.99,50.02,50.10,26474.0,250199461.00
20070430,49.68,52.02,49.44,50.98,43557.0,414391808.00
20070508,51.61,52.30,51.04,51.55,46026.0,444700567.00
20070509,51.55,51.56,48.03,49.15,151776.0,1394029058.00
20070514,50.00,53.84,49.25,50.43,131870.0,1263779092.00
20070515,50.47,50.47,48.54,48.58,71037.0,655524409.00
20070516,48.56,50.54,48.46,49.99,50432.0,468228612.00
20070517,49.87,53.45,49.86,52.90,95181.0,930266093.00
20070518,52.52,54.01,51.82,52.59,51836.0,517580169.00
20070521,50.92,52.99,50.29,51.62,41508.0,402560490.00
20070522,51.35,51.55,50.32,50.67,59901.0,567699268.00
20070523,50.57,52.89,50.56,51.81,40338.0,391972671.00
20070524,52.07,53.22,51.63,53.09,55798.0,548678429.00
20070525,53.44,58.40,53.44,56.84,83105.0,883158731.00
20070528,56.90,59.43,56.89,58.93,55511.0,607604935.00
20070529,59.03,61.65,57.86,58.35,42945.0,480225991.00
20070530,55.56,58.23,53.32,54.48,72906.0,756701836.00
20070601,58.24,59.93,57.80,59.00,69666.0,775108764.00
20070604,59.13,61.54,55.29,56.43,56949.0,627231638.00
20070605,55.03,57.16,50.79,56.67,52948.0,544757934.00
20070606,56.10,58.23,54.51,56.37,31384.0,329128886.00
20070607,56.37,57.43,55.66,56.45,53370.0,562638223.00
20070608,57.05,57.43,56.10,57.12,35819.0,381067005.00
20070611,57.48,62.83,57.14,62.83,54095.0,620110688.00
20070612,64.10,65.44,61.47,64.34,44190.0,529299495.00
20070613,63.84,65.95,63.04,64.04,38683.0,465951672.00
20070614,63.47,69.45,63.20,66.87,34881.0,435609721.00
20070615,66.23,67.42,66.14,67.25,14897.0,185772690.00
20070618,67.57,70.22,66.84,67.83,21722.0,277680174.00
20070619,67.09,67.85,65.18,65.92,27946.0,348478543.00
20070620,65.45,67.84,64.75,65.94,19170.0,236303439.00
20070621,64.96,66.66,64.64,66.15,19401.0,238688175.00
20070622,66.18,66.99,63.57,64.55,17853.0,218079514.00
20070625,64.16,66.52,63.31,63.62,32756.0,398355115.00
20070626,63.52,64.64,61.74,64.23,12271.0,145796096.00
20070627,64.75,66.58,63.68,66.51,23766.0,293372111.00
20070628,66.73,67.05,64.93,65.11,26212.0,326430499.00
20070629,63.84,65.95,63.12,63.94,15499.0,186255139.00
20070702,63.57,64.11,61.44,63.61,19600.0,229624506.00
20070703,63.68,63.84,61.97,63.16,11009.0,129623748.00
20070704,63.16,63.79,62.08,62.57,11556.0,135460424.00
20070705,61.97,63.04,60.43,60.92,17043.0,194675509.00
20070706,60.69,63.07,60.69,62.98,15596.0,180456456.00
20070709,63.15,64.48,62.77,64.19,11643.0,138656746.00
20070710,64.11,64.11,62.51,63.04,9793.0,115825748.00
20070711,62.51,62.51,61.33,61.89,12129.0,140017458.00
20070712,61.97,62.22,60.84,61.10,14739.0,168661711.00
20070713,61.29,62.07,61.24,61.54,9166.0,104813063.00
20070716,61.80,61.80,59.79,59.82,10747.0,121378863.00
20070717,59.77,61.92,58.75,61.89,15065.0,168233760.00
20070718,61.19,62.90,60.20,62.40,11356.0,130799471.00
20070719,61.86,64.01,61.82,63.83,14746.0,173893104.00
20070720,63.37,64.77,62.89,64.47,14294.0,171502982.00
20070723,64.93,68.08,64.00,67.43,19092.0,237054485.00
20070724,67.51,67.73,66.06,66.36,13103.0,162555321.00
20070725,65.85,66.65,65.31,65.57,15241.0,186522567.00
20070726,66.05,67.19,65.69,66.14,13053.0,161489704.00
20070727,64.80,65.84,63.97,64.23,16312.0,196650321.00
20070730,64.23,67.51,64.08,66.86,27876.0,339526695.00
20070731,66.59,69.88,66.23,69.38,27165.0,344790130.00
20070801,69.34,69.88,67.20,67.74,19966.0,253670740.00
20070802,68.00,70.68,68.00,69.83,20521.0,264786522.00
20070803,69.81,74.76,69.70,74.23,34106.0,458343376.00
20070806,74.25,75.25,73.11,74.22,17469.0,239532860.00
20070807,74.21,74.71,73.35,74.46,23874.0,327024703.00
20070808,74.46,78.47,72.97,74.64,12945.0,183151082.00
20070809,76.65,78.67,75.25,77.72,15475.0,224211231.00
20070810,77.49,78.21,74.72,75.23,23841.0,338962358.00
20070813,75.24,75.24,71.68,74.03,19140.0,259481908.00
20070814,73.10,74.18,72.15,73.60,16144.0,218395049.00
20070815,73.59,75.52,72.30,73.10,23519.0,323360822.00
20070816,72.30,74.18,70.68,72.57,21306.0,286757937.00
20070817,73.20,75.89,72.30,72.65,24164.0,330979043.00
20070820,73.70,77.83,73.70,77.13,18751.0,265241753.00
20070821,77.15,80.63,77.15,79.58,18810.0,278103260.00
20070822,78.48,84.28,78.21,83.44,26195.0,401151824.00
20070823,83.44,86.65,82.78,85.98,19263.0,304024687.00
20070824,85.95,87.07,83.85,84.47,20630.0,326076166.00
20070827,84.39,85.99,83.32,83.35,20822.0,327422195.00
20070828,82.78,83.85,82.30,82.67,17205.0,265824520.00
20070829,82.12,84.64,81.70,82.56,11997.0,186047475.00
20070830,82.73,83.74,82.48,83.31,9194.0,142153246.00
20070831,83.32,86.06,82.78,85.97,10007.0,158100458.00
20070903,86.49,87.83,85.74,85.91,18749.0,303353295.00
20070904,85.79,85.79,81.17,82.13,47220.0,723864065.00
20070905,82.20,83.29,79.87,81.60,22879.0,343653908.00
20070906,81.70,81.70,80.04,80.62,27525.0,412746126.00
20070907,80.62,80.62,77.35,77.65,33011.0,480091647.00
20070910,75.39,77.57,75.39,76.39,40802.0,577753207.00
20070911,76.33,78.74,76.33,77.30,25866.0,374651914.00
20070912,76.87,78.48,75.43,77.25,12191.0,173598048.00
20070913,77.40,77.67,75.79,77.32,21165.0,302740276.00
20070914,77.40,80.63,76.18,79.76,36625.0,533527808.00
20070917,79.55,82.23,78.35,81.69,38819.0,581454298.00
20070918,81.81,81.81,77.88,78.73,14836.0,218334186.00
20070919,78.00,78.21,75.13,76.06,29013.0,410862934.00
20070920,76.18,78.40,76.18,77.96,12903.0,185888065.00
20070921,77.97,78.20,76.22,77.86,12787.0,183153720.00
20070924,77.40,78.37,75.53,76.06,31704.0,450160399.00
20070925,76.04,77.03,74.49,75.74,30249.0,424466923.00
20070926,74.72,79.29,74.72,78.31,30959.0,450482553.00
20070927,78.30,79.29,76.62,78.53,12714.0,185721030.00
20070928,78.47,82.03,78.22,80.88,26937.0,406110739.00
20071008,81.45,83.21,79.02,79.10,23392.0,349755743.00
20071009,78.75,86.54,78.75,85.34,37710.0,587350510.00
20071010,86.39,90.52,84.39,88.41,22651.0,370471299.00
20071011,88.61,95.14,88.42,93.14,30558.0,530601954.00
20071012,94.12,96.98,90.30,96.12,26009.0,456041256.00
20071015,94.66,104.28,94.66,101.37,20908.0,388728699.00
20071016,101.59,101.59,97.36,99.46,21093.0,389861626.00
20071017,98.91,98.91,97.29,97.83,14707.0,267399494.00
20071018,96.05,97.83,93.53,95.03,19954.0,355237068.00
20071019,94.87,99.98,94.87,96.84,17728.0,320347389.00
20071022,95.68,97.83,94.34,96.17,7797.0,139362375.00
20071023,98.64,103.74,98.53,101.06,22290.0,420266818.00
20071024,101.08,106.97,90.95,103.20,25469.0,485816458.00
20071025,101.59,106.43,99.98,104.15,20353.0,394422086.00
20071026,102.53,105.36,99.51,104.84,20010.0,379656727.00
20071029,103.75,106.16,101.53,102.53,11073.0,212842981.00
20071030,103.22,104.27,98.54,100.73,12564.0,233823943.00
20071031,100.95,103.42,100.95,102.67,10814.0,206054370.00
20071101,103.47,103.47,98.85,99.35,9620.0,178327384.00
20071102,98.37,99.33,95.68,98.94,13835.0,250008017.00
20071105,98.91,99.98,96.76,97.84,5279.0,96705832.00
20071106,96.80,99.78,96.80,97.79,2459.0,44828814.00
20071107,98.10,99.44,95.36,96.05,9085.0,162628670.00
20071108,96.07,96.75,92.46,93.54,5723.0,99837136.00
20071109,92.47,95.30,91.65,92.20,5126.0,88657729.00
20071112,92.25,92.78,90.04,91.55,15224.0,256445671.00
20071113,92.45,98.34,92.45,95.56,23911.0,425423638.00
20071114,95.56,100.71,95.56,100.50,11164.0,203847742.00
20071115,100.56,100.56,98.48,98.91,10557.0,195317064.00
20071116,98.64,98.64,96.39,96.75,3715.0,67016964.00
20071119,96.76,99.98,95.46,98.10,5397.0,98848664.00
20071120,98.10,99.98,97.83,99.72,9472.0,174670137.00
20071121,99.98,100.68,98.09,99.21,12411.0,229047999.00
20071122,97.83,98.91,95.56,95.82,7726.0,140489848.00
20071123,95.68,97.29,92.72,93.53,7692.0,134898312.00
20071126,95.41,96.74,94.07,96.39,8656.0,154008451.00
20071127,96.16,98.91,94.87,97.89,11036.0,199433858.00
20071128,96.86,97.94,92.45,94.94,11406.0,201326440.00
20071129,94.08,96.21,92.71,94.33,18463.0,323298143.00
20071130,95.57,95.57,92.99,93.26,14272.0,248057710.00
20071203,92.74,94.07,92.72,93.59,8515.0,147689836.00
20071204,93.80,95.95,93.80,94.87,9009.0,158913696.00
20071205,94.93,99.44,94.93,98.37,9929.0,180611804.00
20071206,99.43,99.43,97.56,99.11,5273.0,96863844.00
20071207,99.38,104.28,99.38,103.76,11615.0,222166859.00
20071211,106.97,110.84,106.70,108.43,29702.0,596580875.00
20071212,108.26,110.84,107.48,108.47,25281.0,511973884.00
20071213,107.51,109.39,105.89,107.77,17437.0,349075780.00
20071214,106.97,117.12,105.91,116.11,16003.0,331667409.00
20071217,115.62,120.94,111.27,113.42,17451.0,373879346.00
20071218,111.32,111.33,106.44,108.04,18507.0,372844742.00
20071219,109.55,110.68,105.89,109.09,13933.0,278674107.00
20071220,110.62,110.86,107.53,109.54,6903.0,140714576.00
20071221,109.66,114.17,109.66,113.43,9515.0,198189104.00
20071224,116.04,116.08,112.33,112.55,21203.0,449776303.00
20071225,112.55,117.39,112.55,116.37,17156.0,368772023.00
20071226,116.10,120.14,115.60,119.34,14593.0,322367541.00
20071227,119.33,121.11,116.75,120.86,21906.0,485898989.00
20071228,119.12,123.69,117.06,123.63,26627.0,600445954.00
20080102,122.02,123.06,118.79,119.34,19085.0,428486871.00
20080103,119.49,122.02,113.84,115.11,29799.0,638361163.00
20080104,113.96,116.15,111.81,115.70,33303.0,704732968.00
20080107,115.83,117.72,112.86,114.13,30409.0,646078990.00
20080108,113.42,116.96,112.13,115.58,32218.0,682166585.00
20080109,113.89,116.62,113.89,115.59,12009.0,256589157.00
20080110,116.11,118.02,114.71,116.69,20826.0,450693940.00
20080111,117.18,118.18,113.96,116.12,19811.0,425014224.00
20080114,120.94,122.88,117.45,120.47,42925.0,959882221.00
20080115,120.62,123.93,120.62,122.75,21303.0,486145572.00
20080116,121.91,122.02,119.33,119.78,22419.0,502236876.00
20080117,120.13,120.14,116.11,117.18,31613.0,697313171.00
20080118,117.21,117.99,114.49,115.55,20416.0,441871091.00
20080121,115.81,116.79,111.27,113.42,24986.0,531115484.00
20080122,111.26,118.23,108.04,113.17,44908.0,949589574.00
20080123,115.08,118.42,114.30,118.32,23146.0,502720215.00
20080124,119.33,120.57,116.64,119.33,18485.0,408534678.00
20080125,119.28,121.21,116.11,117.66,17993.0,397838438.00
20080128,115.84,118.26,112.29,115.46,14170.0,303150636.00
20080129,115.49,117.18,114.49,115.82,10107.0,217278903.00
20080130,116.64,116.64,110.84,115.44,29331.0,621090086.00
20080131,113.41,114.49,110.73,110.75,13904.0,289075903.00
20080201,110.19,110.19,106.91,108.85,21466.0,431423198.00
20080204,109.98,115.38,109.66,113.95,29546.0,617972158.00
20080205,113.96,113.96,111.81,112.55,8478.0,177590097.00
20080213,111.81,111.81,108.58,109.12,4971.0,101444765.00
20080214,110.19,110.68,108.63,109.18,7556.0,153806138.00
20080215,109.10,109.12,106.43,108.09,12811.0,256163700.00
20080218,108.47,111.32,108.47,111.25,12576.0,257765662.00
20080219,111.24,111.81,109.12,111.26,7287.0,149403801.00
20080220,111.27,112.83,110.27,110.78,9701.0,200650696.00
20080221,112.07,112.28,110.09,110.43,12204.0,250662269.00
20080222,110.20,110.98,105.89,107.83,19421.0,391675409.00
20080225,107.45,107.51,105.36,105.82,11217.0,222633128.00
20080226,106.43,107.69,99.93,100.95,35143.0,669275552.00
20080227,100.52,104.82,98.48,103.30,12116.0,231597749.00
20080228,103.31,104.28,101.07,102.13,7226.0,137808743.00
20080229,102.40,105.34,101.11,104.82,7114.0,137296143.00
20080303,109.71,115.30,109.71,115.30,17783.0,380241620.00
20080304,121.38,123.04,116.67,118.76,37898.0,847885908.00
20080305,118.75,121.54,116.91,118.62,14038.0,310232368.00
20080306,118.62,120.41,116.54,116.65,8197.0,180277491.00
20080307,116.24,116.38,112.40,114.58,14896.0,315047844.00
20080310,112.88,115.58,111.38,112.66,10672.0,223726598.00
20080311,111.54,116.37,110.76,115.45,11377.0,241463105.00
20080312,117.18,117.60,112.00,114.09,6119.0,130239209.00
20080313,106.49,115.57,102.69,114.33,16690.0,344992828.00
20080314,112.77,112.77,109.65,110.21,11858.0,244698923.00
20080317,107.52,109.64,106.70,107.89,17189.0,344059102.00
20080318,105.81,107.51,99.98,101.88,30224.0,577180431.00
20080319,101.60,104.82,101.11,102.71,18579.0,355372037.00
20080320,102.08,105.36,96.49,103.71,14755.0,275079993.00
20080321,104.44,105.89,102.78,104.11,3999.0,77823413.00
20080324,104.28,105.55,101.92,103.37,9356.0,179280128.00
20080325,101.06,103.19,99.98,100.50,11287.0,211875344.00
20080326,100.79,102.13,98.37,99.71,4475.0,83590677.00
20080327,97.29,101.04,97.24,97.32,18924.0,344830534.00
20080328,97.56,100.84,96.76,100.29,6716.0,123097898.00
20080331,99.87,101.86,98.37,100.90,15021.0,281358730.00
20080401,101.86,101.86,97.83,99.25,13679.0,252613478.00
20080402,98.91,101.59,92.46,98.14,16431.0,298960718.00
20080403,96.22,97.83,94.07,95.69,13419.0,237997145.00
20080407,95.14,99.71,94.07,99.32,21968.0,394870541.00
20080408,99.17,103.74,97.83,102.95,13058.0,247291459.00
20080409,101.43,102.13,98.29,98.61,12507.0,234604519.00
20080410,97.83,98.37,94.55,95.89,20409.0,365825520.00
20080411,95.95,96.22,94.07,94.42,23957.0,424169969.00
20080414,94.06,94.06,90.13,90.35,21684.0,369038598.00
20080415,89.77,90.57,86.81,90.51,20148.0,330691480.00
20080416,90.30,92.99,88.19,90.91,15638.0,265734673.00
20080417,91.65,93.53,89.28,90.91,10401.0,176634095.00
20080418,89.58,92.72,88.15,91.41,13767.0,229547374.00
20080421,96.76,98.37,89.24,92.21,14522.0,250079531.00
20080422,89.23,92.45,83.32,88.80,22129.0,359871902.00
20080423,86.76,92.99,84.39,91.93,12669.0,211089327.00
20080424,98.37,101.12,95.14,99.96,39321.0,718031257.00
20080425,98.91,98.91,95.57,95.58,23845.0,429087518.00
20080428,94.60,95.40,91.47,94.93,12772.0,220439148.00
20080429,92.46,95.56,92.46,94.91,6149.0,107374297.00
20080430,94.96,99.39,94.96,98.44,11883.0,215284885.00
20080505,98.58,99.75,97.77,98.72,8089.0,148396736.00
20080506,98.37,98.37,95.72,96.64,8487.0,152222994.00
20080507,95.68,97.62,94.33,94.36,7353.0,131020228.00
20080508,94.06,96.65,91.92,96.23,8860.0,154116406.00
20080509,96.75,96.75,94.34,95.54,5774.0,102419877.00
20080512,93.79,98.13,92.88,97.29,9206.0,163594356.00
20080513,94.86,98.31,94.17,96.20,5145.0,91723212.00
20080514,95.30,97.45,95.21,97.16,6008.0,108222058.00
20080515,97.83,100.79,96.22,98.68,14690.0,271639672.00
20080516,98.37,99.98,97.86,98.34,4673.0,85690776.00
20080519,98.34,98.34,96.25,96.76,3828.0,68955076.00
20080520,95.73,97.40,92.99,93.04,9927.0,176605311.00
20080521,92.24,95.14,91.38,93.34,19542.0,334549900.00
20080522,93.18,94.07,90.54,92.91,7536.0,129331816.00
20080523,91.39,92.99,91.38,92.45,12891.0,220240585.00
20080526,91.38,92.99,91.38,92.91,7354.0,125694889.00
20080527,91.91,93.53,91.16,91.28,15455.0,265513865.00
20080529,91.32,92.45,89.90,91.29,9431.0,160096339.00
20080530,91.22,91.65,89.77,90.38,5203.0,87809655.00
20080602,90.73,92.45,88.15,92.01,8423.0,141068877.00
20080603,91.38,92.45,91.12,91.80,6577.0,112098666.00
20080604,90.33,91.38,90.14,90.40,6770.0,113903649.00
20080605,90.30,91.85,88.53,88.69,3922.0,65373349.00
20080606,88.69,88.70,86.55,88.06,7814.0,127119585.00
20080610,85.50,86.54,83.91,84.84,12715.0,201611524.00
20080611,84.30,84.93,82.78,84.66,9126.0,142357442.00
20080612,84.65,84.65,79.23,81.28,13789.0,210043603.00
20080613,79.61,81.38,79.61,80.36,6186.0,92612196.00
20080616,79.84,80.00,78.08,78.11,10219.0,148642350.00
20080617,77.58,77.58,75.74,76.74,17474.0,246424803.00
20080618,75.85,78.38,75.45,78.00,17592.0,250451606.00
20080619,78.27,78.27,75.68,75.93,6970.0,98494725.00
20080620,75.68,78.59,75.24,77.79,14177.0,202610966.00
20080623,76.76,76.76,72.44,72.92,15406.0,212913434.00
20080624,70.33,74.33,69.19,73.86,22052.0,297466611.00
20080625,73.08,78.38,72.44,78.12,12782.0,180759313.00
20080626,79.19,80.00,77.03,78.68,7753.0,111847423.00
20080627,76.97,77.65,75.14,75.82,16260.0,228606779.00
20080630,74.60,76.76,74.12,74.91,8497.0,118554068.00
20080701,74.91,74.91,73.52,73.90,7677.0,105264085.00
20080702,73.79,74.59,72.98,73.58,6045.0,82567695.00
20080703,72.83,77.30,72.66,76.24,7895.0,109603235.00
20080704,76.24,76.90,75.15,76.37,3982.0,56193917.00
20080707,76.37,79.19,75.68,78.93,12514.0,180401010.00
20080708,78.85,79.84,77.44,77.73,13648.0,198628780.00
20080709,78.12,80.00,78.12,78.81,10183.0,149141345.00
20080710,78.38,79.64,78.00,78.95,7170.0,104839731.00
20080711,78.39,79.34,77.84,78.12,3016.0,43833508.00
20080714,78.37,79.73,77.73,79.52,5258.0,77047466.00
20080715,79.52,80.10,78.28,78.56,5735.0,83892162.00
20080716,78.27,80.13,77.30,79.81,9010.0,132617391.00
20080717,79.84,85.30,79.84,83.89,18015.0,279088472.00
20080718,82.71,85.67,82.44,85.39,9219.0,142269871.00
20080721,84.75,87.57,84.33,87.31,8192.0,130639362.00
20080722,87.31,89.19,85.41,85.93,4276.0,68299820.00
20080723,85.47,86.23,83.80,84.72,4524.0,71187874.00
20080724,85.03,87.30,85.03,87.21,4446.0,70637128.00
20080725,86.53,88.11,85.74,87.30,5279.0,84972165.00
20080728,87.77,88.38,87.30,87.57,2562.0,41662711.00
20080729,87.57,88.10,85.68,87.45,3594.0,57706464.00
20080730,87.58,87.73,85.95,87.01,3499.0,56168227.00
20080731,86.59,87.01,85.69,86.43,4751.0,75934188.00
20080801,85.85,87.03,84.70,85.97,3235.0,51369908.00
20080804,84.98,86.46,84.76,84.95,2850.0,44858745.00
20080805,84.70,85.46,84.33,84.54,2363.0,37049801.00
20080806,85.07,85.57,84.08,85.12,3302.0,51922049.00
20080807,84.63,85.40,82.44,82.99,4279.0,66288542.00
20080808,82.81,83.40,81.52,82.45,6116.0,93064197.00
20080811,80.54,82.71,78.92,78.96,7999.0,119572175.00
20080812,78.33,80.54,77.36,79.81,4530.0,66330532.00
20080813,79.46,80.32,79.08,79.98,6373.0,93902071.00
20080814,80.00,82.49,79.28,80.55,12970.0,195801265.00
20080815,80.54,82.71,80.06,82.05,5540.0,83530667.00
20080818,82.05,82.65,79.03,79.15,3339.0,50108017.00
20080819,76.81,79.36,76.81,77.85,6270.0,90342081.00
20080820,77.34,82.71,77.34,81.77,7250.0,107725247.00
20080821,80.83,82.71,78.39,79.93,5143.0,76438604.00
20080822,79.99,80.48,77.93,78.53,2911.0,42273682.00
20080825,78.47,78.87,77.04,77.95,4776.0,69152201.00
20080826,77.96,77.96,75.03,75.68,4704.0,66199366.00
20080827,74.67,77.03,72.96,73.06,4538.0,62380812.00
20080828,75.67,76.76,73.52,73.79,9633.0,132676988.00
20080829,74.05,76.22,73.52,75.67,9172.0,127159473.00
20080901,75.52,75.84,73.25,73.33,13856.0,190733791.00
20080902,73.33,73.33,69.11,70.27,26629.0,345618729.00
20080903,69.47,69.62,67.94,68.73,35456.0,449922401.00
20080904,68.74,70.27,68.44,69.97,8055.0,103033863.00
20080905,69.06,71.25,68.17,70.95,8606.0,110693148.00
20080908,71.02,71.65,69.68,70.58,8048.0,105669098.00
20080909,69.75,72.14,69.75,71.79,4145.0,54748548.00
20080910,71.08,73.52,71.08,71.77,6603.0,87984658.00
20080911,72.37,72.37,71.35,71.55,4657.0,61859282.00
20080912,71.52,72.62,71.52,71.90,6201.0,82660639.00
20080916,71.78,71.79,69.74,70.94,13757.0,179668933.00
20080917,70.99,71.79,69.08,69.29,8523.0,110881400.00
20080918,68.92,69.19,63.88,65.31,30581.0,376114728.00
20080919,71.84,71.84,70.27,71.84,46747.0,620150766.00
20080922,74.54,77.84,71.75,71.81,56486.0,768578260.00
20080923,70.32,70.32,64.89,65.04,34955.0,429875015.00
20080924,64.33,68.53,62.26,68.37,14197.0,173930712.00
20080925,68.38,71.08,68.38,69.84,15069.0,194816771.00
20080926,70.22,72.37,70.22,71.30,13689.0,180847064.00
20081006,70.71,71.30,67.57,68.75,6101.0,79100704.00
20081007,67.58,68.11,65.42,67.06,9957.0,122750250.00
20081008,65.89,66.49,64.94,65.03,10344.0,125437058.00
20081009,66.06,66.11,63.52,63.54,8767.0,104831467.00
20081010,61.62,62.06,59.52,60.22,13547.0,152282552.00
20081013,60.00,60.32,55.25,60.26,22093.0,235133757.00
20081014,62.80,63.49,57.55,57.62,11843.0,132830726.00
20081015,56.10,57.84,55.41,56.34,8842.0,92239896.00
20081016,54.33,56.27,53.52,54.37,15061.0,153358634.00
20081017,54.07,54.59,51.14,52.92,28812.0,279732706.00
20081020,51.77,52.87,50.54,52.29,30447.0,290614960.00
20081021,52.26,54.05,51.08,51.15,13081.0,126303889.00
20081022,50.69,52.43,50.21,52.10,19006.0,180490227.00
20081023,50.81,53.62,50.81,53.59,14654.0,143747863.00
20081024,54.06,54.25,51.35,53.13,8975.0,87060611.00
20081027,51.36,52.71,48.70,49.33,27743.0,256201117.00
20081028,48.61,50.98,47.58,50.96,13995.0,128811658.00
20081029,50.81,51.92,49.76,51.45,12226.0,115424336.00
20081030,51.89,52.16,50.49,51.52,10157.0,96284438.00
20081031,50.98,51.41,49.76,49.84,8705.0,81109754.00
20081103,49.20,50.54,49.20,49.57,6306.0,58047685.00
20081104,49.62,49.80,48.46,48.55,11076.0,100749260.00
20081105,48.98,51.14,48.65,50.82,11655.0,107649675.00
20081106,49.73,50.27,48.70,48.85,5997.0,54677055.00
20081107,47.89,48.38,45.52,46.37,35067.0,300147112.00
20081110,46.75,49.50,46.49,48.99,40708.0,356262510.00
20081111,48.33,48.33,47.23,47.36,27104.0,238775064.00
20081112,46.41,47.67,45.73,47.56,18400.0,158558387.00
20081113,47.03,48.66,45.95,48.45,35135.0,308558184.00
20081114,48.68,53.29,48.68,53.29,47308.0,453503655.00
20081117,54.06,55.41,52.98,54.92,25905.0,259620384.00
20081118,54.60,54.60,50.87,52.23,30088.0,293853929.00
20081119,52.23,55.69,51.73,55.37,16987.0,169157858.00
20081120,54.06,55.79,53.15,54.13,15678.0,158050735.00
20081121,52.96,55.95,51.71,54.34,23917.0,240102783.00
20081124,54.53,55.14,53.79,53.90,9402.0,94604336.00
20081125,54.06,55.14,52.79,53.60,9873.0,98311604.00
20081126,53.55,54.26,53.32,53.59,7340.0,72963471.00
20081127,56.26,57.84,54.89,55.88,26771.0,279561184.00
20081128,55.24,55.66,54.19,55.03,12218.0,124047780.00
20081201,54.81,55.84,54.08,55.79,7883.0,80427907.00
20081202,54.62,56.82,54.62,56.73,14885.0,154215263.00
20081203,56.76,58.50,56.76,58.27,14369.0,154141971.00
20081204,59.19,62.32,59.19,61.07,26330.0,297576223.00
20081205,60.28,63.84,60.25,62.41,18384.0,212898263.00
20081208,63.95,65.30,62.25,64.32,17429.0,205494828.00
20081209,64.36,64.64,62.06,62.72,13013.0,152317570.00
20081210,62.16,63.19,62.07,62.81,13495.0,156049023.00
20081211,63.00,65.19,62.71,63.75,20158.0,238497429.00
20081212,63.06,64.22,59.92,60.00,16314.0,186650270.00
20081215,60.54,63.28,60.54,61.77,14007.0,160434274.00
20081216,61.38,62.87,59.92,61.72,12367.0,138960606.00
20081217,61.73,63.52,61.73,62.49,10013.0,116363450.00
20081218,62.49,64.14,62.49,63.78,11770.0,138647935.00
20081219,64.00,64.60,62.71,63.59,10621.0,125345376.00
20081222,64.17,64.17,62.33,62.90,9028.0,105588565.00
20081223,62.59,62.90,59.95,60.49,18271.0,205256836.00
20081224,60.00,61.08,59.35,60.19,7877.0,87320039.00
20081225,60.54,60.54,58.92,59.48,9028.0,99538455.00
20081226,59.03,60.27,59.03,59.49,8944.0,98854298.00
20081229,59.16,59.73,56.85,58.79,30028.0,323745151.00
20081230,58.73,58.92,57.84,58.73,21829.0,236161195.00
20081231,58.49,59.19,58.11,58.76,18313.0,198482898.00
20090105,59.19,60.05,57.84,58.59,13505.0,145941833.00
20090106,58.11,59.03,56.91,58.76,38154.0,406113062.00
20090107,58.88,58.92,57.68,57.73,15238.0,164245370.00
20090108,56.89,58.69,56.33,58.67,18634.0,198641989.00
20090109,58.15,58.68,57.84,58.00,11800.0,127445738.00
20090112,57.84,58.26,57.12,57.25,16667.0,176815197.00
20090113,56.75,57.29,54.88,55.06,18099.0,186485267.00
20090114,54.73,56.21,53.83,55.14,32003.0,323066499.00
20090115,55.03,55.03,53.95,54.04,29820.0,298447689.00
20090116,54.05,56.43,53.99,54.87,94599.0,955914881.00
20090119,55.36,56.11,54.98,55.33,48562.0,498196988.00
20090120,55.30,55.30,54.03,54.92,49104.0,493242104.00
20090121,54.06,54.58,53.52,53.91,60526.0,605392793.00
20090122,54.06,54.71,54.00,54.49,21293.0,214057665.00
20090123,54.33,56.39,54.33,55.79,32742.0,336252633.00
20090202,56.48,56.48,54.06,54.77,30887.0,312618479.00
20090203,54.81,56.48,54.09,56.27,48126.0,497248868.00
20090204,56.33,57.99,56.33,57.45,42878.0,454067228.00
20090205,57.65,59.79,57.30,57.86,38231.0,412164202.00
20090206,57.85,60.54,57.85,60.12,39661.0,433677718.00
20090209,60.81,63.25,60.81,63.14,45435.0,521391758.00
20090210,62.98,62.98,61.62,62.69,27613.0,317723285.00
20090211,62.15,67.87,61.62,64.92,40386.0,478088769.00
20090212,64.87,65.68,64.06,65.15,54470.0,653107948.00
20090213,64.92,66.49,64.87,66.18,24920.0,301643451.00
20090216,66.73,67.73,65.46,66.33,27256.0,334068266.00
20090217,66.92,70.24,66.92,68.17,56525.0,719184147.00
20090218,67.03,68.11,65.34,65.60,45581.0,566412062.00
20090219,65.14,66.98,65.14,65.88,24677.0,300896281.00
20090220,65.94,68.80,65.94,67.61,33924.0,424596429.00
20090223,67.66,69.25,66.73,69.07,19442.0,245915638.00
20090224,68.92,71.35,68.46,69.62,36936.0,480302641.00
20090225,70.27,70.27,66.49,68.92,26917.0,341607459.00
20090226,68.38,70.22,65.68,66.18,27112.0,343984112.00
20090227,64.62,66.49,63.64,64.02,41170.0,494464222.00
20090302,63.25,64.02,62.09,63.26,27172.0,318786734.00
20090303,62.27,63.14,61.52,62.12,18780.0,215625552.00
20090304,62.44,68.27,62.12,67.47,42245.0,510627172.00
20090305,67.52,68.38,64.87,65.95,23532.0,289227188.00
20090306,64.87,65.30,63.61,63.91,20664.0,245701371.00
20090309,63.92,64.60,62.10,62.11,23152.0,268799957.00
20090310,61.57,64.44,61.41,63.86,15782.0,185611677.00
20090311,64.87,65.34,62.71,63.51,8814.0,104417185.00
20090312,62.75,63.67,61.69,62.67,11296.0,130769829.00
20090313,63.14,63.52,61.51,61.53,20038.0,230105105.00
20090316,61.54,62.11,60.54,61.83,13395.0,151397338.00
20090317,61.87,64.32,61.62,63.43,18344.0,213668060.00
20090318,63.74,64.27,62.68,62.75,17767.0,208086081.00
20090319,62.98,64.48,62.76,64.21,18891.0,223567500.00
20090320,64.76,64.85,63.35,63.72,15396.0,182170364.00
20090323,63.78,64.42,63.47,64.16,32463.0,384766613.00
20090324,65.14,66.81,63.98,64.16,35294.0,424130707.00
20090325,62.71,62.71,60.89,61.64,86217.0,984739037.00
20090326,61.64,61.68,59.88,60.81,59292.0,664500701.00
20090327,61.33,62.16,60.98,61.61,42075.0,479104606.00
20090330,61.62,62.16,60.60,61.66,24269.0,276929285.00
20090331,61.26,62.11,61.08,62.02,26428.0,301354057.00
20090401,62.15,63.06,62.11,62.85,40387.0,468753741.00
20090402,63.01,64.54,63.01,63.79,37430.0,441249387.00
20090403,64.38,65.17,62.92,63.01,41441.0,492530479.00
20090407,63.01,63.88,62.92,63.79,21419.0,251182411.00
20090408,63.79,63.95,62.64,63.28,25653.0,299738748.00
20090409,63.18,63.78,62.82,63.68,18351.0,214789862.00
20090410,64.22,65.14,63.67,64.56,40630.0,484222233.00
20090413,65.19,66.60,65.19,65.98,36687.0,448077486.00
20090414,65.99,66.03,64.22,65.14,38023.0,457162680.00
20090415,64.85,65.56,63.52,65.21,38361.0,457652477.00
20090416,64.87,65.30,63.92,64.73,38632.0,462321653.00
20090417,64.51,66.68,63.95,65.49,38309.0,466339526.00
20090420,66.05,68.81,65.49,68.73,32419.0,406055404.00
20090421,67.69,68.98,67.63,68.93,38927.0,492951211.00
20090422,69.29,70.66,66.76,66.93,39706.0,504087423.00
20090423,66.22,66.97,64.87,65.71,22497.0,274007781.00
20090424,65.94,67.51,65.94,66.01,22719.0,280863293.00
20090427,65.68,65.70,63.46,64.05,28670.0,339940606.00
20090428,63.18,64.10,61.57,62.32,34307.0,395869106.00
20090429,62.32,63.41,62.30,63.12,31077.0,360384149.00
20090430,63.35,63.36,62.16,62.89,20514.0,238142369.00
20090504,63.19,64.53,62.89,64.45,23555.0,278414610.00
20090505,64.87,65.30,63.99,64.35,22690.0,270072390.00
20090506,64.12,64.33,63.19,63.39,38064.0,447395076.00
20090507,63.68,64.28,62.52,63.25,34723.0,406117083.00
20090508,62.98,63.57,62.38,63.52,31007.0,359535974.00
20090511,63.52,64.10,62.84,62.93,32773.0,384271989.00
20090512,62.44,63.54,62.33,62.97,25988.0,300962117.00
20090513,63.25,63.30,62.28,62.53,35792.0,415020691.00
20090514,62.16,63.03,62.06,62.89,21504.0,249787984.00
20090515,63.12,63.24,62.49,62.71,16798.0,195071191.00
20090518,62.65,64.17,62.55,64.02,35072.0,412318356.00
20090519,64.13,64.35,62.98,63.40,26554.0,312662778.00
20090520,63.28,63.75,62.69,62.74,14711.0,171589134.00
20090521,62.60,63.24,61.73,61.85,25788.0,296204406.00
20090525,60.99,61.37,60.58,61.28,33676.0,380853032.00
20090526,61.28,61.93,61.04,61.06,16806.0,190817891.00
20090527,61.15,62.45,61.06,62.04,27630.0,316980547.00
20090601,62.17,63.84,62.01,63.66,45920.0,537473264.00
20090602,63.26,65.39,63.26,64.80,50168.0,600394403.00
20090603,64.80,64.97,63.69,64.72,29245.0,347246937.00
20090604,64.76,64.88,63.73,64.47,46533.0,553191418.00
20090605,64.14,70.11,64.14,68.14,77740.0,973345739.00
20090608,68.76,69.76,67.57,68.98,36886.0,469785127.00
20090609,68.98,72.98,68.76,70.94,73303.0,969552012.00
20090610,71.19,71.91,70.28,70.98,26476.0,348306255.00
20090611,70.97,73.79,70.97,72.05,39738.0,533435068.00
20090612,72.26,73.41,69.84,70.60,27035.0,357604702.00
20090615,70.30,73.84,70.30,73.65,44081.0,592083839.00
20090616,73.41,74.14,72.44,73.35,20039.0,271544262.00
20090617,73.17,74.87,73.08,74.41,22583.0,310521875.00
20090618,74.06,74.87,73.25,74.53,41190.0,564072323.00
20090619,74.05,74.97,73.30,74.01,18533.0,253253630.00
20090622,74.33,74.71,71.83,71.88,21181.0,285552148.00
20090623,71.25,72.71,70.04,72.10,27588.0,364099880.00
20090624,72.06,72.44,70.82,71.35,20936.0,276526128.00
20090625,71.89,73.62,71.36,73.46,21834.0,295200887.00
20090626,73.52,74.60,73.52,74.06,18262.0,250833621.00
20090629,74.60,80.55,74.22,79.85,38015.0,553072336.00
20090630,80.27,81.25,78.27,80.01,24553.0,359599491.00
20090701,79.87,80.64,78.99,79.36,19356.0,281759830.00
20090702,79.33,82.25,78.29,80.61,26990.0,395317138.00
20090703,80.09,81.18,79.22,79.50,25738.0,376552058.00
20090706,79.00,79.53,77.80,78.41,29491.0,423754900.00
20090707,78.42,80.64,77.92,79.30,27405.0,399773428.00
20090708,78.18,79.08,77.09,78.42,26515.0,378380304.00
20090709,78.03,80.90,78.03,80.21,34642.0,505222990.00
20090710,80.42,83.63,80.29,82.91,29770.0,451971144.00
20090713,83.01,83.90,81.36,83.51,39765.0,601703320.00
20090714,83.46,84.10,82.81,83.52,26644.0,408475427.00
20090715,83.52,84.06,81.71,81.74,31598.0,477906537.00
20090716,82.00,82.27,80.61,80.88,36430.0,542209782.00
20090717,81.03,81.99,80.47,80.59,14100.0,210098779.00
20090720,80.64,81.51,80.08,80.70,38737.0,572069340.00
20090721,81.13,81.83,80.07,80.27,42220.0,627819240.00
20090722,80.09,80.85,79.38,80.31,25036.0,366601445.00
20090723,80.55,80.63,79.55,79.70,17249.0,253176789.00
20090724,79.86,82.16,79.70,80.09,45370.0,673882706.00
20090727,80.36,83.63,80.36,83.42,64531.0,969451469.00
20090728,83.41,86.61,83.14,83.47,36229.0,564423483.00
20090729,83.52,85.08,78.46,80.64,36955.0,556652765.00
20090730,82.65,82.65,79.82,81.63,27550.0,410415145.00
20090731,82.26,82.26,80.99,81.74,32992.0,494144461.00
20090803,82.81,86.40,82.81,84.84,44458.0,693624944.00
20090804,85.55,85.55,83.14,83.98,21435.0,329545708.00
20090805,84.29,89.29,84.29,89.23,55448.0,893443535.00
20090806,87.72,90.72,87.23,89.94,39442.0,644496759.00
20090807,90.88,92.62,88.02,89.29,57867.0,953137970.00
20090810,89.36,89.90,86.56,89.08,29298.0,472002862.00
20090811,89.29,93.98,88.08,92.62,36307.0,611324918.00
20090812,92.57,95.62,88.26,90.58,41404.0,698628591.00
20090813,88.74,90.58,87.06,88.78,33768.0,544005102.00
20090814,88.80,88.80,84.99,85.96,24706.0,390424195.00
20090817,84.50,85.79,80.57,81.47,29750.0,451437989.00
20090818,80.91,82.90,80.64,81.81,29839.0,448107193.00
20090819,82.80,84.50,80.64,81.51,33576.0,509878566.00
20090820,81.18,83.09,80.64,82.81,34599.0,522725007.00
20090821,82.82,85.54,82.28,85.27,24743.0,383636526.00
20090824,85.53,86.62,85.29,86.31,13417.0,212008261.00
20090825,86.03,86.03,82.87,84.95,24501.0,377947429.00
20090826,83.65,87.45,83.65,86.73,22354.0,353413336.00
20090827,86.56,88.63,86.08,87.90,22161.0,356997195.00
20090828,87.72,88.64,86.63,86.78,24049.0,386203839.00
20090831,86.08,86.09,81.45,81.72,37333.0,568178140.00
20090901,81.73,84.61,81.71,82.57,20632.0,313194378.00
20090902,82.26,82.79,81.49,82.17,16156.0,243221073.00
20090903,81.75,84.72,81.74,84.51,19156.0,293428432.00
20090904,84.44,84.99,83.36,84.65,21554.0,332587085.00
20090907,85.22,90.17,85.15,88.20,38845.0,630053587.00
20090908,88.21,91.64,86.69,90.69,34490.0,572753391.00
20090909,90.69,92.07,88.26,89.54,31202.0,512038299.00
20090910,89.52,90.50,88.54,90.42,13254.0,218828433.00
20090911,90.39,91.53,89.30,90.86,13471.0,224260634.00
20090914,91.56,92.08,90.88,91.03,15551.0,260573647.00
20090915,91.10,91.97,89.48,90.20,17816.0,294648966.00
20090916,89.91,90.93,88.74,89.77,13431.0,219954118.00
20090917,89.79,90.31,89.58,89.77,16694.0,275360254.00
20090918,89.79,89.82,88.26,88.69,18411.0,301101120.00
20090921,87.90,90.22,86.74,90.13,26129.0,422889399.00
20090922,89.96,93.54,89.61,92.40,40974.0,697323678.00
20090923,92.45,93.11,89.90,90.00,21214.0,356415097.00
20090924,89.90,89.90,87.04,88.06,18786.0,302998962.00
20090925,88.26,90.80,88.26,89.62,18528.0,304628817.00
20090928,89.68,90.72,89.35,89.41,13453.0,222874121.00
20090929,89.35,89.90,87.99,88.39,15423.0,251534804.00
20090930,89.35,90.87,88.81,89.82,12882.0,212532258.00
20091009,90.88,92.07,90.82,91.73,12506.0,210257020.00
20091012,92.08,92.62,90.93,91.00,8762.0,147502660.00
20091013,90.45,91.80,89.63,90.38,10237.0,170054046.00
20091014,90.69,90.71,88.87,89.51,37299.0,612459767.00
20091015,89.83,89.83,87.40,87.79,28112.0,454982752.00
20091016,87.78,88.26,86.72,87.16,27986.0,447651087.00
20091019,87.29,88.54,86.60,88.53,43639.0,698074669.00
20091020,88.64,90.22,87.72,90.13,40788.0,666676389.00
20091021,89.90,89.90,87.61,87.66,38083.0,617367731.00
20091022,87.23,88.25,86.07,86.59,36817.0,585366561.00
20091023,86.59,87.28,86.25,86.80,46515.0,739672651.00
20091026,87.16,87.16,85.14,85.32,45644.0,716061313.00
20091027,85.32,85.54,84.72,84.99,25428.0,396334908.00
20091028,85.05,86.00,84.89,85.77,19141.0,300201157.00
20091029,85.21,86.29,84.78,85.19,20565.0,323781024.00
20091030,85.81,86.02,85.16,85.87,27503.0,432308188.00
20091102,84.99,87.23,84.71,87.18,32020.0,506826773.00
20091103,87.17,87.94,86.66,87.11,20118.0,322722635.00
20091104,87.10,88.81,86.63,88.55,33612.0,543718745.00
20091105,88.53,89.00,88.00,88.44,20028.0,325198987.00
20091106,88.87,88.91,87.34,87.74,26421.0,427266654.00
20091109,87.74,88.15,86.79,87.11,18475.0,295938895.00
20091110,87.41,88.05,86.63,87.36,32878.0,527631019.00
20091111,87.26,90.33,87.26,89.04,42757.0,698929654.00
20091112,89.05,91.32,88.92,90.72,42620.0,706940280.00
20091113,90.77,92.79,90.02,91.84,50107.0,845848184.00
20091116,92.01,95.63,92.01,94.74,41480.0,721755719.00
20091117,94.80,95.35,91.97,94.80,29399.0,506410452.00
20091118,94.16,95.02,93.09,93.14,16440.0,282834420.00
20091119,93.21,94.14,92.19,92.68,17108.0,291816172.00
20091120,92.64,92.89,91.78,92.00,23133.0,391812970.00
20091123,92.13,93.71,91.98,93.59,35330.0,602278226.00
20091124,94.20,96.50,92.40,92.53,43379.0,757143585.00
20091125,92.57,95.28,92.57,94.83,32233.0,557388537.00
20091126,95.29,95.29,91.75,91.80,26501.0,452465235.00
20091127,91.71,91.86,89.93,90.01,24669.0,411859873.00
20091130,90.98,95.04,90.12,94.75,43746.0,749610425.00
20091201,94.12,97.09,93.72,96.57,39579.0,698056574.00
20091202,96.57,96.68,94.74,95.97,20596.0,362528922.00
20091203,95.89,95.90,93.52,94.75,25005.0,433467098.00
20091204,94.75,94.75,92.08,93.11,31035.0,530120181.00
20091207,98.07,98.65,95.24,96.18,45682.0,808969972.00
20091208,96.20,96.98,94.53,95.11,26144.0,456591109.00
20091209,94.80,95.04,93.60,94.15,17823.0,308029900.00
20091210,94.81,95.10,93.92,95.03,16404.0,284681530.00
20091211,95.35,95.87,94.53,95.30,16593.0,290069819.00
20091214,95.62,95.62,94.18,95.01,21182.0,368762138.00
20091215,95.07,95.35,93.63,94.21,20791.0,359287533.00
20091216,94.20,94.21,91.96,92.30,32650.0,555677963.00
20091217,92.68,92.68,90.50,90.63,27957.0,469717785.00
20091218,90.44,90.49,89.08,90.04,18309.0,302160706.00
20091221,90.44,92.20,90.44,91.41,18123.0,303592013.00
20091222,91.64,91.80,90.17,90.92,16264.0,271984510.00
20091223,90.90,91.59,90.46,91.36,20918.0,350286334.00
20091224,90.99,94.76,90.88,93.96,38203.0,655732970.00
20091225,93.96,94.26,92.18,92.86,31846.0,542382941.00
20091228,92.73,93.69,92.35,92.84,27905.0,474640192.00
20091229,93.43,93.57,92.51,93.28,21527.0,367265881.00
20091230,93.43,93.43,91.53,92.12,48254.0,815387555.00
20091231,92.20,92.65,91.97,92.52,29934.0,507306247.00
20100104,93.71,93.71,92.25,92.59,44304.0,753405635.00
20100105,93.16,93.44,92.08,92.32,31513.0,535720422.00
20100106,92.07,92.35,90.61,90.86,39889.0,666073283.00
20100107,90.86,91.09,88.20,89.20,48825.0,801445269.00
20100108,89.35,89.35,87.23,88.26,36702.0,593162176.00
20100111,89.13,89.84,87.45,87.88,24461.0,395563861.00
20100112,87.96,90.54,87.51,90.25,31063.0,509373871.00
20100113,89.35,89.98,87.72,87.96,37924.0,621261800.00
20100114,88.26,92.19,88.26,91.83,46454.0,775471608.00
20100115,91.81,94.46,91.81,92.55,45938.0,788328964.00
20100118,92.62,93.85,92.57,93.16,21461.0,368485894.00
20100119,93.16,93.44,92.35,92.50,17818.0,302797491.00
20100120,92.57,92.70,90.33,90.40,20972.0,353315689.00
20100121,90.37,91.74,90.17,90.84,17257.0,287779661.00
20100122,90.77,91.15,88.20,89.42,25432.0,416305093.00
20100125,89.27,91.15,88.54,90.46,23239.0,385581318.00
20100126,91.68,92.71,89.68,90.82,32889.0,553152669.00
20100127,90.46,91.41,89.13,89.34,19316.0,320765897.00
20100128,89.28,92.81,89.08,92.19,30267.0,507716302.00
20100129,92.59,92.73,91.36,91.83,37172.0,628192888.00
20100201,92.01,92.39,90.99,92.02,29655.0,499867002.00
20100202,91.53,92.62,90.60,90.73,15493.0,260426281.00
20100203,90.56,91.59,89.46,90.40,23034.0,382974414.00
20100204,90.39,92.21,89.97,91.86,22475.0,376703449.00
20100205,91.32,93.65,90.99,93.30,26234.0,445744684.00
20100208,93.30,95.67,92.91,93.29,31496.0,548228594.00
20100209,93.71,94.44,92.91,93.23,14151.0,243172993.00
20100210,93.71,94.03,93.00,93.62,6398.0,109830207.00
20100211,93.60,95.04,93.49,94.46,14945.0,259254548.00
20100212,94.78,94.91,93.82,94.31,9346.0,161899961.00
20100222,94.26,94.31,92.12,92.12,12178.0,207127846.00
20100223,92.21,92.89,89.73,90.85,23562.0,391601201.00
20100224,90.86,91.86,90.17,91.49,9904.0,165405133.00
20100225,90.93,92.62,90.93,91.67,15313.0,258220825.00
20100226,92.07,92.07,90.77,90.90,10338.0,173028878.00
20100301,90.69,91.23,90.44,90.57,21734.0,361550327.00
20100302,90.77,90.87,89.84,90.22,17182.0,284524248.00
20100303,90.44,90.57,89.86,90.26,14232.0,235470729.00
20100304,90.45,90.91,89.35,89.97,14168.0,234440689.00
20100305,89.98,90.14,89.51,89.58,9770.0,160821083.00
20100308,89.61,89.89,88.70,88.91,23259.0,380034354.00
20100309,88.92,89.19,88.64,88.90,12340.0,201437828.00
20100310,88.96,89.19,88.75,89.17,11814.0,192984027.00
20100311,89.28,89.60,88.58,88.81,13518.0,220769894.00
20100312,88.82,89.17,88.04,88.22,12192.0,197699619.00
20100315,88.21,88.21,86.03,86.47,15808.0,251338919.00
20100316,86.47,86.98,86.03,86.60,7764.0,123284715.00
20100317,86.62,87.49,86.57,87.45,18710.0,298972351.00
20100318,87.49,87.92,85.95,86.31,14726.0,234364030.00
20100319,86.56,86.81,86.08,86.50,13361.0,212046433.00
20100322,86.76,86.96,85.91,86.08,23008.0,364454790.00
20100323,85.98,86.35,85.50,85.69,18329.0,288785263.00
20100324,85.86,87.05,85.84,86.71,20175.0,320611718.00
20100325,86.57,86.57,85.97,86.03,9813.0,155141078.00
20100326,86.18,87.65,86.13,86.99,20527.0,328239751.00
20100329,87.01,88.25,86.63,88.11,31475.0,505626392.00
20100330,88.13,88.24,86.90,87.18,19012.0,304981145.00
20100331,87.16,88.06,86.36,86.50,14905.0,237596436.00
20100401,86.51,87.45,86.50,87.21,23980.0,383228783.00
20100402,86.08,86.08,82.60,83.16,154281.0,2359758883.00
20100406,82.76,83.35,82.43,82.73,53122.0,806704607.00
20100407,82.74,83.28,82.39,82.89,41061.0,623779291.00
20100408,82.90,82.91,81.73,82.00,32921.0,497205375.00
20100409,81.73,82.05,80.52,81.26,54418.0,809627274.00
20100412,81.29,81.61,79.97,80.25,38514.0,568871643.00
20100413,80.31,82.26,80.04,81.66,54305.0,807780230.00
20100414,82.20,82.20,80.78,82.01,46368.0,693802745.00
20100415,82.08,82.08,80.09,80.35,40617.0,602138292.00
20100416,80.35,81.46,79.98,80.62,29395.0,434500524.00
20100419,80.64,81.48,79.46,79.63,41332.0,609860437.00
20100420,79.55,79.55,76.34,78.19,49387.0,704502590.00
20100421,78.18,80.75,77.21,80.65,63365.0,922573405.00
20100422,80.28,81.32,79.56,80.94,37063.0,549560405.00
20100423,80.64,81.51,77.97,78.36,66686.0,972162191.00
20100426,75.73,76.05,74.59,74.60,107036.0,1480340425.00
20100427,74.58,74.58,72.30,72.44,58234.0,781868466.00
20100428,71.92,72.68,71.37,71.99,26287.0,347144556.00
20100429,72.22,73.69,72.22,73.14,34501.0,464124490.00
20100430,71.61,71.61,69.60,70.30,85566.0,1102902799.00
20100504,69.73,70.59,69.13,70.09,23975.0,308504586.00
20100505,69.63,71.50,69.36,71.26,33838.0,440483241.00
20100506,71.37,71.37,69.36,69.38,28240.0,364015607.00
20100507,68.65,71.03,68.38,70.83,31254.0,401357091.00
20100510,71.92,74.10,71.92,72.76,66192.0,888886062.00
20100511,73.87,74.10,72.37,72.82,33632.0,450668323.00
20100512,72.62,73.01,70.83,72.56,21643.0,285567368.00
20100513,72.59,73.93,72.59,73.48,27049.0,365164014.00
20100514,73.49,74.16,73.01,73.53,18126.0,245038802.00
20100517,73.39,73.39,70.61,70.72,17643.0,231880074.00
20100518,70.83,71.36,68.75,70.89,26037.0,334232104.00
20100519,71.10,71.48,69.75,70.74,10798.0,140244493.00
20100520,70.53,72.64,70.29,71.63,22740.0,300553538.00
20100521,70.50,73.33,69.99,73.12,27341.0,362007811.00
20100524,73.55,74.37,73.17,74.08,29783.0,404173639.00
20100525,73.88,73.88,71.24,71.51,22050.0,292444449.00
20100526,71.65,72.28,70.92,71.89,11025.0,145156073.00
20100531,72.74,73.67,71.85,71.85,23549.0,314717160.00
20100601,71.78,72.71,71.10,72.26,23525.0,311393511.00
20100602,72.22,73.23,71.73,73.10,21889.0,291694861.00
20100603,73.55,74.37,72.68,73.57,24949.0,338070633.00
20100604,73.51,75.41,73.12,75.25,30036.0,410658458.00
20100607,74.64,77.51,74.10,76.85,38125.0,535882247.00
20100608,76.85,77.30,75.73,76.34,14394.0,202331408.00
20100609,76.40,77.69,76.32,77.05,18053.0,255194304.00
20100610,77.04,77.69,76.57,77.01,11781.0,166835001.00
20100611,77.13,77.64,75.49,75.57,19572.0,274933803.00
20100617,75.84,76.00,74.27,74.36,12523.0,172316218.00
20100618,74.10,74.53,71.38,72.06,20102.0,270316817.00
20100621,72.14,73.28,71.48,73.25,18954.0,251513446.00
20100622,72.60,72.98,71.59,72.02,20779.0,275184084.00
20100623,71.92,72.40,71.60,71.75,12812.0,169174743.00
20100624,71.87,72.17,70.65,70.81,24344.0,317936253.00
20100625,70.72,71.37,70.19,71.11,19011.0,246313336.00
20100628,70.94,70.95,69.64,69.74,14816.0,190660624.00
20100629,70.02,70.50,68.38,68.80,27782.0,354061610.00
20100630,68.65,69.47,68.46,69.39,17824.0,225134758.00
20100701,69.66,69.66,68.92,69.20,7449.0,94688255.00
20100702,68.95,70.34,68.95,69.56,16452.0,209978232.00
20100705,69.56,69.73,68.50,69.19,14040.0,176428087.00
20100706,69.23,70.48,68.74,70.17,15306.0,195146898.00
20100707,70.17,70.66,69.56,70.02,8788.0,111689439.00
20100708,69.90,70.66,69.90,70.57,8516.0,108893889.00
20100709,70.71,72.70,70.23,72.07,27378.0,357390425.00
20100712,71.93,73.30,71.79,71.88,17834.0,235347809.00
20100713,71.90,71.90,70.67,71.24,7439.0,96225621.00
20100714,71.16,72.13,70.96,71.62,9642.0,125763296.00
20100715,71.76,73.25,71.68,72.50,18833.0,248573676.00
20100716,71.98,73.88,71.81,73.58,32949.0,438987876.00
20100719,73.17,74.90,73.09,74.68,19412.0,261608074.00
20100720,74.78,75.50,74.06,75.07,26886.0,366053258.00
20100721,75.07,77.21,75.07,75.82,24363.0,338324504.00
20100722,76.33,76.33,75.23,75.87,16221.0,223560516.00
20100723,75.99,77.55,75.99,77.38,38466.0,539887868.00
20100726,77.38,78.52,77.13,77.52,22016.0,311555737.00
20100727,77.04,78.19,77.04,78.09,25229.0,357546813.00
20100728,78.42,78.65,77.81,78.61,27740.0,395352770.00
20100729,78.60,78.69,76.53,76.67,45372.0,636454908.00
20100730,76.59,76.59,75.61,76.26,29438.0,406203348.00
20100802,76.24,79.88,76.24,78.94,42965.0,614400254.00
20100803,78.64,79.63,78.09,78.23,17573.0,251858817.00
20100804,78.09,79.30,77.93,79.20,17350.0,249201032.00
20100805,79.23,82.13,79.23,81.48,41966.0,620781742.00
20100806,81.28,81.83,80.95,81.50,21840.0,323918732.00
20100809,81.53,83.71,81.53,83.37,38703.0,586147268.00
20100810,83.37,84.46,80.56,80.71,28739.0,427619893.00
20100811,80.29,81.94,80.29,81.31,15190.0,224550906.00
20100812,81.28,83.53,80.40,81.89,31025.0,463112778.00
20100813,81.87,83.29,81.56,82.70,15775.0,236758807.00
20100816,82.71,84.30,82.71,84.08,25910.0,395272912.00
20100817,84.03,85.92,83.86,85.29,35747.0,554777110.00
20100818,85.23,86.02,83.75,84.05,30173.0,464752257.00
20100819,84.07,84.63,82.76,83.18,35437.0,536485063.00
20100820,83.14,83.14,81.65,81.88,20841.0,311220147.00
20100823,81.53,82.98,81.39,82.88,13214.0,197952515.00
20100824,82.66,84.13,81.99,83.27,10838.0,164253365.00
20100825,82.76,83.54,82.28,82.37,16507.0,249067209.00
20100826,82.43,82.79,81.66,82.69,12232.0,183116485.00
20100827,82.49,83.16,82.05,83.07,8799.0,132580367.00
20100830,83.41,87.99,83.41,87.89,53784.0,849497659.00
20100831,87.18,88.53,86.82,87.56,31399.0,501261374.00
20100901,87.33,88.65,85.73,86.27,25589.0,406904438.00
20100902,86.89,89.13,86.82,87.98,24821.0,399335601.00
20100903,87.88,90.95,87.88,89.43,27761.0,452832217.00
20100906,90.19,92.72,90.19,91.68,29008.0,485289346.00
20100907,91.86,92.99,90.63,90.88,22373.0,372434005.00
20100908,90.74,92.11,90.74,91.55,15010.0,250344693.00
20100909,91.84,92.99,91.29,91.78,21503.0,360593531.00
20100910,92.11,93.43,91.56,93.21,19867.0,335023684.00
20100913,92.94,95.38,92.36,92.82,28063.0,480493819.00
20100914,92.80,93.61,91.07,92.00,26383.0,441034012.00
20100915,91.84,92.00,88.92,89.33,21032.0,347008844.00
20100916,89.14,90.21,86.28,87.62,20497.0,327836606.00
20100917,87.56,90.43,86.62,88.98,17975.0,290800424.00
20100920,89.56,91.29,89.09,90.54,12576.0,206418537.00
20100921,91.56,91.77,90.19,91.33,14940.0,247684425.00
20100927,91.34,92.94,90.90,92.84,18548.0,310077011.00
20100928,92.71,94.14,92.39,93.91,22585.0,384574255.00
20100929,93.71,94.34,91.84,91.92,13272.0,225065386.00
20100930,91.59,93.05,91.29,92.79,14578.0,244719876.00
20101008,92.94,96.51,92.94,95.43,31608.0,549853017.00
20101011,95.69,97.02,91.29,92.28,43742.0,742024422.00
20101012,92.28,93.47,90.35,91.62,28543.0,473412980.00
20101013,91.29,91.58,87.90,88.54,60287.0,972450177.00
20101014,88.55,88.70,86.23,87.13,53243.0,842374776.00
20101015,87.17,89.64,87.06,87.98,72099.0,1152421933.00
20101018,87.99,90.82,85.13,89.32,96564.0,1522116994.00
20101019,88.77,90.68,87.99,89.78,53448.0,870135034.00
20101020,88.04,92.88,88.04,92.06,47372.0,788461639.00
20101021,92.17,93.51,91.18,92.09,37621.0,632118759.00
20101022,92.10,94.37,91.65,92.45,41046.0,697025656.00
20101025,92.94,95.58,92.46,95.14,36195.0,622609050.00
20101026,95.03,95.07,92.39,92.94,28590.0,484027261.00
20101027,92.80,93.16,91.56,92.47,28912.0,484076380.00
20101028,92.33,92.55,91.69,91.86,19440.0,325743881.00
20101029,90.59,90.77,88.26,89.72,65465.0,1064852158.00
20101101,89.75,90.68,89.20,90.05,49658.0,810910407.00
20101102,90.47,90.47,88.86,89.46,62292.0,1009953811.00
20101103,89.64,91.09,88.81,89.83,42253.0,693876483.00
20101104,90.16,91.03,89.52,90.76,44629.0,732196946.00
20101105,90.90,91.29,89.80,90.18,34654.0,569207561.00
20101108,90.18,90.19,88.67,89.91,56894.0,922801037.00
20101109,89.97,91.61,89.48,91.21,60737.0,1002019514.00
20101110,91.62,100.33,91.56,98.84,150005.0,2670067327.00
20101111,100.08,100.08,95.75,96.74,74217.0,1322968333.00
20101112,96.54,103.43,96.52,97.63,126500.0,2298576167.00
20101115,100.08,103.38,100.08,101.01,79038.0,1458250426.00
20101116,102.28,102.28,95.96,97.44,72291.0,1294350637.00
20101117,96.73,96.73,90.08,90.74,80509.0,1362362423.00
20101118,91.59,94.02,91.29,93.21,40286.0,680881283.00
20101119,94.09,96.79,93.60,96.32,48954.0,848958178.00
20101122,96.17,100.29,95.58,98.17,47940.0,857696481.00
20101123,98.09,104.04,96.90,103.96,108469.0,1995630382.00
20101124,105.58,113.61,105.58,109.94,110799.0,2220954810.00
20101125,110.27,111.97,108.33,111.62,45579.0,916382376.00
20101126,111.62,116.95,110.32,113.96,63799.0,1324934628.00
20101129,112.87,122.08,112.87,119.02,67499.0,1441023288.00
20101130,118.99,118.99,110.16,112.63,65665.0,1356812148.00
20101201,111.63,114.38,109.99,111.30,38016.0,773495042.00
20101202,112.29,113.28,108.83,108.98,42940.0,864862808.00
20101203,108.88,111.90,108.72,109.87,43037.0,863905870.00
20101206,109.90,111.08,104.54,106.15,43281.0,839963278.00
20101207,105.52,109.32,104.41,108.64,31804.0,621615004.00
20101208,108.61,110.97,107.79,107.88,28334.0,564539229.00
20101209,107.78,108.21,105.75,107.38,24461.0,474949022.00
20101210,106.33,109.37,105.03,108.73,39587.0,766519126.00
20101213,108.61,108.61,106.41,108.33,58592.0,1144043372.00
20101214,108.50,110.81,108.22,108.83,61542.0,1224103219.00
20101215,108.88,111.81,108.88,110.37,47423.0,953073582.00
20101216,116.58,116.86,113.56,113.82,66817.0,1396868341.00
20101217,114.38,115.04,112.08,112.41,51769.0,1060471130.00
20101220,113.27,113.65,106.68,108.54,68557.0,1361002093.00
20101221,108.53,108.67,106.14,106.68,59359.0,1153389514.00
20101222,106.72,106.95,104.48,105.01,44151.0,845830946.00
20101223,104.95,105.97,104.48,104.87,32743.0,626262013.00
20101224,104.87,104.98,102.83,103.78,29408.0,553596991.00
20101227,103.93,104.48,100.26,100.63,45246.0,844631482.00
20101228,100.63,102.61,97.56,100.78,48176.0,873676036.00
20101229,100.69,102.32,100.08,102.28,30967.0,569651391.00
20101230,102.56,102.56,99.10,100.05,41774.0,760950273.00
20101231,99.97,101.34,99.56,101.14,46084.0,843075733.00
20110104,102.78,103.33,100.41,102.01,60462.0,1116558389.00
20110105,101.68,101.95,99.26,99.58,58198.0,1064872709.00
20110106,99.65,100.96,98.13,99.12,37584.0,677983969.00
20110107,99.08,99.91,98.16,98.83,30533.0,548732363.00
20110110,98.78,99.27,95.76,95.86,38784.0,687881571.00
20110111,95.51,96.51,94.15,95.44,45322.0,787943021.00
20110112,95.74,96.79,94.81,95.94,31323.0,546334112.00
20110113,96.51,99.53,95.96,98.70,41341.0,740207616.00
20110114,98.41,99.65,97.50,99.09,25772.0,461741103.00
20110117,98.82,100.19,96.25,96.56,37475.0,673586235.00
20110118,96.29,100.42,95.68,100.39,40962.0,738283975.00
20110119,100.39,100.95,99.60,100.54,26198.0,478032606.00
20110120,100.25,101.18,98.02,99.02,24523.0,444085191.00
20110121,98.88,99.81,96.60,96.72,26867.0,479005923.00
20110124,96.71,97.60,93.49,94.32,34775.0,601578015.00
20110125,94.02,94.81,93.49,93.87,17238.0,294978979.00
20110126,94.04,95.68,94.04,94.66,14325.0,247045171.00
20110127,94.56,96.39,93.25,95.17,29444.0,507387589.00
20110128,95.14,95.76,94.79,95.32,19591.0,339796042.00
20110131,95.41,99.49,95.14,97.88,32442.0,577621803.00
20110201,97.89,100.00,97.61,99.14,17758.0,319648600.00
20110209,98.98,99.43,97.34,97.86,17675.0,317003717.00
20110210,97.53,102.28,97.50,101.75,36008.0,656695296.00
20110211,101.59,103.63,101.34,101.70,34001.0,634257225.00
20110214,101.70,103.38,101.13,102.89,36639.0,681621642.00
20110215,102.89,103.82,101.62,101.87,29716.0,554140643.00
20110216,101.74,102.28,99.92,101.01,36440.0,667440837.00
20110217,100.63,101.02,99.44,99.68,36363.0,662075979.00
20110218,99.43,101.98,99.15,100.07,36828.0,676343235.00
20110221,100.08,101.62,99.64,100.90,27289.0,498811371.00
20110222,100.90,101.87,99.53,100.02,38293.0,701713006.00
20110223,99.60,100.89,99.60,100.50,19422.0,353816777.00
20110224,100.40,100.89,99.60,100.17,20476.0,373539569.00
20110225,100.57,100.57,98.55,98.78,29413.0,532482186.00
20110228,98.60,98.69,96.79,98.26,39093.0,693295724.00
20110301,98.28,98.95,97.78,98.24,23059.0,411728226.00
20110302,98.00,98.44,96.79,97.45,32095.0,569125294.00
20110303,97.48,98.26,96.10,96.24,37735.0,663456221.00
20110304,96.24,97.21,95.96,96.75,33351.0,587411610.00
20110307,96.70,97.63,96.70,97.54,33553.0,593119911.00
20110308,97.57,97.67,96.13,97.18,31869.0,560058561.00
20110309,97.60,98.00,96.81,97.88,22971.0,406818003.00
20110310,97.87,101.29,97.54,100.08,54492.0,991540446.00
20110311,99.86,100.85,98.92,99.01,23345.0,424871796.00
20110314,98.72,101.18,98.50,100.57,22372.0,408383265.00
20110315,99.89,100.76,97.35,98.58,30898.0,554199756.00
20110316,98.77,100.62,98.61,100.00,24176.0,438681961.00
20110317,99.48,104.23,99.08,103.95,88522.0,1653009378.00
20110318,104.24,106.74,102.91,105.12,61484.0,1175141410.00
20110321,104.37,105.02,101.49,102.91,48651.0,910057839.00
20110322,103.59,104.47,101.84,102.15,27887.0,521369663.00
20110323,102.29,102.66,100.91,102.58,42881.0,792668100.00
20110324,102.45,102.59,100.91,100.94,21353.0,393924337.00
20110325,100.63,102.05,100.63,100.87,27905.0,513404256.00
20110328,100.94,101.40,99.25,99.49,40295.0,731053019.00
20110329,99.53,99.70,98.16,98.41,26523.0,476995781.00
20110330,98.40,99.13,98.05,98.28,20602.0,368964875.00
20110331,98.28,100.52,98.16,98.90,17525.0,316949399.00
20110401,98.97,99.73,98.19,98.69,18227.0,326554075.00
20110406,98.66,98.93,97.18,97.32,28774.0,510620637.00
20110407,96.90,97.34,96.11,96.20,46830.0,820484804.00
20110408,96.21,97.06,96.13,96.60,21823.0,383817086.00
20110411,96.48,98.24,96.30,97.60,26173.0,463960298.00
20110412,97.61,98.62,97.17,97.57,34945.0,623251647.00
20110413,97.50,98.44,97.35,98.07,29389.0,522953555.00
20110414,98.05,98.16,96.50,96.64,36621.0,644626738.00
20110415,96.77,97.33,93.91,94.79,53327.0,919620925.00
20110418,94.68,95.35,94.15,95.17,19608.0,338287704.00
20110419,95.17,96.04,94.31,95.34,22880.0,395248447.00
20110420,95.34,96.33,95.14,96.13,22509.0,392495921.00
20110421,96.24,97.66,96.08,96.16,28684.0,505336037.00
20110422,96.51,97.01,95.98,96.87,14500.0,254794864.00
20110425,98.99,101.78,98.71,100.67,70225.0,1280812447.00
20110426,100.63,100.91,99.47,99.63,31095.0,565862126.00
20110427,99.86,101.73,99.53,99.62,27748.0,508713443.00
20110428,100.14,100.40,97.78,98.12,25357.0,455048059.00
20110429,98.11,100.68,97.71,100.26,22083.0,401140719.00
20110503,100.63,102.72,100.08,102.21,41270.0,764382817.00
20110504,101.45,103.43,100.88,100.91,32521.0,604784366.00
20110505,100.92,103.11,100.64,101.71,26693.0,496448129.00
20110506,101.18,102.83,100.64,102.18,23960.0,444808841.00
20110509,102.60,103.10,101.13,101.27,12175.0,225581746.00
20110510,101.22,101.46,100.51,100.96,15918.0,292606289.00
20110511,100.65,102.45,100.65,101.88,12896.0,238855455.00
20110512,101.73,104.21,101.51,103.01,25027.0,470405158.00
20110513,103.03,103.93,102.01,103.20,12253.0,229207566.00
20110516,103.11,103.92,102.56,103.20,11505.0,216417130.00
20110517,102.85,104.65,102.28,103.18,20866.0,393848458.00
20110518,103.00,108.58,103.00,107.21,62165.0,1212084673.00
20110519,107.78,110.89,107.78,109.92,85738.0,1716471110.00
20110520,110.37,110.90,109.33,110.44,40043.0,801739991.00
20110523,109.98,111.50,108.33,108.35,39420.0,783913346.00
20110524,107.51,108.61,106.96,107.02,23997.0,470085883.00
20110526,107.12,111.52,107.12,109.26,38970.0,779314781.00
20110527,109.92,110.41,106.25,106.54,31729.0,626618182.00
20110530,105.68,111.40,105.46,111.37,47286.0,942388980.00
20110531,111.44,112.17,110.70,112.07,33854.0,685945963.00
20110601,112.24,115.47,111.64,115.42,39093.0,813188052.00
20110602,114.66,115.30,111.96,113.61,39585.0,818431995.00
20110603,113.29,116.97,113.29,116.37,29483.0,618505292.00
20110607,116.57,116.58,113.44,114.31,26876.0,559703875.00
20110608,114.14,115.32,111.95,114.79,25070.0,517190772.00
20110609,114.41,114.55,110.95,110.98,36179.0,737042713.00
20110610,110.81,112.45,109.87,111.39,34279.0,692444753.00
20110613,111.36,112.13,109.32,110.80,28004.0,562464133.00
20110614,110.79,112.72,110.26,112.44,37487.0,758192892.00
20110615,112.19,112.44,111.19,111.75,16408.0,333131863.00
20110616,111.19,112.89,110.10,111.64,17731.0,359795619.00
20110617,111.91,115.48,111.44,114.73,33411.0,690941504.00
20110620,114.44,114.54,110.53,111.89,29909.0,611059058.00
20110621,111.10,112.65,111.10,111.80,12738.0,259198214.00
20110622,111.74,114.10,111.74,113.24,16188.0,333499822.00
20110623,112.90,115.04,112.73,114.38,20280.0,421820426.00
20110624,114.30,115.57,112.93,113.52,37068.0,770684579.00
20110627,113.94,114.91,113.16,114.53,23190.0,480816709.00
20110628,114.93,116.51,113.95,115.73,25540.0,536916003.00
20110629,115.97,117.07,114.33,116.00,19596.0,412274520.00
20110630,115.49,117.30,115.49,116.93,32701.0,694508280.00
20110701,117.72,117.72,116.13,117.19,15810.0,302002761.00
20110704,116.93,118.23,116.68,118.04,46338.0,888995936.00
20110705,118.02,118.04,116.07,117.06,27057.0,516722477.00
20110706,116.79,117.41,116.26,116.84,19753.0,377527543.00
20110707,116.80,119.91,116.80,118.70,40956.0,793379763.00
20110708,118.85,119.54,117.99,118.68,17183.0,333151331.00
20110711,118.67,121.12,118.30,120.37,25615.0,502438508.00
20110712,120.05,120.37,118.41,118.48,28488.0,554927096.00
20110713,118.69,119.55,118.24,119.00,22109.0,429986678.00
20110714,119.00,119.12,117.90,118.18,24822.0,480420222.00
20110715,117.77,119.73,117.77,119.34,17763.0,346071487.00
20110718,119.37,122.57,119.37,121.67,28523.0,566196215.00
20110719,121.63,122.32,120.59,121.59,20276.0,403182837.00
20110720,122.30,122.60,121.39,122.24,18967.0,378689393.00
20110721,122.41,125.67,122.30,124.40,47676.0,968173564.00
20110722,124.24,127.73,124.24,126.14,49860.0,1029115254.00
20110725,126.58,127.00,123.84,124.54,35260.0,720951264.00
20110726,124.44,124.74,123.53,124.48,24791.0,503434823.00
20110727,124.68,126.89,123.93,124.95,30676.0,630035091.00
20110728,124.68,127.14,123.53,127.04,22923.0,468616881.00
20110729,126.89,126.89,125.55,126.40,19104.0,394180473.00
20110801,126.79,126.79,124.02,124.37,18572.0,378447567.00
20110802,123.65,123.99,121.42,122.98,27849.0,555745763.00
20110803,121.82,124.02,121.69,123.40,17061.0,344076872.00
20110804,123.83,125.78,123.40,125.35,17773.0,363287270.00
20110805,122.35,125.73,122.35,124.22,21319.0,433966204.00
20110808,122.92,125.42,121.08,122.10,36884.0,740883138.00
20110809,120.13,124.14,118.02,122.98,36924.0,726671479.00
20110810,123.77,126.27,122.15,125.79,38436.0,782644219.00
20110811,124.75,131.84,124.75,131.29,61949.0,1301728291.00
20110812,131.48,133.07,130.25,132.56,39466.0,851693649.00
20110815,132.82,133.79,129.59,130.44,29450.0,630341327.00
20110816,130.65,131.65,127.36,128.23,37491.0,788423427.00
20110817,128.42,129.33,127.64,128.33,13553.0,284382051.00
20110818,128.00,128.33,126.19,127.32,29341.0,609082956.00
20110819,126.52,128.51,126.31,128.36,37488.0,780729992.00
20110822,128.48,128.97,124.51,124.94,28164.0,581020716.00
20110823,124.74,126.10,124.38,125.32,23579.0,482616543.00
20110824,125.36,127.19,124.81,125.85,17957.0,370146593.00
20110825,126.89,127.50,125.37,126.84,30083.0,623188930.00
20110826,126.82,130.25,126.49,130.18,22748.0,477352661.00
20110829,129.64,132.08,128.11,131.64,26082.0,558335962.00
20110830,131.78,132.96,130.26,131.37,28816.0,619557333.00
20110831,133.80,134.23,131.17,131.34,50014.0,1079339679.00
20110901,131.29,131.77,128.73,129.32,25689.0,544632806.00
20110902,128.95,129.76,128.36,129.56,13832.0,292111761.00
20110905,129.15,129.26,126.28,126.75,27344.0,569905681.00
20110906,125.97,127.38,123.70,124.14,32094.0,656690808.00
20110907,124.51,127.12,124.44,126.95,20087.0,412012245.00
20110908,127.20,127.80,125.74,125.89,13182.0,274052383.00
20110909,126.32,128.22,124.74,126.63,14227.0,294079503.00
20110913,125.11,125.97,122.96,123.30,18949.0,384543767.00
20110914,124.14,124.31,118.74,121.05,47625.0,940641402.00
20110915,121.08,122.43,120.94,121.38,19122.0,380380017.00
20110916,121.99,124.22,121.08,124.09,18029.0,361574736.00
20110919,124.57,125.06,123.48,123.97,15352.0,311793484.00
20110920,123.96,123.96,122.00,122.82,12784.0,256651648.00
20110921,122.81,125.38,122.61,124.97,24640.0,501953365.00
20110922,124.14,124.68,120.65,120.87,24336.0,489514705.00
20110923,118.70,119.86,116.12,118.67,76537.0,1476263517.00
20110926,117.33,118.79,114.97,115.04,42211.0,803193662.00
20110927,116.17,117.19,114.76,115.86,24749.0,468028768.00
20110928,116.68,116.68,113.88,114.43,32389.0,611544825.00
20110929,113.07,116.80,113.07,114.41,30030.0,563567697.00
20110930,114.45,116.86,114.45,116.55,18269.0,346902283.00
20111010,116.73,117.29,114.74,114.97,14283.0,270790788.00
20111011,117.41,117.41,111.91,114.34,20586.0,387171386.00
20111012,114.05,117.78,112.78,117.44,29778.0,563092939.00
20111013,117.44,119.15,116.19,117.45,23961.0,460883857.00
20111014,116.83,117.89,116.07,117.07,12468.0,238319748.00
20111017,117.52,120.78,117.17,120.56,26008.0,509046255.00
20111018,119.45,121.92,119.25,120.11,22785.0,451487836.00
20111019,120.73,123.22,120.47,121.15,22657.0,451701350.00
20111020,120.47,121.42,116.56,116.86,29312.0,569297369.00
20111021,116.59,119.25,116.59,118.87,17116.0,330777243.00
20111024,119.74,122.98,118.88,122.64,32390.0,638275445.00
20111025,121.81,124.34,121.81,122.68,32041.0,643502583.00
20111026,122.23,123.58,121.52,123.44,29492.0,591834128.00
20111027,123.56,124.97,123.25,123.53,20104.0,407006042.00
20111028,124.45,126.46,124.45,125.37,26056.0,533715365.00
20111031,125.55,126.08,123.94,124.88,28121.0,574616414.00
20111101,124.25,126.89,123.84,126.70,27147.0,559038584.00
20111102,125.33,128.21,125.12,128.16,26647.0,550968563.00
20111103,129.07,129.34,126.69,126.76,30465.0,636306542.00
20111104,127.12,128.42,126.18,127.05,18546.0,384686866.00
20111107,127.32,127.62,126.32,126.46,16573.0,344437182.00
20111108,126.99,127.15,124.74,125.21,25546.0,525028363.00
20111109,125.30,126.38,123.83,124.82,24696.0,506506704.00
20111110,124.32,125.73,124.22,125.37,14617.0,298980855.00
20111111,125.37,125.45,124.16,124.73,11692.0,238543944.00
20111114,125.66,127.29,124.87,126.74,17986.0,371343631.00
20111115,126.95,127.17,124.14,124.71,17782.0,364242671.00
20111116,124.72,124.72,122.24,122.77,29545.0,592948956.00
20111117,122.82,124.51,122.49,123.43,15589.0,315328822.00
20111118,123.45,124.07,122.12,122.65,19907.0,401272250.00
20111121,122.73,124.38,122.37,122.84,18389.0,370926323.00
20111122,122.85,126.52,122.67,126.02,35652.0,729198883.00
20111123,125.74,127.99,125.74,127.88,31537.0,656169793.00
20111124,127.56,127.92,126.89,127.01,26558.0,554286398.00
20111125,127.04,130.46,126.58,128.41,40235.0,848244760.00
20111128,128.61,131.34,128.00,130.79,53379.0,1136929564.00
20111129,130.74,132.14,129.52,129.98,41355.0,884545013.00
20111130,130.18,131.34,127.69,128.46,40263.0,850997830.00
20111201,130.38,131.59,128.58,130.16,33785.0,719311327.00
20111202,129.64,132.21,129.64,130.88,27267.0,584935196.00
20111205,131.14,131.14,126.22,126.41,39025.0,816027278.00
20111206,126.29,126.31,123.34,124.55,37152.0,756470593.00
20111207,124.57,126.28,124.57,125.79,27333.0,562146777.00
20111208,125.91,127.56,124.07,124.14,24661.0,506265018.00
20111209,124.05,124.66,122.12,122.19,36745.0,737854853.00
20111212,122.19,122.85,120.40,120.80,29526.0,585362503.00
20111213,120.42,121.07,119.85,120.01,29995.0,591182085.00
20111214,120.01,122.30,120.01,120.98,20813.0,412444014.00
20111215,120.39,121.62,119.28,120.46,21880.0,430851248.00
20111216,121.08,123.51,121.07,123.39,30649.0,614353385.00
20111219,122.90,123.15,121.88,122.92,25456.0,510463389.00
20111220,122.92,124.02,121.39,122.45,17106.0,342834670.00
20111221,123.03,123.21,120.46,120.61,21962.0,437207569.00
20111222,120.78,122.87,119.74,122.10,17443.0,346785291.00
20111223,122.24,123.16,121.69,122.77,17609.0,353128167.00
20111226,122.68,122.68,117.60,118.10,46995.0,918253511.00
20111227,118.02,118.02,115.16,115.60,31314.0,594898815.00
20111228,115.15,116.49,114.04,116.33,27738.0,524088087.00
20111229,115.64,117.96,115.64,117.54,20062.0,384717995.00
20111230,117.84,119.17,116.19,118.21,29460.0,569875567.00
20120104,117.11,117.88,113.13,113.30,33878.0,637232812.00
20120105,112.52,113.25,111.52,112.00,30122.0,553347012.00
20120106,111.97,115.00,111.08,114.13,25190.0,464647453.00
20120109,113.74,115.02,111.16,114.97,26160.0,483282452.00
20120110,114.35,119.04,113.81,118.93,39235.0,749263279.00
20120111,117.99,118.57,115.76,115.99,39891.0,761167931.00
20120112,115.32,117.14,115.32,116.40,27440.0,522231553.00
20120113,116.62,116.92,114.67,115.39,20542.0,387615921.00
20120116,114.59,114.59,107.42,108.49,51655.0,933514132.00
20120117,108.79,111.28,104.51,110.34,61227.0,1077158896.00
20120118,110.94,113.24,108.03,108.47,47294.0,858725547.00
20120119,108.78,111.05,107.33,110.50,24329.0,437246157.00
20120120,111.30,113.87,111.30,113.72,29683.0,548292984.00
20120130,113.74,114.35,111.94,112.40,30550.0,563162776.00
20120131,112.78,114.11,112.73,113.99,15854.0,294490835.00
20120201,113.87,115.28,113.06,113.83,24824.0,464159684.00
20120202,113.83,114.35,112.69,114.01,20375.0,378596177.00
20120203,114.02,114.11,112.21,114.04,26517.0,490438844.00
20120206,114.12,115.43,113.62,115.30,29747.0,557205041.00
20120207,114.54,115.24,113.38,113.66,17942.0,334371756.00
20120208,113.66,115.58,113.18,115.14,23082.0,432175419.00
20120209,114.97,116.89,114.76,116.65,31384.0,596916589.00
20120210,115.90,117.66,115.64,116.50,22276.0,425266909.00
20120213,115.88,119.35,115.37,118.28,21639.0,416409710.00
20120214,117.83,119.04,117.29,118.52,15142.0,292922052.00
20120215,117.86,119.80,117.86,119.12,24714.0,481676731.00
20120216,118.34,119.12,116.56,117.24,22016.0,424963025.00
20120217,118.56,118.56,116.42,117.07,12287.0,235751780.00
20120220,118.00,118.43,116.68,116.71,18530.0,356774753.00
20120221,117.28,117.77,116.43,117.38,13789.0,264260509.00
20120222,117.88,118.33,116.79,117.88,22352.0,429952037.00
20120223,117.73,119.27,117.73,118.82,33433.0,649316716.00
20120224,118.75,121.21,118.73,121.13,23944.0,471970592.00
20120227,121.56,122.32,120.78,121.39,26562.0,528808015.00
20120228,121.96,122.89,121.42,122.76,25698.0,514122721.00
20120229,122.92,125.36,122.61,125.03,39432.0,802601071.00
20120301,124.46,125.65,123.77,123.88,16920.0,345438323.00
20120302,123.91,124.57,122.00,122.85,35216.0,706746810.00
20120305,122.82,122.84,121.45,122.21,30553.0,609500901.00
20120306,121.69,122.21,119.86,119.89,31474.0,621286494.00
20120307,119.08,119.61,118.01,118.10,29198.0,567286770.00
20120308,118.15,119.93,118.01,118.90,23574.0,458505182.00
20120309,119.06,122.38,118.76,122.26,29239.0,578119772.00
20120312,122.38,123.29,121.71,122.63,25681.0,514548199.00
20120313,122.37,124.32,122.37,123.32,18316.0,370157885.00
20120314,123.28,124.78,121.08,121.49,40699.0,820433738.00
20120315,121.72,123.77,121.45,121.65,28094.0,562966952.00
20120316,122.79,127.20,122.49,126.95,51583.0,1060740607.00
20120319,127.07,129.38,125.71,126.98,45635.0,952934077.00
20120320,126.92,127.87,126.04,127.04,23400.0,486464276.00
20120321,127.07,127.81,124.66,125.42,29527.0,607930946.00
20120322,124.95,126.52,124.93,125.58,8331.0,171049550.00
20120323,126.89,129.98,126.89,129.65,54873.0,1159278435.00
20120326,129.10,132.03,129.09,131.60,37653.0,807094326.00
20120327,128.55,129.02,122.92,123.22,79106.0,1635757954.00
20120328,121.69,125.36,121.27,123.16,55461.0,1116354644.00
20120329,122.79,125.67,122.30,123.01,36982.0,751200411.00
20120330,123.01,124.13,119.25,120.45,37959.0,749355396.00
20120405,119.92,126.22,119.92,125.97,40960.0,831105661.00
20120406,125.74,127.25,125.69,127.18,26729.0,553032996.00
20120409,126.92,128.37,125.73,127.97,14474.0,300301660.00
20120410,127.98,128.28,125.43,127.26,16640.0,344431373.00
20120411,125.36,129.34,124.45,127.72,31460.0,655577444.00
20120412,127.72,129.96,126.39,129.90,28422.0,597232641.00
20120413,129.95,130.90,129.28,130.27,20527.0,436617432.00
20120416,129.95,131.72,129.39,130.15,20893.0,447725423.00
20120417,130.16,130.26,128.42,128.53,17872.0,377050666.00
20120418,128.67,131.35,128.42,130.78,22815.0,485407318.00
20120419,130.73,131.09,127.08,128.10,21823.0,459867207.00
20120420,127.38,130.47,127.38,129.95,17046.0,360265741.00
20120423,129.47,131.03,128.33,129.54,13281.0,281175038.00
20120424,129.76,130.26,128.38,129.35,21782.0,459834811.00
20120425,129.92,130.41,128.42,130.20,15529.0,329552762.00
20120426,131.02,132.70,130.56,132.51,35019.0,753334296.00
20120427,132.51,137.89,132.51,137.32,42728.0,954712957.00
20120502,138.20,138.55,135.76,138.19,35339.0,793434507.00
20120503,138.19,139.00,136.74,138.63,25654.0,579082874.00
20120504,138.51,143.63,138.51,143.10,31879.0,734789680.00
20120507,143.59,145.40,142.66,143.41,34244.0,805751890.00
20120508,143.37,143.62,140.27,143.16,36664.0,851128752.00
20120509,141.33,142.27,138.94,141.16,32909.0,756259728.00
20120510,141.26,141.26,138.78,139.24,30574.0,697959454.00
20120511,139.43,139.73,138.14,139.24,23260.0,528011697.00
20120514,139.43,139.43,134.91,135.87,38797.0,863502637.00
20120515,135.21,136.77,134.60,136.44,16168.0,359784509.00
20120516,136.34,136.61,133.31,134.55,28139.0,619595453.00
20120517,134.61,135.39,133.68,134.48,34172.0,751957382.00
20120518,133.72,134.52,132.03,133.26,26277.0,571816871.00
20120521,133.05,137.30,133.05,136.49,28843.0,638767871.00
20120522,137.60,141.57,137.60,140.21,41458.0,951034141.00
20120523,140.19,141.93,139.43,140.94,24722.0,570787761.00
20120524,140.53,142.34,133.24,134.68,53743.0,1201209541.00
20120525,134.68,135.07,132.09,133.67,30569.0,667952251.00
20120528,133.32,138.14,133.20,137.89,27833.0,618961099.00
20120530,139.13,140.64,138.82,139.83,25700.0,587866122.00
20120531,139.55,145.42,139.43,144.73,37367.0,877484818.00
20120601,145.54,148.60,144.75,146.99,38504.0,923904347.00
20120604,145.54,148.59,144.61,144.64,24327.0,581257511.00
20120605,145.22,147.87,145.06,147.25,24561.0,588242228.00
20120606,147.38,147.99,144.57,144.67,18728.0,445576921.00
20120607,145.78,147.17,144.81,145.53,19677.0,470452059.00
20120608,146.15,146.87,144.32,146.14,17286.0,411908852.00
20120611,146.09,146.91,142.73,144.04,33061.0,780468481.00
20120612,143.22,144.62,141.95,143.00,16372.0,382922345.00
20120613,143.40,146.26,142.55,146.15,20463.0,485626133.00
20120614,145.54,150.31,145.06,149.57,28704.0,698222394.00
20120615,149.83,150.68,146.62,148.83,19859.0,483582930.00
20120618,148.85,151.85,148.85,150.72,19538.0,482525469.00
20120619,149.89,151.76,147.96,149.03,17299.0,423906505.00
20120620,149.11,149.45,147.99,148.94,11393.0,277398320.00
20120621,148.94,148.97,146.03,146.63,17034.0,409685074.00
20120625,145.60,147.96,145.24,145.30,18434.0,440645799.00
20120626,145.05,146.08,142.25,145.45,26122.0,615182456.00
20120627,145.54,148.18,145.54,147.93,23257.0,559606599.00
20120628,147.91,147.99,144.31,144.40,22213.0,529704806.00
20120629,143.93,147.38,143.93,146.25,23224.0,555873153.00
20120702,146.76,149.79,144.33,147.90,25731.0,622505563.00
20120703,147.56,155.94,147.38,155.90,50158.0,1255671521.00
20120704,157.16,158.93,154.10,158.18,45035.0,1155572210.00
20120705,156.28,157.76,154.76,156.31,22749.0,572395284.00
20120706,156.49,162.72,155.41,161.49,39158.0,1005403254.00
20120709,161.42,163.36,158.16,158.22,28527.0,736832304.00
20120710,158.08,159.75,155.20,155.53,26987.0,683253815.00
20120711,155.85,160.46,154.28,160.26,32009.0,808688574.00
20120712,160.32,164.60,158.39,159.05,37273.0,968810613.00
20120713,158.80,163.98,158.57,163.17,29548.0,769107549.00
20120716,162.80,165.27,162.67,162.89,29533.0,779744588.00
20120717,161.49,162.11,157.34,157.62,36030.0,925218299.00
20120718,157.52,158.95,149.01,152.15,74046.0,1815273721.00
20120719,151.55,154.38,150.96,152.93,26580.0,654750767.00
20120720,152.48,155.74,150.87,150.98,26054.0,644548783.00
20120723,149.00,151.22,148.45,150.67,19811.0,477867229.00
20120724,149.45,157.88,149.45,154.90,34372.0,853488549.00
20120725,155.28,158.88,154.98,158.73,26170.0,664005628.00
20120726,158.32,161.18,155.10,155.55,23418.0,594576399.00
20120727,155.83,156.52,153.29,154.94,18421.0,458534524.00
20120730,154.82,156.90,153.76,155.18,17495.0,439211392.00
20120731,154.97,157.77,152.83,153.07,19465.0,487548460.00
20120801,152.91,154.43,150.24,150.96,26715.0,654397913.00
20120802,151.00,152.48,149.78,150.41,17054.0,414452980.00
20120803,150.62,153.42,150.42,153.39,16472.0,403397229.00
20120806,153.19,155.03,152.30,154.55,17320.0,428757448.00
20120807,154.55,157.00,154.11,156.46,18119.0,454543099.00
20120808,156.81,157.77,154.66,157.02,14893.0,375890830.00
20120809,156.40,162.52,156.03,162.06,30672.0,789861698.00
20120810,155.90,158.20,151.57,154.17,91225.0,2273430545.00
20120813,154.34,155.08,153.29,154.04,23037.0,572237191.00
20120814,154.04,155.28,152.18,153.73,18786.0,465808752.00
20120815,153.41,153.67,151.24,151.64,22723.0,556345599.00
20120816,151.72,152.49,148.49,148.62,31482.0,758259700.00
20120817,148.09,148.09,141.93,142.62,59071.0,1365745648.00
20120820,142.62,144.52,140.36,144.50,24052.0,554470085.00
20120821,144.52,149.01,144.52,146.46,26323.0,624105412.00
20120822,147.16,147.16,142.86,144.21,20423.0,473902047.00
20120823,144.04,144.04,140.42,141.78,27956.0,639443950.00
20120824,141.13,144.67,141.03,144.03,21676.0,500922593.00
20120827,143.17,143.25,141.09,141.93,20899.0,478778009.00
20120828,142.24,143.22,139.76,140.08,20294.0,461461656.00
20120829,139.75,139.75,135.88,136.13,30425.0,674492583.00
20120830,134.78,136.14,132.61,135.33,48348.0,1046698765.00
20120831,135.41,137.89,134.91,136.50,22484.0,496296849.00
20120904,147.21,147.83,143.48,144.99,111508.0,2606767796.00
20120905,144.41,145.95,144.10,145.38,27490.0,643292488.00
20120906,145.50,145.65,142.30,143.95,20794.0,481683557.00
20120907,144.85,150.93,144.85,150.06,42812.0,1023079148.00
20120910,150.13,152.80,148.62,150.11,28169.0,683513905.00
20120911,149.26,149.26,147.82,148.90,16135.0,385605480.00
20120912,150.00,153.11,148.39,149.23,29023.0,703237246.00
20120913,149.35,150.03,148.01,149.06,14294.0,342849642.00
20120914,149.69,152.27,148.52,152.03,24586.0,597041985.00
20120917,152.18,153.22,149.82,149.88,20014.0,488152584.00
20120918,149.56,151.00,148.76,149.28,18277.0,441080167.00
20120919,148.78,149.69,142.95,143.83,40991.0,958082585.00
20120920,143.42,144.59,142.17,142.26,21517.0,496309722.00
20120921,141.81,144.72,141.69,143.23,15679.0,361373291.00
20120924,142.24,144.71,141.67,144.32,17634.0,408195802.00
20120925,144.39,148.19,143.79,148.14,26230.0,619272096.00
20120926,147.83,149.42,145.16,146.50,20362.0,482230825.00
20120927,145.96,150.05,145.67,149.50,27140.0,650222918.00
20120928,148.46,152.77,148.45,152.67,31283.0,760146554.00
20121008,152.36,152.36,147.50,149.03,23608.0,566527560.00
20121009,149.68,152.21,149.09,151.65,23410.0,569554621.00
20121010,150.93,152.07,149.54,151.44,13456.0,327126305.00
20121011,150.53,151.40,149.77,150.27,10625.0,257483485.00
20121012,150.70,152.05,150.14,151.25,11742.0,285916686.00
20121015,152.03,153.57,152.03,152.62,18883.0,464547296.00
20121016,152.24,155.95,152.24,155.16,27737.0,690466784.00
20121017,155.16,155.59,153.98,154.52,15980.0,397637468.00
20121018,154.82,158.08,154.66,156.04,22278.0,561905413.00
20121019,156.06,158.36,156.06,157.14,18629.0,472389448.00
20121022,156.95,157.47,153.91,155.62,19117.0,478244292.00
20121023,155.78,155.78,151.93,151.99,18702.0,461008027.00
20121024,151.93,153.49,151.62,152.97,10972.0,269652766.00
20121025,153.42,154.04,151.74,152.84,9159.0,225725463.00
20121026,154.49,154.65,149.11,149.75,24559.0,596652705.00
20121029,150.06,151.31,148.48,150.20,14490.0,349849288.00
20121030,150.19,152.48,149.82,151.91,15610.0,380664727.00
20121031,151.88,154.00,151.34,153.63,15845.0,390460776.00
20121101,154.17,155.81,153.01,154.91,18191.0,453437145.00
20121102,154.78,155.59,152.97,154.26,16974.0,420531725.00
20121105,153.41,153.41,149.82,150.88,22665.0,552311463.00
20121106,150.57,150.57,146.28,146.54,41713.0,991450619.00
20121107,145.96,147.85,145.96,147.50,16217.0,383915183.00
20121108,146.58,147.18,145.25,145.41,16261.0,382711598.00
20121109,145.40,146.46,145.13,145.85,11670.0,273825060.00
20121112,145.96,146.45,142.17,143.77,20464.0,472928286.00
20121113,143.48,143.48,140.19,141.65,20447.0,465306375.00
20121114,141.85,143.48,140.68,143.26,12238.0,280680242.00
20121115,142.24,142.24,140.58,141.15,11400.0,259657230.00
20121116,140.87,140.96,138.20,139.38,19677.0,441363632.00
20121119,139.38,139.38,129.75,132.95,70484.0,1508795035.00
20121120,132.21,135.62,131.99,134.14,38078.0,820492572.00
20121121,134.07,136.52,131.55,135.81,33334.0,719458140.00
20121122,128.88,135.07,128.45,134.96,51520.0,1093946850.00
20121123,133.55,138.51,133.55,138.03,29844.0,655947672.00
20121126,137.52,137.77,133.85,134.82,21954.0,478884312.00
20121127,134.82,137.32,134.27,136.50,20458.0,447807811.00
20121128,136.18,136.18,134.78,135.65,15017.0,328018453.00
20121129,135.65,136.72,135.49,136.20,15675.0,343521807.00
20121130,136.15,136.15,132.43,134.17,21371.0,459310347.00
20121203,132.30,132.30,123.64,124.34,79372.0,1620343239.00
20121204,121.13,124.21,118.51,122.33,78705.0,1534594318.00
20121205,120.68,124.55,117.16,122.14,111703.0,2172380167.00
20121206,121.86,122.36,114.29,120.63,117561.0,2244829139.00
20121207,122.36,125.90,122.10,123.47,99501.0,1983064728.00
20121211,123.29,129.19,123.29,125.66,92232.0,1869715843.00
20121212,127.33,131.67,125.78,131.59,64325.0,1327462831.00
20121213,130.37,133.53,127.39,127.77,61996.0,1297953947.00
20121214,126.09,130.13,123.29,129.14,78926.0,1609442087.00
20121217,127.95,132.71,125.47,131.11,71361.0,1488539580.00
20121218,131.19,134.65,131.16,133.25,46945.0,1005177385.00
20121219,132.38,137.27,132.31,136.31,47569.0,1039482925.00
20121220,135.72,136.90,133.91,135.65,34434.0,750851790.00
20121221,135.21,136.03,134.06,134.54,25092.0,544719331.00
20121224,131.68,131.68,124.23,127.07,100050.0,2054317655.00
20121225,126.03,128.49,124.98,127.16,59533.0,1218659231.00
20121226,126.57,128.45,125.91,127.49,44866.0,918674030.00
20121227,127.52,130.13,126.55,128.93,60926.0,1259077997.00
20121228,128.95,133.90,128.95,131.86,56589.0,1202787580.00
20121231,132.49,133.42,128.17,129.83,51914.0,1085776117.00
20130104,131.68,131.68,127.33,128.54,58370.0,1205796538.00
20130107,127.88,127.88,125.78,126.89,41271.0,840359829.00
20130108,126.20,130.96,126.20,130.96,65286.0,1362186171.00
20130109,131.37,135.19,131.37,134.44,53749.0,1159330305.00
20130110,133.90,134.78,132.30,133.23,30527.0,656830931.00
20130111,132.75,133.64,130.36,131.22,37009.0,784542945.00
20130114,129.50,130.62,125.97,130.08,68183.0,1410483972.00
20130115,129.68,131.74,128.46,130.96,52635.0,1103130868.00
20130116,127.33,128.45,126.51,127.95,69501.0,1427067086.00
20130117,127.32,129.00,127.03,127.41,36201.0,744614971.00
20130118,128.05,128.25,124.29,126.56,55318.0,1122848386.00
20130121,125.96,125.96,121.93,122.55,74779.0,1482664897.00
20130122,121.62,124.06,117.39,123.50,73815.0,1425054464.00
20130123,121.74,123.92,120.37,123.59,51013.0,1006483564.00
20130124,122.92,124.29,121.00,121.72,59474.0,1171137855.00
20130125,117.39,119.13,115.59,117.42,80007.0,1508197810.00
20130128,115.53,116.65,110.56,110.87,158290.0,2857092951.00
20130129,109.32,111.80,106.83,110.66,115447.0,2034723439.00
20130130,109.97,113.35,109.74,111.88,71376.0,1285436676.00
20130131,112.55,112.92,110.42,111.12,37816.0,678384682.00
20130201,111.11,112.90,110.58,111.17,45265.0,813241680.00
20130204,111.80,112.39,108.08,108.78,64964.0,1142310991.00
20130205,108.67,114.60,107.95,114.55,87825.0,1575281159.00
20130206,114.90,114.95,113.04,114.24,46195.0,849026089.00
20130207,113.67,115.87,112.62,115.01,48567.0,895061569.00
20130208,115.00,117.02,114.47,116.68,41572.0,778273770.00
20130218,116.96,116.96,111.18,111.61,56569.0,1024714902.00
20130219,111.17,112.17,109.82,110.51,37737.0,673362435.00
20130220,109.94,111.79,108.71,110.50,36582.0,650765308.00
20130221,108.84,115.03,108.73,111.82,53832.0,974530658.00
20130222,112.42,115.90,112.42,115.27,62864.0,1163340820.00
20130225,114.29,115.13,111.96,112.48,34549.0,629472576.00
20130226,112.24,114.29,110.14,110.17,43754.0,783158037.00
20130227,109.70,111.00,109.04,109.80,34158.0,602608231.00
20130228,110.44,110.44,106.83,108.70,56786.0,990766787.00
20130301,108.26,109.29,107.45,107.96,38003.0,661720749.00
20130304,107.90,109.70,107.90,108.52,52072.0,912360626.00
20130305,108.96,109.60,107.99,108.70,36974.0,648668784.00
20130306,109.32,110.13,107.86,110.08,49227.0,861725426.00
20130307,111.42,117.14,111.38,114.20,85190.0,1573676093.00
20130308,115.54,116.46,114.08,114.37,35959.0,667118431.00
20130311,114.16,115.22,112.93,115.03,34965.0,642927319.00
20130312,115.53,115.59,111.80,113.16,25393.0,465220571.00
20130313,113.29,115.54,113.29,114.18,30769.0,567812074.00
20130314,113.36,114.77,110.97,111.14,35124.0,635985859.00
20130315,110.26,112.24,108.76,109.92,35961.0,639236967.00
20130318,109.88,109.88,104.47,105.25,78231.0,1336285511.00
20130319,104.47,105.48,102.18,102.60,63414.0,1052322589.00
20130320,102.65,105.96,101.93,105.54,71894.0,1202347854.00
20130321,105.28,105.28,102.98,103.59,65392.0,1091400974.00
20130322,103.40,105.53,102.93,105.00,45578.0,767262032.00
20130325,104.97,106.07,104.41,104.99,31966.0,541959904.00
20130326,105.03,106.34,104.60,105.52,32480.0,551865776.00
20130327,105.60,105.84,102.73,103.60,47662.0,795809835.00
20130328,103.16,104.46,100.81,103.62,41490.0,685703919.00
20130329,103.88,105.32,103.12,104.88,47717.0,802924384.00
20130401,104.41,104.63,102.22,102.45,29128.0,483197214.00
20130402,102.55,103.09,101.41,101.68,32524.0,534554075.00
20130403,101.67,102.49,101.36,101.77,21990.0,360543770.00
20130408,100.71,102.49,99.66,102.06,37732.0,613230372.00
20130409,101.80,102.42,101.06,101.62,24194.0,396645806.00
20130410,101.86,106.28,101.06,105.57,70858.0,1194391200.00
20130411,105.59,106.21,104.54,104.92,29729.0,504695116.00
20130412,104.92,108.32,104.66,106.98,59800.0,1032119622.00
20130415,107.00,107.86,105.60,107.29,28336.0,487286254.00
20130416,105.59,108.82,105.34,107.55,39137.0,676673436.00
20130417,107.83,111.04,107.80,110.86,42974.0,760898345.00
20130418,110.06,111.80,109.32,111.27,41956.0,749007268.00
20130419,111.43,111.73,109.87,111.32,39238.0,701185036.00
20130422,111.12,111.12,107.77,107.90,42745.0,747616492.00
20130423,107.77,108.68,106.65,106.72,30952.0,535923145.00
20130424,106.97,108.70,105.78,108.62,30402.0,525381344.00
20130425,108.09,110.29,107.59,109.75,25359.0,446045076.00
20130426,110.19,110.56,107.46,108.07,16307.0,285787932.00
20130502,107.45,107.49,104.99,106.28,28586.0,489586430.00
20130503,106.71,108.09,105.96,107.11,21460.0,369986951.00
20130506,107.45,110.55,106.82,110.44,30196.0,529181414.00
20130507,111.19,116.98,111.19,116.58,71020.0,1305178758.00
20130508,116.65,118.01,115.61,117.32,42416.0,799534954.00
20130509,117.55,122.49,117.55,122.47,70134.0,1370326170.00
20130510,122.37,124.80,121.75,122.43,48776.0,970170013.00
20130513,122.43,125.22,120.36,122.78,32579.0,645155894.00
20130514,121.80,122.42,118.02,118.75,36431.0,701153965.00
20130515,118.56,122.15,118.46,120.91,23264.0,452499708.00
20130516,120.50,124.54,119.26,121.03,45462.0,893376381.00
20130517,120.55,122.02,119.88,121.68,33556.0,654713526.00
20130520,122.24,123.28,120.78,121.12,30944.0,605797988.00
20130521,121.04,121.59,120.19,121.13,23102.0,449227066.00
20130522,121.52,124.60,121.18,123.90,46149.0,917905229.00
20130523,123.98,128.26,123.98,125.74,62247.0,1272531720.00
20130524,126.71,128.68,124.23,124.80,45073.0,915894075.00
20130527,125.45,125.53,122.98,125.24,26778.0,536544405.00
20130528,125.39,126.28,123.95,125.55,23676.0,477386720.00
20130529,126.09,128.49,125.06,125.15,32340.0,659505373.00
20130530,124.72,125.98,123.61,124.38,25019.0,500916433.00
20130531,124.83,125.09,122.36,122.42,24590.0,490984247.00
20130603,123.04,125.81,122.47,125.52,40256.0,807356528.00
20130604,125.65,127.52,125.25,125.28,42356.0,862313622.00
20130605,125.46,125.78,123.96,124.95,23724.0,476555327.00
20130606,124.98,127.21,124.98,125.26,33877.0,688473447.00
20130607,125.17,128.31,124.15,125.91,25478.0,502253009.00
20130613,125.18,127.33,123.18,124.92,44998.0,876852216.00
20130614,124.69,125.10,121.62,124.47,32518.0,625711421.00
20130617,124.63,125.09,121.39,121.56,29689.0,568914660.00
20130618,121.36,123.05,119.66,122.95,27377.0,516512033.00
20130619,122.46,125.42,120.74,124.99,28909.0,556142175.00
20130620,124.76,125.41,122.29,123.01,25586.0,493350639.00
20130621,121.92,125.67,120.29,122.65,39654.0,762942568.00
20130624,122.93,123.18,118.80,119.08,40807.0,765344886.00
20130625,119.05,122.09,112.93,121.79,51352.0,952843639.00
20130626,120.93,121.78,118.55,121.07,32903.0,613847368.00
20130627,121.07,123.40,120.67,121.62,34135.0,651525208.00
20130628,121.16,124.11,121.16,123.41,28070.0,540002730.00
20130701,123.20,125.08,122.55,124.65,25828.0,498364213.00
20130702,124.63,127.66,123.58,126.99,33453.0,656544871.00
20130703,127.60,128.18,125.83,127.01,35424.0,702154070.00
20130704,126.43,128.22,126.12,126.14,24214.0,480333716.00
20130705,126.32,127.91,126.32,126.46,17779.0,351961193.00
20130708,126.31,126.96,123.82,125.20,24113.0,471887315.00
20130709,125.94,125.94,122.35,123.21,20233.0,390495512.00
20130710,122.67,124.52,121.18,124.36,33244.0,635969702.00
20130711,124.81,126.06,123.20,125.72,46056.0,897968904.00
20130712,125.17,126.24,121.06,121.13,42991.0,823551963.00
20130715,121.50,121.96,118.64,120.58,36607.0,683259585.00
20130716,120.71,122.72,119.01,122.50,37011.0,698456698.00
20130717,122.22,122.40,119.85,119.92,27388.0,517180730.00
20130718,119.97,120.26,117.85,118.73,25699.0,475329686.00
20130719,118.69,118.69,111.97,112.92,73319.0,1309145807.00
20130722,112.69,113.61,111.02,112.19,27062.0,472471726.00
20130723,112.87,115.66,112.26,115.22,28756.0,513622532.00
20130724,115.09,115.09,111.05,112.03,44067.0,772480648.00
20130725,112.53,115.35,111.82,114.67,39540.0,701690246.00
20130726,113.55,114.07,112.21,112.25,19045.0,334279508.00
20130729,111.81,111.81,109.70,109.91,26883.0,462873572.00
20130730,109.26,109.88,106.23,108.06,42113.0,708812312.00
20130731,108.86,109.83,107.59,108.10,14590.0,246901546.00
20130801,109.05,110.67,108.46,110.28,24852.0,426199169.00
20130802,110.85,114.30,110.79,112.93,29240.0,514840309.00
20130805,112.93,113.41,111.57,112.59,18065.0,316638075.00
20130806,111.58,112.59,110.80,112.42,26562.0,462053656.00
20130807,112.14,114.62,111.46,113.16,28377.0,501679185.00
20130808,113.18,113.79,111.89,112.37,16076.0,282184725.00
20130809,112.56,112.97,109.67,110.88,22889.0,396239810.00
20130812,110.86,114.47,110.67,114.39,39390.0,692000838.00
20130813,114.20,115.80,113.23,115.45,25435.0,453549742.00
20130814,115.41,116.98,114.45,114.64,21721.0,392821868.00
20130815,114.75,116.25,113.80,113.85,15365.0,274789284.00
20130816,113.89,116.12,111.66,111.89,34973.0,617783344.00
20130819,112.53,112.85,110.99,112.38,19357.0,337652097.00
20130820,111.73,112.27,110.80,111.38,31250.0,541646639.00
20130821,112.28,112.37,110.60,112.07,23103.0,401820452.00
20130822,112.01,113.35,111.64,112.32,15501.0,272139857.00
20130823,112.89,112.90,110.03,110.98,19529.0,338959488.00
20130826,111.06,112.27,110.35,111.59,16885.0,293255612.00
20130827,111.48,111.48,110.35,111.08,24436.0,422029095.00
20130828,110.46,110.46,108.79,109.00,30603.0,521639363.00
20130829,109.06,109.28,107.85,108.09,21804.0,368545672.00
20130830,108.09,108.42,107.49,108.28,25861.0,435606368.00
20130902,103.16,103.16,97.45,97.46,224970.0,3438418525.00
20130903,96.87,98.03,95.59,97.30,123211.0,1855978596.00
20130904,97.52,98.51,97.26,97.58,76789.0,1171694804.00
20130905,97.43,98.03,95.78,96.41,71283.0,1070129375.00
20130906,96.30,96.81,96.08,96.41,37783.0,567391478.00
20130909,96.87,97.21,96.16,96.84,69270.0,1042258764.00
20130910,96.75,97.44,96.28,97.27,54093.0,816720661.00
20130911,97.36,98.02,96.23,97.88,69012.0,1045733434.00
20130912,97.92,98.29,97.01,97.34,47723.0,725740678.00
20130913,97.32,99.11,97.29,97.53,68254.0,1044001957.00
20130916,97.91,97.91,95.97,96.01,58877.0,889024058.00
20130917,95.59,95.72,90.14,90.65,109057.0,1571781594.00
20130918,90.46,91.34,89.50,91.04,67317.0,949223067.00
20130923,91.09,91.10,89.85,90.34,65409.0,921212137.00
20130924,90.46,91.27,87.70,87.76,98819.0,1371542710.00
20130925,87.60,88.21,85.34,86.71,69789.0,943851491.00
20130926,85.97,87.39,85.97,86.88,47227.0,638421037.00
20130927,86.92,87.35,85.83,86.01,34639.0,465617869.00
20130930,85.92,87.45,85.66,87.21,50460.0,681360332.00
20131008,87.10,88.15,86.09,87.68,56867.0,773294157.00
20131009,87.64,88.15,87.12,87.89,40815.0,557664494.00
20131010,87.89,88.14,87.41,87.92,29045.0,397207813.00
20131011,86.80,88.42,86.80,88.23,36455.0,499830914.00
20131014,88.50,89.64,88.10,89.59,55274.0,767129557.00
20131015,89.65,92.90,89.23,92.54,69277.0,986261708.00
20131016,93.86,94.76,91.16,92.54,94813.0,1382754193.00
20131017,92.76,93.54,92.06,92.51,48621.0,703391970.00
20131018,92.70,92.97,91.10,91.73,35574.0,510349740.00
20131021,92.07,93.22,91.23,93.08,47022.0,677908678.00
20131022,92.90,92.90,91.58,92.01,24581.0,353140635.00
20131023,91.91,92.82,91.23,92.18,26215.0,375070072.00
20131024,91.93,92.36,91.55,92.20,26255.0,376580495.00
20131025,91.75,91.75,86.99,87.72,58584.0,807380213.00
20131028,87.11,87.74,85.49,85.95,32141.0,431472151.00
20131029,86.06,86.39,84.36,85.20,35182.0,468246860.00
20131030,85.31,85.52,84.66,85.06,25343.0,335579620.00
20131031,85.10,87.58,85.01,86.68,34893.0,471033933.00
20131101,86.18,87.15,85.84,86.72,22154.0,299057620.00
20131104,86.90,87.87,86.78,87.47,19436.0,264834002.00
20131105,87.12,88.78,86.42,88.60,27843.0,381603609.00
20131106,88.71,90.46,88.21,89.59,44449.0,619496988.00
20131107,89.41,89.74,87.70,89.16,21358.0,294635357.00
20131108,88.92,89.81,87.26,87.34,21537.0,298492269.00
20131111,88.53,90.89,87.37,89.53,52328.0,729491561.00
20131112,89.44,93.25,89.21,92.92,69478.0,997440468.00
20131113,92.44,93.95,91.81,92.85,31881.0,460888127.00
20131114,93.02,93.02,90.90,92.43,24042.0,344294687.00
20131115,92.22,92.78,91.16,92.02,33597.0,481165007.00
20131118,92.38,92.93,91.61,92.06,41571.0,596980141.00
20131119,92.06,92.51,90.65,91.63,41166.0,588099506.00
20131120,91.57,91.69,90.72,91.14,25517.0,362889657.00
20131121,90.89,91.29,88.89,88.96,32991.0,459524467.00
20131122,88.96,89.40,88.52,88.84,28110.0,389528915.00
20131125,88.39,91.01,88.23,90.41,26181.0,367831844.00
20131126,90.45,91.00,89.68,89.80,16406.0,230259508.00
20131127,89.81,90.58,88.92,89.78,15679.0,219358339.00
20131128,89.80,91.52,89.80,90.99,22240.0,315027615.00
20131129,90.46,90.88,89.77,90.74,20423.0,287184360.00
20131202,89.82,89.99,87.57,87.75,42892.0,591853929.00
20131203,87.60,88.48,86.83,88.26,32882.0,448934466.00
20131204,88.19,89.19,87.62,88.84,33510.0,463071203.00
20131205,88.82,88.82,87.86,87.89,19326.0,265765318.00
20131206,87.74,89.24,87.25,89.01,29150.0,402741316.00
20131209,88.92,88.98,87.25,88.50,25371.0,347999972.00
20131210,88.22,88.47,87.38,87.86,25392.0,347805549.00
20131211,87.80,88.28,87.36,87.50,19868.0,271716036.00
20131212,87.46,88.11,87.38,87.51,18306.0,250384797.00
20131213,87.40,88.14,87.39,87.51,19267.0,263371186.00
20131216,87.26,87.52,85.24,85.31,32869.0,439536257.00
20131217,85.29,86.44,84.94,85.46,15641.0,209082464.00
20131218,85.32,85.65,84.88,85.00,20105.0,266750697.00
20131219,85.51,85.58,84.11,84.14,17813.0,235156558.00
20131220,84.20,84.52,80.84,81.25,38556.0,495862858.00
20131223,81.11,81.89,80.91,81.16,19222.0,243709867.00
20131224,81.48,81.93,81.08,81.23,27897.0,354505538.00
20131225,81.48,81.71,80.76,81.00,18439.0,233016830.00
20131226,80.84,80.98,79.64,80.03,34156.0,427007202.00
20131227,80.32,81.62,80.03,80.96,25455.0,321517730.00
20131230,81.12,81.46,79.55,79.85,32166.0,401569202.00
20131231,79.55,82.96,78.59,82.36,57546.0,730676611.00
20140102,82.11,82.11,80.58,80.82,21976.0,277430218.00
20140103,80.35,80.71,79.06,79.54,23341.0,288934602.00
20140106,78.83,80.13,77.44,77.45,30229.0,367274761.00
20140107,77.06,77.85,76.47,77.35,18039.0,216936563.00
20140108,77.30,77.74,75.71,76.60,31989.0,380752975.00
20140109,76.34,78.14,76.09,76.56,47886.0,575090339.00
20140110,76.35,77.26,75.73,76.52,21126.0,251742737.00
20140113,76.54,78.47,76.40,76.92,37646.0,454274359.00
20140114,77.11,78.13,76.28,77.83,23474.0,282925547.00
20140115,77.31,77.72,75.73,76.19,19720.0,235363881.00
20140116,76.25,78.56,76.18,78.26,39119.0,474484847.00
20140117,78.14,78.69,77.06,77.18,32363.0,393324788.00
20140120,78.20,81.67,77.64,81.34,60090.0,751598255.00
20140121,80.84,82.57,80.42,81.47,35404.0,451224694.00
20140122,81.46,86.49,81.03,86.08,73667.0,975900199.00
20140123,86.08,86.87,84.53,86.03,40258.0,538497403.00
20140124,85.65,87.05,85.01,86.93,35780.0,482834462.00
20140127,86.54,92.24,86.39,90.30,83510.0,1170783930.00
20140128,90.14,91.10,88.21,89.32,36401.0,508739364.00
20140129,89.68,90.50,87.57,87.90,31520.0,434136676.00
20140130,87.57,87.86,84.04,84.81,37223.0,496967643.00
20140207,84.72,86.37,84.08,85.90,23865.0,317924201.00
20140210,85.97,86.22,83.95,85.24,36251.0,479835318.00
20140211,85.20,86.98,84.75,85.99,43006.0,578123049.00
20140212,86.10,86.59,85.52,86.06,19283.0,258332741.00
20140213,85.99,88.78,85.97,87.04,38567.0,528398492.00
20140214,86.86,91.74,86.86,91.68,67410.0,946589741.00
20140217,92.45,96.87,92.45,96.22,87465.0,1301703980.00
20140218,95.87,95.87,93.74,94.31,33640.0,496116912.00
20140219,94.34,97.50,94.34,95.93,31482.0,472702776.00
20140220,95.91,97.25,94.95,95.58,23188.0,346513535.00
20140221,94.95,96.33,94.81,95.64,34125.0,508426618.00
20140224,95.66,96.93,93.42,94.71,31178.0,463140900.00
20140225,94.95,95.21,90.46,91.34,46279.0,662701579.00
20140226,90.18,93.01,89.21,91.12,26513.0,377024801.00
20140227,91.20,93.53,89.83,92.99,25646.0,367761880.00
20140228,93.02,96.75,92.99,96.25,41926.0,626931554.00
20140303,96.23,99.43,95.16,99.40,48816.0,745535034.00
20140304,97.59,102.19,97.52,98.41,50866.0,795957015.00
20140305,98.82,102.64,97.52,102.55,47211.0,741663988.00
20140306,102.78,104.12,100.72,103.93,42741.0,684035158.00
20140307,103.93,107.27,102.67,106.17,58110.0,952251168.00
20140310,105.73,106.37,98.82,100.68,49985.0,797666915.00
20140311,100.08,104.96,99.50,104.05,38561.0,619885231.00
20140312,103.34,104.96,99.94,101.70,36763.0,582653268.00
20140313,101.11,105.92,100.79,105.77,42637.0,695571566.00
20140314,105.25,106.50,103.80,105.13,24933.0,407076138.00
20140317,105.86,106.92,103.94,106.80,32198.0,529609724.00
20140318,107.97,113.04,107.97,109.91,59473.0,1030329361.00
20140319,109.00,112.27,108.42,111.87,35365.0,613576537.00
20140320,111.82,111.95,108.42,108.54,33895.0,579777921.00
20140321,108.06,110.33,106.18,109.96,40318.0,680945758.00
20140324,109.70,112.74,109.00,109.89,26320.0,453477911.00
20140325,108.04,108.04,99.82,107.02,62403.0,1024298853.00
20140326,105.92,106.57,101.60,101.68,57376.0,927285406.00
20140327,101.15,103.16,100.34,101.15,38044.0,603835726.00
20140328,101.25,102.00,96.88,97.93,48272.0,740132771.00
20140331,97.52,100.97,97.52,99.25,30583.0,473939133.00
20140401,99.25,104.28,99.06,104.25,34046.0,544622703.00
20140402,104.41,108.85,103.31,106.27,46698.0,777378720.00
20140403,107.50,107.58,104.89,106.05,26918.0,444348448.00
20140404,105.63,106.05,103.29,105.25,23206.0,377896957.00
20140408,105.16,106.13,103.30,105.56,25927.0,423934499.00
20140409,105.87,106.90,104.01,104.80,21618.0,354031803.00
20140410,104.75,109.72,102.33,108.75,54177.0,897611262.00
20140411,110.35,115.22,110.35,112.96,90225.0,1593651865.00
20140414,112.08,113.75,110.99,111.86,26824.0,469646916.00
20140415,111.12,112.83,111.12,111.94,25880.0,452432807.00
20140416,111.44,111.99,109.19,109.72,22040.0,379301956.00
20140417,109.58,112.91,109.20,112.40,29744.0,517914682.00
20140418,112.27,114.05,111.18,112.47,19601.0,344825514.00
20140421,111.64,112.90,110.35,110.38,18333.0,318935964.00
20140422,110.35,112.35,110.04,110.43,22344.0,387206385.00
20140423,110.40,113.23,110.37,112.95,33755.0,592119543.00
20140424,113.01,113.37,111.44,112.76,12581.0,220213004.00
20140425,107.77,107.78,103.80,105.66,95877.0,1581409278.00
20140428,103.98,105.57,102.53,104.44,33028.0,535511089.00
20140429,104.44,106.16,104.23,104.95,27996.0,459181201.00
20140430,105.18,105.40,104.27,105.14,19220.0,314017274.00
20140505,104.89,104.89,100.77,102.81,36743.0,585326687.00
20140506,102.65,104.38,102.65,103.15,13622.0,219512505.00
20140507,103.68,103.68,102.39,103.07,11960.0,192090276.00
20140508,103.16,104.25,102.92,103.08,14697.0,237490046.00
20140509,103.07,104.12,102.84,103.05,16721.0,269803731.00
20140512,104.12,104.12,102.33,103.23,26194.0,420667493.00
20140513,103.14,103.68,102.37,103.12,15939.0,256197646.00
20140514,102.64,103.24,98.81,99.61,34016.0,534826236.00
20140515,99.43,100.77,99.12,100.18,16983.0,264995351.00
20140516,100.18,100.79,99.23,99.54,18467.0,286938905.00
20140519,97.84,98.16,94.91,94.94,56250.0,838456335.00
20140520,95.01,95.87,92.13,93.01,46885.0,682615740.00
20140521,92.45,97.30,92.35,96.87,38737.0,575063792.00
20140522,96.81,98.54,96.01,96.26,18678.0,281907878.00
20140523,96.23,98.02,96.22,97.71,14009.0,212338047.00
20140526,99.38,99.38,98.06,98.52,8910.0,137024228.00
20140527,98.16,99.92,98.07,98.29,13035.0,201097681.00
20140528,98.09,99.44,98.03,98.76,12501.0,192903907.00
20140529,98.63,100.04,98.45,98.98,10106.0,156525431.00
20140530,98.96,99.62,98.17,98.30,9217.0,141927539.00
20140603,98.16,99.12,97.68,98.01,13048.0,199563913.00
20140604,98.15,98.40,96.25,96.97,10494.0,158991999.00
20140605,96.95,99.44,95.80,99.29,20678.0,314507720.00
20140606,99.23,99.86,97.70,98.54,9477.0,145936330.00
20140609,97.71,99.06,97.71,98.30,10034.0,154198989.00
20140610,98.32,99.63,98.32,99.31,19305.0,298186720.00
20140611,99.28,99.68,98.29,98.76,10781.0,166086241.00
20140612,98.84,98.84,97.59,97.92,11499.0,175855795.00
20140613,97.96,98.69,96.98,98.04,16970.0,259337717.00
20140616,98.09,99.30,97.77,99.07,16237.0,249568876.00
20140617,98.99,98.99,97.64,98.28,16364.0,250297887.00
20140618,98.67,99.09,98.41,98.53,14024.0,215965707.00
20140619,98.52,98.93,97.84,97.98,11551.0,176868338.00
20140620,97.96,98.54,97.72,98.27,12019.0,183993516.00
20140623,98.48,100.33,98.39,100.28,28983.0,449611780.00
20140624,100.48,105.09,100.43,104.94,38532.0,621636108.00
20140625,105.38,105.38,102.60,103.13,38171.0,546556386.00
20140626,103.13,103.68,102.54,102.70,36348.0,515915138.00
20140627,102.55,102.55,100.95,101.79,26477.0,371027132.00
20140630,102.37,103.61,101.81,102.95,24399.0,345879987.00
20140701,103.39,103.39,102.10,102.80,11946.0,168987424.00
20140702,102.99,103.22,102.24,103.02,12068.0,171127803.00
20140703,103.12,103.98,102.53,103.88,19331.0,275808355.00
20140704,103.98,104.55,103.49,103.92,15402.0,220860905.00
20140707,103.55,104.62,103.12,104.53,22879.0,327900742.00
20140708,104.49,104.54,102.26,103.10,21091.0,299615515.00
20140709,102.97,103.60,102.26,102.41,14328.0,203120918.00
20140710,102.33,102.84,101.95,102.27,12159.0,171762392.00
20140711,102.58,103.76,102.33,102.87,18432.0,262292694.00
20140714,102.87,109.41,102.60,108.60,46534.0,684819813.00
20140715,108.12,114.57,108.12,111.53,58787.0,913284346.00
20140716,111.56,113.68,111.56,112.08,24459.0,379071451.00
20140717,111.73,112.79,110.22,111.49,20191.0,309501857.00
20140718,111.37,119.64,110.72,116.73,74896.0,1200093431.00
20140721,116.30,118.11,115.00,116.73,30143.0,485174687.00
20140722,115.73,118.92,115.73,118.34,29820.0,483906540.00
20140723,117.47,119.64,117.18,118.84,27836.0,455655822.00
20140724,118.74,122.62,117.69,118.58,35682.0,595593137.00
20140725,118.92,120.40,116.79,118.83,27833.0,454235013.00
20140728,119.09,121.81,118.14,119.10,42968.0,706875701.00
20140729,119.14,119.14,116.21,116.79,36017.0,580708806.00
20140730,116.55,116.55,113.48,114.94,54876.0,865210171.00
20140731,114.78,116.29,113.81,116.21,25206.0,400860676.00
20140801,116.14,119.14,115.74,118.18,43259.0,704961964.00
20140804,118.19,120.09,117.68,119.21,38848.0,637175456.00
20140805,118.92,120.85,117.23,120.55,38357.0,627210395.00
20140806,119.50,120.21,117.47,118.43,20317.0,332041716.00
20140807,118.27,119.20,116.38,116.45,25396.0,411237176.00
20140808,117.44,118.43,115.87,117.57,23819.0,384676138.00
20140811,117.82,118.34,117.11,118.24,20070.0,326555328.00
20140812,117.33,118.01,116.13,117.50,19604.0,316255852.00
20140813,117.50,119.48,116.60,117.82,34454.0,560675713.00
20140814,117.48,118.51,116.95,117.08,22958.0,373085470.00
20140815,117.61,117.82,116.84,117.13,21802.0,352476093.00
20140818,117.47,117.69,115.37,115.84,41698.0,667452065.00
20140819,115.84,115.84,114.89,115.06,32095.0,509709616.00
20140820,115.10,117.51,114.93,117.47,37084.0,596509533.00
20140821,117.47,117.70,115.29,116.00,18872.0,301791000.00
20140822,116.02,116.30,115.11,115.49,18636.0,297023432.00
20140825,115.49,116.13,114.79,115.11,15376.0,244745465.00
20140826,114.93,115.60,113.81,114.36,16589.0,261850709.00
20140827,114.36,114.41,113.25,113.39,13828.0,216703370.00
20140828,113.12,114.83,113.12,113.13,17618.0,276811143.00
20140829,113.12,115.00,112.39,114.73,23838.0,375517439.00
20140901,114.71,115.66,114.36,114.89,16450.0,260760134.00
20140902,115.16,117.93,114.59,117.87,41246.0,664712697.00
20140903,117.89,121.40,117.87,119.51,42042.0,695551833.00
20140904,119.43,120.33,118.69,119.69,23975.0,395280315.00
20140905,120.15,121.93,119.80,121.46,34731.0,579714726.00
20140909,121.57,121.80,118.92,118.98,20562.0,339388091.00
20140910,118.70,119.64,118.20,118.85,17867.0,293245987.00
20140911,118.82,119.51,117.09,117.45,31875.0,519406664.00
20140912,117.10,117.94,116.25,117.79,17356.0,280548666.00
20140915,117.40,117.40,115.15,115.59,32543.0,519621410.00
20140916,116.38,116.45,113.86,114.18,34823.0,551314386.00
20140917,114.91,115.68,114.09,114.73,25841.0,408684990.00
20140918,114.58,115.57,113.90,115.47,26482.0,418431987.00
20140919,115.47,116.73,114.93,116.63,22665.0,362408981.00
20140922,116.53,116.53,113.73,113.80,37191.0,586709101.00
20140923,113.63,114.21,113.38,114.19,34546.0,541705820.00
20140924,113.47,116.38,112.83,116.16,43448.0,687426587.00
20140925,116.69,118.90,116.67,117.61,56851.0,924878313.00
20140926,117.11,118.28,115.44,117.69,22716.0,366907285.00
20140929,117.71,118.34,117.03,117.81,23488.0,381683082.00
20140930,118.00,118.19,116.89,117.56,21574.0,349657790.00
20141008,116.74,116.82,114.42,116.55,45652.0,725030231.00
20141009,115.92,116.20,114.99,116.03,36244.0,578151792.00
20141010,115.31,115.87,114.35,115.31,43147.0,684789402.00
20141013,114.43,114.48,111.44,113.19,53176.0,826349742.00
20141014,112.39,113.84,111.99,112.33,28895.0,449942595.00
20141015,112.21,114.26,112.18,114.07,22238.0,348033851.00
20141016,113.19,114.71,113.19,114.07,23949.0,377655669.00
20141017,114.57,115.33,113.77,114.84,30976.0,489885674.00
20141020,114.84,114.93,113.41,113.78,32910.0,517853721.00
20141021,113.84,115.54,113.55,114.90,39911.0,632422372.00
20141022,114.89,115.63,114.21,115.35,22836.0,363211434.00
20141023,114.98,116.22,114.49,115.33,31917.0,508245989.00
20141024,115.26,115.94,114.34,115.21,19980.0,317073600.00
20141027,113.82,115.37,112.31,114.21,27970.0,439570888.00
20141028,114.07,115.37,113.97,115.10,20548.0,325762184.00
20141029,115.15,115.70,114.19,114.79,21423.0,339064782.00
20141030,114.57,114.57,112.46,112.70,49087.0,764742330.00
20141031,112.73,113.77,111.92,113.61,36421.0,567067438.00
20141103,113.66,113.76,112.72,112.81,24670.0,384677498.00
20141104,112.75,112.75,109.49,109.77,55943.0,854409063.00
20141105,109.53,109.53,105.50,105.98,76719.0,1131348484.00
20141106,105.98,106.95,105.87,106.70,36362.0,533913212.00
20141107,106.71,107.53,106.67,107.35,41507.0,613638074.00
20141110,108.77,111.51,108.04,111.50,62325.0,945032808.00
20141111,111.88,112.54,110.22,111.20,47706.0,733026108.00
20141112,110.93,111.37,108.91,110.86,30823.0,467531849.00
20141113,110.74,110.75,108.53,109.91,49155.0,739602881.00
20141114,109.90,114.30,109.43,114.05,75225.0,1168803281.00
20141117,121.82,121.82,116.02,116.05,150416.0,2451673881.00
20141118,116.74,117.34,112.39,112.86,63497.0,1001883689.00
20141119,112.81,112.86,110.66,110.99,46290.0,710715289.00
20141120,110.86,110.88,109.12,109.26,46258.0,698848962.00
20141121,109.17,111.09,108.91,111.04,41990.0,638007382.00
20141124,111.58,112.39,110.22,111.63,53878.0,828662510.00
20141125,111.25,112.28,110.80,112.13,53231.0,816840942.00
20141126,112.10,113.38,111.59,113.08,63858.0,990302232.00
20141127,112.39,114.00,111.67,113.61,96551.0,1508603314.00
20141128,113.53,113.53,111.07,113.00,88288.0,1363855095.00
20141201,113.53,116.74,113.12,116.06,121740.0,1932844688.00
20141202,115.33,116.89,114.75,116.84,99268.0,1588412356.00
20141203,117.79,122.04,117.73,119.52,117322.0,1936848371.00
20141204,120.73,126.53,120.73,126.26,117781.0,2020248736.00
20141205,129.06,129.77,122.25,123.94,112901.0,1943937520.00
20141208,122.43,127.98,121.24,125.42,100894.0,1731248492.00
20141209,124.72,135.32,124.36,125.34,151890.0,2713372288.00
20141210,126.89,133.06,126.89,130.46,106656.0,1919193465.00
20141211,130.52,131.93,127.10,127.54,54882.0,975885692.00
20141212,128.19,131.24,127.62,128.05,51055.0,911591087.00
20141215,128.05,133.49,127.21,133.45,70964.0,1281924243.00
20141216,133.20,133.20,129.15,130.98,51129.0,918180186.00
20141217,130.51,131.57,128.92,129.85,60020.0,1071735185.00
20141218,130.30,132.12,129.80,130.04,38567.0,695500784.00
20141219,129.84,131.96,129.07,131.11,49631.0,892730640.00
20141222,130.27,133.63,127.53,133.49,73623.0,1327712485.00
20141223,133.26,140.30,131.98,136.94,85650.0,1611272919.00
20141224,136.32,139.08,131.01,132.74,63554.0,1187206211.00
20141225,132.80,134.87,131.25,134.75,44071.0,806958774.00
20141226,134.21,137.05,132.70,136.01,42677.0,793340607.00
20141229,136.39,137.77,131.97,133.04,89838.0,1678243808.00
20141230,132.70,136.31,132.32,135.48,56171.0,1043215631.00
20141231,134.58,137.77,134.15,137.50,46269.0,871581692.00
20150105,137.50,148.10,136.82,146.85,94515.0,1875063136.00
20150106,145.02,146.88,142.14,143.45,55020.0,1094977375.00
20150107,142.15,144.66,137.76,139.90,54797.0,1063925641.00
20150108,140.67,141.05,137.87,139.05,40525.0,777874670.00
20150109,138.06,141.96,137.85,138.00,53982.0,1039955153.00
20150112,137.77,139.65,133.75,135.18,49914.0,934643414.00
20150113,135.60,136.71,133.86,134.06,36708.0,683429624.00
20150114,134.15,135.23,131.16,132.83,52403.0,965036183.00
20150115,133.34,135.16,132.32,134.92,48585.0,895503097.00
20150116,135.02,136.32,134.86,134.95,39978.0,746304289.00
20150119,131.25,132.84,124.33,127.24,64679.0,1151544267.00
20150120,127.63,130.88,125.44,129.13,61022.0,1086018454.00
20150121,129.27,132.62,128.49,132.23,52674.0,950750407.00
20150122,132.24,133.68,130.52,131.41,38254.0,696541254.00
20150123,130.61,132.90,130.60,131.26,33084.0,600627336.00
20150126,131.75,133.06,131.28,132.55,35649.0,650642101.00
20150127,132.56,132.56,129.07,130.60,41883.0,755025862.00
20150128,129.80,130.81,128.56,128.69,30680.0,547979157.00
20150129,127.76,129.07,126.89,127.73,32492.0,571553419.00
20150130,128.34,131.25,127.98,128.48,47508.0,848744494.00
20150202,127.26,127.91,125.81,126.76,33983.0,593379653.00
20150203,128.69,129.54,127.76,129.34,27792.0,493512567.00
20150204,129.90,132.03,128.34,128.53,35293.0,634135328.00
20150205,129.77,131.17,126.17,126.21,41239.0,735861121.00
20150206,126.63,127.98,125.88,126.60,37102.0,648205628.00
20150209,127.45,134.22,126.89,133.64,87293.0,1584342294.00
20150210,134.00,134.29,131.57,132.61,53638.0,984795852.00
20150211,132.26,133.60,132.03,132.80,22894.0,420358857.00
20150212,133.41,133.78,131.98,133.11,25050.0,458818631.00
20150213,133.50,133.78,131.54,132.33,40127.0,734977407.00
20150216,132.36,133.15,131.40,132.92,39521.0,722512103.00
20150217,133.09,133.34,131.91,132.13,34172.0,624854087.00
20150225,132.70,134.65,131.33,133.39,59935.0,1104113268.00
20150226,133.28,136.60,133.09,135.33,62297.0,1163369598.00
20150227,135.52,141.03,135.45,138.53,63370.0,1217723178.00
20150302,138.35,140.53,137.05,138.30,31098.0,592027084.00
20150303,137.26,139.22,134.26,134.83,42999.0,812905777.00
20150304,135.59,136.33,133.86,135.73,40662.0,757815044.00
20150305,134.15,135.62,133.46,134.52,36206.0,670609773.00
20150306,134.40,135.22,132.89,133.15,25470.0,471454744.00
20150309,134.73,139.94,133.28,138.90,43486.0,815432195.00
20150310,138.45,138.86,135.80,136.20,29637.0,561292473.00
20150311,136.20,139.95,136.18,139.21,40583.0,778418696.00
20150312,139.95,142.11,138.79,139.77,38496.0,747203168.00
20150313,139.73,140.60,136.74,137.71,25479.0,486997364.00
20150316,137.81,141.03,135.60,140.50,31160.0,597313673.00
20150317,141.39,144.07,141.32,142.68,45904.0,903712736.00
20150318,142.70,145.02,141.77,144.62,39304.0,778884998.00
20150319,143.96,144.29,140.72,141.60,33539.0,658535489.00
20150320,140.82,141.39,138.41,140.06,51373.0,991294900.00
20150323,141.16,142.67,140.09,141.45,40979.0,799009923.00
20150324,141.61,143.17,139.29,141.90,60079.0,1172628506.00
20150325,139.95,141.47,139.26,139.79,42240.0,815963246.00
20150326,140.35,144.95,139.22,143.98,67105.0,1315872109.00
20150327,143.57,143.98,139.91,141.07,40144.0,784086654.00
20150330,141.16,144.26,140.02,142.68,63451.0,1237889229.00
20150331,142.62,145.58,140.69,142.09,88130.0,1746870227.00
20150401,142.14,143.25,141.02,141.64,76875.0,1504959693.00
20150402,142.09,143.28,139.86,141.09,62981.0,1228604478.00
20150403,140.67,142.85,139.79,142.71,51210.0,996536046.00
20150407,142.74,145.81,141.98,145.51,59824.0,1189027078.00
20150408,146.84,152.77,146.18,148.29,135857.0,2798381803.00
20150409,148.27,149.29,144.33,145.02,62399.0,1255308054.00
20150410,145.02,147.19,144.74,145.18,102019.0,2048914304.00
20150413,146.15,148.28,144.25,147.85,91356.0,1840018389.00
20150414,147.92,151.75,147.89,149.37,81903.0,1691094329.00
20150415,151.62,152.11,148.04,149.16,55005.0,1135635917.00
20150416,151.22,164.07,150.70,164.07,86014.0,1877332298.00
20150417,173.23,180.34,165.53,168.63,192094.0,4577503916.00
20150420,166.78,178.16,166.05,169.70,130588.0,3118764548.00
20150421,174.03,186.67,174.03,186.67,122401.0,3039243960.00
20150422,194.91,195.06,186.43,191.35,134635.0,3543576710.00
20150423,191.43,191.55,183.44,185.66,86030.0,2214737651.00
20150424,182.64,188.30,177.66,187.43,100531.0,2547399865.00
20150427,186.77,194.18,183.45,185.48,78973.0,2050832438.00
20150428,184.18,187.51,179.14,179.75,87291.0,2187970737.00
20150429,178.45,183.45,178.45,181.12,59300.0,1477767688.00
20150430,182.11,184.83,179.65,182.89,64064.0,1610938042.00
20150504,183.21,187.80,181.29,184.88,54739.0,1398337296.00
20150505,182.73,182.73,173.94,174.72,73700.0,1801146749.00
20150506,176.91,179.10,174.03,175.97,60324.0,1472597539.00
20150507,177.65,182.64,175.88,177.60,68102.0,1693825898.00
20150508,178.46,184.82,178.31,184.30,57805.0,1447670266.00
20150511,182.37,187.07,181.28,186.67,61345.0,1552417973.00
20150512,186.50,186.50,182.73,184.48,47031.0,1193035140.00
20150513,184.03,190.68,183.09,185.92,58913.0,1520374556.00
20150514,185.81,188.17,182.16,182.30,41853.0,1062504725.00
20150515,182.30,183.81,175.19,177.78,54185.0,1333031173.00
20150518,177.65,177.65,174.10,174.85,35363.0,856505079.00
20150519,174.79,181.44,174.17,181.31,47637.0,1174434448.00
20150520,182.73,188.53,180.77,184.14,63771.0,1631009463.00
20150521,185.63,189.47,184.19,187.51,47669.0,1230234942.00
20150522,188.30,200.71,188.23,200.03,66649.0,1779754347.00
20150525,195.78,209.19,195.06,207.98,67473.0,1868570180.00
20150526,207.82,210.28,205.90,207.05,60914.0,1746031124.00
20150527,207.03,209.79,197.96,200.78,46934.0,1309259999.00
20150528,199.59,203.76,188.60,189.33,60884.0,1650995554.00
20150529,188.54,195.06,188.45,191.31,57783.0,1531805542.00
20150601,191.39,197.94,188.38,196.84,65816.0,1747123649.00
20150602,196.14,196.14,189.01,193.33,64635.0,1708951665.00
20150603,192.29,193.33,188.54,190.55,46424.0,1218378716.00
20150604,190.69,192.15,174.03,187.23,92362.0,2332785391.00
20150605,187.16,190.05,178.38,184.06,85738.0,2188974566.00
20150608,182.37,194.00,181.13,191.89,96007.0,2462736702.00
20150609,192.15,195.64,185.99,187.83,77851.0,2045525400.00
20150610,185.37,193.52,184.03,189.29,80462.0,2096832880.00
20150611,188.53,191.79,186.91,188.57,52954.0,1378413758.00
20150612,190.07,197.96,189.25,192.88,90909.0,2438986511.00
20150615,193.59,197.23,188.59,189.17,100014.0,2664672586.00
20150616,187.80,192.73,183.09,184.14,69303.0,1789696035.00
20150617,184.15,186.90,180.55,184.97,58388.0,1478407037.00
20150618,183.47,184.76,174.46,176.91,61506.0,1530836127.00
20150619,178.28,180.18,169.69,170.63,67608.0,1646002769.00
20150623,173.88,185.52,169.77,182.91,81247.0,1989068140.00
20150624,181.28,192.30,179.57,189.41,95706.0,2463553858.00
20150625,189.62,190.00,181.43,182.58,66521.0,1707385606.00
20150626,181.29,185.45,170.62,175.80,99332.0,2451381599.00
20150629,180.10,185.99,165.18,178.84,165071.0,4057069903.00
20150630,178.84,188.40,178.38,186.83,126298.0,3205285541.00
20150701,184.90,194.69,181.99,186.71,103326.0,2696026039.00
20150702,185.12,204.92,177.66,188.75,118459.0,3011363680.00
20150703,184.90,188.89,175.62,181.14,109605.0,2772183160.00
20150706,194.29,194.32,173.66,184.21,272799.0,7012491142.00
20150707,181.28,186.05,173.66,177.06,167562.0,4121731560.00
20150708,166.05,177.65,159.35,171.75,289140.0,6738026659.00
20150709,171.75,188.83,168.95,187.04,138203.0,3409950542.00
20150710,186.35,205.21,182.70,192.58,256149.0,6888908350.00
20150713,187.08,192.58,182.00,186.90,148926.0,3838169457.00
20150714,184.90,185.03,179.25,180.59,96768.0,2425239239.00
20150715,179.47,183.24,176.41,182.19,104077.0,2585923324.00
20150716,182.19,184.31,180.02,182.43,72814.0,1826618391.00
20150717,185.89,186.69,182.43,185.31,56418.0,1284361191.00
20150720,184.39,185.00,180.61,182.73,67933.0,1531275688.00
20150721,180.00,181.99,178.58,179.93,51789.0,1148423253.00
20150722,178.58,180.21,175.81,176.25,70855.0,1552554839.00
20150723,176.95,179.07,175.15,178.21,64748.0,1411411702.00
20150724,178.99,181.58,177.57,177.94,57390.0,1271122141.00
20150727,176.15,179.64,163.16,163.58,76944.0,1628465532.00
20150728,162.23,170.01,160.30,167.08,86703.0,1766521466.00
20150729,168.66,170.47,164.08,168.63,66507.0,1364157580.00
20150730,169.52,169.52,166.49,167.19,41134.0,853284372.00
20150731,167.79,167.97,164.78,167.89,40736.0,835374146.00
20150803,166.41,170.46,164.78,170.11,54553.0,1117796040.00
20150804,169.87,173.70,169.87,172.06,59533.0,1260302964.00
20150805,172.84,173.59,167.98,168.18,43143.0,907597376.00
20150806,167.41,168.44,164.78,166.37,39249.0,805358564.00
20150807,168.43,169.33,166.89,167.97,39521.0,819022560.00
20150810,168.04,172.90,166.51,172.33,56496.0,1182083559.00
20150811,172.33,172.42,170.47,171.07,50897.0,1076261223.00
20150812,170.46,173.95,169.45,170.04,45824.0,968610598.00
20150813,171.68,171.68,167.22,170.07,35180.0,733202199.00
20150814,170.87,171.60,169.86,170.45,30666.0,645849785.00
20150817,168.86,169.51,165.60,167.40,53858.0,1108212040.00
20150818,168.01,168.44,162.63,163.21,51285.0,1047896516.00
20150819,162.15,164.10,160.87,163.66,50261.0,1004394398.00
20150820,163.02,163.16,158.21,158.35,39645.0,788892223.00
20150821,155.46,158.18,151.08,151.25,75620.0,1433277975.00
20150824,146.93,147.33,136.53,137.70,89812.0,1559048775.00
20150825,135.93,148.15,134.91,143.35,123080.0,2165823577.00
20150826,143.48,153.01,142.05,149.26,91572.0,1663612844.00
20150827,154.23,162.27,150.08,159.97,87052.0,1663248886.00
20150828,158.29,158.53,151.90,156.38,89925.0,1720106859.00
20150831,153.70,158.70,150.32,158.59,62730.0,1198185023.00
20150901,155.71,158.29,152.61,157.78,87432.0,1688392993.00
20150902,154.32,158.29,153.58,157.97,106945.0,2052413262.00
20150907,156.34,157.48,153.14,153.18,32216.0,615819752.00
20150908,152.98,154.61,150.17,153.68,33098.0,621914336.00
20150909,154.34,157.37,154.34,155.74,35215.0,676337501.00
20150910,154.54,156.91,153.53,156.84,26852.0,514766383.00
20150911,155.76,157.56,155.08,156.59,16932.0,326277628.00
20150914,156.20,164.62,152.53,164.40,86175.0,1678995779.00
20150915,160.73,163.99,158.39,163.97,51884.0,1035493477.00
20150916,162.36,170.09,160.51,166.04,37198.0,753188784.00
20150917,164.46,167.06,160.41,160.72,26423.0,533638541.00
20150918,161.21,163.07,160.72,161.89,15642.0,312040970.00
20150921,160.73,162.92,160.72,161.78,16527.0,329196735.00
20150922,162.97,163.31,161.52,161.76,16457.0,329161941.00
20150923,160.03,161.53,157.56,158.06,22344.0,438412337.00
20150924,158.94,159.33,156.50,157.48,13886.0,269653188.00
20150925,157.47,158.21,153.83,157.04,24455.0,470411106.00
20150928,155.43,156.10,153.61,155.35,12341.0,235369401.00
20150929,153.87,155.34,152.85,154.37,18409.0,348759190.00
20150930,154.42,155.43,154.37,154.48,11634.0,222178053.00
20151008,161.36,163.63,159.91,160.34,34391.0,684138047.00
20151009,161.36,161.46,159.51,159.87,15721.0,310187702.00
20151012,161.54,165.99,160.60,160.80,49030.0,982174156.00
20151013,160.80,162.42,160.80,161.33,15751.0,313495454.00
20151014,161.52,161.94,159.92,160.59,15213.0,301666756.00
20151015,160.85,162.65,160.37,162.34,16550.0,329836775.00
20151016,163.34,164.30,161.87,162.95,19238.0,386383069.00
20151019,166.36,166.36,163.89,164.56,26121.0,531101872.00
20151020,163.99,164.69,163.31,163.95,14784.0,298284287.00
20151021,164.04,164.42,159.92,162.60,22349.0,447195037.00
20151022,162.54,164.56,161.89,164.40,23720.0,478632748.00
20151023,167.06,176.64,166.85,171.26,56277.0,1189746955.00
20151026,172.09,177.20,168.84,176.74,43346.0,932490839.00
20151027,176.23,176.70,172.56,174.73,22572.0,484597005.00
20151028,174.52,174.52,172.01,172.45,16559.0,353020506.00
20151029,172.09,174.35,172.09,172.90,13454.0,287688318.00
20151030,172.86,175.17,172.19,173.60,12257.0,263117287.00
20151102,174.20,175.22,172.50,172.54,15298.0,328246682.00
20151103,172.84,175.14,169.17,170.23,23173.0,493565252.00
20151104,170.94,175.34,170.56,174.51,30809.0,659118997.00
20151105,174.20,181.25,173.31,175.79,49982.0,1087812237.00
20151106,176.43,177.45,174.98,177.30,21695.0,471929422.00
20151109,180.21,182.37,177.77,179.26,40527.0,900398639.00
20151110,178.58,181.93,177.90,180.52,28729.0,639416128.00
20151111,180.21,181.02,177.45,178.70,23815.0,524296324.00
20151112,178.77,181.02,178.08,178.59,16180.0,357408916.00
20151113,177.04,178.18,174.39,174.61,28397.0,614644801.00
20151116,172.50,175.74,172.09,173.53,23916.0,511461320.00
20151117,174.30,176.55,173.01,174.00,21986.0,473813948.00
20151118,173.38,175.34,173.38,174.25,19725.0,423815322.00
20151119,173.71,175.34,173.63,174.55,15262.0,327777826.00
20151120,174.64,175.16,172.98,173.49,22274.0,476413651.00
20151123,172.90,173.58,172.50,172.59,20994.0,446996433.00
20151124,172.41,173.13,170.47,171.84,20469.0,431548236.00
20151125,171.85,172.90,170.79,172.88,24249.0,512351419.00
20151126,173.30,173.54,171.95,172.77,18804.0,400523684.00
20151127,172.49,172.53,167.73,168.63,16220.0,339061425.00
20151130,168.87,174.35,168.67,173.96,33440.0,702029940.00
20151201,172.90,173.67,171.28,173.55,18877.0,400895906.00
20151202,174.10,184.27,172.09,179.87,47891.0,1055325951.00
20151203,177.77,179.72,175.90,178.75,22386.0,489928569.00
20151204,178.55,178.55,174.53,174.78,20848.0,452200743.00
20151207,174.52,176.13,173.06,174.13,19255.0,413697607.00
20151208,174.16,174.16,171.65,172.04,17393.0,370510935.00
20151209,171.75,174.57,171.68,174.09,14119.0,302039607.00
20151210,174.52,175.50,172.08,172.87,13786.0,295297553.00
20151211,172.50,172.50,170.87,171.61,13035.0,275655733.00
20151214,170.62,174.43,169.65,173.79,20701.0,439584115.00
20151215,173.55,174.19,172.15,174.13,15088.0,321828819.00
20151216,174.05,174.23,172.57,173.64,20144.0,430371563.00
20151217,174.03,176.05,173.71,175.22,24253.0,523818380.00
20151218,174.93,177.89,174.61,176.05,28460.0,618897538.00
20151221,176.96,186.03,176.96,184.29,59391.0,1341466585.00
20151222,184.10,184.10,181.25,182.67,28402.0,638684794.00
20151223,183.01,184.01,180.77,181.02,22374.0,501438271.00
20151224,181.81,183.19,181.18,182.46,15577.0,350137309.00
20151225,182.64,183.18,180.92,182.24,11542.0,258870006.00
20151228,183.03,183.45,177.77,177.87,25594.0,569404122.00
20151229,177.46,178.94,177.37,178.45,15774.0,345982477.00
20151230,178.73,179.12,176.57,177.66,20147.0,440489184.00
20151231,177.14,178.18,176.81,177.11,19673.0,429872169.00
20160104,176.96,176.96,170.46,170.48,17349.0,371909829.00
20160105,170.47,173.69,168.44,172.75,31908.0,672596329.00
20160106,172.72,173.44,169.90,172.24,23760.0,502483565.00
20160107,169.65,169.65,162.37,164.16,8148.0,167829920.00
20160108,165.73,168.84,162.35,166.11,44510.0,911812833.00
20160111,164.91,165.42,161.86,162.23,29702.0,596838947.00
20160112,163.24,164.05,159.10,159.74,40287.0,801495583.00
20160113,161.62,167.22,161.21,162.17,29201.0,592420624.00
20160114,160.00,167.20,158.70,166.26,34776.0,699341426.00
20160115,166.20,167.36,160.72,161.54,26681.0,537750009.00
20160118,160.72,164.30,160.08,161.89,27371.0,548614384.00
20160119,163.16,170.73,162.36,170.66,59110.0,1224859286.00
20160120,168.03,170.60,163.17,164.23,40968.0,835946965.00
20160121,163.37,166.07,162.27,162.56,21832.0,439737650.00
20160122,164.87,165.11,161.38,164.57,22733.0,456952021.00
20160125,164.78,165.18,163.57,164.60,13750.0,278273547.00
20160126,163.15,165.98,161.13,161.54,22280.0,448487464.00
20160127,162.33,163.07,158.86,162.29,29840.0,589842577.00
20160128,162.15,162.15,158.79,159.62,17903.0,353744037.00
20160129,160.30,164.38,159.91,162.88,23090.0,461975279.00
20160201,164.05,164.62,162.26,163.40,19178.0,386028337.00
20160202,163.97,166.24,162.87,166.04,17842.0,362596993.00
20160203,164.44,166.05,163.57,165.32,15156.0,307933687.00
20160204,166.24,167.12,165.22,166.40,16624.0,340315128.00
20160205,166.40,166.55,164.40,165.49,14227.0,290691678.00
20160215,162.35,164.78,162.02,162.68,19470.0,390748384.00
20160216,162.80,168.84,162.80,165.53,19223.0,393326285.00
20160217,165.38,166.34,162.76,164.22,20349.0,411126979.00
20160218,164.95,165.27,163.24,163.74,18892.0,381696249.00
20160219,163.66,164.93,163.27,164.87,14238.0,287755552.00
20160222,167.22,169.10,167.22,168.68,27759.0,574540624.00
20160223,168.66,174.51,168.05,172.42,37460.0,795824522.00
20160224,172.25,176.98,171.29,176.75,33129.0,717612347.00
20160225,177.61,178.97,172.19,172.42,39480.0,855036777.00
20160226,172.98,177.97,171.49,176.02,28332.0,609924298.00
20160229,177.76,179.30,167.87,174.45,47712.0,1022532377.00
20160301,175.30,178.83,170.79,177.30,34004.0,736088847.00
20160302,177.77,183.05,177.50,182.01,47942.0,1073462814.00
20160303,182.64,188.31,179.93,184.92,40193.0,914557333.00
20160304,184.17,194.95,182.65,193.83,85838.0,2007278355.00
20160307,193.28,194.82,187.55,189.66,39345.0,924016283.00
20160308,189.38,189.38,184.27,186.06,26147.0,600938828.00
20160309,184.27,188.85,183.53,184.62,16402.0,375804071.00
20160310,185.88,189.70,185.08,185.13,25727.0,593953294.00
20160311,183.89,188.23,183.05,185.12,16320.0,373343712.00
20160314,187.32,189.54,180.37,182.29,45277.0,1029457824.00
20160315,182.48,190.26,182.11,188.26,36356.0,832373597.00
20160316,186.88,188.73,182.64,185.57,24250.0,555358085.00
20160317,186.70,190.03,185.32,186.34,28820.0,665454446.00
20160318,188.32,188.54,183.28,183.45,70568.0,1613934123.00
20160321,183.99,188.34,183.98,188.31,38547.0,885665711.00
20160322,188.54,193.34,187.92,190.35,41766.0,981582397.00
20160323,190.92,192.38,188.88,190.73,21412.0,503035650.00
20160324,190.76,199.20,187.76,196.98,62068.0,1487290878.00
20160325,196.85,202.76,195.65,198.86,44756.0,1100326150.00
20160328,198.86,205.68,198.86,202.59,48337.0,1207751715.00
20160329,202.61,203.75,198.42,201.40,36688.0,911522995.00
20160330,202.12,203.26,199.27,201.85,27782.0,688591402.00
20160331,202.81,203.18,200.49,201.02,19457.0,483196895.00
20160401,202.08,203.33,198.50,198.95,25146.0,620149506.00
20160405,197.25,200.91,197.25,199.30,25047.0,615354327.00
20160406,199.53,209.10,199.53,208.79,48424.0,1225137020.00
20160407,208.53,209.01,205.06,206.27,25536.0,650128766.00
20160408,204.56,207.72,201.47,202.82,23156.0,583704015.00
20160411,203.34,207.14,197.66,197.84,119284.0,2930751132.00
20160412,197.82,198.88,196.52,198.81,23339.0,568663727.00
20160413,199.20,201.82,196.20,196.64,54274.0,1328412389.00
20160414,196.75,198.74,195.63,197.06,28664.0,696651874.00
20160415,196.96,198.86,195.79,198.80,19029.0,463404859.00
20160418,197.09,199.69,196.85,197.81,18593.0,453989128.00
20160419,198.54,199.03,196.00,197.40,14236.0,345816837.00
20160420,197.41,198.39,191.41,193.55,33708.0,808354333.00
20160421,195.22,196.69,193.44,195.12,29672.0,713190665.00
20160422,195.63,201.21,195.12,200.82,35459.0,869560470.00
20160425,200.60,201.39,197.50,198.49,24990.0,614481805.00
20160426,198.84,200.40,197.25,197.95,15156.0,370224914.00
20160427,198.47,199.27,197.65,198.78,13915.0,340092448.00
20160428,199.55,200.29,198.06,200.05,17156.0,421012810.00
20160429,200.82,204.91,200.82,203.91,46079.0,1155915396.00
20160503,203.38,212.90,203.38,211.05,56474.0,1463972630.00
20160504,211.05,212.99,207.80,207.98,28636.0,743425170.00
20160505,208.21,209.55,207.40,209.24,13517.0,347050356.00
20160506,208.87,209.85,203.84,204.74,27173.0,689911421.00
20160509,203.04,205.21,202.13,203.60,27799.0,696784543.00
20160510,202.53,206.18,202.21,204.62,33505.0,843441777.00
20160511,204.84,211.44,204.84,208.51,49277.0,1268594578.00
20160512,206.20,208.26,204.56,207.77,18894.0,480711461.00
20160513,207.79,210.16,203.34,203.71,28145.0,714915405.00
20160516,203.63,204.40,200.74,204.26,22202.0,553627499.00
20160517,203.76,204.88,202.80,202.96,11785.0,295827986.00
20160518,202.19,204.44,197.33,198.42,28380.0,700172115.00
20160519,199.01,201.72,198.47,199.50,20889.0,514050851.00
20160520,200.37,204.71,198.32,203.96,25501.0,638079261.00
20160523,202.71,206.99,202.71,206.34,18706.0,474832790.00
20160524,206.52,207.16,203.02,204.51,11674.0,294383661.00
20160525,206.57,206.95,203.76,204.45,17785.0,450815932.00
20160526,204.55,206.02,202.29,205.14,18120.0,454859062.00
20160527,205.14,206.74,204.06,204.92,13230.0,334258004.00
20160530,204.15,208.21,202.94,207.91,29806.0,756013047.00
20160531,207.81,216.43,207.16,214.68,53949.0,1418668247.00
20160601,215.44,215.52,213.49,214.13,21876.0,578184009.00
20160602,213.50,218.10,213.50,217.34,24760.0,660335572.00
20160603,216.74,232.76,216.25,230.45,64798.0,1806172759.00
20160606,228.91,229.72,223.23,224.08,37261.0,1034692860.00
20160607,224.45,226.06,223.24,225.54,18753.0,518246021.00
20160608,224.37,225.55,222.01,222.64,23882.0,656530776.00
20160613,221.89,224.58,216.13,216.78,37775.0,1030012790.00
20160614,217.31,222.25,217.31,221.40,25587.0,696446744.00
20160615,219.75,225.50,219.34,224.44,27322.0,752172235.00
20160616,223.12,225.50,222.24,222.43,19643.0,540824570.00
20160617,222.09,229.31,222.09,225.88,24705.0,689165054.00
20160620,227.10,227.17,222.42,224.13,19019.0,523759587.00
20160621,224.88,225.62,221.61,222.26,16749.0,460067364.00
20160622,222.23,226.77,221.42,226.02,20884.0,577353686.00
20160623,227.26,227.26,223.13,224.40,13984.0,386801287.00
20160624,223.46,224.85,216.90,222.23,20129.0,550877435.00
20160627,223.23,237.27,223.23,233.52,63642.0,1823624050.00
20160628,232.99,235.13,232.42,233.95,24282.0,699351511.00
20160629,233.42,234.96,230.70,233.93,28147.0,805690468.00
20160630,235.42,242.06,235.42,236.96,38022.0,1116195906.00
20160701,238.17,242.05,235.51,237.31,26014.0,746622841.00
20160704,238.00,244.97,237.17,243.72,29488.0,859625100.00
20160705,244.66,251.35,244.66,249.26,41707.0,1252985739.00
20160706,248.61,263.71,247.96,263.04,47347.0,1463885917.00
20160707,261.88,271.01,258.80,262.80,50725.0,1619384207.00
20160708,260.00,261.63,253.89,257.00,45545.0,1412963904.00
20160711,256.27,268.68,256.27,261.34,57481.0,1825388220.00
20160712,261.85,270.84,261.22,269.29,53119.0,1712151169.00
20160713,267.88,269.29,261.26,263.04,53448.0,1697002627.00
20160714,262.12,266.03,261.39,262.95,29230.0,928017845.00
20160715,262.98,263.73,261.27,263.31,26811.0,848676195.00
20160718,263.29,264.95,261.77,262.22,23352.0,741065232.00
20160719,261.63,262.30,253.38,255.51,41431.0,1282256493.00
20160720,255.93,257.79,255.00,255.88,17733.0,548187889.00
20160721,257.20,263.38,256.24,260.71,33009.0,1041004812.00
20160722,259.48,261.39,254.90,255.35,28871.0,893047921.00
20160725,255.08,260.55,254.59,258.12,23623.0,736751814.00
20160726,256.25,264.95,255.83,264.57,35555.0,1121135548.00
20160727,265.24,265.86,255.66,260.40,39228.0,1235833182.00
20160728,258.73,264.79,258.32,262.09,39643.0,1254912053.00
20160729,261.29,264.44,259.56,259.69,29007.0,913987190.00
20160801,259.56,260.35,252.93,254.55,31701.0,980681835.00
20160802,254.79,257.49,251.14,253.93,26541.0,812078461.00
20160803,254.59,255.33,252.22,254.44,24039.0,735080442.00
20160804,254.46,255.69,252.28,254.01,21793.0,666165432.00
20160805,254.16,255.72,252.95,253.70,20308.0,622324412.00
20160808,253.88,255.66,251.32,255.50,22007.0,672724165.00
20160809,255.56,263.43,254.10,261.84,39289.0,1230571980.00
20160810,261.26,262.46,259.83,260.23,20944.0,659451040.00
20160811,260.71,266.67,260.40,262.69,31939.0,1016399254.00
20160812,263.21,263.21,260.40,262.85,23352.0,737487495.00
20160815,261.88,266.77,260.51,264.35,34110.0,1084418386.00
20160816,267.02,267.42,255.41,256.68,88378.0,2755749508.00
20160817,256.74,257.88,254.17,255.55,43754.0,1347397784.00
20160818,255.37,256.78,253.03,254.11,31005.0,951674783.00
20160819,253.59,254.96,252.76,254.15,19140.0,585467699.00
20160822,253.86,256.73,253.76,254.85,20812.0,640455200.00
20160823,254.86,256.28,253.59,254.49,19914.0,612752800.00
20160824,254.60,254.99,251.96,253.16,22779.0,695005299.00
20160825,253.09,253.24,248.84,251.28,25362.0,766099099.00
20160826,251.38,252.55,249.11,249.98,21436.0,648346749.00
20160829,255.41,256.08,253.09,255.03,38055.0,1169052449.00
20160830,254.59,255.83,252.65,253.64,21170.0,649198656.00
20160831,254.34,257.70,253.37,257.23,40401.0,1250762220.00
20160901,256.82,258.73,255.62,256.00,17185.0,532785268.00
20160902,255.41,256.62,252.83,253.57,18572.0,570909575.00
20160905,253.92,256.24,253.60,255.83,19138.0,589626257.00
20160906,255.83,257.37,255.71,257.02,20625.0,638681582.00
20160907,256.81,256.81,253.34,254.25,29645.0,908976239.00
20160908,253.10,254.17,252.44,253.61,16705.0,509979664.00
20160909,254.30,254.47,252.10,252.62,16222.0,494663720.00
20160912,250.44,252.10,246.93,247.17,38238.0,1148690134.00
20160913,248.74,249.59,248.20,249.14,16255.0,488095080.00
20160914,248.86,250.61,247.13,248.42,18527.0,556106069.00
20160919,248.82,250.08,248.68,248.89,12852.0,385804380.00
20160920,249.43,249.44,243.81,244.60,34892.0,1031649944.00
20160921,244.68,244.96,239.75,243.85,39037.0,1139374180.00
20160922,244.05,248.76,243.81,246.28,29606.0,879666027.00
20160923,246.31,247.91,244.97,246.86,12671.0,376554085.00
20160926,246.29,246.30,239.29,239.43,37176.0,1080278313.00
20160927,239.56,242.13,239.46,241.46,17915.0,520513707.00
20160928,241.97,241.97,238.46,239.17,22360.0,648736325.00
20160929,238.71,242.98,238.71,241.30,23705.0,688873467.00
20160930,240.49,248.47,240.49,247.05,29603.0,880477802.00
20161010,247.55,251.98,247.55,251.24,21103.0,637178860.00
20161011,252.10,256.24,251.27,256.18,41736.0,1279755341.00
20161012,255.83,255.83,252.84,253.61,19286.0,590793820.00
20161013,254.42,254.54,251.69,252.01,16143.0,491591611.00
20161014,251.66,253.76,251.43,253.42,12690.0,386317907.00
20161017,253.30,253.34,250.02,250.81,18957.0,574503339.00
20161018,250.85,255.83,250.44,254.72,30389.0,932443506.00
20161019,255.83,256.04,253.01,254.13,14123.0,433658684.00
20161020,254.91,254.91,252.76,253.33,14079.0,429896204.00
20161021,252.99,253.33,250.93,252.26,11483.0,349209700.00
20161024,250.94,254.59,250.94,254.53,26246.0,802002339.00
20161025,254.91,259.56,254.91,259.51,43762.0,1363211035.00
20161026,259.56,263.96,258.44,260.13,46813.0,1475976854.00
20161027,259.55,263.89,257.91,262.77,32951.0,1039017331.00
20161028,263.29,264.06,260.39,262.92,20137.0,637478016.00
20161031,264.54,267.69,262.71,263.67,43596.0,1394967912.00
20161101,263.67,264.54,261.68,262.61,19512.0,617880127.00
20161102,262.12,263.01,260.13,261.37,20636.0,650629063.00
20161103,261.22,262.43,260.51,261.93,18690.0,589861356.00
20161104,262.04,263.91,260.37,261.07,20619.0,650489997.00
20161107,261.22,262.88,259.73,261.49,16047.0,505304908.00
20161108,262.46,267.17,261.78,265.37,34193.0,1093003608.00
20161109,265.37,267.00,260.22,262.72,30004.0,951077199.00
20161110,264.62,266.20,263.48,264.64,17804.0,568571580.00
20161111,263.70,263.96,261.05,261.29,35902.0,1133744319.00
20161114,261.68,261.94,257.07,257.89,39920.0,1246340872.00
20161115,257.10,261.76,257.10,260.40,24470.0,766112493.00
20161116,260.23,261.55,258.73,259.69,13399.0,419672477.00
20161117,258.80,259.56,257.51,257.94,18337.0,570642087.00
20161118,258.04,258.57,256.97,257.07,19377.0,601883505.00
20161121,257.92,258.45,255.72,256.66,26083.0,807014528.00
20161122,257.32,257.45,255.72,256.14,26424.0,816561740.00
20161123,257.90,259.56,256.34,259.52,34015.0,1058266299.00
20161124,259.73,262.88,258.25,262.82,39078.0,1227937711.00
20161125,262.91,263.71,259.91,262.79,22369.0,706042467.00
20161128,263.33,265.52,262.55,264.95,49253.0,1568882892.00
20161129,265.95,274.03,264.88,268.65,58830.0,1911874428.00
20161130,266.38,268.10,264.08,264.60,26752.0,855564591.00
20161201,265.37,269.17,264.27,266.21,27941.0,896065026.00
20161202,266.20,268.02,264.54,266.83,30628.0,984836869.00
20161205,264.70,269.13,261.90,261.99,42060.0,1342647367.00
20161206,262.24,270.82,262.24,270.69,38923.0,1251764484.00
20161207,271.27,272.41,268.66,271.54,25271.0,825849253.00
20161208,272.01,281.95,271.17,280.05,54475.0,1825332444.00
20161209,279.63,281.47,276.99,280.09,34495.0,1162079790.00
20161212,280.04,281.95,270.09,271.05,50332.0,1667557014.00
20161213,271.04,277.81,269.93,276.15,41780.0,1384533791.00
20161214,276.15,277.03,272.41,275.54,32029.0,1062697134.00
20161215,275.70,276.14,269.99,272.04,39202.0,1285279910.00
20161216,271.17,273.56,268.33,271.65,25051.0,818412412.00
20161219,270.34,277.28,270.02,270.31,30471.0,1002365464.00
20161220,270.37,271.17,266.87,270.74,30831.0,1001345157.00
20161221,271.09,273.07,268.32,272.55,24711.0,807548103.00
20161222,272.00,272.38,269.41,269.68,14678.0,478750707.00
20161223,268.31,269.10,264.64,265.39,31095.0,1001068077.00
20161226,264.56,269.50,262.21,269.08,26001.0,835811093.00
20161227,269.11,272.66,268.27,270.47,20062.0,655887935.00
20161228,271.16,272.00,268.13,268.45,17878.0,581648979.00
20161229,268.68,271.89,267.85,271.43,21225.0,690986078.00
20161230,270.85,278.05,270.85,277.10,34687.0,1152982239.00
20170103,277.21,279.46,275.99,277.44,20763.0,695005298.00
20170104,277.49,292.04,277.47,291.83,65257.0,2245051865.00
20170105,290.24,291.45,286.46,287.54,41704.0,1449077676.00
20170106,287.46,298.35,287.01,290.87,68095.0,2402546296.00
20170109,288.42,292.63,287.37,289.01,35405.0,1233977973.00
20170110,288.96,291.90,287.42,289.41,31727.0,1108100804.00
20170111,288.59,288.59,284.85,286.47,23598.0,814074636.00
20170112,287.38,288.09,285.69,287.80,17779.0,614822050.00
20170113,287.74,288.08,285.17,285.99,18282.0,631734939.00
20170116,285.38,285.93,280.96,283.17,36855.0,1259384863.00
20170117,284.11,291.49,283.61,289.52,35188.0,1223967880.00
20170118,289.32,295.86,287.93,294.46,46005.0,1622110970.00
20170119,294.39,297.28,291.65,294.16,28523.0,1011320058.00
20170120,294.31,296.38,292.76,294.38,21344.0,758415995.00
20170123,295.95,298.37,289.80,291.26,32581.0,1151869289.00
20170124,291.30,292.57,287.55,290.50,26914.0,939129473.00
20170125,290.23,290.23,287.09,288.28,22990.0,799259963.00
20170126,288.70,289.25,283.03,285.62,37826.0,1303262150.00
20170203,286.93,289.56,286.10,287.63,20936.0,727140789.00
20170206,288.99,289.32,286.06,287.63,15680.0,543401899.00
20170207,287.62,288.09,284.56,284.92,20519.0,707114116.00
20170208,285.07,286.51,284.17,285.44,19088.0,656786314.00
20170209,286.10,289.24,285.77,288.26,23324.0,808958183.00
20170210,289.10,290.09,286.10,286.16,24056.0,835679322.00
20170213,285.27,291.82,283.54,290.04,53587.0,1869148354.00
20170214,289.86,292.40,289.50,290.42,26558.0,931733734.00
20170215,291.49,292.27,287.92,289.03,26256.0,917475854.00
20170216,289.00,289.10,286.52,288.66,17642.0,612607282.00
20170217,289.33,293.93,288.17,290.71,29102.0,1022647971.00
20170220,290.58,300.46,290.25,299.61,61853.0,2215563601.00
20170221,300.10,300.55,296.20,297.49,27705.0,994112865.00
20170222,299.04,303.94,298.54,300.10,37130.0,1347469102.00
20170223,299.34,303.08,298.34,299.95,23328.0,844123194.00
20170224,300.20,300.93,298.58,300.71,17692.0,639123205.00
20170227,300.60,300.90,295.88,296.21,25400.0,912927183.00
20170228,296.05,297.87,293.21,294.11,27473.0,975788668.00
20170301,294.47,297.04,294.39,295.73,21944.0,782349009.00
20170302,295.81,296.05,294.00,295.90,22103.0,785560420.00
20170303,294.39,297.06,294.39,295.67,14153.0,505108556.00
20170306,296.60,298.16,295.68,297.67,22818.0,818625871.00
20170307,296.90,305.90,296.90,304.51,46286.0,1694198549.00
20170308,304.49,305.58,303.10,304.57,16037.0,588667675.00
20170309,304.34,306.81,303.15,306.75,23406.0,860084024.00
20170310,306.76,312.63,305.47,306.71,40951.0,1524343094.00
20170313,306.87,310.42,304.78,308.11,27674.0,1027592800.00
20170314,308.11,310.02,305.45,306.41,20416.0,756359624.00
20170315,306.41,311.10,306.01,310.71,25155.0,935994827.00
20170316,312.27,313.71,309.15,310.79,25022.0,938231439.00
20170317,309.40,318.81,309.40,313.86,34700.0,1315336843.00
20170320,315.54,320.69,314.19,320.44,31545.0,1209603913.00
20170321,320.55,328.81,320.51,326.74,48460.0,1901883740.00
20170322,323.85,327.23,319.27,327.13,45532.0,1775217767.00
20170323,325.10,326.72,320.60,323.24,34504.0,1345058757.00
20170324,325.34,326.09,319.27,320.78,33287.0,1292313386.00
20170327,320.12,322.80,313.79,314.14,53690.0,2054742982.00
20170328,315.08,316.08,312.35,315.34,41187.0,1558258565.00
20170329,315.96,319.93,315.04,318.15,37299.0,1429610961.00
20170330,317.61,320.84,317.28,320.21,31612.0,1216016529.00
20170331,320.26,321.76,318.59,320.40,24474.0,945503282.00
20170405,319.82,327.55,319.27,323.13,40789.0,1594997313.00
20170406,322.59,325.90,320.62,325.00,28857.0,1125204238.00
20170407,325.89,326.73,323.08,325.79,24097.0,945589197.00
20170410,326.73,326.73,321.76,322.75,28869.0,1126296265.00
20170411,321.80,324.00,315.62,319.51,43530.0,1679537545.00
20170412,319.51,324.24,319.10,323.61,27002.0,1049245582.00
20170413,324.06,330.54,323.84,330.37,45648.0,1805008871.00
20170414,331.23,331.61,327.56,327.93,23646.0,938378987.00
20170417,324.24,330.28,322.21,328.22,28793.0,1136763705.00
20170418,327.23,337.14,327.23,335.56,49581.0,1987661267.00
20170419,334.20,339.25,334.08,336.47,37550.0,1521983651.00
20170420,336.76,348.65,336.76,344.40,50457.0,2091241453.00
20170421,344.15,344.64,331.71,332.15,49332.0,2015062634.00
20170424,332.22,335.85,322.59,330.51,50037.0,1986424986.00
20170425,335.69,348.43,335.69,347.37,76192.0,3143136342.00
20170426,347.34,355.49,342.50,346.60,56624.0,2384125120.00
20170427,344.59,349.93,340.36,349.49,28240.0,1180494894.00
20170428,349.94,350.78,339.92,342.89,49505.0,2052093809.00
20170502,341.33,344.15,339.32,341.73,23291.0,960137243.00
20170503,340.83,346.35,340.83,346.31,20267.0,842560358.00
20170504,343.84,347.03,343.84,344.98,26709.0,1111200116.00
20170505,345.14,350.60,344.23,345.13,37437.0,1566063418.00
20170508,345.13,345.81,335.62,336.25,40721.0,1671035538.00
20170509,335.39,339.90,330.05,338.97,52801.0,2126236509.00
20170510,338.67,343.68,337.53,340.07,26039.0,1070652714.00
20170511,338.67,343.90,337.11,341.79,30467.0,1254053012.00
20170512,342.98,344.40,340.01,342.88,22337.0,921621377.00
20170515,342.59,348.58,342.59,347.92,33447.0,1398908200.00
20170516,347.96,357.60,346.85,356.69,50164.0,2145037948.00
20170517,355.76,356.74,352.34,353.77,27515.0,1174696177.00
20170518,352.48,357.17,352.45,356.20,24300.0,1040535480.00
20170519,356.23,366.37,356.23,365.56,38310.0,1672948423.00
20170522,364.08,369.86,361.73,366.35,35321.0,1560087945.00
20170523,366.74,376.88,366.74,376.65,48454.0,2178738025.00
20170524,375.58,378.54,369.85,373.44,40226.0,1812513084.00
20170525,372.10,375.63,371.10,373.67,28898.0,1299628591.00
20170526,373.85,377.81,371.51,374.76,27386.0,1237323135.00
20170531,373.17,373.59,364.97,367.32,44312.0,1968887174.00
20170601,366.95,373.13,365.72,372.57,40604.0,1808305713.00
20170602,373.17,373.96,369.52,370.94,21785.0,974893317.00
20170605,371.55,372.34,366.83,368.54,19241.0,854876925.00
20170606,369.00,372.34,368.36,372.19,20402.0,912438705.00
20170607,372.44,381.46,372.44,380.94,38834.0,1774212484.00
20170608,382.56,385.11,380.22,385.04,28951.0,1338443407.00
20170609,384.98,390.42,383.95,386.22,31430.0,1467836835.00
20170612,387.27,394.27,385.61,392.14,35109.0,1654501999.00
20170613,392.29,393.49,387.27,392.28,24237.0,1141536364.00
20170614,392.07,395.98,390.15,393.40,33768.0,1600846629.00
20170615,393.90,394.30,384.78,385.03,50202.0,2347172380.00
20170616,382.71,387.67,382.51,383.64,33331.0,1544955944.00
20170619,383.09,390.08,383.09,389.90,38536.0,1803585246.00
20170620,392.24,393.80,386.16,386.69,34505.0,1614858151.00
20170621,389.38,392.24,386.46,392.00,42038.0,1974672846.00
20170622,392.26,396.33,390.75,392.04,38242.0,1815684370.00
20170623,392.13,393.80,388.37,392.02,31303.0,1473803782.00
20170626,392.25,402.20,391.41,401.93,52932.0,2536430501.00
20170627,400.39,402.20,398.75,401.45,27980.0,1350476765.00
20170628,401.44,401.44,392.24,394.15,37728.0,1799676818.00
20170629,394.98,395.85,389.76,392.25,35092.0,1657994404.00
20170630,391.01,393.21,387.93,391.29,22427.0,1056424784.00
20170703,393.24,393.24,379.72,381.77,49628.0,2298656458.00
20170704,380.60,381.46,372.34,374.76,56488.0,2563886390.00
20170705,375.67,381.74,375.67,381.57,37540.0,1718844532.00
20170706,379.90,381.63,373.67,378.13,42044.0,1913037511.00
20170707,379.70,379.74,371.40,375.42,37796.0,1681450714.00
20170710,376.19,382.94,372.89,382.57,36624.0,1648443670.00
20170711,382.60,391.09,382.18,389.86,44601.0,2054854503.00
20170712,392.11,392.27,383.02,385.10,28950.0,1330327923.00
20170713,383.32,388.84,381.91,384.00,25951.0,1183440451.00
20170714,384.07,386.19,381.38,384.21,17726.0,806510273.00
20170717,384.74,385.58,375.68,378.87,35263.0,1595292990.00
20170718,380.49,382.17,377.13,380.96,30684.0,1384468254.00
20170719,382.18,390.28,381.17,384.59,56259.0,2574934655.00
20170720,383.74,393.03,383.74,392.68,46634.0,2160731540.00
20170721,393.09,399.87,390.31,398.34,46792.0,2207195747.00
20170724,399.76,408.57,399.76,402.21,42716.0,2052709805.00
20170725,405.92,406.42,400.78,402.35,21929.0,1051446103.00
20170726,402.42,405.44,392.75,397.02,31470.0,1487729147.00
20170727,397.02,400.57,396.57,398.91,19595.0,928077230.00
20170728,396.49,407.49,393.72,407.37,46618.0,2235811533.00
20170731,407.43,410.77,404.91,405.09,38412.0,1861154799.00
20170801,404.91,406.59,401.88,404.27,27501.0,1318453670.00
20170802,404.10,408.17,402.81,406.46,26774.0,1289564021.00
20170803,407.16,409.83,400.39,401.73,31768.0,1522998147.00
20170804,401.54,403.21,397.84,398.71,18681.0,887074164.00
20170807,397.75,406.09,396.60,405.38,23099.0,1104715336.00
20170808,405.75,407.62,403.65,406.24,16051.0,773408185.00
20170809,408.14,414.99,405.77,413.20,41794.0,2045888052.00
20170810,413.40,420.57,411.64,413.86,35364.0,1747693641.00
20170811,411.64,418.00,407.00,407.48,36572.0,1785149162.00
20170814,408.45,420.99,408.45,420.76,39331.0,1952353920.00
20170815,420.99,421.83,416.70,417.51,27163.0,1350104673.00
20170816,419.22,419.89,415.01,417.95,18587.0,921412991.00
20170817,418.88,418.88,412.32,414.75,25846.0,1272341256.00
20170818,414.84,416.22,410.80,412.19,23857.0,1169732673.00
20170821,410.80,416.19,409.91,412.26,23546.0,1153168712.00
20170822,410.30,412.05,400.70,410.14,42457.0,2051271354.00
20170823,408.65,416.38,407.70,415.86,27214.0,1337347647.00
20170824,415.84,417.87,414.18,414.85,18156.0,896861683.00
20170825,415.39,416.06,411.91,415.00,17297.0,850598725.00
20170828,415.01,418.62,413.35,414.20,29021.0,1432545547.00
20170829,415.03,416.59,410.81,412.01,25176.0,1234431719.00
20170830,412.23,415.64,411.78,414.98,18503.0,910133939.00
20170831,415.88,416.59,412.32,413.45,18736.0,921659704.00
20170901,412.65,417.77,412.51,416.84,31451.0,1554634575.00
20170904,416.84,418.09,413.55,414.52,18931.0,932954810.00
20170905,414.91,415.84,412.06,412.48,22622.0,1112006392.00
20170906,412.48,414.82,408.14,408.26,33006.0,1608066103.00
20170907,408.54,409.87,404.12,405.14,33320.0,1605408576.00
20170908,402.59,404.49,399.02,399.33,41173.0,1962989430.00
20170911,396.57,405.93,395.63,402.65,45374.0,2161657241.00
20170912,403.65,409.12,402.72,408.20,34341.0,1661294228.00
20170913,408.28,414.34,405.23,413.86,33075.0,1618956527.00
20170914,415.00,415.88,411.63,413.08,19399.0,953145166.00
20170915,414.59,414.59,410.80,412.35,16039.0,786562205.00
20170918,412.60,421.32,412.60,420.04,42206.0,2101680376.00
20170919,421.15,423.01,417.54,418.33,23054.0,1151152851.00
20170920,418.29,420.92,417.53,417.70,17318.0,862024944.00
20170921,417.48,421.39,414.91,419.87,19402.0,963615276.00
20170922,418.29,421.05,417.37,420.84,16343.0,815718865.00
20170925,421.16,427.80,421.15,427.00,32697.0,1649582919.00
20170926,426.53,429.32,423.93,428.72,25470.0,1292872632.00
20170927,428.41,430.19,426.01,427.81,16671.0,847627355.00
20170928,426.96,437.91,426.92,436.44,25969.0,1340236075.00
20170929,434.37,442.69,433.95,435.75,22436.0,1166403112.00
20171009,441.56,450.83,437.82,444.28,34891.0,1844481600.00
20171010,443.67,454.99,443.64,454.62,31006.0,1662690453.00
20171011,452.97,464.04,452.97,459.24,33406.0,1824898708.00
20171012,458.78,460.89,454.73,458.02,19646.0,1067464518.00
20171013,458.78,468.55,456.27,468.17,27858.0,1534212915.00
20171016,471.40,477.02,467.93,471.99,29909.0,1676809992.00
20171017,472.23,472.23,466.36,468.66,20977.0,1168943280.00
20171018,466.53,473.59,466.53,472.02,19178.0,1072237528.00
20171019,472.25,492.58,472.02,490.44,40658.0,2338901855.00
20171020,489.09,489.09,481.31,483.47,31534.0,1812957242.00
20171023,483.97,488.67,478.14,482.70,23771.0,1362900409.00
20171024,481.51,483.03,474.45,477.58,31274.0,1775645971.00
20171025,479.62,481.24,473.14,476.18,25076.0,1418395221.00
20171026,509.29,516.03,498.27,509.37,115434.0,6957625411.00
20171027,506.86,551.38,505.11,546.86,84383.0,5284485766.00
20171030,541.32,542.12,522.76,523.67,81007.0,5099041747.00
20171031,523.61,528.32,515.08,520.26,51875.0,3206280600.00
20171101,522.66,531.63,521.26,524.45,43435.0,2712016939.00
20171102,527.77,530.15,522.76,527.74,34249.0,2144671943.00
20171103,529.20,541.65,529.20,538.06,48188.0,3075651167.00
20171106,540.02,553.59,538.92,549.75,48513.0,3153638704.00
20171107,547.66,553.19,537.22,540.50,55564.0,3592238407.00
20171108,540.72,550.96,540.72,547.49,43951.0,2855374070.00
20171109,545.49,550.67,542.64,547.23,33641.0,2183815390.00
20171110,547.53,575.29,547.53,570.70,74078.0,4967970730.00
20171113,572.43,583.19,568.89,579.06,49869.0,3402794002.00
20171114,578.44,578.50,570.20,571.37,46366.0,3159112664.00
20171115,571.37,580.84,567.38,579.23,45036.0,3074244081.00
20171116,577.49,606.07,577.49,605.35,60716.0,4299283185.00
20171117,585.90,596.84,570.55,581.06,123861.0,8548747991.00
20171120,569.73,577.14,555.59,571.71,88305.0,5954131851.00
20171121,563.17,579.83,557.29,570.11,96016.0,6491134445.00
20171122,569.90,579.16,547.17,547.61,128498.0,8528143403.00
20171123,540.44,543.81,530.52,533.48,109599.0,6984097475.00
20171124,535.30,540.86,523.80,530.37,76541.0,4835808966.00
20171127,533.70,535.67,516.03,523.00,63548.0,3975262024.00
20171128,526.18,546.23,525.29,545.68,70291.0,4491543613.00
20171129,547.12,548.83,533.71,537.17,46763.0,3005733412.00
20171130,534.97,545.89,526.97,531.18,38019.0,2419959854.00
20171201,537.08,537.90,522.03,523.90,47192.0,2959772009.00
20171204,525.24,542.21,519.16,536.89,54267.0,3436687377.00
20171205,533.70,544.98,530.45,532.83,47465.0,3026076465.00
20171206,531.60,542.21,521.92,526.14,58174.0,3657236582.00
20171207,526.09,526.12,517.93,519.13,51032.0,3155212010.00
20171208,518.06,529.37,518.06,528.05,45503.0,2842464437.00
20171211,531.18,548.81,531.18,548.01,72849.0,4702239221.00
20171212,554.50,554.56,548.03,548.28,47889.0,3138650306.00
20171213,551.37,564.01,547.78,562.50,48502.0,3197982045.00
20171214,563.99,565.10,556.01,559.42,31967.0,2126665894.00
20171215,558.96,562.28,547.83,550.36,32255.0,2126579404.00
20171218,555.59,563.84,554.40,560.45,39162.0,2599749872.00
20171219,558.12,566.06,556.43,561.56,44072.0,2944470867.00
20171220,563.92,578.20,558.98,576.56,63601.0,4321305755.00
20171221,574.95,578.67,568.64,573.89,46680.0,3178595839.00
20171222,572.43,577.39,569.91,574.88,28317.0,1930315469.00
20171225,577.48,586.15,575.56,579.26,36214.0,2497653982.00
20171226,579.31,583.36,569.48,573.11,31867.0,2174103282.00
20171227,576.52,576.52,557.70,559.11,37722.0,2539720696.00
20171228,578.32,606.01,565.12,605.00,124141.0,8656875718.00
20171229,604.42,611.57,582.19,587.15,76038.0,5372514665.00
20180102,589.26,597.82,580.75,592.50,49612.0,3482407646.00
20180103,590.53,607.28,589.04,602.61,52019.0,3713523701.00
20180104,607.28,625.88,605.53,620.47,72205.0,5309890210.00
20180105,623.78,628.01,613.02,621.55,39989.0,2946493012.00
20180108,618.74,636.82,618.74,633.15,52204.0,3899951719.00
20180109,633.21,659.13,633.21,658.73,64591.0,5001164506.00
20180110,660.82,664.08,651.12,661.41,47714.0,3731993154.00
20180111,662.50,663.34,649.87,652.24,50656.0,3942075854.00
20180112,651.36,664.02,645.68,663.70,45988.0,3577281776.00
20180115,667.94,672.65,655.78,661.13,52473.0,4136645487.00
20180116,657.01,663.86,646.51,650.66,65428.0,5084966063.00
20180117,648.19,651.56,621.68,629.61,90709.0,6835580477.00
20180118,629.61,643.98,626.38,631.98,58978.0,4443031233.00
20180119,633.79,638.85,622.11,631.50,50925.0,3818021990.00
20180122,632.88,651.56,632.88,651.25,67126.0,5129674653.00
20180123,654.76,656.61,647.01,651.37,49549.0,3836387690.00
20180124,653.61,653.63,638.59,643.53,43298.0,3311348774.00
20180125,640.61,653.24,632.19,647.48,50040.0,3821875040.00
20180126,645.87,654.42,643.14,654.27,43978.0,3389953777.00
20180129,655.56,656.33,618.73,619.84,74535.0,5637041971.00
20180130,619.57,630.32,614.53,624.69,51911.0,3852705098.00
20180131,622.09,649.63,622.09,643.59,60402.0,4601994781.00
20180201,645.66,645.92,633.81,637.86,50582.0,3846421612.00
20180202,633.22,634.07,610.31,623.27,75420.0,5583742782.00
20180205,612.18,614.48,593.98,604.61,98995.0,7104095616.00
20180206,591.79,608.29,591.79,596.72,88168.0,6270888575.00
20180207,606.10,609.37,574.12,575.31,88289.0,6231141116.00
20180208,574.28,604.42,574.28,590.10,83409.0,5860233484.00
20180209,572.43,580.75,553.91,575.31,105578.0,7160206330.00
20180212,581.69,593.89,576.80,587.14,64179.0,4466343242.00
20180213,593.49,601.74,593.05,599.35,53389.0,3793782378.00
20180214,606.10,606.10,599.55,604.79,30652.0,2198728707.00
20180222,612.24,626.30,608.83,625.00,50764.0,3717469267.00
20180223,628.83,636.88,620.41,625.02,38158.0,2844936758.00
20180226,628.73,633.08,617.06,625.89,43658.0,3243216345.00
20180227,630.51,636.40,620.59,621.23,42601.0,3181778842.00
20180228,616.20,624.87,605.26,610.83,48330.0,3522004686.00
20180301,612.83,628.70,609.27,624.59,44794.0,3303604158.00
20180302,621.25,625.93,614.52,619.91,25991.0,1912613830.00
20180305,621.40,624.62,603.60,606.19,37234.0,2703926955.00
20180306,610.31,612.50,586.85,604.63,64570.0,4581658583.00
20180307,601.89,609.47,596.83,597.71,34595.0,2480929043.00
20180308,601.05,609.47,596.00,608.42,35349.0,2540452000.00
20180309,612.45,616.68,609.05,613.00,30171.0,2199081672.00
20180312,614.14,617.82,608.43,609.42,39888.0,2900950557.00
20180313,608.62,611.65,597.68,597.98,38577.0,2764426996.00
20180314,597.40,612.90,595.34,611.89,37355.0,2683830110.00
20180315,612.85,628.83,612.85,628.38,56148.0,4161645760.00
20180316,629.33,634.70,621.99,622.81,35855.0,2676682524.00
20180319,626.28,634.71,622.09,634.28,38666.0,2897348542.00
20180320,631.35,633.04,622.94,629.44,28877.0,2154897794.00
20180321,631.45,633.97,622.94,624.62,26742.0,1996584261.00
20180322,626.30,629.67,609.47,611.22,37486.0,2748721669.00
20180323,590.10,609.04,589.33,598.57,52546.0,3727044980.00
20180326,596.00,601.94,590.85,600.62,46256.0,3276880070.00
20180327,608.62,611.05,592.63,601.67,47548.0,3399900239.00
20180328,589.24,591.79,563.17,574.15,113539.0,7786098263.00
20180329,574.28,587.45,554.25,580.09,79081.0,5362890034.00
20180330,577.48,583.79,572.33,575.47,36540.0,2502696336.00
20180402,572.43,581.69,567.47,572.48,32039.0,2185060765.00
20180403,570.74,578.32,568.55,570.67,40235.0,2737509485.00
20180404,574.11,589.62,572.75,584.22,56891.0,3948712791.00
20180409,586.82,593.83,580.97,587.83,30833.0,2149178950.00
20180410,593.30,596.42,587.97,596.01,32043.0,2252069676.00
20180411,597.68,601.70,591.81,593.77,25723.0,1822237882.00
20180412,592.63,595.05,582.71,584.38,30713.0,2139139504.00
20180413,588.00,590.10,576.70,578.20,27549.0,1904051062.00
20180416,572.92,578.19,569.90,573.59,32939.0,2241463093.00
20180417,576.64,576.96,560.30,560.81,35172.0,2377407817.00
20180418,564.85,564.85,542.96,551.92,62616.0,4104175827.00
20180419,555.46,572.43,552.78,572.39,44207.0,2976468492.00
20180420,573.27,584.21,562.52,564.23,41511.0,2831559751.00
20180423,560.65,572.70,560.65,567.38,32659.0,2196761047.00
20180424,569.06,583.79,568.22,580.74,47282.0,3252280969.00
20180425,580.00,582.53,574.97,581.66,25252.0,1738767067.00
20180426,582.53,582.76,566.53,570.94,35047.0,2378744475.00
20180427,576.85,579.46,551.38,557.72,57915.0,3866680412.00
20180502,555.59,563.16,543.01,562.18,70259.0,4589885607.00
20180503,560.64,567.11,553.91,564.75,36326.0,2426248236.00
20180504,564.83,568.07,556.07,558.01,37375.0,2492610223.00
20180507,555.55,590.85,553.71,587.72,85591.0,5858519223.00
20180508,587.60,599.47,587.60,596.70,62497.0,4414037853.00
20180509,596.91,599.62,586.84,590.90,32331.0,2267880036.00
20180510,592.21,602.73,592.21,601.21,39293.0,2794919589.00
20180511,605.00,614.94,602.48,604.43,39141.0,2826877192.00
20180514,609.47,625.46,609.47,624.96,51014.0,3753818029.00
20180515,627.99,628.36,617.88,625.51,38055.0,2811622722.00
20180516,622.94,627.70,617.28,618.32,30795.0,2275092450.00
20180517,618.83,620.83,609.47,612.31,28517.0,2077476640.00
20180518,609.46,623.78,607.10,622.36,29255.0,2140724039.00
20180521,626.30,629.08,616.60,618.57,29059.0,2150582003.00
20180522,618.91,622.80,614.53,622.57,16998.0,1250693946.00
20180523,622.94,622.94,609.11,609.28,28268.0,2061375201.00
20180524,606.10,613.39,600.21,602.23,30416.0,2191695815.00
20180525,599.36,611.99,599.36,603.46,26511.0,1908701139.00
20180528,604.42,623.49,601.99,623.27,42805.0,3129960293.00
20180529,621.92,631.35,615.59,615.72,40820.0,3029700816.00
20180530,612.18,620.66,606.14,611.04,37147.0,2706486799.00
20180531,614.73,632.72,614.72,632.30,71852.0,5356222572.00
20180601,632.30,635.55,621.89,627.24,36177.0,2694415011.00
20180604,633.33,659.05,627.88,658.27,73805.0,5697540359.00
20180605,662.08,668.98,654.28,663.38,52629.0,4136578582.00
20180606,663.34,674.24,658.54,661.45,48969.0,3870616725.00
20180607,665.01,669.70,655.68,657.42,39167.0,3078137471.00
20180608,656.61,661.57,648.19,654.88,34958.0,2712363711.00
20180611,653.28,661.66,646.78,653.01,36547.0,2837404005.00
20180612,654.92,676.39,653.66,672.76,55287.0,4385043270.00
20180613,673.44,675.65,664.08,665.30,35244.0,2803441679.00
20180614,665.03,668.22,652.55,661.77,36159.0,2830514231.00
20180615,660.12,664.71,656.62,660.23,31707.0,2455441877.00
20180619,656.53,656.53,629.21,630.07,60195.0,4535664030.00
20180620,632.63,653.12,632.63,651.92,45838.0,3454583692.00
20180621,653.31,664.98,647.80,648.27,39182.0,3013867644.00
20180622,643.73,654.83,640.31,654.43,28854.0,2190055865.00
20180625,653.97,665.05,653.03,653.60,32934.0,2543272262.00
20180626,653.38,657.29,637.75,644.41,46577.0,3516945435.00
20180627,642.02,646.29,615.55,616.78,57298.0,4194739085.00
20180628,609.58,613.85,595.06,606.96,50833.0,3610842734.00
20180629,608.13,625.20,601.89,624.48,32929.0,2378884218.00
20180702,627.10,631.20,600.19,607.49,37558.0,2709882026.00
20180703,605.96,611.10,579.04,593.29,82837.0,5743330241.00
20180704,590.80,597.63,587.38,589.86,37990.0,2637494710.00
20180705,597.63,611.46,597.63,599.67,47123.0,3333680083.00
20180706,603.60,615.49,596.99,609.68,44156.0,3140922350.00
20180709,614.73,623.12,614.47,620.88,40572.0,2944655287.00
20180710,622.38,624.52,609.01,619.62,29010.0,2096683487.00
20180711,606.16,618.12,599.52,614.34,24278.0,1736875980.00
20180712,612.99,632.77,612.99,629.67,40170.0,2947129140.00
20180713,633.74,638.69,627.61,637.74,28907.0,2152944602.00
20180716,642.28,652.36,641.19,644.31,32474.0,2454501604.00
20180717,646.29,646.29,628.38,633.85,27806.0,2064190615.00
20180718,633.85,640.05,627.51,629.59,24521.0,1818760392.00
20180719,630.92,635.15,627.52,632.59,18078.0,1337080011.00
20180720,633.06,634.45,621.53,632.74,30548.0,2249792135.00
20180723,628.36,632.76,614.71,625.00,35969.0,2621763716.00
20180724,625.53,638.01,617.26,636.39,41808.0,3091209134.00
20180725,637.71,640.21,631.78,635.03,21743.0,1618737612.00
20180726,639.37,639.37,626.85,628.04,23067.0,1707662628.00
20180727,628.36,635.45,623.24,630.55,20913.0,1546655260.00
20180730,630.84,632.34,610.43,614.03,42171.0,3058614520.00
20180731,614.96,621.43,614.03,620.20,20683.0,1499353469.00
20180801,624.43,625.20,609.67,610.38,25237.0,1821933661.00
20180802,611.26,611.26,587.28,594.07,55001.0,3840134516.00
20180803,593.36,593.36,577.31,579.69,47336.0,3230239085.00
20180806,577.99,583.97,565.40,571.74,45248.0,3039091096.00
20180807,573.98,587.23,565.20,585.91,39085.0,2645263310.00
20180808,586.54,588.23,573.61,577.32,29685.0,2016438669.00
20180809,572.87,592.93,572.12,590.69,34485.0,2368461339.00
20180810,590.69,593.16,584.14,586.68,23817.0,1643993563.00
20180813,583.11,583.11,569.18,579.88,34570.0,2329262063.00
20180814,579.88,584.39,575.01,580.66,21696.0,1474124248.00
20180815,580.38,580.55,564.33,565.87,34997.0,2336994709.00
20180816,556.65,570.73,546.40,553.61,59939.0,3908421566.00
20180817,561.34,561.34,537.87,542.01,46574.0,3001465861.00
20180820,539.95,551.14,526.64,550.49,48852.0,3081035729.00
20180821,552.38,573.98,552.38,573.28,52249.0,3460897975.00
20180822,572.87,574.74,566.04,570.05,20675.0,1381418422.00
20180823,573.46,579.27,567.90,572.19,27357.0,1836880236.00
20180824,571.16,571.16,560.45,563.73,26090.0,1725516319.00
20180827,565.18,586.78,565.18,586.78,48016.0,3261483990.00
20180828,591.65,592.31,579.31,581.40,32488.0,2222697903.00
20180829,582.26,588.13,579.78,585.54,27404.0,1877474370.00
20180830,587.56,591.31,579.70,580.89,33788.0,2312993222.00
20180831,577.35,577.99,560.49,562.78,58980.0,3911486180.00
20180903,556.65,570.02,555.62,568.78,30179.0,1992654934.00
20180904,569.28,577.14,564.84,576.32,21540.0,1441658194.00
20180905,576.28,577.98,560.91,561.59,28983.0,1927600142.00
20180906,556.65,562.84,546.40,549.82,42370.0,2744204071.00
20180907,551.10,561.79,550.79,555.77,29240.0,1903829724.00
20180910,556.82,558.19,547.00,550.50,21202.0,1369296442.00
20180911,551.16,555.77,546.94,551.52,19496.0,1258466309.00
20180912,548.96,550.56,536.16,537.86,41157.0,2612360006.00
20180913,544.69,548.11,529.33,539.55,47713.0,3004019091.00
20180914,541.26,554.75,536.61,548.88,40900.0,2617626839.00
20180917,550.67,557.46,547.31,551.36,29112.0,1884188491.00
20180918,548.96,570.31,548.30,569.20,37858.0,2480477388.00
20180919,569.09,585.67,568.60,581.76,48221.0,3277470608.00
20180920,584.99,586.44,578.30,579.31,27519.0,1878075359.00
20180921,582.26,597.63,580.56,597.63,42617.0,2945196257.00
20180925,593.36,602.55,591.87,595.08,30639.0,2142679110.00
20180926,599.42,625.53,599.32,618.91,72287.0,5200777033.00
20180927,621.10,621.53,610.77,618.12,40508.0,2918965006.00
20180928,620.42,625.97,613.74,623.24,35089.0,2551115844.00
20181008,610.78,613.85,585.80,585.80,82745.0,5798721501.00
20181009,586.44,596.52,585.59,593.36,40222.0,2785526957.00
20181010,595.29,595.92,571.75,572.80,63098.0,4288785948.00
20181011,542.14,571.11,542.14,550.66,91581.0,5953169079.00
20181012,555.79,574.30,555.43,570.31,54472.0,3599837217.00
20181015,571.58,573.68,563.50,569.37,35607.0,2372056680.00
20181016,568.58,580.15,565.19,569.57,26393.0,1766613793.00
20181017,576.28,578.25,554.85,568.36,43077.0,2846537063.00
20181018,563.48,563.48,550.64,551.47,52156.0,3394332712.00
20181019,544.69,576.28,542.20,572.01,76199.0,4973381203.00
20181022,576.28,599.35,576.28,591.65,73108.0,5036971569.00
20181023,588.23,588.23,542.13,547.89,123112.0,8076618589.00
20181024,536.25,554.94,529.33,543.83,76112.0,4818473584.00
20181025,529.33,531.46,519.58,528.47,75568.0,4657019123.00
20181026,528.47,533.59,519.06,520.87,55327.0,3388947805.00
20181029,468.79,468.79,468.79,468.79,49076.0,2694714084.00
20181030,435.41,463.59,434.58,447.37,204396.0,10663392394.00
20181031,449.93,473.83,445.66,468.62,96884.0,5239853122.00
20181101,473.83,499.87,470.63,480.66,98106.0,5581027253.00
20181102,499.44,512.25,488.55,512.16,89156.0,5227695093.00
20181105,506.27,506.27,488.15,491.59,75517.0,4373994134.00
20181106,490.05,490.19,476.40,483.22,45566.0,2572068930.00
20181107,485.78,490.86,479.82,483.56,38107.0,2165679706.00
20181108,490.05,492.61,484.93,486.93,33763.0,1933594956.00
20181109,484.26,485.78,479.81,479.81,24336.0,1374731688.00
20181112,472.12,473.15,458.29,471.27,67824.0,3709848786.00
20181113,466.25,486.64,463.59,486.64,66429.0,3695850098.00
20181114,486.60,486.60,471.74,473.92,41766.0,2331999884.00
20181115,477.08,482.20,474.26,477.84,30833.0,1728199014.00
20181116,478.95,483.22,476.42,478.10,28938.0,1625453517.00
20181119,478.36,488.35,477.34,485.80,36179.0,2052509531.00
20181120,482.37,484.93,478.10,479.47,26943.0,1514353125.00
20181121,472.98,485.70,472.70,482.11,27107.0,1527915052.00
20181122,482.50,484.36,476.39,481.94,21213.0,1193347565.00
20181123,481.52,484.33,475.45,475.45,20126.0,1126652921.00
20181126,476.39,478.27,471.27,471.36,19120.0,1063536979.00
20181127,471.27,473.82,466.57,467.94,20233.0,1112920631.00
20181128,470.29,477.41,465.72,475.54,27737.0,1535544366.00
20181129,483.25,486.47,468.72,470.93,45069.0,2524752310.00
20181130,475.54,485.69,472.12,482.37,49010.0,2762808219.00
20181203,502.86,516.52,499.25,513.27,83414.0,4964130146.00
20181204,514.80,515.89,507.98,514.15,31473.0,1888148735.00
20181205,510.12,526.34,507.98,520.87,41588.0,2523641849.00
20181206,512.25,517.36,504.02,505.25,37758.0,2250440655.00
20181207,508.49,511.28,499.19,501.15,26841.0,1583970320.00
20181210,491.76,501.58,490.21,492.81,24640.0,1427993218.00
20181211,492.61,500.77,492.61,497.73,16316.0,949962155.00
20181212,502.68,503.03,497.57,502.86,19921.0,1168089518.00
20181213,503.71,518.12,503.37,513.74,40399.0,2427823194.00
20181214,510.55,512.08,505.42,506.24,24554.0,1461585126.00
20181217,505.91,508.81,499.45,504.16,24895.0,1466942952.00
20181218,500.20,505.03,499.44,504.52,19222.0,1130221286.00
20181219,502.86,504.56,491.79,493.30,25715.0,1501321335.00
20181220,491.95,496.46,485.69,490.48,26940.0,1549600760.00
20181221,487.49,489.58,479.99,484.43,30640.0,1736537277.00
20181224,481.09,487.41,476.39,484.93,19109.0,1080787424.00
20181225,480.00,484.50,472.64,483.04,26592.0,1490157587.00
20181226,481.35,485.27,476.39,478.17,17866.0,1005617678.00
20181227,486.64,488.22,480.00,480.66,29493.0,1670211285.00
20181228,480.92,509.18,478.10,503.72,63678.0,3705150490.00
20190102,520.77,522.50,507.99,511.38,62286.0,3754387984.00
20190103,512.22,513.67,500.13,503.71,30977.0,1838179174.00
20190104,501.39,518.80,496.90,513.96,37683.0,2258501483.00
20190107,519.08,522.50,514.15,516.94,34750.0,2105981461.00
20190108,516.95,522.50,512.49,516.34,28838.0,1750413219.00
20190109,520.78,534.58,519.97,526.01,49892.0,3084214779.00
20190110,526.87,533.49,521.00,528.28,29043.0,1797683134.00
20190111,533.59,543.84,528.26,542.88,38884.0,2445929483.00
20190114,540.42,542.89,530.65,533.25,25648.0,1606308126.00
20190115,536.04,564.76,533.59,563.46,55764.0,3613919068.00
20190116,561.77,568.30,558.01,564.41,42083.0,2775103930.00
20190117,566.04,571.76,559.89,562.83,30284.0,2004454115.00
20190118,567.74,589.26,564.76,583.63,68609.0,4647515824.00
20190121,589.09,596.67,582.16,586.51,47051.0,3242615722.00
20190122,585.67,585.67,567.93,572.87,42122.0,2834735031.00
20190123,569.64,575.85,566.15,568.31,33624.0,2247371221.00
20190124,572.27,578.70,567.47,574.15,29155.0,1960227058.00
20190125,577.03,584.73,571.95,580.29,28986.0,1966232090.00
20190128,583.97,592.49,577.16,577.99,36102.0,2476277971.00
20190129,578.42,587.38,570.31,584.82,30342.0,2069407513.00
20190130,584.81,585.86,577.14,577.14,22699.0,1545353573.00
20190131,580.55,588.75,578.47,588.75,36696.0,2515374969.00
20190201,595.10,596.77,588.75,591.37,30520.0,2121326140.00
20190211,593.36,622.81,587.53,619.23,58140.0,4143849806.00
20190212,617.26,619.39,610.60,612.92,35091.0,2521840124.00
20190213,617.26,628.50,612.33,627.72,35677.0,2589623528.00
20190214,624.26,634.90,623.36,629.35,32258.0,2375987077.00
20190215,627.40,627.40,617.28,618.78,23237.0,1691515518.00
20190218,624.09,636.00,624.09,631.78,37745.0,2787522993.00
20190219,632.59,633.91,620.39,623.89,29501.0,2164408780.00
20190220,627.51,627.51,611.34,616.41,37882.0,2742919644.00
20190221,614.70,623.65,612.14,614.91,29850.0,2163554333.00
20190222,612.14,621.95,609.66,619.83,25908.0,1867253930.00
20190225,623.88,635.57,612.98,633.76,82622.0,6034261367.00
20190226,638.43,639.61,619.82,620.98,57964.0,4265279124.00
20190227,625.80,647.16,624.09,632.37,65942.0,4908445126.00
20190228,629.98,651.77,629.17,644.59,56986.0,4289145218.00
20190301,650.13,674.46,649.70,673.87,63840.0,4952509171.00
20190304,678.73,681.57,663.55,667.51,84585.0,6661386571.00
20190305,670.19,674.08,662.41,665.74,44830.0,3501155936.00
20190306,661.66,665.50,653.87,655.68,46731.0,3602140487.00
20190307,650.75,650.75,636.52,639.12,60180.0,4526351877.00
20190308,629.98,637.61,626.35,629.64,52275.0,3868415483.00
20190311,631.81,654.78,631.81,647.60,53057.0,4001728730.00
20190312,652.11,652.12,630.92,636.05,52510.0,3946382127.00
20190313,636.47,649.49,636.47,643.73,40561.0,3058080906.00
20190314,646.29,670.19,643.73,664.22,62172.0,4808607656.00
20190315,662.51,672.33,652.99,663.62,52400.0,4084798328.00
20190318,664.90,695.41,663.36,691.61,81318.0,6499566987.00
20190319,685.56,689.76,676.43,676.69,40634.0,3244967390.00
20190320,674.46,684.96,670.19,676.85,31117.0,2470811128.00
20190321,672.76,676.85,667.21,670.83,32573.0,2558222913.00
20190322,672.94,682.98,670.19,677.88,30517.0,2420497823.00
20190325,671.05,672.76,660.21,662.17,37270.0,2903744159.00
20190326,665.93,671.00,652.35,659.95,37595.0,2914112997.00
20190327,666.78,677.78,661.66,673.18,42807.0,3366132247.00
20190328,677.39,695.36,670.77,688.81,57566.0,4615969704.00
20190329,712.88,739.93,708.76,729.09,90933.0,7702154797.00
20190401,734.23,741.87,726.54,733.37,60934.0,5228521999.00
20190402,734.22,734.22,713.79,725.69,53227.0,4496538848.00
20190403,717.25,727.17,712.21,720.99,43056.0,3629854319.00
20190404,717.15,739.18,713.91,738.49,55772.0,4763897857.00
20190408,768.38,775.21,759.94,768.55,66251.0,5944780639.00
20190409,770.94,775.38,761.98,772.64,47989.0,4308645696.00
20190410,770.94,812.68,768.38,809.35,67814.0,6331858748.00
20190411,809.36,811.06,773.11,789.89,61102.0,5643817564.00
20190412,776.06,785.44,768.38,780.33,48612.0,4419349981.00
20190415,794.84,801.67,774.35,774.35,45522.0,4205548308.00
20190416,772.56,802.44,769.42,802.44,46423.0,4297385218.00
20190417,800.82,815.77,789.72,812.77,40761.0,3848216557.00
20190418,807.14,815.06,799.30,807.22,19598.0,1853076080.00
20190419,805.91,820.41,795.11,813.25,32379.0,3064971032.00
20190422,819.17,835.73,803.05,810.38,40627.0,3897168684.00
20190423,811.92,837.72,810.38,832.36,48852.0,4725480295.00
20190424,836.57,845.21,812.10,828.14,45227.0,4383873128.00
20190425,827.10,831.54,812.10,813.09,39801.0,3822767525.00
20190426,807.90,819.50,806.79,806.79,43277.0,4119727291.00
20190429,806.79,844.36,798.26,829.82,52572.0,5086408528.00
20190430,826.43,840.91,822.26,831.55,35943.0,3503937512.00
20190506,790.15,798.26,762.40,773.50,135099.0,12299395806.00
20190507,762.64,780.28,742.95,759.84,100837.0,9045117765.00
20190508,734.23,769.91,734.23,755.06,81882.0,7217709507.00
20190509,747.03,751.19,719.28,733.21,91545.0,7863312116.00
20190510,747.59,777.58,741.22,774.45,79907.0,7121198718.00
20190513,767.40,777.75,754.72,761.55,46637.0,4179329433.00
20190514,755.57,773.50,745.32,756.91,59983.0,5349455647.00
20190515,760.04,796.55,760.04,791.43,63124.0,5778791845.00
20190516,784.60,795.70,772.64,793.91,44540.0,4108281950.00
20190517,791.44,795.95,768.46,774.17,49841.0,4551116799.00
20190520,768.38,768.38,743.62,755.53,44407.0,3931645928.00
20190521,755.57,776.91,744.49,764.11,42385.0,3791406204.00
20190522,764.09,771.79,751.30,758.13,32041.0,2853872828.00
20190523,752.15,754.70,731.00,735.08,58058.0,5062812286.00
20190524,738.49,755.57,738.02,750.02,44034.0,3858962204.00
20190527,750.53,753.85,734.27,750.45,39161.0,3417213669.00
20190528,749.58,774.77,747.05,758.13,74772.0,6670856081.00
20190529,758.14,789.68,758.14,778.54,65646.0,5963755397.00
20190530,776.91,785.44,760.88,772.90,40247.0,3634187681.00
20190531,768.83,774.34,759.84,759.84,35793.0,3211384923.00
20190603,761.55,769.53,756.66,761.55,34479.0,3076922330.00
20190604,764.11,764.47,743.62,747.29,39689.0,3481384251.00
20190605,754.72,756.64,742.76,744.13,34067.0,2988114670.00
20190606,747.56,747.69,732.52,736.04,34786.0,3009567792.00
20190610,732.50,750.40,717.15,743.68,55502.0,4790052574.00
20190611,747.89,781.70,747.03,777.67,80106.0,7209086880.00
20190612,773.69,777.76,763.25,774.10,37747.0,3420899273.00
20190613,776.91,778.88,765.81,776.91,32917.0,2984741685.00
20190614,777.77,795.95,776.93,779.47,42455.0,3905679105.00
20190617,774.35,791.38,773.51,778.28,32769.0,3001512189.00
20190618,782.89,785.45,770.59,782.89,29441.0,2687679912.00
20190619,802.53,808.25,795.70,795.70,53726.0,5051192622.00
20190620,796.12,832.83,795.87,832.41,67271.0,6468666073.00
20190621,828.11,840.51,823.44,833.52,45926.0,4482726902.00
20190624,835.22,853.49,832.41,842.74,45779.0,4532526991.00
20190625,846.92,852.90,825.58,839.22,51295.0,5035624420.00
20190626,840.94,840.94,829.18,836.56,29588.0,2896585580.00
20190627,840.94,854.60,837.63,850.63,47978.0,4772724089.00
20190628,854.26,856.76,841.55,852.53,31088.0,3050739277.00
20190701,870.31,897.24,866.58,894.00,52337.0,5325575854.00
20190702,888.05,891.95,880.26,888.05,39061.0,3989722046.00
20190703,883.72,886.32,850.37,855.91,67139.0,6717755677.00
20190704,854.09,858.42,841.46,850.11,46216.0,4531686001.00
20190705,854.26,871.59,845.86,866.24,50032.0,4968920475.00
20190708,862.10,864.57,844.73,853.28,33613.0,3313713090.00
20190709,848.46,856.86,838.97,845.65,31723.0,3103986405.00
20190710,849.87,858.23,846.47,851.25,28166.0,2774054724.00
20190711,857.69,864.99,845.60,850.37,30514.0,3011117079.00
20190712,850.19,859.03,849.07,854.34,28173.0,2778937975.00
20190715,838.50,849.15,824.05,845.54,59870.0,5785726590.00
20190716,845.12,851.06,836.07,838.67,33245.0,3226755644.00
20190717,838.67,842.99,833.58,834.77,25468.0,2459954487.00
20190718,833.04,834.34,820.63,820.91,39252.0,3748507464.00
20190719,827.41,832.43,821.34,828.16,28014.0,2679887449.00
20190722,831.74,835.20,823.29,829.16,28125.0,2695084029.00
20190723,833.73,833.98,817.75,826.52,32483.0,3087319264.00
20190724,830.27,831.65,818.47,819.92,46771.0,4450509786.00
20190725,819.58,834.65,812.81,834.34,38255.0,3633246146.00
20190726,833.44,841.27,830.48,836.10,26467.0,2556208822.00
20190729,833.50,848.63,831.75,845.96,26981.0,2626793557.00
20190730,846.03,851.66,841.27,848.14,19537.0,1911965179.00
20190731,844.73,850.60,837.45,842.65,22526.0,2191909986.00
20190801,846.04,846.47,825.69,831.13,35089.0,3385045858.00
20190802,817.88,829.99,817.01,826.93,39719.0,3772328947.00
20190805,818.74,826.54,814.41,816.52,36774.0,3473341317.00
20190806,806.61,821.34,800.37,819.87,43991.0,4121445010.00
20190807,822.64,827.86,818.74,818.74,26869.0,2553463419.00
20190808,826.11,843.87,824.81,841.86,38808.0,3755086990.00
20190809,847.77,849.89,830.86,833.50,28461.0,2760764357.00
20190812,875.33,883.81,862.07,882.53,81498.0,8208540716.00
20190813,880.39,888.92,875.65,881.95,30329.0,3088013760.00
20190814,892.40,911.36,892.40,903.93,41410.0,4327071299.00
20190815,890.65,906.66,890.65,905.29,27237.0,2821331120.00
20190816,909.57,931.88,901.92,913.70,36086.0,3822488363.00
20190819,919.24,927.02,908.89,914.81,32867.0,3471558016.00
20190820,914.05,930.23,909.71,927.04,28602.0,3038219263.00
20190821,927.13,933.08,919.82,923.58,25066.0,2678841887.00
20190822,929.63,956.50,927.04,956.50,37590.0,4099045126.00
20190823,957.36,982.11,949.24,979.11,40192.0,4495782910.00
20190826,964.30,977.29,950.16,955.59,48497.0,5382792365.00
20190827,967.76,980.16,960.83,960.83,52164.0,5830617878.00
20190828,960.83,973.12,938.31,953.13,47009.0,5169778985.00
20190829,957.36,968.78,946.53,964.38,29330.0,3247704307.00
20190830,974.69,992.89,972.96,989.42,44890.0,5093877152.00
20190902,987.68,992.00,978.16,986.61,28234.0,3210850606.00
20190903,987.69,997.24,977.78,987.69,29485.0,3358578409.00
20190904,988.38,990.21,970.46,974.70,33600.0,3785904728.00
20190905,978.16,991.93,977.29,991.15,32930.0,3746608087.00
20190906,991.59,993.02,979.89,989.85,26176.0,2978155822.00
20190909,992.02,994.62,983.36,984.67,29379.0,3346080774.00
20190910,982.75,983.36,970.37,973.70,26227.0,2952753655.00
20190911,969.68,970.33,925.31,926.63,81716.0,8904690559.00
20190912,923.58,961.68,923.58,952.17,41211.0,4498210332.00
20190916,938.30,956.45,938.30,952.17,31371.0,3432292113.00
20190917,947.83,958.80,941.77,947.84,25196.0,2767385769.00
20190918,960.40,996.35,960.12,995.40,69314.0,7899560194.00
20190919,994.62,996.35,985.18,992.02,24479.0,2800064436.00
20190920,997.22,1005.02,994.26,1002.78,37626.0,4346138244.00
20190923,1002.42,1002.42,979.89,995.49,30026.0,3431058973.00
20190924,1000.68,1026.59,998.09,1025.81,36269.0,4259833998.00
20190925,1022.34,1030.03,1014.11,1017.15,24024.0,2832308420.00
20190926,1017.96,1025.25,1003.99,1011.08,26081.0,3050478322.00
20190927,1008.48,1024.94,998.95,1017.80,22826.0,2671754323.00
20190930,1007.62,1013.19,996.35,996.35,30825.0,3565988675.00
20191008,998.95,1022.34,998.09,1011.17,31045.0,3631091491.00
20191009,1010.39,1010.39,983.40,993.59,35788.0,4105282379.00
20191010,976.43,1004.09,960.85,1000.68,41173.0,4685560483.00
20191011,1002.42,1018.01,998.27,1017.67,28689.0,3343559812.00
20191014,1027.54,1028.98,1013.68,1022.34,27187.0,3209362988.00
20191015,1022.34,1053.26,1019.77,1049.20,40034.0,4806856333.00
20191016,1011.95,1028.84,1005.02,1013.68,59150.0,6935972684.00
20191017,1018.88,1028.11,1007.18,1025.23,30508.0,3578144114.00
20191018,1021.48,1031.00,1015.14,1018.70,28291.0,3335011086.00
20191021,1015.29,1021.39,1007.88,1012.38,25274.0,2955023935.00
20191022,1020.61,1023.64,1008.39,1014.37,19309.0,2262188262.00
20191023,1011.95,1020.61,1001.65,1004.07,23080.0,2684922174.00
20191024,1009.30,1010.21,993.89,996.59,26178.0,3025245582.00
20191025,999.21,1015.85,990.31,1014.85,25998.0,3015928985.00
20191028,1010.22,1023.22,1009.35,1020.86,22485.0,2644563044.00
20191029,1023.31,1039.64,1020.41,1033.61,27803.0,3314271728.00
20191030,1031.01,1033.35,1018.88,1025.64,21254.0,2516524166.00
20191031,1036.21,1037.94,1019.01,1022.35,25909.0,3068884874.00
20191101,1023.21,1032.70,1015.85,1026.68,22811.0,2697638375.00
20191104,1031.01,1048.33,1030.14,1039.32,26737.0,3209264033.00
20191105,1039.24,1044.00,1032.74,1038.81,22254.0,2667596023.00
20191106,1037.07,1043.14,1030.04,1033.61,19737.0,2362005422.00
20191107,1036.65,1041.30,1030.14,1040.86,16167.0,1933203877.00
20191108,1044.00,1053.23,1040.98,1044.00,24512.0,2964133776.00
20191111,1040.97,1045.04,1034.05,1038.81,17342.0,2082060830.00
20191112,1043.14,1047.99,1038.12,1041.06,19150.0,2303205539.00
20191113,1045.74,1063.76,1039.67,1060.47,31977.0,3890666569.00
20191114,1063.06,1074.33,1058.73,1065.66,23521.0,2898399700.00
20191115,1065.66,1068.19,1058.30,1061.25,16340.0,2003665313.00
20191118,1061.44,1065.19,1055.27,1063.31,18037.0,2204546132.00
20191119,1063.93,1075.72,1061.35,1067.67,20623.0,2542105913.00
20191120,1065.66,1073.90,1063.98,1068.91,15280.0,1884957278.00
20191121,1066.53,1070.44,1057.92,1066.79,19187.0,2356277766.00
20191122,1059.60,1064.80,1026.68,1034.47,47054.0,5677646465.00
20191125,1029.32,1034.47,1015.47,1024.13,38281.0,4518778939.00
20191126,1028.13,1038.46,1024.94,1026.68,40239.0,4794179893.00
20191127,1033.43,1036.74,1026.25,1030.96,19848.0,2363839726.00
20191128,1035.31,1037.51,1012.83,1018.71,28844.0,3405325549.00
20191129,1009.78,1009.78,964.20,978.16,82397.0,9338326554.00
20191202,968.80,987.71,968.80,981.62,30784.0,3479717421.00
20191203,981.62,981.62,968.40,968.63,27340.0,3066695648.00
20191204,987.69,991.73,968.63,972.38,35283.0,3980511004.00
20191205,974.69,980.77,968.63,978.85,21338.0,2402503470.00
20191206,984.20,1013.68,979.11,1013.68,39506.0,4565643688.00
20191209,1018.01,1018.88,1001.64,1003.89,21824.0,2543532527.00
20191210,1004.67,1009.35,997.22,1008.83,15086.0,1749356289.00
20191211,1011.95,1014.33,1001.16,1004.13,14567.0,1689987674.00
20191212,1001.55,1004.96,979.09,985.09,29409.0,3362699683.00
20191213,992.89,1009.35,992.89,1007.62,30000.0,3473927971.00
20191216,1007.62,1007.62,985.90,994.55,30936.0,3554133640.00
20191217,996.09,1016.80,990.31,1013.66,42616.0,4937041950.00
20191218,1017.15,1018.19,1008.48,1011.95,19640.0,2295963803.00
20191219,1007.62,1007.62,998.09,1002.76,19552.0,2262598597.00
20191220,1006.91,1006.91,988.99,993.15,23563.0,2703612358.00
20191223,986.82,1007.18,984.22,995.75,25919.0,2981937538.00
20191224,998.95,1000.68,992.02,994.62,11823.0,1358536199.00
20191225,990.29,990.29,979.03,982.23,24305.0,2755735164.00
20191226,980.76,989.40,970.35,983.44,22877.0,2585996501.00
20191227,996.35,1015.41,996.35,1007.62,47066.0,5486452901.00
20191230,1013.85,1035.77,1013.85,1027.37,40760.0,4827682057.00
20191231,1024.94,1029.28,1019.32,1024.94,22588.0,2666705100.00
20200102,977.29,992.07,966.90,979.02,148099.0,16696837095.00
20200103,967.76,967.76,933.02,934.46,130318.0,14266380596.00
20200106,927.79,946.88,924.70,933.96,63414.0,6853917601.00
20200107,933.54,952.17,932.59,948.29,47853.0,5220697068.00
20200108,940.08,949.13,937.94,942.76,25008.0,2720371915.00
20200109,947.83,957.70,944.37,955.37,37405.0,4110949814.00
20200110,960.83,966.89,955.20,963.86,35975.0,3993457118.00
20200113,963.86,978.33,963.43,974.06,38515.0,4325687959.00
20200114,974.00,974.60,955.63,959.44,35144.0,3916300790.00
20200115,960.84,971.75,957.36,963.54,26029.0,2895603674.00
20200116,969.38,969.38,955.27,959.10,23191.0,2571593141.00
20200117,961.70,964.11,953.91,959.53,23472.0,2599645144.00
20200120,963.31,963.31,937.44,945.24,35391.0,3858246844.00
20200121,936.57,941.77,929.03,931.63,32874.0,3542441308.00
20200122,927.04,939.17,914.37,931.81,36200.0,3875275065.00
20200123,932.24,932.24,898.45,912.14,53468.0,5638945742.00
20200203,853.40,875.65,849.07,869.79,123442.0,12314991759.00
20200204,879.39,915.78,875.93,899.32,62624.0,6490469043.00
20200205,909.71,913.18,895.01,909.70,47418.0,4956355235.00
20200206,917.88,931.37,911.46,927.91,47171.0,5011246407.00
20200207,927.05,933.11,919.26,932.24,31278.0,3348894576.00
20200210,920.11,931.03,915.95,924.00,30533.0,3251908505.00
20200211,920.98,952.76,920.80,951.30,47917.0,5222918915.00
20200212,943.50,951.98,940.80,950.67,28125.0,3072293973.00
20200213,951.30,965.07,942.64,945.24,30357.0,3335277425.00
20200214,944.76,947.41,938.40,942.64,23287.0,2534568401.00
20200217,937.87,949.73,937.78,947.68,27028.0,2946182657.00
20200218,944.38,950.33,938.30,939.17,26664.0,2897729692.00
20200219,940.04,954.33,933.97,950.00,37051.0,4052365602.00
20200220,950.17,973.83,949.06,968.63,46802.0,5220660939.00
20200221,962.96,973.43,961.71,964.19,28940.0,3225337160.00
20200224,957.80,961.70,940.47,941.93,38650.0,4221857466.00
20200225,933.97,937.52,925.20,931.21,38385.0,4127432130.00
20200226,920.11,939.17,914.05,930.25,43560.0,4663278433.00
20200227,932.24,948.69,932.24,942.11,34498.0,3758783810.00
20200228,927.30,937.44,909.69,915.78,49946.0,5307929213.00
20200302,909.81,950.04,909.72,940.91,47663.0,5154329159.00
20200303,951.30,969.39,951.30,964.30,50250.0,5585227657.00
20200304,974.69,986.82,967.10,978.09,53792.0,6080149243.00
20200305,984.49,1018.00,979.51,1014.55,62426.0,7210485103.00
20200306,1007.62,1018.88,998.07,1001.12,30641.0,3553622358.00
20200309,983.36,983.36,962.83,965.17,43404.0,4865288500.00
20200310,964.30,1011.95,964.30,1001.55,58062.0,6635936156.00
20200311,1001.12,1013.32,988.55,1003.73,35547.0,4124607952.00
20200312,988.75,998.95,974.78,986.39,36630.0,4172606105.00
20200313,944.37,978.14,935.70,963.46,75885.0,8348496480.00
20200316,956.48,959.92,920.11,924.44,51232.0,5548946745.00
20200317,914.05,933.97,876.03,905.47,79359.0,8277472787.00
20200318,901.05,918.38,873.32,873.32,73459.0,7582762547.00
20200319,861.19,879.39,831.82,862.93,102265.0,10075880470.00
20200320,875.92,903.65,875.92,896.96,60139.0,6169094444.00
20200323,866.39,896.96,859.05,882.85,48472.0,4918121944.00
20200324,903.65,917.41,896.72,914.91,46650.0,4900364144.00
20200325,942.62,945.55,930.68,935.79,37048.0,4015061222.00
20200326,929.93,945.41,920.11,922.64,30048.0,3231754298.00
20200327,940.04,946.10,931.38,931.81,36261.0,3931759353.00
20200330,918.59,933.11,915.78,928.77,30687.0,3279823025.00
20200331,937.44,966.03,937.26,962.56,47984.0,5293170703.00
20200401,967.76,978.16,955.63,955.63,33205.0,3700184247.00
20200402,956.50,992.02,956.39,992.02,45205.0,5095167594.00
20200403,986.85,994.58,980.74,987.51,27617.0,3148421866.00
20200407,1006.71,1010.65,995.39,1004.97,43488.0,5041525481.00
20200408,998.09,1010.48,998.09,1004.81,24224.0,2809422100.00
20200409,1010.21,1012.81,994.58,1003.72,22816.0,2640230492.00
20200410,1003.18,1023.64,999.38,1009.35,27804.0,3252600672.00
20200413,1009.35,1013.66,995.05,1007.01,15981.0,1854563731.00
20200414,1018.88,1032.35,1010.21,1026.76,36799.0,4340858665.00
20200415,1032.74,1043.13,1028.50,1030.66,29332.0,3501318260.00
20200416,1033.58,1037.16,1025.90,1037.16,21727.0,2588431844.00
20200417,1048.34,1069.61,1044.01,1062.20,38245.0,4676618151.00
20200420,1057.87,1066.96,1054.23,1063.32,24238.0,2963483323.00
20200421,1057.88,1060.46,1033.61,1039.67,29224.0,3517018487.00
20200422,1044.87,1082.56,1041.60,1078.23,44035.0,5430377598.00
20200423,1082.99,1096.58,1081.06,1084.95,26899.0,3377042463.00
20200424,1081.26,1091.56,1070.15,1083.48,19122.0,2390444036.00
20200427,1089.06,1107.40,1083.82,1105.52,25904.0,3284513346.00
20200428,1113.58,1126.26,1101.95,1108.23,34662.0,4458549425.00
20200429,1107.08,1116.00,1089.92,1104.56,23444.0,2976724957.00
20200430,1101.19,1113.32,1090.69,1096.59,24661.0,3134408881.00
20200506,1083.86,1126.31,1082.99,1126.31,35835.0,4598589768.00
20200507,1125.79,1139.30,1120.25,1136.71,27935.0,3647628296.00
20200508,1141.04,1159.23,1133.68,1138.97,29079.0,3839218026.00
20200511,1143.64,1156.64,1138.15,1146.25,23671.0,3135990964.00
20200512,1141.91,1156.63,1140.17,1154.90,19722.0,2621824685.00
20200513,1154.90,1159.23,1146.13,1157.46,22014.0,2931464950.00
20200514,1152.30,1156.53,1148.07,1149.35,18575.0,2467976357.00
20200515,1151.44,1155.34,1127.94,1137.57,26398.0,3469736812.00
20200518,1131.51,1170.93,1130.76,1166.35,34362.0,4587989708.00
20200519,1181.76,1181.76,1159.23,1166.26,24787.0,3342210487.00
20200520,1166.26,1177.58,1158.20,1170.50,21183.0,2859455106.00
20200521,1173.96,1188.66,1172.11,1183.58,23052.0,3147105462.00
20200522,1183.49,1183.58,1146.13,1150.74,34427.0,4608696074.00
20200525,1152.30,1184.00,1144.51,1180.81,31561.0,4260387678.00
20200526,1186.85,1186.92,1173.96,1176.56,22470.0,3056188321.00
20200527,1177.43,1178.29,1154.90,1159.23,26777.0,3596654307.00
20200528,1159.21,1166.98,1144.62,1164.43,26486.0,3536546893.00
20200529,1154.12,1186.94,1154.12,1184.01,30444.0,4144247222.00
20200601,1196.49,1230.37,1196.49,1229.85,35480.0,4986178912.00
20200602,1226.82,1237.12,1218.72,1222.23,25960.0,3679210598.00
20200603,1225.95,1228.11,1209.29,1212.34,23557.0,3308382799.00
20200604,1209.49,1222.48,1209.49,1219.87,18037.0,2534459742.00
20200605,1217.50,1237.97,1213.89,1234.61,18347.0,2597524609.00
20200608,1234.61,1243.27,1214.69,1218.24,29300.0,4145298455.00
20200609,1219.88,1234.61,1213.54,1227.29,22612.0,3199849660.00
20200610,1234.61,1241.83,1227.68,1233.45,22701.0,3234843850.00
20200611,1222.49,1228.54,1210.34,1213.35,30712.0,4314846228.00
20200612,1201.83,1227.13,1198.49,1227.13,28427.0,3992323388.00
20200615,1214.68,1223.00,1196.49,1198.22,34615.0,4819512189.00
20200616,1211.65,1225.08,1207.00,1216.31,29207.0,4099718931.00
20200617,1223.23,1223.26,1208.64,1217.28,19453.0,2730097120.00
20200618,1217.20,1224.39,1213.04,1224.21,21010.0,2956800081.00
20200619,1230.28,1252.11,1226.03,1247.47,38958.0,5603232657.00
20200622,1243.36,1250.98,1241.71,1246.74,23247.0,3343536637.00
20200623,1243.27,1283.99,1241.99,1277.50,33934.0,4963194685.00
20200624,1282.86,1284.71,1266.56,1279.71,25139.0,3663537115.00
20200629,1269.19,1284.96,1259.55,1282.48,28081.0,4064048236.00
20200630,1282.44,1287.58,1275.43,1282.23,22446.0,3281641199.00
20200701,1286.72,1320.11,1283.23,1309.74,38682.0,5759640251.00
20200702,1313.89,1359.38,1310.38,1353.33,45884.0,7014289615.00
20200703,1358.59,1360.78,1329.56,1351.39,35126.0,5395637032.00
20200706,1348.07,1416.44,1342.65,1402.42,51822.0,8228068998.00
20200707,1405.12,1529.35,1403.29,1479.55,66664.0,11219852098.00
20200708,1472.54,1506.72,1455.01,1473.71,53170.0,8963189092.00
20200709,1482.18,1500.59,1474.29,1495.33,35033.0,5951732802.00
20200710,1480.43,1522.15,1480.37,1502.21,37100.0,6352507468.00
20200713,1502.93,1566.32,1502.93,1561.93,60727.0,10679460274.00
20200714,1561.93,1561.97,1532.49,1544.41,46094.0,8135834910.00
20200715,1529.41,1562.47,1529.26,1536.11,40713.0,7176560649.00
20200716,1516.28,1516.28,1402.42,1414.69,102242.0,16901373196.00
20200717,1419.95,1466.04,1419.95,1444.53,65902.0,10863420089.00
20200720,1448.43,1458.50,1392.67,1434.81,45280.0,7363822989.00
20200721,1443.30,1492.52,1429.58,1462.02,41970.0,7026353151.00
20200722,1453.25,1498.83,1453.25,1470.85,39201.0,6637265372.00
20200723,1465.53,1482.18,1446.24,1469.03,34321.0,5739050332.00
20200724,1450.49,1460.27,1389.27,1398.30,78752.0,12705941887.00
20200727,1416.45,1428.54,1402.42,1422.18,38788.0,6279664444.00
20200728,1428.71,1472.54,1428.71,1463.77,54912.0,9133721867.00
20200729,1481.30,1481.30,1431.34,1465.53,50748.0,8411789967.00
20200730,1464.82,1490.58,1464.21,1472.54,38373.0,6486855475.00
20200731,1476.92,1494.45,1442.74,1470.94,40685.0,6846747330.00
20200803,1478.57,1487.07,1455.01,1462.02,34661.0,5790041422.00
20200804,1468.15,1475.16,1455.01,1463.76,31941.0,5337185768.00
20200805,1456.84,1466.48,1440.38,1462.02,25522.0,4236612469.00
20200806,1463.77,1467.30,1428.71,1435.69,32649.0,5372942645.00
20200807,1441.66,1445.95,1401.10,1429.59,34242.0,5560065753.00
20200810,1426.93,1441.82,1409.52,1432.21,23624.0,3857721122.00
20200811,1437.48,1460.64,1437.48,1439.68,35818.0,5936904876.00
20200812,1431.34,1438.35,1407.02,1426.04,27934.0,4529267493.00
20200813,1428.71,1436.50,1410.31,1433.09,20541.0,3341652186.00
20200814,1437.39,1460.00,1429.59,1455.88,37653.0,6230475427.00
20200817,1467.28,1493.88,1463.77,1481.30,43572.0,7363610867.00
20200818,1487.77,1507.60,1482.18,1494.45,30423.0,5192751797.00
20200819,1490.07,1504.97,1475.16,1478.67,26915.0,4578143761.00
20200820,1467.28,1471.66,1451.50,1458.51,22382.0,3727183935.00
20200821,1466.40,1488.31,1464.65,1469.03,25082.0,4217048420.00
20200824,1490.07,1497.08,1482.19,1486.87,30933.0,5260286522.00
20200825,1494.27,1531.07,1488.87,1513.73,41872.0,7227309774.00
20200826,1519.87,1529.51,1503.23,1513.73,26216.0,4530374186.00
20200827,1518.11,1519.85,1494.45,1517.24,22636.0,3896759446.00
20200828,1517.24,1546.16,1508.91,1540.03,42300.0,7389242302.00
20200831,1551.93,1591.74,1551.93,1565.89,47810.0,8608932570.00
20200901,1570.71,1579.47,1555.81,1579.45,31640.0,5661594315.00
20200902,1599.63,1602.26,1551.42,1573.34,32009.0,5746351923.00
20200903,1573.34,1588.24,1559.93,1571.58,30437.0,5471333880.00
20200904,1547.92,1557.55,1530.39,1551.42,30858.0,5433479407.00
20200907,1542.66,1558.43,1493.55,1510.67,31112.0,5446354619.00
20200908,1518.12,1523.20,1469.97,1500.06,34472.0,5865962724.00
20200909,1489.78,1499.71,1472.57,1479.55,25964.0,4401806094.00
20200910,1493.35,1507.60,1490.07,1495.15,24778.0,4236694402.00
20200911,1479.55,1521.62,1479.55,1518.99,31088.0,5339883408.00
20200914,1529.51,1550.55,1516.87,1547.92,31056.0,5448188995.00
20200915,1551.41,1551.41,1531.92,1542.66,20821.0,3654872009.00
20200916,1542.66,1546.87,1506.72,1512.07,22516.0,3916457762.00
20200917,1490.07,1490.07,1453.25,1464.23,63680.0,10683350187.00
20200918,1459.39,1485.68,1433.10,1485.68,47201.0,7853673241.00
20200921,1483.72,1483.72,1460.84,1460.97,22444.0,3756765108.00
20200922,1446.24,1478.66,1446.24,1459.99,23265.0,3890070212.00
20200923,1433.09,1460.27,1420.84,1446.22,35726.0,5878691069.00
20200924,1433.94,1454.03,1425.91,1428.12,30051.0,4915392273.00
20200925,1428.71,1446.24,1424.33,1433.19,22583.0,3700843486.00
20200928,1433.26,1462.46,1433.26,1455.88,24232.0,4019640150.00
20200929,1463.18,1463.25,1448.26,1448.26,17431.0,2895081366.00
20200930,1455.01,1482.97,1455.01,1462.46,27088.0,4536012540.00
20201009,1483.06,1495.69,1479.55,1486.56,34240.0,5817280605.00
20201012,1490.07,1534.43,1490.07,1534.43,43729.0,7597987786.00
20201013,1534.44,1534.44,1520.75,1524.25,22944.0,3995560518.00
20201014,1525.13,1531.25,1512.86,1515.49,20481.0,3554316589.00
20201015,1508.59,1520.75,1508.47,1511.98,16204.0,2801250556.00
20201016,1511.98,1520.38,1492.70,1500.59,17377.0,2991246892.00
20201019,1511.98,1519.85,1482.97,1489.19,19226.0,3284383414.00
20201020,1490.06,1520.72,1485.68,1519.87,27735.0,4787807536.00
20201021,1519.96,1527.01,1510.23,1519.28,18901.0,3275357440.00
20201022,1516.36,1529.51,1503.66,1527.32,22481.0,3897729793.00
20201023,1525.81,1531.78,1502.34,1503.50,19292.0,3339987454.00
20201026,1419.07,1457.57,1402.42,1440.11,66015.0,10821908227.00
20201027,1440.11,1440.98,1416.55,1424.33,43944.0,7156688307.00
20201028,1425.21,1469.91,1424.40,1459.22,34637.0,5739452181.00
20201029,1450.48,1497.08,1443.61,1469.03,39374.0,6633168613.00
20201030,1470.78,1486.56,1459.39,1463.79,26055.0,4379602068.00
20201102,1468.15,1485.68,1465.53,1467.29,21066.0,3544422245.00
20201103,1476.91,1495.24,1468.59,1485.68,23497.0,3976621208.00
20201104,1490.07,1493.57,1476.92,1489.70,16444.0,2788396253.00
20201105,1504.97,1518.54,1500.67,1509.26,23524.0,4053043271.00
20201106,1516.84,1517.76,1481.30,1490.61,23052.0,3932702367.00
20201109,1491.28,1534.49,1490.61,1527.38,41470.0,7198679683.00
20201110,1536.45,1546.58,1521.62,1529.51,30189.0,5287968173.00
20201111,1529.51,1558.00,1517.24,1517.55,34851.0,6122365404.00
20201112,1516.37,1533.89,1509.59,1520.56,23473.0,4071729792.00
20201113,1511.10,1515.38,1482.18,1494.45,28155.0,4791276459.00
20201116,1499.71,1516.41,1487.67,1516.41,30613.0,5247897161.00
20201117,1525.13,1527.19,1491.01,1503.92,25224.0,4355288047.00
20201118,1503.22,1508.06,1475.31,1484.50,35179.0,5973146815.00
20201119,1476.48,1511.98,1473.06,1507.76,27816.0,4767508753.00
20201120,1507.60,1521.62,1501.16,1507.56,21875.0,3771894859.00
20201123,1552.31,1586.40,1552.31,1569.14,66637.0,11926870595.00
20201124,1551.41,1562.38,1535.18,1545.73,32465.0,5736960168.00
20201125,1543.97,1550.44,1511.10,1513.63,28226.0,4910540741.00
20201126,1512.86,1525.12,1512.14,1520.21,23228.0,4027749313.00
20201127,1518.69,1525.15,1505.84,1523.29,21569.0,3737697985.00
20201130,1520.75,1524.16,1502.26,1502.26,31940.0,5520322173.00
20201201,1512.86,1524.24,1507.61,1522.50,28196.0,4891829153.00
20201202,1530.39,1533.02,1517.24,1523.38,23572.0,4101369306.00
20201203,1523.38,1538.85,1518.20,1533.02,29506.0,5147357781.00
20201204,1535.65,1577.81,1535.65,1571.68,62491.0,11176048847.00
20201207,1580.09,1613.12,1578.20,1588.59,58331.0,10617305104.00
20201208,1590.87,1643.46,1589.11,1621.54,61454.0,11333352153.00
20201209,1635.52,1635.57,1611.90,1612.78,31152.0,5766037609.00
20201210,1612.78,1621.34,1602.26,1606.56,32654.0,6009239911.00
20201211,1608.20,1610.43,1581.93,1595.25,30776.0,5595359665.00
20201214,1602.06,1604.00,1590.87,1603.14,33052.0,6026813427.00
20201215,1607.08,1610.34,1582.10,1591.75,29605.0,5383582284.00
20201216,1604.45,1617.75,1595.43,1612.78,32150.0,5901298275.00
20201217,1617.60,1637.32,1612.78,1635.14,36031.0,6683421886.00
20201218,1623.13,1638.21,1613.73,1617.16,27077.0,5020968993.00
20201221,1612.78,1622.62,1610.68,1614.97,30697.0,5663526809.00
20201222,1621.52,1664.48,1614.98,1648.72,40651.0,7618583444.00
20201223,1663.61,1670.80,1596.14,1614.23,47706.0,8901002262.00
20201224,1593.50,1629.33,1573.35,1604.31,37857.0,6921989374.00
20201225,1580.34,1618.91,1577.72,1604.01,23088.0,4218997633.00
20201228,1601.03,1655.55,1600.55,1641.70,30080.0,5616528738.00
20201229,1641.70,1653.80,1625.93,1636.44,22868.0,4275994834.00
20201230,1639.07,1694.29,1639.07,1694.29,34452.0,6604461375.00
20201231,1701.31,1752.13,1699.55,1751.27,38860.0,7682300728.00
20210104,1753.00,1757.39,1738.83,1750.39,43514.0,8686920261.00
20210105,1744.26,1805.13,1737.65,1805.13,52116.0,10592557370.00
20210106,1809.82,1862.58,1784.60,1840.67,47410.0,9882593867.00
20210107,1838.04,1875.73,1818.76,1875.73,37931.0,7991178754.00
20210108,1877.48,1885.27,1808.26,1831.91,53862.0,11345202869.00
20210111,1831.91,1884.94,1804.38,1840.43,51080.0,10768565415.00
20210112,1830.15,1894.05,1827.52,1894.05,41059.0,8800558288.00
20210113,1896.77,1904.95,1871.35,1896.77,34390.0,7418330854.00
20210114,1889.76,1895.89,1854.79,1870.47,36152.0,7722089684.00
20210115,1853.82,1870.78,1778.44,1824.89,59509.0,12372103227.00
20210118,1806.54,1833.20,1788.32,1808.24,39144.0,8076715790.00
20210119,1817.10,1837.43,1759.02,1761.27,46345.0,9479278513.00
20210120,1760.03,1801.66,1737.68,1788.63,45082.0,9126453277.00
20210121,1795.09,1831.92,1788.96,1814.38,38310.0,7953455967.00
20210122,1813.50,1840.67,1805.70,1823.10,29248.0,6090260364.00
20210125,1825.77,1910.35,1825.77,1906.41,55957.0,12029474558.00
20210126,1915.17,1916.93,1862.68,1877.39,31747.0,6820173362.00
20210127,1877.39,1877.39,1827.52,1831.03,37120.0,7809446387.00
20210128,1823.14,1849.14,1805.63,1830.15,35129.0,7337084455.00
20210129,1841.71,1884.04,1832.10,1854.85,33701.0,7166179277.00
20210201,1866.97,1893.26,1836.29,1848.84,29341.0,6219639111.00
20210202,1851.38,1884.49,1842.51,1880.11,34582.0,7372233582.00
20210203,1884.50,1926.81,1875.73,1919.48,38714.0,8384049313.00
20210204,1920.43,2042.27,1920.43,2034.25,63851.0,14596930188.00
20210205,2037.89,2072.60,2008.08,2027.37,39729.0,9253566205.00
20210208,2048.40,2085.11,2027.37,2076.28,35786.0,8420758625.00
20210209,2076.28,2153.09,2059.80,2153.09,33297.0,7972930045.00
20210210,2178.13,2279.98,2178.13,2279.80,61371.0,15675929714.00
20210218,2268.39,2303.36,2160.60,2165.86,65912.0,16704135269.00
20210219,2148.47,2188.35,2087.50,2156.22,59385.0,14525164525.00
20210222,2151.83,2151.83,1996.88,2005.47,78935.0,18498777223.00
20210223,1985.42,2055.32,1985.30,2022.11,57455.0,13316110795.00
20210224,2022.98,2031.75,1893.70,1918.68,82116.0,18195034445.00
20210225,1936.21,1949.80,1859.26,1884.50,59726.0,12982145755.00
20210226,1840.67,1910.75,1812.01,1860.64,66525.0,14097015494.00
20210301,1909.92,1909.92,1858.20,1891.51,44916.0,9686945529.00
20210302,1910.79,1910.79,1781.95,1803.86,70765.0,14796698646.00
20210303,1788.08,1884.30,1781.95,1875.73,54215.0,11366685429.00
20210304,1836.29,1837.17,1761.87,1781.95,65088.0,13297304315.00
20210305,1753.02,1836.29,1742.50,1805.71,63779.0,13100315985.00
20210308,1818.72,1827.52,1717.96,1717.96,63100.0,12724245990.00
20210309,1713.58,1753.02,1665.53,1697.79,82266.0,16100769578.00
20210310,1732.86,1752.91,1724.10,1726.73,51172.0,10136910284.00
20210311,1731.11,1823.13,1719.26,1795.09,56769.0,11521736384.00
20210312,1814.38,1820.51,1754.78,1775.81,40323.0,8181594631.00
20210315,1796.85,1814.20,1710.20,1731.50,62485.0,12459955712.00
20210316,1731.05,1770.54,1722.34,1762.22,34649.0,6918600717.00
20210317,1753.02,1796.85,1731.99,1779.63,31375.0,6352656523.00
20210318,1783.70,1828.72,1783.70,1814.11,33865.0,6997030294.00
20210319,1783.70,1790.71,1746.21,1761.79,35781.0,7211521835.00
20210322,1753.11,1775.89,1714.06,1744.25,36914.0,7323391310.00
20210323,1752.04,1760.73,1726.73,1749.51,27446.0,5459520703.00
20210324,1736.37,1764.42,1736.37,1743.38,29357.0,5857848160.00
20210325,1726.73,1743.27,1706.39,1727.60,31575.0,6216733244.00
20210326,1739.87,1772.30,1716.21,1764.42,50016.0,9987629444.00
20210329,1790.89,1837.47,1775.94,1782.91,56992.0,11740129412.00
20210330,1788.08,1828.40,1783.77,1802.15,32627.0,6717493350.00
20210331,1792.55,1793.36,1753.02,1760.91,37154.0,7489086233.00
20210401,1771.43,1794.04,1754.09,1792.03,26588.0,5379775870.00
20210402,1802.11,1897.64,1802.11,1895.02,52028.0,10981752657.00
20210406,1894.14,1895.00,1842.69,1863.49,32742.0,6967525037.00
20210407,1844.23,1855.84,1796.85,1806.49,40201.0,8317799925.00
20210408,1794.24,1822.26,1791.59,1814.38,28548.0,5893307514.00
20210409,1789.83,1800.35,1757.41,1770.55,28809.0,5832453812.00
20210412,1762.66,1779.32,1745.75,1760.81,31943.0,6409917318.00
20210413,1770.55,1796.67,1760.91,1771.43,28992.0,5883787293.00
20210414,1783.70,1795.09,1767.04,1794.22,24115.0,4908790023.00
20210415,1780.10,1794.13,1744.26,1766.69,34366.0,6903769490.00
20210416,1775.00,1812.62,1763.54,1801.21,30294.0,6183895054.00
20210419,1801.23,1839.23,1781.95,1830.15,31754.0,6610577917.00
20210420,1815.34,1866.09,1814.38,1836.11,28290.0,5949669953.00
20210421,1819.64,1838.74,1810.08,1823.14,26150.0,5446145952.00
20210422,1831.82,1839.80,1798.16,1801.67,26850.0,5539295656.00
20210423,1802.08,1858.10,1799.04,1848.51,33463.0,7002695288.00
20210426,1868.72,1871.35,1817.53,1821.23,34045.0,7160836874.00
20210427,1829.35,1836.51,1810.07,1835.80,22108.0,4607779002.00
20210428,1761.79,1794.65,1755.65,1789.83,81343.0,16463574637.00
20210429,1794.25,1796.79,1765.29,1776.13,41284.0,8370431228.00
20210430,1775.81,1784.57,1756.27,1758.96,38401.0,7723747038.00
20210506,1753.02,1759.02,1711.82,1717.08,53546.0,10584968907.00
20210507,1722.34,1724.95,1666.25,1668.00,52493.0,10101703446.00
20210510,1665.37,1673.26,1635.58,1646.99,46003.0,8677753608.00
20210511,1644.33,1723.22,1641.97,1717.08,42494.0,8209251914.00
20210512,1708.39,1752.14,1708.32,1739.00,32699.0,6473203286.00
20210513,1723.00,1739.92,1711.82,1728.04,25078.0,4934954969.00
20210514,1737.24,1779.75,1731.98,1761.65,35611.0,7150302044.00
20210517,1775.02,1827.70,1775.02,1803.82,44524.0,9178509985.00
20210518,1809.99,1820.51,1792.52,1805.01,17504.0,3595891741.00
20210519,1804.73,1818.59,1788.08,1795.97,22410.0,4606452358.00
20210520,1817.88,1817.97,1792.78,1804.63,21857.0,4500663211.00
20210521,1801.30,1823.04,1785.47,1789.92,24248.0,4976601458.00
20210524,1797.72,1823.19,1780.19,1815.51,32548.0,6705879397.00
20210525,1827.52,1928.41,1827.52,1923.50,67757.0,14636718750.00
20210526,1935.32,1964.96,1922.26,1945.85,38604.0,8558038174.00
20210527,1937.98,2033.50,1929.29,1967.77,45373.0,10240368980.00
20210528,1964.23,1972.15,1933.15,1954.62,25807.0,5741331986.00
20210531,1941.91,1944.41,1903.78,1944.10,31739.0,6960864260.00
20210601,1947.61,1971.23,1933.58,1964.22,30616.0,6832594466.00
20210602,1972.15,1984.42,1935.49,1947.61,22863.0,5088908383.00
20210603,1945.85,1981.21,1937.16,1947.80,23450.0,5242453019.00
20210604,1941.47,2005.46,1940.63,1973.46,31422.0,7058715115.00
20210607,1985.30,1997.57,1963.39,1990.55,25466.0,5756592694.00
20210608,1980.91,1998.43,1894.27,1920.43,47314.0,10479943156.00
20210609,1921.31,1940.59,1893.36,1927.88,25502.0,5591378817.00
20210610,1923.94,1973.35,1919.63,1962.05,25567.0,5707338424.00
20210611,1962.51,1966.89,1909.75,1909.75,33971.0,7513797036.00
20210615,1924.03,1936.11,1882.74,1922.19,29361.0,6412821567.00
20210616,1921.31,1923.94,1882.74,1891.51,27593.0,5978924528.00
20210617,1889.45,1917.80,1879.55,1890.55,21068.0,4558702643.00
20210618,1881.87,1890.19,1809.99,1832.73,54028.0,11329180836.00
20210621,1827.52,1840.40,1796.85,1824.58,35488.0,7367986471.00
20210622,1833.66,1838.92,1800.26,1818.73,33228.0,6900830616.00
20210623,1823.14,1825.77,1782.95,1786.33,37079.0,7596735684.00
20210624,1788.09,1823.14,1771.43,1812.67,31474.0,6452557073.00
20210625,1813.73,1865.96,1807.22,1850.92,35875.0,7459680452.00
20210628,1858.00,1873.93,1834.11,1860.66,27452.0,5750241214.00
20210629,1865.08,1871.27,1814.65,1824.38,33031.0,6835635172.00
20210630,1827.03,1835.00,1810.49,1819.69,21916.0,4511484217.00
20210701,1822.58,1866.85,1797.48,1862.43,33701.0,6970730878.00
20210702,1835.88,1835.88,1779.70,1781.03,46275.0,9388640194.00
20210705,1769.53,1787.11,1756.25,1764.22,34421.0,6872797768.00
20210706,1765.10,1781.91,1734.14,1780.94,35283.0,7015883091.00
20210707,1778.37,1795.08,1768.65,1773.06,28122.0,5658210730.00
20210708,1769.61,1773.06,1741.21,1756.25,35517.0,7027713780.00
20210709,1738.13,1757.06,1720.86,1744.85,30908.0,6072340993.00
20210712,1747.89,1768.45,1716.88,1735.02,39010.0,7658786228.00
20210713,1741.21,1774.39,1738.56,1754.40,29925.0,5946287259.00
20210714,1746.52,1746.96,1720.86,1735.90,30771.0,6011814880.00
20210715,1729.73,1781.03,1725.82,1767.75,42190.0,8391506229.00
20210716,1751.83,1766.52,1725.29,1730.51,35408.0,6958296859.00
20210719,1730.50,1757.14,1717.32,1747.41,30052.0,5900348210.00
20210720,1747.41,1759.73,1735.38,1751.83,23475.0,4639300956.00
20210721,1759.79,1774.83,1735.91,1742.10,29780.0,5902656221.00
20210722,1734.13,1746.43,1715.52,1716.45,39090.0,7619076855.00
20210723,1714.51,1714.51,1676.70,1681.05,47585.0,9057761876.00
20210726,1662.47,1662.47,1574.88,1596.21,98619.0,17894360803.00
20210727,1595.23,1601.42,1506.75,1515.50,86577.0,15230805685.00
20210728,1506.75,1582.13,1488.28,1565.06,85369.0,14792470948.00
20210729,1601.43,1612.92,1534.48,1548.15,63864.0,11299569857.00
20210730,1526.22,1526.22,1466.72,1485.51,77736.0,13109725032.00
20210802,1472.24,1553.63,1433.95,1552.76,97401.0,16515259089.00
20210803,1530.64,1565.14,1494.19,1547.72,54375.0,9447823227.00
20210804,1534.23,1557.18,1520.02,1525.33,38175.0,6614683378.00
20210805,1497.80,1543.91,1483.18,1503.21,48060.0,8177369851.00
20210806,1494.36,1498.80,1456.85,1478.44,45686.0,7616109615.00
20210809,1460.74,1512.06,1459.86,1498.61,47698.0,8028155490.00
20210810,1504.10,1595.12,1481.98,1591.69,83285.0,14549496463.00
20210811,1574.89,1579.31,1548.34,1548.78,38663.0,6821292779.00
20210812,1532.41,1547.45,1491.88,1495.25,47551.0,8130692625.00
20210813,1495.25,1515.60,1485.52,1504.13,37905.0,6418412544.00
20210816,1500.56,1516.13,1490.90,1503.39,28057.0,4773049794.00
20210817,1504.10,1504.10,1441.17,1446.59,61201.0,10140291982.00
20210818,1437.44,1453.66,1415.62,1433.32,59970.0,9701556273.00
20210819,1435.28,1453.84,1415.62,1433.29,41292.0,6682355678.00
20210820,1375.96,1413.45,1349.71,1369.61,114545.0,17825198286.00
20210823,1360.66,1414.74,1359.68,1389.25,71597.0,11218832883.00
20210824,1393.50,1453.27,1385.33,1437.90,72594.0,11703813764.00
20210825,1457.77,1487.17,1453.66,1473.15,54239.0,9037626406.00
20210826,1473.12,1473.12,1410.95,1411.20,54020.0,8722233201.00
20210827,1405.89,1437.74,1401.55,1412.11,36095.0,5791426192.00
20210830,1420.04,1427.12,1367.80,1403.23,51588.0,8098190333.00
20210831,1406.60,1430.09,1375.89,1378.46,43677.0,6888080927.00
20210901,1379.34,1446.58,1354.66,1435.09,77316.0,12370243405.00
20210902,1444.81,1453.66,1416.41,1432.25,42837.0,6939707277.00
20210903,1424.49,1468.52,1399.69,1467.13,52835.0,8631165696.00
20210906,1458.97,1511.32,1438.76,1478.15,55338.0,9306030671.00
20210907,1469.62,1490.36,1460.74,1476.67,31211.0,5204051657.00
20210908,1468.71,1478.60,1440.46,1444.91,33064.0,5428265636.00
20210909,1438.62,1455.43,1436.86,1445.77,19950.0,3257785762.00
20210910,1445.77,1476.49,1444.82,1470.99,33388.0,5528034093.00
20210913,1473.13,1489.94,1451.10,1463.40,27720.0,4605031711.00
20210914,1467.82,1489.06,1462.51,1466.05,33761.0,5638962654.00
20210915,1459.86,1468.71,1424.47,1429.55,41570.0,6781755393.00
20210916,1418.27,1454.55,1402.35,1449.30,45968.0,7458455126.00
20210917,1433.32,1509.05,1433.32,1491.71,55130.0,9242101552.00
20210922,1467.67,1493.48,1446.59,1448.97,31743.0,5227723003.00
20210923,1449.24,1465.06,1437.81,1446.59,30342.0,4964210091.00
20210924,1440.39,1521.77,1440.39,1498.79,69537.0,11756596091.00
20210927,1548.33,1648.67,1548.33,1641.23,126869.0,23270689702.00
20210928,1635.04,1645.66,1588.15,1612.09,49221.0,8973408813.00
20210929,1600.54,1632.40,1580.10,1610.27,43291.0,7870151768.00
20210930,1608.66,1637.01,1595.58,1619.12,40539.0,7411735789.00
20211008,1612.41,1661.58,1598.97,1627.61,47452.0,8780381118.00
20211011,1627.53,1672.11,1620.01,1651.96,37676.0,7040475327.00
20211012,1650.97,1660.70,1630.10,1655.38,30606.0,5688160837.00
20211013,1654.51,1725.24,1647.43,1707.50,50143.0,9625769127.00
20211014,1706.65,1718.03,1677.51,1690.78,26623.0,5097602232.00
20211015,1672.29,1707.58,1672.29,1696.06,28561.0,5452953879.00
20211018,1670.43,1670.43,1581.07,1592.57,69652.0,12651498607.00
20211019,1592.57,1626.90,1592.47,1603.35,40315.0,7330114082.00
20211020,1621.77,1636.63,1597.89,1628.85,28663.0,5246404615.00
20211021,1628.94,1645.66,1618.23,1631.50,23019.0,4238584294.00
20211022,1641.23,1699.64,1640.35,1681.93,35963.0,6794850056.00
20211025,1663.35,1667.79,1643.89,1657.19,32461.0,6076219948.00
20211026,1649.22,1662.46,1631.50,1646.59,21130.0,3934223714.00
20211027,1638.85,1644.15,1592.66,1609.38,34647.0,6302270905.00
20211028,1614.87,1631.31,1594.34,1615.13,29491.0,5383196101.00
20211029,1614.69,1635.04,1604.07,1615.65,28776.0,5266898950.00
20211101,1574.88,1615.84,1557.18,1595.23,41690.0,7486936394.00
20211102,1589.65,1631.70,1581.96,1596.68,32500.0,5875341369.00
20211103,1592.57,1601.40,1558.24,1561.61,27829.0,4958314535.00
20211104,1573.05,1606.73,1565.52,1596.29,31130.0,5592211731.00
20211105,1596.30,1632.38,1596.30,1610.21,27077.0,4956331383.00
20211108,1610.27,1619.82,1594.39,1610.36,17706.0,3220439334.00
20211109,1610.25,1617.23,1576.65,1583.73,27352.0,4915170027.00
20211110,1583.73,1588.15,1535.06,1551.86,35349.0,6204803250.00
20211111,1550.93,1565.68,1540.81,1565.68,22652.0,3987243285.00
20211112,1573.11,1579.35,1563.07,1569.37,17607.0,3124400972.00
20211115,1569.29,1578.42,1548.33,1558.19,24947.0,4410975373.00
20211116,1564.26,1608.50,1561.61,1599.65,33526.0,6033536261.00
20211117,1597.00,1610.71,1583.73,1588.15,24505.0,4411450908.00
20211118,1575.96,1598.77,1566.03,1585.49,19521.0,3485674964.00
20211119,1587.43,1635.93,1582.13,1617.71,31156.0,5699883800.00
20211122,1635.93,1689.01,1635.04,1640.59,42573.0,7994018410.00
20211123,1638.58,1696.09,1638.58,1677.89,45782.0,8676297616.00
20211124,1681.05,1739.44,1678.39,1717.32,54512.0,10555736753.00
20211125,1727.94,1757.32,1721.97,1730.62,39753.0,7803035266.00
20211126,1738.41,1740.33,1703.17,1717.33,32656.0,6337346211.00
20211129,1734.13,1760.68,1726.24,1756.25,42399.0,8372476083.00
20211130,1756.61,1760.59,1705.38,1708.27,36925.0,7192172533.00
20211201,1725.29,1734.09,1697.88,1710.24,26254.0,5071457098.00
20211202,1716.44,1718.34,1698.39,1711.13,20422.0,3939731543.00
20211203,1709.36,1759.46,1708.52,1744.65,35818.0,7045848180.00
20211206,1754.48,1760.68,1725.29,1740.59,31064.0,6122543818.00
20211207,1752.48,1758.79,1722.39,1730.48,36980.0,7286659622.00
20211208,1738.45,1809.34,1725.29,1807.57,61048.0,12285101988.00
20211209,1818.13,1872.97,1809.34,1846.10,64239.0,13404724467.00
20211210,1822.61,1854.27,1819.07,1849.15,43148.0,8944582265.00
20211213,1905.78,1928.78,1873.93,1874.10,65807.0,14139012290.00
20211214,1874.10,1918.08,1858.00,1902.24,40449.0,8673733691.00
20211215,1895.29,1915.47,1880.14,1888.97,30078.0,6444715086.00
20211216,1871.27,1896.98,1845.82,1874.80,37211.0,7865499278.00
20211217,1858.44,1865.08,1801.38,1814.38,48403.0,9988869785.00
20211220,1814.38,1845.31,1805.80,1821.69,32258.0,6654596508.00
20211221,1809.34,1830.69,1780.88,1803.32,26286.0,5354186590.00
20211222,1804.92,1825.27,1804.92,1811.99,17431.0,3570928372.00
20211223,1816.42,1875.70,1791.64,1875.70,39099.0,8126298013.00
20211224,1901.25,1961.48,1901.25,1941.25,56130.0,12295953400.00
20211227,1918.17,1918.17,1868.62,1886.15,37556.0,8020677686.00
20211228,1887.20,1907.11,1872.69,1891.78,27651.0,5901940632.00
20211229,1902.24,1906.00,1805.80,1805.80,54049.0,11195625154.00
20211230,1805.80,1848.25,1794.30,1835.88,35261.0,7272866657.00
20211231,1831.46,1834.10,1794.30,1813.76,29665.0,6061415344.00
20220104,1818.19,1830.53,1781.91,1814.85,33843.0,6913653122.00
20220105,1809.34,1827.03,1785.45,1790.76,28396.0,5774992117.00
20220106,1789.00,1801.38,1715.12,1753.79,51795.0,10226933847.00
20220107,1747.41,1759.69,1715.84,1718.21,29817.0,5831695311.00
20220110,1705.83,1749.18,1696.58,1739.44,29627.0,5792738144.00
20220111,1723.52,1738.56,1708.63,1716.93,22277.0,4332180604.00
20220112,1723.52,1750.77,1723.52,1740.33,27474.0,5384359628.00
20220113,1738.40,1741.20,1650.58,1661.04,56747.0,10781720544.00
20220114,1661.04,1674.86,1648.31,1651.85,29322.0,5506186026.00
20220117,1652.74,1661.85,1623.84,1647.08,27354.0,5074077665.00
20220118,1647.14,1688.88,1638.58,1674.21,31216.0,5906705861.00
20220119,1697.86,1697.86,1671.21,1691.67,26371.0,5026993462.00
20220120,1695.21,1751.82,1695.21,1742.56,34014.0,6665294953.00
20220121,1734.13,1763.77,1726.18,1756.24,30813.0,6091427695.00
20220124,1729.71,1755.37,1708.87,1725.46,23986.0,4685441775.00
20220125,1719.09,1739.44,1708.48,1719.09,25510.0,4971078498.00
20220126,1718.24,1742.10,1697.86,1729.71,23905.0,4655706528.00
20220127,1770.42,1779.10,1727.06,1738.56,42665.0,8450329058.00
20220128,1729.71,1741.21,1663.36,1669.55,41020.0,7889492895.00
20220207,1681.92,1693.05,1636.81,1652.70,35150.0,6601799703.00
20220208,1653.52,1657.05,1583.73,1627.08,41713.0,7585130459.00
20220209,1627.16,1688.13,1616.43,1677.49,33885.0,6346699784.00
20220210,1681.05,1686.27,1643.35,1657.16,23032.0,4315456868.00
20220211,1643.00,1681.75,1628.85,1636.78,33746.0,6296909575.00
20220214,1627.96,1660.70,1625.58,1653.33,20196.0,3762313349.00
20220215,1653.44,1690.78,1644.77,1672.75,27106.0,5131842112.00
20220216,1681.05,1687.24,1670.43,1674.46,14587.0,2769034316.00
20220217,1681.59,1691.21,1664.24,1669.54,18214.0,3450265032.00
20220218,1661.26,1688.11,1650.67,1687.24,19385.0,3670339742.00
20220221,1681.05,1687.15,1653.58,1660.69,20816.0,3920377358.00
20220222,1645.67,1646.54,1592.59,1599.54,52299.0,9473992638.00
20220223,1602.67,1622.65,1592.64,1616.47,28112.0,5118197820.00
20220224,1599.65,1604.95,1546.65,1560.82,65359.0,11578557075.00
20220225,1570.45,1599.90,1570.45,1591.74,38979.0,6999524161.00
20220228,1581.12,1589.92,1563.38,1584.08,28923.0,5158148387.00
20220301,1594.34,1648.82,1594.34,1644.31,47379.0,8721229267.00
20220302,1627.96,1637.69,1614.69,1632.28,20074.0,3690612341.00
20220303,1633.09,1637.03,1587.26,1592.57,31547.0,5703580558.00
20220304,1567.80,1586.28,1552.85,1575.32,31047.0,5509157654.00
20220307,1557.36,1564.26,1507.46,1510.29,49156.0,8487507372.00
20220308,1557.16,1580.77,1532.41,1551.17,57215.0,10087484369.00
20220309,1560.81,1597.00,1522.77,1574.15,56434.0,10018590069.00
20220310,1599.65,1611.15,1584.61,1587.64,36462.0,6587438866.00
20220311,1562.49,1572.22,1520.09,1565.15,47727.0,8335618340.00
20220314,1530.64,1548.33,1504.10,1504.10,49007.0,8416841920.00
20220315,1459.86,1490.82,1418.27,1418.27,89056.0,14567142622.00
20220316,1445.70,1489.85,1409.43,1481.93,77593.0,12753010156.00
20220317,1521.79,1552.76,1514.41,1521.92,68352.0,11843531812.00
20220318,1520.02,1543.91,1497.27,1510.99,38349.0,6564085394.00
20220321,1525.33,1526.79,1499.68,1507.90,27877.0,4763083283.00
20220322,1525.22,1525.22,1492.00,1499.67,21054.0,3578291198.00
20220323,1508.52,1566.03,1501.44,1550.27,58067.0,10096341448.00
20220324,1537.72,1539.49,1519.45,1522.61,25815.0,4457504430.00
20220325,1514.71,1534.18,1490.82,1495.25,29709.0,5054831352.00
20220328,1437.74,1472.95,1419.16,1469.41,57542.0,9392008016.00
20220329,1470.03,1496.58,1470.03,1474.90,25935.0,4343365464.00
20220330,1502.33,1530.73,1499.67,1530.73,42433.0,7276379091.00
20220331,1521.79,1538.25,1511.88,1520.91,25174.0,4338022922.00
20220401,1530.59,1586.38,1523.29,1574.89,44862.0,7936957252.00
20220406,1550.99,1582.60,1550.99,1561.61,27820.0,4910792426.00
20220407,1555.41,1579.30,1548.42,1561.61,20196.0,3568182341.00
20220408,1564.26,1582.57,1562.97,1578.42,22941.0,4081618543.00
20220411,1566.03,1566.03,1509.43,1521.79,43864.0,7568782591.00
20220412,1529.75,1581.93,1511.17,1576.65,41630.0,7284546261.00
20220413,1563.38,1588.15,1549.29,1565.15,31148.0,5534915753.00
20220414,1581.96,1624.34,1575.05,1600.54,37650.0,6834657201.00
20220415,1594.52,1608.50,1588.94,1597.87,21041.0,3800797635.00
20220418,1575.88,1590.80,1564.26,1584.45,19793.0,3525102977.00
20220419,1592.57,1621.76,1570.90,1583.99,24205.0,4359851980.00
20220420,1594.07,1610.27,1564.86,1589.92,24156.0,4342043328.00
20220421,1583.90,1597.88,1566.03,1574.86,28953.0,5160788004.00
20220422,1559.84,1581.85,1557.34,1568.68,27900.0,4955360846.00
20220425,1548.33,1571.78,1505.87,1511.17,53658.0,9352986852.00
20220426,1507.04,1547.43,1504.10,1532.83,44564.0,7692845226.00
20220427,1563.48,1601.42,1563.48,1588.08,57402.0,10289893014.00
20220428,1586.38,1632.39,1580.63,1623.54,44010.0,8038681950.00
20220429,1624.42,1635.93,1602.29,1617.68,34885.0,6384066537.00
20220505,1619.12,1654.51,1618.21,1625.31,33661.0,6235017580.00
20220506,1605.84,1609.38,1575.76,1586.38,28596.0,5138176680.00
20220509,1574.88,1574.88,1537.72,1550.10,30352.0,5324616272.00
20220510,1521.79,1579.27,1508.53,1562.66,40119.0,7018451096.00
20220511,1552.76,1582.38,1550.10,1564.26,30313.0,5372950032.00
20220512,1550.99,1573.11,1548.33,1559.54,22038.0,3888480084.00
20220513,1574.88,1590.75,1562.49,1573.32,20731.0,3690141231.00
20220516,1589.92,1589.92,1541.85,1555.41,27765.0,4881208653.00
20220517,1565.92,1570.45,1552.76,1564.26,20145.0,3557048801.00
20220518,1569.27,1569.50,1542.16,1558.07,24850.0,4362486907.00
20220519,1543.91,1554.53,1538.60,1553.64,19776.0,3459059182.00
20220520,1557.17,1593.59,1550.10,1592.58,41950.0,7493460272.00
20220523,1592.57,1596.01,1567.80,1575.76,22157.0,3950856594.00
20220524,1580.19,1581.07,1553.20,1557.18,27342.0,4824599922.00
20220525,1561.84,1567.80,1545.68,1553.21,22389.0,3929477102.00
20220526,1558.07,1558.07,1530.64,1541.96,28053.0,4888109192.00
20220527,1557.17,1574.88,1551.00,1552.90,25120.0,4436904896.00
20220530,1562.49,1584.21,1562.49,1573.47,34466.0,6135631304.00
20220531,1570.25,1605.76,1563.36,1596.14,40751.0,7329201058.00
20220601,1594.34,1605.65,1573.99,1582.18,21760.0,3897858999.00
20220602,1581.93,1588.86,1574.88,1580.19,16915.0,3019718032.00
20220606,1583.73,1588.15,1555.41,1581.96,36741.0,6535329352.00
20220607,1578.54,1614.69,1566.30,1608.41,35049.0,6356031009.00
20220608,1614.69,1665.12,1614.69,1650.61,44354.0,8236953846.00
20220609,1656.28,1670.74,1635.93,1639.47,26329.0,4897066622.00
20220610,1632.40,1687.24,1623.54,1681.58,47345.0,8882462598.00
20220613,1672.20,1673.97,1635.11,1642.12,36755.0,6847248995.00
20220614,1622.65,1659.30,1620.89,1655.39,29416.0,5467949348.00
20220615,1654.51,1685.47,1648.30,1659.02,33664.0,6354869100.00
20220616,1676.26,1687.80,1659.22,1660.70,26887.0,5087605391.00
20220617,1661.66,1727.06,1661.66,1726.17,50542.0,9749530916.00
20220620,1725.29,1742.98,1707.59,1718.23,34975.0,6802792459.00
20220621,1724.40,1740.32,1705.82,1721.52,23717.0,4617805127.00
20220622,1729.71,1732.37,1709.36,1712.90,19647.0,3813775294.00
20220623,1718.83,1738.59,1716.44,1731.57,26844.0,5239860443.00
20220624,1742.98,1787.22,1738.56,1777.50,39635.0,7921199792.00
20220627,1787.17,1813.71,1769.79,1778.86,40115.0,8124448900.00
20220628,1786.99,1805.80,1770.41,1801.38,25246.0,5112298787.00
20220629,1794.30,1806.69,1779.27,1796.07,30360.0,6142508408.00
20220630,1788.62,1857.48,1788.61,1828.86,38982.0,7984019438.00
20220701,1837.81,1849.23,1802.22,1814.60,21596.0,4385555299.00
20220704,1806.51,1810.34,1789.52,1804.72,25076.0,5042804258.00
20220705,1811.23,1837.31,1797.56,1818.14,26329.0,5345189852.00
20220706,1817.24,1823.50,1776.10,1790.41,32752.0,6566374981.00
20220707,1793.09,1796.98,1775.21,1779.68,20932.0,4179088240.00
20220708,1793.09,1801.93,1785.18,1787.72,15644.0,3134903462.00
20220711,1779.85,1783.94,1744.35,1756.07,23949.0,4709248310.00
20220712,1757.32,1764.29,1726.07,1742.48,23447.0,4562731380.00
20220713,1739.43,1763.58,1735.56,1751.85,19854.0,3893406033.00
20220714,1752.85,1767.87,1735.85,1746.59,20527.0,4014985518.00
20220715,1739.53,1788.33,1738.99,1743.46,33416.0,6588730699.00
20220718,1746.01,1751.95,1718.86,1745.39,24221.0,4701936868.00
20220719,1739.43,1745.38,1722.44,1737.73,21956.0,4250852886.00
20220720,1751.73,1761.79,1739.43,1743.99,18705.0,3659970961.00
20220721,1737.73,1749.18,1730.05,1734.07,14061.0,2735503093.00
20220722,1743.21,1754.63,1730.49,1741.22,25114.0,4894378605.00
20220725,1743.46,1745.96,1726.91,1739.12,16912.0,3285451347.00
20220726,1746.58,1757.29,1741.24,1744.09,20685.0,4041100077.00
20220727,1736.75,1742.11,1714.39,1716.72,21490.0,4149807166.00
20220728,1718.06,1733.17,1692.62,1697.40,34870.0,6669448409.00
20220729,1694.81,1716.17,1679.60,1697.79,37032.0,7028415881.00
20220801,1690.25,1706.34,1682.36,1690.51,21037.0,3988198590.00
20220802,1681.30,1688.44,1661.64,1681.28,28221.0,5284516568.00
20220803,1690.24,1702.76,1678.62,1685.77,24598.0,4642442196.00
20220804,1690.24,1719.85,1681.42,1713.51,30357.0,5797110732.00
20220805,1724.05,1730.49,1703.57,1720.62,20086.0,3857406327.00
20220808,1712.74,1728.59,1705.90,1709.50,16799.0,3220702892.00
20220809,1709.50,1716.17,1703.66,1708.13,13875.0,2651800008.00
20220810,1708.11,1715.29,1667.51,1677.72,27927.0,5259452686.00
20220811,1686.67,1705.45,1679.52,1705.36,26061.0,4940834195.00
20220812,1705.36,1726.02,1699.19,1724.23,20260.0,3882570566.00
20220815,1717.49,1734.51,1713.09,1716.98,19323.0,3717178491.00
20220816,1720.60,1729.41,1713.50,1715.14,14836.0,2854189586.00
20220817,1726.02,1726.02,1694.72,1715.29,18361.0,3508295541.00
20220818,1706.34,1710.89,1682.26,1695.16,23168.0,4384060205.00
20220819,1697.40,1706.65,1688.46,1694.72,13544.0,2572000762.00
20220822,1685.78,1705.45,1682.54,1693.80,15427.0,2925285473.00
20220823,1697.94,1697.94,1669.68,1672.37,23756.0,4452538978.00
20220824,1672.35,1677.04,1655.37,1658.23,18728.0,3486382969.00
20220825,1662.52,1688.46,1658.23,1685.77,21925.0,4107597895.00
20220826,1699.19,1709.92,1686.67,1697.40,23142.0,4397161135.00
20220829,1683.98,1699.16,1675.94,1680.25,13570.0,2555981192.00
20220830,1683.40,1685.77,1658.23,1672.36,18235.0,3400091357.00
20220831,1663.50,1722.05,1663.42,1720.65,44692.0,8518225337.00
20220901,1710.05,1713.50,1682.10,1682.10,26845.0,5088658955.00
20220902,1690.19,1692.89,1668.93,1676.83,19391.0,3635162804.00
20220905,1665.78,1671.46,1627.64,1641.06,36822.0,6764549173.00
20220906,1641.38,1652.86,1632.11,1650.00,20830.0,3832086313.00
20220907,1641.08,1643.44,1619.60,1625.86,28306.0,5151537330.00
20220908,1627.64,1638.37,1623.17,1623.17,16591.0,3026766448.00
20220909,1632.11,1656.26,1624.07,1649.81,27090.0,4991679523.00
20220913,1681.30,1688.80,1661.83,1680.41,28693.0,5387987148.00
20220914,1667.00,1681.30,1666.10,1671.46,16042.0,3002693247.00
20220915,1672.36,1693.03,1672.32,1681.30,20810.0,3917954256.00
20220916,1673.97,1686.31,1659.04,1662.52,24121.0,4501527357.00
20220919,1658.94,1688.98,1657.05,1673.82,18584.0,3479680771.00
20220920,1672.34,1685.42,1662.12,1679.51,14116.0,2645281859.00
20220921,1678.32,1683.98,1652.68,1652.68,20995.0,3904096421.00
20220922,1645.53,1646.44,1624.83,1628.37,22704.0,4147900995.00
20220923,1628.37,1658.94,1628.37,1640.55,28288.0,5191904760.00
20220926,1627.64,1688.46,1627.62,1666.10,35135.0,6566771227.00
20220927,1671.34,1696.50,1655.46,1688.46,28820.0,5422668135.00
20220928,1681.75,1698.65,1675.94,1683.98,21446.0,4042506330.00
20220929,1697.38,1701.14,1673.37,1681.61,21590.0,4075515187.00
20220930,1697.95,1700.97,1668.78,1674.59,21289.0,4000917951.00
20221010,1690.24,1691.14,1592.05,1597.24,48584.0,8865386496.00
20221011,1599.92,1615.12,1573.98,1591.86,32047.0,5712249507.00
20221012,1586.20,1590.98,1527.48,1573.98,48195.0,8372252823.00
20221013,1538.62,1551.63,1517.64,1520.32,63969.0,10919727537.00
20221014,1529.27,1569.51,1522.06,1553.96,46520.0,8045032623.00
20221017,1543.58,1545.36,1518.36,1536.87,33550.0,5740146639.00
20221018,1542.68,1547.15,1521.22,1525.54,28083.0,4800689501.00
20221019,1522.10,1522.10,1473.82,1473.82,60121.0,9997656284.00
20221020,1449.68,1492.09,1440.73,1469.80,42778.0,7020555512.00
20221021,1466.67,1473.64,1439.84,1452.36,38907.0,6317945876.00
20221024,1404.07,1421.06,1330.74,1342.61,132098.0,20217576174.00
20221025,1323.06,1354.88,1316.42,1323.35,81362.0,12136909034.00
20221026,1331.45,1354.87,1305.69,1309.34,81781.0,12120993864.00
20221027,1323.58,1330.71,1237.59,1252.93,107106.0,15258551283.00
20221028,1243.78,1257.40,1215.11,1216.26,93143.0,12823821843.00
20221031,1207.32,1235.94,1192.11,1207.32,71847.0,9758303071.00
20221101,1215.37,1314.10,1215.37,1307.49,118766.0,16859775304.00
20221102,1305.69,1346.83,1284.23,1316.39,79777.0,11717204099.00
20221103,1291.00,1307.93,1277.16,1287.36,45160.0,6509550787.00
20221104,1285.98,1366.30,1285.98,1356.28,80008.0,11996968945.00
20221107,1336.14,1357.99,1329.47,1347.82,42698.0,6414049133.00
20221108,1348.62,1357.55,1313.70,1327.94,39325.0,5842320995.00
20221109,1327.11,1331.52,1296.75,1305.60,36090.0,5276777530.00
20221110,1291.38,1328.05,1283.47,1319.11,37720.0,5518325848.00
20221111,1366.50,1381.22,1336.97,1366.64,73947.0,11252112275.00
20221114,1380.37,1398.28,1366.50,1370.98,57370.0,8858049581.00
20221115,1370.08,1429.97,1360.24,1420.16,56318.0,8858377894.00
20221116,1413.90,1429.11,1402.28,1417.70,26848.0,4250886805.00
20221117,1422.40,1427.59,1388.75,1401.38,30580.0,4793001162.00
20221118,1409.43,1416.59,1391.55,1401.50,23609.0,3703793426.00
20221121,1378.44,1378.44,1340.15,1359.33,39096.0,5917086070.00
20221122,1357.06,1394.89,1355.87,1377.19,29901.0,4582790131.00
20221123,1366.50,1392.44,1360.28,1385.28,22177.0,3428793052.00
20221124,1394.23,1403.06,1353.97,1359.34,27687.0,4241974248.00
20221125,1359.81,1370.08,1350.41,1361.15,18621.0,2833988373.00
20221128,1327.85,1354.88,1297.64,1350.30,47723.0,7040991068.00
20221129,1403.67,1430.89,1387.07,1430.00,73420.0,11587859176.00
20221130,1419.38,1434.47,1417.48,1430.00,31497.0,5019450678.00
20221201,1484.55,1502.44,1458.43,1458.44,51358.0,8480772923.00
20221202,1462.20,1478.28,1449.85,1461.19,23884.0,3910860618.00
20221205,1491.71,1501.55,1474.72,1488.94,36127.0,6018521304.00
20221206,1480.08,1544.38,1477.40,1509.59,44147.0,7477917194.00
20221207,1500.48,1538.21,1493.52,1506.02,35526.0,6012253045.00
20221208,1504.23,1515.85,1489.02,1508.72,19730.0,3323420877.00
20221209,1513.17,1547.15,1504.23,1547.15,39215.0,6716944493.00
20221212,1534.51,1579.35,1533.74,1555.22,34755.0,6063957619.00
20221213,1553.42,1574.60,1547.15,1565.04,21385.0,3735089152.00
20221214,1558.78,1592.59,1558.78,1583.71,29098.0,5141262368.00
20221215,1614.23,1624.07,1591.87,1598.12,30634.0,5497063390.00
20221216,1585.83,1601.71,1558.78,1598.01,33303.0,5901587128.00
20221219,1608.68,1608.68,1574.14,1585.61,24987.0,4447236356.00
20221220,1578.75,1578.75,1504.63,1533.74,46198.0,7944120661.00
20221221,1541.79,1555.20,1536.11,1555.20,22816.0,3948926227.00
20221222,1571.03,1594.55,1560.57,1581.14,23175.0,4093861570.00
20221223,1567.19,1593.66,1560.57,1583.82,17319.0,3063608409.00
20221226,1583.82,1583.82,1551.64,1557.94,21384.0,3749121030.00
20221227,1574.11,1582.39,1562.79,1569.58,17905.0,3109270166.00
20221228,1581.24,1582.26,1546.94,1569.58,21438.0,3699948994.00
20221229,1555.09,1564.13,1540.64,1556.90,22418.0,3844499655.00
20221230,1572.30,1587.68,1564.14,1564.14,25333.0,4409544297.00
20230103,1567.95,1574.50,1545.13,1566.87,26034.0,4487760231.00
20230104,1566.86,1574.74,1554.18,1562.34,20416.0,3523582306.00
20230105,1573.20,1631.17,1569.58,1631.17,47943.0,8541587089.00
20230106,1635.80,1641.04,1618.49,1633.67,24904.0,4480838898.00
20230109,1661.96,1675.53,1637.34,1667.57,30977.0,5684181146.00
20230110,1665.64,1688.68,1657.88,1679.58,22732.0,4204783733.00
20230111,1680.98,1684.60,1663.63,1670.97,22720.0,4201487773.00
20230112,1673.73,1680.98,1660.15,1661.05,17193.0,3162637136.00
20230113,1670.27,1709.96,1666.49,1709.06,31940.0,5969876222.00
20230116,1708.15,1752.53,1703.62,1732.51,36848.0,7059982640.00
20230117,1732.75,1741.66,1716.30,1728.08,21299.0,4068321409.00
20230118,1733.51,1743.74,1711.77,1714.49,21063.0,4008665438.00
20230119,1714.04,1714.06,1690.04,1702.91,23439.0,4401994437.00
20230120,1711.04,1719.25,1682.79,1684.61,25609.0,4807356071.00
20230130,1728.98,1728.98,1702.72,1709.96,35923.0,6799756571.00
20230131,1717.66,1720.78,1660.21,1671.70,32991.0,6128311548.00
20230201,1680.06,1683.70,1640.58,1670.99,33974.0,6244678925.00
20230202,1674.08,1683.70,1653.81,1662.96,29759.0,5465509510.00
20230203,1648.37,1653.81,1626.35,1646.56,34945.0,6324635031.00
20230206,1612.15,1625.73,1594.03,1625.73,42661.0,7595739044.00
20230207,1637.58,1638.23,1619.15,1627.54,24322.0,4373671735.00
20230208,1630.27,1635.67,1607.62,1615.77,16676.0,2980574805.00
20230209,1610.33,1657.20,1607.63,1646.56,29754.0,5401399088.00
20230210,1639.41,1647.01,1631.21,1639.32,17985.0,3253859316.00
20230213,1639.32,1697.73,1639.32,1681.30,38147.0,7058382498.00
20230214,1681.40,1682.25,1661.96,1669.92,19566.0,3601769573.00
20230215,1669.91,1680.35,1662.69,1667.39,18177.0,3351422211.00
20230216,1667.70,1709.06,1655.62,1686.25,33246.0,6196915129.00
20230217,1675.69,1696.38,1648.42,1649.08,26443.0,4880328952.00
20230220,1649.28,1701.63,1645.84,1698.19,29669.0,5488800056.00
20230221,1697.28,1697.28,1676.45,1690.94,18751.0,3491633510.00
20230222,1680.08,1688.13,1659.06,1662.87,21869.0,4031016045.00
20230223,1666.49,1674.46,1635.01,1646.56,21881.0,3983991208.00
20230224,1639.42,1639.49,1614.12,1619.39,24635.0,4415621498.00
20230227,1610.79,1643.85,1607.64,1639.69,22065.0,3978128676.00
20230228,1647.47,1650.19,1615.13,1642.70,23952.0,4314877096.00
20230301,1642.03,1673.73,1633.19,1665.16,24458.0,4475592195.00
20230302,1656.53,1665.57,1649.37,1655.62,13144.0,2405292304.00
20230303,1666.28,1667.95,1632.51,1646.60,16198.0,2946842658.00
20230306,1646.73,1647.02,1627.33,1636.73,20646.0,3730079522.00
20230307,1635.68,1645.29,1619.39,1619.66,22785.0,4101302456.00
20230308,1612.16,1617.53,1595.05,1603.47,22764.0,4035787172.00
20230309,1601.28,1616.67,1575.92,1603.11,27612.0,4881442710.00
20230310,1586.40,1613.05,1584.98,1584.98,21161.0,3725139075.00
20230313,1585.88,1607.62,1584.07,1595.84,20560.0,3626476290.00
20230314,1597.46,1612.04,1574.56,1599.47,23705.0,4177289027.00
20230315,1610.67,1616.57,1585.08,1585.81,19213.0,3392698490.00
20230316,1575.92,1603.09,1575.02,1586.78,17646.0,3096791142.00
20230317,1603.09,1608.42,1572.30,1577.73,27023.0,4744249369.00
20230320,1585.88,1589.50,1565.05,1566.50,20491.0,3557872017.00
20230321,1571.39,1617.44,1561.40,1607.62,31142.0,5491052284.00
20230322,1612.15,1623.92,1599.06,1606.12,15330.0,2727648674.00
20230323,1599.47,1622.21,1598.57,1607.49,17356.0,3082821551.00
20230324,1602.26,1615.41,1599.47,1610.90,12770.0,2269649179.00
20230327,1610.88,1610.88,1590.41,1601.09,15296.0,2700755933.00
20230328,1603.09,1621.20,1598.58,1613.78,17261.0,3073113077.00
20230329,1629.35,1630.26,1616.74,1621.20,15393.0,2761909333.00
20230330,1623.92,1634.79,1611.24,1630.26,19257.0,3453573051.00
20230331,1652.90,1673.73,1647.47,1648.37,27446.0,5024790356.00
20230403,1652.90,1655.41,1630.33,1632.13,21417.0,3875811673.00
20230404,1641.13,1644.00,1618.49,1643.47,20066.0,3614275263.00
20230406,1634.79,1644.66,1619.59,1627.51,14874.0,2676251956.00
20230407,1625.73,1635.70,1619.70,1622.10,13525.0,2428160574.00
20230410,1622.00,1622.00,1579.54,1604.63,29418.0,5171150567.00
20230411,1623.92,1623.92,1579.54,1580.90,29209.0,5138854627.00
20230412,1582.49,1584.98,1533.19,1534.35,51105.0,8732657376.00
20230413,1530.63,1561.06,1525.21,1560.52,29543.0,5049310126.00
20230414,1563.24,1569.58,1544.04,1551.84,21232.0,3646526766.00
20230417,1575.92,1587.69,1565.05,1587.69,30467.0,5303401395.00
20230418,1587.69,1602.18,1581.37,1592.22,18314.0,3220107647.00
20230419,1595.84,1599.01,1584.98,1593.13,14601.0,2568632845.00
20230420,1594.13,1598.56,1565.96,1577.62,19885.0,3468366835.00
20230421,1581.35,1583.24,1558.96,1562.76,18518.0,3210937222.00
20230424,1558.71,1559.62,1540.60,1544.22,20231.0,3456728718.00
20230425,1545.12,1572.28,1541.50,1567.21,20583.0,3534989917.00
20230426,1579.54,1594.94,1557.80,1579.46,27892.0,4861477657.00
20230427,1583.16,1603.09,1566.86,1592.15,25605.0,4489906864.00
20230428,1596.76,1614.65,1588.57,1594.50,26225.0,4636084177.00
20230504,1602.18,1610.04,1572.30,1584.88,27466.0,4818999650.00
20230505,1599.47,1599.47,1572.65,1584.98,20714.0,3621305973.00
20230508,1601.57,1602.18,1555.24,1558.27,33171.0,5742915994.00
20230509,1553.28,1575.90,1546.09,1559.62,29378.0,5057346564.00
20230510,1553.45,1572.30,1553.28,1562.33,20773.0,3588550877.00
20230511,1567.77,1571.39,1553.28,1555.15,15246.0,2623835905.00
20230512,1553.28,1566.75,1544.23,1545.49,19460.0,3335038590.00
20230515,1541.50,1555.09,1531.72,1554.45,25740.0,4384647976.00
20230516,1552.36,1557.79,1536.97,1542.67,22224.0,3785811907.00
20230517,1546.94,1551.46,1538.79,1540.60,16777.0,2858697942.00
20230518,1544.21,1544.58,1530.63,1531.54,19219.0,3260170684.00
20230519,1513.42,1543.61,1499.43,1539.24,26741.0,4504022549.00
20230522,1530.64,1586.79,1530.63,1581.35,41284.0,7165754129.00
20230523,1588.59,1588.60,1561.92,1561.92,16894.0,2934118394.00
20230524,1568.97,1570.08,1548.85,1549.56,18479.0,3182416491.00
20230525,1545.12,1548.75,1530.63,1540.60,22466.0,3814504093.00
20230526,1541.50,1544.22,1517.06,1531.14,18291.0,3090691546.00
20230529,1536.97,1538.20,1519.76,1529.73,17771.0,2998147159.00
20230530,1529.73,1538.68,1502.16,1510.97,26453.0,4424706688.00
20230531,1504.38,1508.64,1473.28,1475.29,36957.0,6053737281.00
20230601,1465.42,1517.04,1465.42,1481.65,28645.0,4708722933.00
20230602,1489.88,1515.37,1481.82,1513.06,25058.0,4163116244.00
20230605,1509.04,1524.18,1506.18,1507.99,16201.0,2704294313.00
20230606,1512.52,1525.20,1495.81,1509.79,19914.0,3326778183.00
20230607,1515.23,1520.49,1494.41,1495.22,17890.0,2971782064.00
20230608,1499.69,1517.05,1494.41,1510.71,14703.0,2441569677.00
20230609,1514.32,1519.74,1508.90,1508.90,17580.0,2938014322.00
20230612,1508.91,1546.94,1504.84,1536.07,27029.0,4562308599.00
20230613,1534.15,1543.87,1526.10,1538.78,14663.0,2485398901.00
20230614,1556.90,1570.70,1545.31,1564.04,31506.0,5438040356.00
20230615,1567.17,1590.09,1560.52,1589.50,25223.0,4395900802.00
20230616,1591.31,1630.26,1585.07,1628.17,37918.0,6742301361.00
20230619,1621.20,1628.40,1574.11,1579.54,31700.0,5584248725.00
20230620,1575.92,1598.56,1571.39,1579.05,20947.0,3659824529.00
20230621,1575.92,1590.95,1571.39,1572.14,17721.0,3088635934.00
20230626,1557.90,1566.86,1535.16,1547.84,23993.0,4098619510.00
20230627,1548.74,1557.53,1539.77,1549.70,15174.0,2598138744.00
20230628,1551.63,1570.48,1549.65,1565.39,18574.0,3199294221.00
20230629,1567.77,1571.38,1551.47,1552.11,14231.0,2446524134.00
20230630,1563.33,1571.59,1550.89,1555.05,20459.0,3472586730.00
20230703,1562.41,1586.57,1555.97,1585.49,19139.0,3286737792.00
20230704,1585.58,1595.00,1579.95,1591.47,12472.0,2155553635.00
20230705,1590.91,1592.73,1563.33,1577.47,14745.0,2523960725.00
20230706,1571.75,1593.67,1563.33,1566.07,15141.0,2589459002.00
20230707,1564.25,1571.59,1554.13,1554.16,15167.0,2571458553.00
20230710,1567.92,1577.08,1563.33,1564.15,13477.0,2298241728.00
20230711,1572.52,1577.28,1565.26,1572.52,12583.0,2151079270.00
20230712,1575.32,1584.48,1573.74,1576.02,13285.0,2280785351.00
20230713,1583.55,1605.08,1580.81,1598.64,25807.0,4479772500.00
20230714,1614.82,1617.12,1601.21,1612.06,18550.0,3245530255.00
20230717,1610.23,1610.23,1587.79,1590.89,14336.0,2482069846.00
20230718,1594.21,1595.06,1582.64,1584.29,14738.0,2544005062.00
20230719,1577.13,1589.07,1576.02,1584.48,12483.0,2147704435.00
20230720,1589.07,1608.37,1583.56,1585.40,16693.0,2897176490.00
20230721,1592.64,1630.00,1587.24,1628.89,39377.0,6931535726.00
20230724,1609.78,1628.76,1609.78,1628.76,19713.0,3476648177.00
20230725,1655.29,1681.84,1655.28,1681.54,43086.0,7837450019.00
20230726,1681.54,1688.38,1669.15,1681.54,19611.0,3580171484.00
20230727,1688.39,1705.67,1681.68,1690.26,20340.0,3749635290.00
20230728,1684.71,1747.25,1681.04,1744.49,39018.0,7330314112.00
20230731,1754.60,1779.43,1723.34,1729.39,45379.0,8615279839.00
20230801,1727.02,1753.64,1726.91,1737.13,19231.0,3635857283.00
20230802,1731.98,1738.05,1716.72,1728.85,18509.0,3478674239.00
20230803,1719.66,1738.05,1701.73,1727.45,21543.0,4031087705.00
20230804,1736.05,1753.24,1730.69,1741.24,24574.0,4655813751.00
20230807,1729.73,1745.41,1720.61,1736.15,23892.0,4491893140.00
20230808,1728.88,1741.46,1714.21,1738.05,17736.0,3333559505.00
20230809,1738.05,1751.84,1731.58,1738.31,18523.0,3506306394.00
20230810,1730.69,1737.13,1712.58,1724.26,18436.0,3454219140.00
20230811,1733.45,1733.82,1686.44,1686.55,26786.0,4959166751.00
20230814,1664.48,1678.26,1651.61,1658.04,23731.0,4285362053.00
20230815,1663.56,1671.84,1656.21,1667.22,14818.0,2682125119.00
20230816,1662.26,1676.76,1660.80,1673.68,13184.0,2396261791.00
20230817,1660.88,1686.55,1656.71,1681.08,17290.0,3141408018.00
20230818,1684.70,1687.46,1657.67,1657.67,17023.0,3084761577.00
20230821,1648.85,1668.15,1646.15,1647.01,18912.0,3405415645.00
20230822,1656.20,1657.64,1628.64,1644.25,26650.0,4763131152.00
20230823,1652.53,1655.29,1627.77,1631.38,19912.0,3556178584.00
20230824,1636.54,1681.04,1632.30,1670.28,26055.0,4703417600.00
20230825,1663.37,1690.02,1660.81,1678.26,18831.0,3433296756.00
20230828,1745.94,1745.94,1684.60,1687.44,41052.0,7633221011.00
20230829,1681.04,1718.81,1681.04,1702.49,28950.0,5371260173.00
20230830,1717.73,1717.82,1695.44,1706.78,19812.0,3672570260.00
20230831,1710.46,1710.46,1693.00,1698.51,14820.0,2738445519.00
20230901,1703.87,1715.49,1697.62,1702.23,13145.0,2438622738.00
20230904,1712.85,1728.80,1704.51,1715.98,23871.0,4453823216.00
20230905,1717.82,1717.82,1707.52,1709.27,15659.0,2915625961.00
20230906,1708.62,1716.59,1700.36,1711.38,11121.0,2067605990.00
20230907,1703.66,1707.60,1683.97,1690.23,16982.0,3128587116.00
20230908,1687.42,1687.42,1669.03,1672.30,12212.0,2224338144.00
20230911,1662.64,1692.07,1662.64,1675.67,15926.0,2902617735.00
20230912,1679.75,1680.10,1670.02,1673.64,12168.0,2214514112.00
20230913,1682.80,1682.80,1655.33,1673.60,19501.0,3540583633.00
20230914,1676.00,1680.10,1660.80,1672.47,17505.0,3180447848.00
20230915,1672.76,1673.48,1638.09,1638.72,28431.0,5105749077.00
20230918,1633.50,1682.41,1630.46,1682.14,32559.0,5905121000.00
20230919,1675.70,1681.95,1662.64,1680.06,14990.0,2727858953.00
20230920,1675.52,1682.87,1671.88,1677.36,12502.0,2281583949.00
20230921,1671.85,1675.52,1653.81,1653.81,19489.0,3521486755.00
20230922,1660.46,1701.23,1648.31,1700.35,34390.0,6287832575.00
20230925,1698.97,1699.43,1679.74,1685.06,13979.0,2565773541.00
20230926,1681.04,1687.36,1667.33,1670.00,15762.0,2870852363.00
20230927,1669.08,1686.09,1657.86,1668.16,20880.0,3791876119.00
20230928,1678.26,1678.26,1653.26,1653.95,20538.0,3704812960.00
20231009,1652.47,1652.47,1623.01,1634.14,29763.0,5279950406.00
20231010,1639.55,1654.35,1625.86,1627.70,20284.0,3615557182.00
20231011,1641.17,1641.17,1625.86,1635.51,21945.0,3896568648.00
20231012,1653.35,1653.66,1634.32,1642.41,14865.0,2657095942.00
20231013,1628.51,1635.06,1598.45,1610.23,25028.0,4387687934.00
20231016,1610.21,1614.82,1583.97,1590.82,20790.0,3603604610.00
20231017,1599.19,1599.59,1578.04,1587.24,14945.0,2577312288.00
20231018,1580.61,1601.95,1579.12,1589.07,20318.0,3511987514.00
20231019,1563.33,1563.35,1495.30,1498.95,73492.0,12146921769.00
20231020,1498.95,1521.94,1486.31,1512.75,45376.0,7421390806.00
20231023,1498.93,1526.54,1491.23,1511.81,25234.0,4138279588.00
20231024,1515.51,1520.44,1490.87,1510.86,29861.0,4894807617.00
20231025,1535.84,1561.49,1533.00,1542.63,36179.0,6075417064.00
20231026,1532.98,1552.29,1528.39,1537.79,22386.0,3741418874.00
20231027,1530.22,1555.86,1527.09,1541.91,34262.0,5754795486.00
20231030,1534.82,1553.10,1534.82,1545.85,24086.0,4050573178.00
20231031,1544.93,1554.13,1533.76,1549.15,19859.0,3335804699.00
20231101,1701.27,1701.27,1631.18,1637.80,93143.0,16747292689.00
20231102,1650.69,1650.69,1633.27,1636.43,27908.0,4982090753.00
20231103,1636.89,1668.98,1631.38,1665.62,30176.0,5433116881.00
20231106,1673.68,1677.16,1656.32,1666.32,25524.0,4624102375.00
20231107,1659.88,1664.48,1640.65,1647.17,19582.0,3511590028.00
20231108,1640.62,1658.78,1639.53,1653.76,14546.0,2610041959.00
20231109,1646.19,1654.37,1639.65,1649.87,12800.0,2291996819.00
20231110,1637.40,1644.25,1630.55,1633.07,16466.0,2928380667.00
20231113,1629.79,1641.38,1615.72,1622.18,18370.0,3244573621.00
20231114,1622.18,1632.29,1618.51,1623.35,12817.0,2263963957.00
20231115,1635.97,1639.55,1624.94,1630.39,18435.0,3271230275.00
20231116,1631.38,1633.22,1618.55,1618.55,12558.0,2215937272.00
20231117,1611.15,1617.58,1598.18,1612.45,21714.0,3793781119.00
20231120,1613.90,1627.24,1597.04,1620.80,18608.0,3265514010.00
20231121,1640.04,1653.45,1627.79,1646.09,30098.0,5383107810.00
20231122,1639.93,1650.09,1637.39,1638.28,12665.0,2263460167.00
20231123,1635.33,1644.25,1628.62,1642.41,11550.0,2055272193.00
20231124,1645.17,1645.17,1632.30,1634.14,13085.0,2329345657.00
20231127,1630.73,1630.73,1613.90,1621.26,16261.0,2865075217.00
20231128,1619.42,1631.27,1616.66,1626.82,14520.0,2562905659.00
20231129,1625.86,1633.22,1616.66,1632.03,17149.0,3034175614.00
20231130,1633.88,1650.47,1628.69,1647.47,21353.0,3817513545.00
20231201,1645.46,1645.81,1607.47,1618.76,33051.0,5830850111.00
20231204,1618.76,1620.18,1604.97,1609.96,18440.0,3233102118.00
20231205,1608.18,1608.28,1570.70,1571.60,29903.0,5168983317.00
20231206,1565.74,1581.23,1564.36,1566.08,23851.0,4078003021.00
20231207,1567.00,1571.68,1551.65,1563.33,25042.0,4249170906.00
20231208,1563.33,1571.46,1556.17,1567.85,26288.0,4474160126.00
20231211,1554.13,1567.00,1523.78,1561.49,36831.0,6172810248.00
20231212,1551.92,1572.51,1548.61,1572.51,21011.0,3564305866.00
20231213,1568.13,1568.59,1523.86,1526.54,38789.0,6480807500.00
20231214,1532.02,1535.62,1503.57,1504.38,40672.0,6703240107.00
20231215,1515.72,1542.88,1511.84,1512.75,37093.0,6140791726.00
20231218,1508.15,1529.60,1503.55,1528.38,19897.0,3292194757.00
20231219,1531.14,1544.81,1512.83,1540.34,22207.0,3706057587.00
20231220,1542.30,1544.16,1528.34,1534.66,23092.0,3816133219.00
20231221,1525.56,1555.62,1525.56,1553.46,29012.0,4827827888.00
20231222,1553.18,1561.93,1542.31,1554.06,21667.0,3613238325.00
20231225,1554.39,1561.46,1551.60,1555.32,12471.0,2086014390.00
20231226,1555.79,1558.02,1541.83,1553.46,14771.0,2457177339.00
20231227,1551.60,1560.11,1545.09,1550.73,16056.0,2679221365.00
20231228,1554.38,1607.40,1550.73,1604.61,38338.0,6537401380.00
20231229,1599.97,1627.49,1599.97,1605.55,27539.0,4768857531.00
20240102,1595.32,1598.29,1560.99,1567.42,32156.0,5440082548.00
20240103,1563.79,1576.92,1559.35,1575.79,20229.0,3411400667.00
20240104,1574.86,1574.86,1546.88,1552.53,21551.0,3603970147.00
20240105,1545.40,1561.52,1536.82,1547.28,20243.0,3373155627.00
20240108,1545.09,1546.02,1525.56,1529.27,25586.0,4211918629.00
20240109,1526.49,1537.01,1520.97,1526.48,24412.0,4009826496.00
20240110,1526.58,1543.66,1523.69,1526.95,17351.0,2856120718.00
20240111,1525.65,1542.24,1523.75,1531.67,16441.0,2708764500.00
20240112,1525.53,1536.03,1525.00,1528.40,11603.0,1908084612.00
20240115,1520.90,1539.48,1520.39,1525.55,17854.0,2931202343.00
20240116,1524.16,1532.07,1511.54,1525.02,25903.0,4236042960.00
20240117,1516.25,1521.35,1466.95,1466.95,51633.0,8251735591.00
20240118,1464.16,1500.25,1447.00,1498.46,60440.0,9566349514.00
20240119,1496.60,1523.70,1489.16,1520.90,46378.0,7550144389.00
20240122,1515.32,1528.34,1505.91,1527.41,46946.0,7678297836.00
20240123,1518.12,1525.51,1496.72,1506.02,34835.0,5659457115.00
20240124,1515.32,1519.82,1491.66,1512.53,33216.0,5373603703.00
20240125,1513.29,1526.48,1508.81,1523.69,31206.0,5094508165.00
20240126,1516.59,1529.37,1509.74,1523.06,26955.0,4402111882.00
20240129,1525.83,1544.70,1525.82,1534.86,31421.0,5189014945.00
20240130,1534.84,1534.84,1497.65,1500.44,30866.0,5010784454.00
20240131,1500.44,1506.92,1486.61,1492.91,29649.0,4770104891.00
20240201,1493.46,1510.57,1489.28,1497.68,26485.0,4272298576.00
20240202,1502.30,1514.19,1470.67,1484.62,39382.0,6336691194.00
20240205,1484.62,1523.17,1483.93,1516.26,53130.0,8590683071.00
20240206,1516.26,1567.86,1512.62,1559.04,52472.0,8740646588.00
20240207,1563.72,1594.94,1545.66,1591.59,52601.0,8899606867.00
20240208,1599.98,1604.62,1567.41,1586.95,46757.0,7953438043.00
20240219,1616.59,1616.65,1570.20,1577.12,36977.0,6288277980.00
20240220,1578.91,1578.91,1540.96,1553.46,34470.0,5755266893.00
20240221,1549.76,1610.20,1546.02,1597.79,46154.0,7868784082.00
20240222,1588.34,1602.77,1581.86,1598.46,22794.0,3905984695.00
20240223,1591.70,1604.05,1581.39,1594.47,27306.0,4670706950.00
20240226,1588.81,1589.50,1567.43,1576.70,27318.0,4625594409.00
20240227,1565.55,1574.78,1560.90,1571.60,22080.0,3718478358.00
20240228,1571.06,1578.18,1557.19,1564.20,31867.0,5371312847.00
20240229,1564.20,1578.11,1562.02,1576.72,24758.0,4184917973.00
20240301,1572.06,1576.69,1559.67,1567.47,26868.0,4526845398.00
20240304,1561.83,1563.68,1553.51,1559.32,26485.0,4434401015.00
20240305,1554.21,1578.58,1550.37,1576.81,36238.0,6102136582.00
20240306,1572.99,1576.72,1560.92,1563.27,22142.0,3725582802.00
20240307,1562.76,1571.88,1560.90,1566.14,21599.0,3633934774.00
20240308,1563.28,1568.98,1553.51,1554.79,22156.0,3710678522.00
20240311,1558.11,1580.32,1556.42,1576.24,29895.0,5048394347.00
20240312,1575.73,1627.04,1572.53,1623.23,54227.0,9393309052.00
20240313,1618.55,1626.02,1600.06,1606.90,26500.0,4588879420.00
20240314,1599.04,1613.78,1592.06,1596.84,19405.0,3338768308.00
20240315,1592.99,1611.51,1592.53,1597.64,17834.0,3066692399.00
20240318,1595.32,1599.83,1580.44,1589.05,26055.0,4446059130.00
20240319,1584.16,1599.92,1574.96,1588.83,23948.0,4093701261.00
20240320,1584.49,1594.09,1581.58,1590.30,15249.0,2604543856.00
20240321,1588.90,1599.04,1585.55,1589.74,16596.0,2839332631.00
20240322,1586.05,1589.73,1570.20,1582.62,25456.0,4318592818.00
20240325,1580.01,1580.22,1563.30,1571.14,24473.0,4131446237.00
20240326,1569.70,1593.27,1569.70,1590.01,28069.0,4782899074.00
20240327,1586.02,1592.53,1580.44,1582.30,18113.0,3087792980.00
20240328,1576.72,1598.11,1575.04,1582.89,24642.0,4201857059.00
20240329,1582.89,1591.59,1579.60,1584.06,13457.0,2290584417.00
20240401,1590.66,1612.99,1589.46,1601.21,27131.0,4679371035.00
20240402,1601.83,1604.61,1586.06,1594.38,25449.0,4360973684.00
20240403,1612.99,1618.05,1590.69,1595.42,29046.0,5002390042.00
20240408,1576.72,1577.65,1546.58,1550.35,59167.0,9907355765.00
20240409,1544.78,1556.25,1542.72,1546.22,25590.0,4256226333.00
20240410,1546.27,1548.80,1530.20,1532.98,27631.0,4562853880.00
20240411,1525.66,1534.86,1520.61,1533.00,22766.0,3736417595.00
20240412,1535.79,1547.88,1520.00,1520.00,26744.0,4403968129.00
20240415,1520.91,1558.68,1520.88,1556.23,35818.0,5960815532.00
20240416,1549.26,1562.35,1543.23,1553.46,26266.0,4382796962.00
20240417,1551.60,1558.30,1542.30,1550.67,24819.0,4130322018.00
20240418,1543.24,1565.53,1542.46,1554.19,26568.0,4445487745.00
20240419,1544.88,1552.06,1526.74,1531.73,23500.0,3879233242.00
20240422,1538.58,1561.72,1530.20,1558.17,29951.0,5001684635.00
20240423,1558.11,1576.72,1558.11,1574.19,24980.0,4217855279.00
20240424,1578.56,1581.28,1565.86,1575.41,17086.0,2893555635.00
20240425,1572.37,1577.27,1564.86,1574.89,14476.0,2447183878.00
20240426,1575.79,1594.39,1575.77,1590.14,30996.0,5290248521.00
20240429,1578.53,1607.41,1575.62,1585.09,41332.0,7072096590.00
20240430,1586.03,1609.16,1586.02,1586.02,30760.0,5273902374.00
20240506,1612.97,1641.83,1606.48,1637.37,59909.0,10504351712.00
20240507,1642.57,1653.74,1634.09,1646.48,24925.0,4413196426.00
20240508,1646.19,1646.45,1633.15,1640.87,14769.0,2603293863.00
20240509,1635.32,1641.81,1627.88,1633.46,22387.0,3929804849.00
20240510,1638.20,1644.51,1612.98,1617.63,26207.0,4571398242.00
20240513,1611.15,1611.75,1582.50,1586.95,37662.0,6435415674.00
20240514,1586.94,1593.71,1581.38,1583.21,21274.0,3623282672.00
20240515,1583.77,1588.81,1580.05,1581.37,15739.0,2677203002.00
20240516,1586.02,1590.56,1572.06,1585.55,29680.0,5048754769.00
20240517,1581.38,1596.79,1581.37,1595.32,28924.0,4936920634.00
20240520,1598.10,1612.05,1588.91,1589.74,31426.0,5401389335.00
20240521,1588.81,1590.42,1579.65,1586.02,16293.0,2776847499.00
20240522,1584.16,1590.63,1572.99,1579.24,20286.0,3443977767.00
20240523,1581.37,1587.30,1572.14,1573.93,18885.0,3199923320.00
20240524,1574.86,1576.72,1559.97,1560.05,20217.0,3401323915.00
20240527,1560.90,1569.69,1551.61,1553.57,25098.0,4199001866.00
20240528,1553.83,1558.27,1546.95,1548.47,23521.0,3923020375.00
20240529,1549.74,1562.76,1548.81,1557.18,19651.0,3289173345.00
20240530,1558.11,1558.46,1533.93,1533.93,32208.0,5333306808.00
20240531,1535.32,1547.41,1533.41,1533.41,21857.0,3617654788.00
20240603,1534.86,1535.71,1521.00,1524.99,30261.0,4966041477.00
20240604,1526.02,1540.44,1522.34,1537.83,20841.0,3432497303.00
20240605,1536.72,1542.93,1528.37,1529.27,19056.0,3140824328.00
20240606,1528.96,1536.71,1521.75,1525.38,25610.0,4205700983.00
20240607,1531.26,1531.30,1506.03,1506.19,33525.0,5453120695.00
20240611,1491.13,1493.00,1457.65,1459.51,70247.0,11090577610.00
20240612,1460.44,1479.04,1460.44,1462.00,33171.0,5230086503.00
20240613,1466.74,1466.85,1444.76,1446.49,36186.0,5654938942.00
20240614,1446.49,1454.82,1414.36,1446.49,59514.0,9177637168.00
20240617,1425.36,1440.69,1405.57,1433.93,48318.0,7400883243.00
20240618,1424.06,1446.06,1410.84,1415.32,41258.0,6317590943.00
20240619,1422.32,1428.03,1407.23,1425.18,41262.0,6167728416.00
20240620,1424.23,1439.43,1422.33,1424.32,24711.0,3715924984.00
20240621,1424.70,1428.96,1395.95,1396.69,43320.0,6418543741.00
20240624,1351.12,1413.78,1342.58,1401.96,63840.0,9319362390.00
20240625,1402.39,1427.07,1402.39,1411.55,42098.0,6273919386.00
20240626,1405.24,1425.24,1403.15,1413.99,29570.0,4414601922.00
20240627,1416.63,1418.50,1393.85,1415.20,32822.0,4857959457.00
20240628,1405.24,1419.00,1390.05,1393.27,38582.0,5699649047.00
20240701,1394.68,1398.58,1355.87,1367.62,32161.0,4636689118.00
20240702,1360.61,1422.33,1360.61,1415.40,51853.0,7659166816.00
20240703,1423.28,1436.58,1412.85,1424.23,31573.0,4740808130.00
20240704,1428.98,1435.62,1406.31,1410.69,24380.0,3637968895.00
20240705,1404.29,1417.75,1376.75,1379.60,38829.0,5664477336.00
20240708,1370.11,1384.13,1347.45,1348.27,39527.0,5657951348.00
20240709,1348.27,1381.40,1338.87,1365.39,33621.0,4807957926.00
20240710,1366.55,1391.83,1362.51,1364.97,23763.0,3436693365.00
20240711,1376.73,1394.79,1367.46,1388.23,29020.0,4236960596.00
20240712,1398.60,1411.32,1391.42,1404.12,23386.0,3451132648.00
20240715,1395.74,1412.84,1395.74,1400.40,19176.0,2835374729.00
20240716,1401.44,1407.14,1391.04,1401.44,20316.0,2998367128.00
20240717,1401.54,1427.08,1395.76,1425.56,34311.0,5115680654.00
20240718,1423.75,1438.47,1417.14,1421.86,28870.0,4337214600.00
20240719,1415.50,1451.93,1409.05,1448.55,38943.0,5888615145.00
20240722,1447.99,1452.69,1416.30,1423.28,28543.0,4300813310.00
20240723,1423.28,1425.18,1381.50,1381.50,30944.0,4555460198.00
20240724,1376.94,1389.76,1362.51,1367.28,24123.0,3490200973.00
20240725,1367.28,1374.86,1348.28,1358.23,28347.0,4054086714.00
20240726,1358.23,1365.09,1339.63,1350.35,32354.0,4594928574.00
20240729,1343.52,1350.16,1327.38,1327.40,30869.0,4342610100.00
20240730,1315.97,1320.04,1292.54,1310.28,51779.0,7103491565.00
20240731,1303.74,1355.17,1303.74,1349.49,43272.0,6098149721.00
20240801,1346.37,1348.27,1314.75,1316.14,32038.0,4470988088.00
20240802,1304.21,1326.40,1304.21,1315.47,21928.0,3041726372.00
20240805,1318.72,1353.97,1315.53,1338.78,37736.0,5327127147.00
20240806,1350.17,1352.07,1323.59,1333.74,27444.0,3860735014.00
20240807,1334.50,1350.16,1327.67,1344.00,20622.0,2910580747.00
20240808,1339.72,1375.03,1337.83,1358.42,25131.0,3592705430.00
20240809,1386.28,1394.79,1364.22,1364.22,30138.0,4368705515.00
20240812,1357.76,1370.11,1354.52,1363.56,13632.0,1956573438.00
20240813,1360.61,1362.51,1340.68,1351.13,16308.0,2317037756.00
20240814,1351.13,1352.92,1340.69,1341.91,13414.0,1898377426.00
20240815,1334.06,1363.45,1333.03,1354.81,23039.0,3275699572.00
20240816,1354.72,1363.39,1345.43,1358.90,16455.0,2349825846.00
20240819,1359.66,1385.19,1353.02,1353.44,20433.0,2942106435.00
20240820,1357.67,1357.70,1342.57,1350.85,18591.0,2644814344.00
20240821,1348.27,1355.85,1344.18,1345.97,15092.0,2144746551.00
20240822,1344.47,1348.27,1329.29,1338.82,19527.0,2750868073.00
20240823,1336.88,1351.59,1335.09,1343.51,15320.0,2166499202.00
20240826,1345.42,1351.94,1332.27,1340.67,15628.0,2207595461.00
20240827,1340.67,1341.62,1330.33,1333.14,13657.0,1920770569.00
20240828,1333.14,1334.98,1305.54,1318.84,31664.0,4388025875.00
20240829,1310.29,1346.37,1310.29,1341.91,27472.0,3864270621.00
20240830,1341.62,1384.42,1334.03,1370.29,38739.0,5576118649.00
20240902,1357.76,1365.36,1324.53,1324.53,34135.0,4801049927.00
20240903,1327.38,1343.50,1322.65,1338.78,17888.0,2516125842.00
20240904,1331.18,1347.50,1329.03,1329.28,14211.0,1995221417.00
20240905,1329.76,1335.93,1326.43,1333.91,14503.0,2033680839.00
20240906,1334.03,1334.98,1327.38,1327.38,10321.0,1445537257.00
20240909,1310.30,1323.31,1300.87,1305.54,28638.0,3950086825.00
20240910,1300.81,1322.63,1300.81,1308.39,19803.0,2737295644.00
20240911,1306.11,1315.87,1296.05,1310.29,20996.0,2892932794.00
20240912,1310.29,1315.04,1267.48,1267.62,47948.0,6482445000.00
20240913,1263.77,1264.72,1231.77,1238.25,56005.0,7329376917.00
20240918,1234.33,1234.34,1202.68,1202.90,46185.0,5895948011.00
20240919,1198.25,1227.57,1182.90,1197.30,59988.0,7623739997.00
20240920,1197.78,1209.55,1186.89,1200.07,39982.0,5038507835.00
20240923,1203.95,1228.16,1196.98,1197.81,45550.0,5809791682.00
20240924,1220.17,1303.64,1201.19,1303.26,100413.0,13297277523.00
20240925,1329.33,1354.92,1326.16,1328.33,73954.0,10420109654.00
20240926,1329.24,1452.59,1325.48,1451.76,97278.0,14269262656.00
20240927,1519.18,1546.90,1486.29,1546.90,87922.0,14050260569.00
20240930,1606.53,1670.98,1568.55,1659.70,157293.0,26982747037.00
20241008,1813.52,1813.52,1595.31,1635.96,194709.0,35114075007.00
20241009,1614.13,1614.13,1509.68,1514.57,120197.0,19708432734.00
20241010,1540.31,1583.82,1510.63,1557.16,74603.0,12198964035.00
20241011,1533.80,1557.12,1509.68,1523.92,41915.0,6764982707.00
20241014,1531.52,1538.77,1501.30,1521.07,44812.0,7181350822.00
20241015,1518.23,1520.12,1474.56,1475.74,43571.0,6884141869.00
20241016,1463.04,1471.51,1433.72,1445.59,46664.0,7140169692.00
20241017,1459.36,1459.99,1417.97,1419.10,39460.0,5964778958.00
20241018,1417.58,1488.64,1404.25,1463.16,68619.0,10418043492.00
20241021,1463.36,1471.67,1444.37,1451.57,42008.0,6433918335.00
20241022,1449.45,1481.37,1447.21,1465.06,36269.0,5607826492.00
20241023,1466.11,1497.29,1454.61,1488.32,40088.0,6259600035.00
20241024,1482.15,1495.44,1466.97,1473.79,23923.0,3723973209.00
20241025,1468.85,1495.24,1467.91,1480.11,27745.0,4328271351.00
20241028,1481.20,1485.95,1445.34,1485.95,39121.0,6064453668.00
20241029,1481.20,1500.19,1452.71,1454.25,41166.0,6368105233.00
20241030,1447.97,1472.83,1446.46,1454.61,32006.0,4913175983.00
20241031,1454.75,1462.21,1443.22,1450.62,29957.0,4575545180.00
20241101,1444.17,1467.08,1443.98,1456.27,32284.0,4954302212.00
20241104,1466.89,1471.70,1450.87,1469.99,29093.0,4481761764.00
20241105,1462.21,1498.00,1458.42,1497.33,45640.0,7134443464.00
20241106,1495.44,1508.72,1482.36,1491.64,37631.0,5916917616.00
20241107,1483.53,1569.98,1483.38,1565.84,74739.0,12074951757.00
20241108,1576.99,1582.90,1520.14,1528.64,60771.0,9885645907.00
20241111,1509.68,1528.62,1488.02,1517.29,43854.0,6957095385.00
20241112,1508.73,1541.02,1494.44,1497.53,49223.0,7844798676.00
20241113,1488.79,1506.51,1482.41,1498.76,29125.0,4594445032.00
20241114,1490.69,1513.91,1486.56,1494.30,29248.0,4617144097.00
20241115,1489.74,1503.80,1474.55,1480.25,33761.0,5295326892.00
20241118,1483.10,1496.38,1476.45,1480.25,27092.0,4237197499.00
20241119,1485.95,1490.09,1447.97,1464.03,33266.0,5138831155.00
20241120,1465.06,1475.47,1453.95,1466.78,21345.0,3292675257.00
20241121,1465.88,1470.74,1454.61,1467.08,18262.0,2810933515.00
20241122,1463.30,1469.59,1431.65,1431.65,33436.0,5107288992.00
20241125,1434.67,1454.61,1421.07,1422.87,33186.0,5011136234.00
20241126,1422.87,1442.16,1413.67,1432.77,25745.0,3876885983.00
20241127,1432.77,1445.26,1428.98,1442.32,25934.0,3927607772.00
20241128,1445.12,1447.96,1426.13,1441.32,23952.0,3627662382.00
20241129,1440.37,1476.45,1436.77,1448.67,36088.0,5534035503.00
20241202,1448.92,1452.70,1438.57,1447.97,26820.0,4086609951.00
20241203,1447.02,1451.67,1439.50,1449.62,24807.0,3777197199.00
20241204,1443.29,1446.69,1433.72,1443.22,23924.0,3626565544.00
20241205,1434.54,1441.19,1433.72,1434.67,16141.0,2441318387.00
20241206,1436.57,1461.16,1431.89,1444.18,32040.0,4883148600.00
20241209,1445.14,1452.45,1436.76,1442.08,19800.0,3008173586.00
20241210,1490.69,1499.93,1467.13,1468.47,60312.0,9421340719.00
20241211,1462.21,1476.45,1453.64,1458.03,29671.0,4569662603.00
20241212,1454.63,1486.90,1451.76,1486.71,41937.0,6510547810.00
20241213,1471.71,1476.44,1442.16,1442.27,49512.0,7580908315.00
20241216,1444.17,1451.76,1434.40,1450.05,32537.0,4945298799.00
20241217,1448.91,1489.74,1444.18,1479.30,54172.0,8398945449.00
20241218,1479.27,1497.34,1468.95,1492.12,41162.0,6440801971.00
20241219,1486.08,1488.73,1472.02,1472.66,24809.0,3862602665.00
20241220,1476.52,1486.81,1465.81,1467.71,28158.0,4307425535.00
20241223,1468.68,1483.14,1462.89,1472.01,21603.0,3300971424.00
20241224,1470.61,1488.93,1467.32,1483.94,22105.0,3394160299.00
20241225,1483.92,1483.92,1471.67,1475.43,17123.0,2621061877.00
20241226,1479.29,1483.90,1468.68,1473.30,18287.0,2798840003.00
20241227,1474.37,1481.22,1465.30,1474.44,20759.0,3170191445.00
20241230,1479.26,1488.89,1470.61,1470.61,25130.0,3849542646.00
20241231,1470.99,1489.89,1467.72,1469.64,39354.0,6033540366.00
20250102,1469.64,1470.12,1427.21,1434.93,50029.0,7490883773.00
20250103,1441.20,1441.67,1414.69,1422.39,32628.0,4836610288.00
20250106,1401.18,1410.49,1381.70,1388.64,44255.0,6392479712.00
20250107,1393.13,1400.11,1387.68,1388.83,24221.0,3494634227.00
20250108,1388.64,1400.04,1375.78,1391.05,35258.0,5071821246.00
20250109,1397.31,1412.34,1381.87,1392.50,29706.0,4295852736.00
20250110,1395.49,1400.16,1384.78,1384.78,21872.0,3154677598.00
20250113,1374.17,1392.92,1371.29,1392.48,21083.0,3030806870.00
20250114,1393.41,1425.94,1390.57,1419.98,30957.0,4535651504.00
20250115,1414.68,1422.01,1407.94,1418.79,18399.0,2701518712.00
20250116,1421.43,1429.78,1390.57,1394.79,26342.0,3840411437.00
20250117,1394.80,1408.89,1394.79,1402.86,18309.0,2663227309.00
20250120,1408.89,1436.65,1407.93,1422.20,31410.0,4647626351.00
20250121,1428.18,1429.14,1412.75,1415.79,16856.0,2481821229.00
20250122,1411.08,1415.59,1386.71,1389.60,28294.0,4088101682.00
20250123,1398.25,1415.64,1386.71,1391.53,27125.0,3932700850.00
20250124,1390.57,1396.15,1379.30,1384.78,31360.0,4515322685.00
20250127,1385.75,1392.47,1376.12,1383.81,29356.0,4213534543.00
20250205,1388.64,1391.53,1352.20,1353.73,40757.0,5753730033.00
20250206,1350.08,1371.27,1350.08,1362.45,27356.0,3859568163.00
20250207,1363.26,1391.22,1353.35,1384.78,37242.0,5310850624.00
20250210,1386.71,1388.64,1376.19,1380.45,20840.0,2988101756.00
20250211,1383.77,1384.74,1365.40,1367.42,23573.0,3348668867.00
20250212,1367.42,1393.46,1366.34,1391.53,25476.0,3644170477.00
20250213,1391.55,1422.63,1383.35,1412.81,43385.0,6335985851.00
20250214,1412.81,1424.32,1406.21,1422.39,27100.0,3978694098.00
20250217,1428.18,1441.66,1414.77,1419.13,32471.0,4804663812.00
20250218,1417.57,1439.74,1409.93,1422.39,27800.0,4113845397.00
20250219,1422.44,1441.14,1412.65,1437.82,32393.0,4803378441.00
20250220,1430.11,1438.76,1420.84,1421.43,23750.0,3513552984.00
20250221,1427.21,1443.35,1420.47,1435.13,36418.0,5418169587.00
20250224,1434.93,1446.04,1421.43,1426.32,34744.0,5157907322.00
20250225,1417.58,1420.84,1400.21,1402.14,28387.0,4142814459.00
20250226,1403.54,1412.71,1393.46,1407.94,26366.0,3835949041.00
20250227,1407.95,1436.76,1402.14,1432.57,49762.0,7368002361.00
20250228,1432.52,1473.87,1429.14,1447.26,56129.0,8475738166.00
20250303,1449.01,1466.74,1428.66,1433.98,31596.0,4736679903.00
20250304,1432.03,1433.00,1412.95,1417.68,25211.0,3710675863.00
20250305,1419.50,1421.43,1408.02,1414.07,24605.0,3606932152.00
20250306,1421.43,1456.34,1419.58,1452.27,42168.0,6297117400.00
20250307,1449.39,1473.85,1449.39,1466.75,37991.0,5760608729.00
20250310,1465.60,1472.42,1452.42,1468.58,31369.0,4758789260.00
20250311,1462.89,1493.44,1458.07,1493.44,39776.0,6094007854.00
20250312,1491.78,1494.41,1471.91,1487.56,29604.0,4552923644.00
20250313,1488.93,1500.02,1476.28,1482.92,25724.0,3966369271.00
20250314,1492.46,1569.94,1486.04,1569.94,92913.0,14882842708.00
20250317,1597.90,1598.85,1568.85,1579.44,54689.0,8985138902.00
20250318,1586.37,1593.08,1563.86,1566.08,31613.0,5153210436.00
20250319,1566.36,1589.22,1565.11,1577.37,27390.0,4477128770.00
20250320,1577.37,1579.19,1538.18,1546.79,36737.0,5903879207.00
20250321,1541.97,1554.70,1512.87,1517.62,33614.0,5324973190.00
20250324,1514.00,1532.96,1506.65,1526.54,25566.0,4032223482.00
20250325,1531.36,1535.99,1510.78,1519.31,17674.0,2783286813.00
20250326,1516.67,1526.13,1514.97,1519.79,14324.0,2257639750.00
20250327,1519.79,1541.25,1517.26,1532.33,17956.0,2848889210.00
20250328,1534.19,1536.18,1519.79,1528.67,16228.0,2569470015.00
20250331,1524.59,1530.36,1504.42,1505.32,21085.0,3311857714.00
20250401,1508.22,1513.90,1496.85,1500.52,18556.0,2893739955.00
20250402,1502.43,1511.88,1490.38,1493.77,21674.0,3371883024.00
20250403,1475.43,1529.43,1474.47,1512.92,35481.0,5557442052.00
20250407,1465.80,1482.04,1409.85,1446.50,101953.0,15314738235.00
20250408,1459.04,1489.89,1441.68,1489.89,73876.0,11226977557.00
20250409,1470.63,1501.27,1466.32,1486.08,55630.0,8562928225.00
20250410,1495.67,1499.54,1473.50,1493.75,38620.0,5963650791.00
20250411,1523.62,1523.62,1489.89,1513.02,32634.0,5087359924.00
20250414,1505.30,1510.15,1496.19,1496.64,21711.0,3379425640.00
20250415,1496.64,1509.18,1489.89,1502.43,21489.0,3339942729.00
20250416,1496.64,1519.79,1482.18,1503.56,31156.0,4834880596.00
20250417,1498.57,1520.27,1494.71,1514.00,23846.0,3733924973.00
20250418,1510.15,1518.82,1500.50,1510.09,20298.0,3179974340.00
20250421,1509.66,1509.66,1495.68,1495.68,18057.0,2808158177.00
20250422,1494.72,1500.79,1488.17,1493.56,18432.0,2857525967.00
20250423,1503.40,1503.61,1489.89,1496.64,18669.0,2895468892.00
20250424,1496.64,1505.02,1493.73,1496.89,14872.0,2313372072.00
20250425,1501.56,1505.52,1494.72,1494.72,14765.0,2295029705.00
20250428,1496.64,1499.54,1491.44,1494.72,14660.0,2274252464.00
20250429,1494.72,1497.17,1477.38,1488.93,18922.0,2917422938.00
20250430,1494.71,1510.78,1491.15,1491.82,25754.0,4005439429.00
20250506,1503.40,1503.40,1489.25,1494.91,18300.0,2838614215.00
20250507,1514.00,1514.00,1494.91,1499.54,27462.0,4275142569.00
20250508,1497.61,1535.97,1494.55,1521.90,33481.0,5265446444.00
20250509,1522.67,1540.47,1518.87,1534.43,23672.0,3757574546.00
20250512,1541.00,1561.19,1539.66,1547.27,24735.0,3967785800.00
20250513,1551.53,1551.53,1528.57,1533.58,21258.0,3386617848.00
20250514,1533.29,1586.33,1531.53,1576.67,39460.0,6394735058.00
20250515,1576.49,1584.97,1566.20,1573.80,24733.0,4043402636.00
20250516,1575.71,1578.60,1556.56,1556.56,22935.0,3714508658.00
20250519,1539.08,1542.93,1517.74,1522.66,38063.0,6021950010.00
20250520,1523.65,1537.92,1518.92,1529.43,19522.0,3095742637.00
20250521,1528.47,1539.02,1524.58,1524.58,19795.0,3143941416.00
20250522,1524.60,1528.46,1514.10,1523.65,15090.0,2381236586.00
20250523,1519.02,1531.26,1515.60,1516.51,21537.0,3399424961.00
20250526,1514.00,1518.47,1489.89,1495.20,27087.0,4212944430.00
20250527,1495.68,1503.01,1488.46,1488.83,17752.0,2748945675.00
20250528,1488.92,1491.30,1478.32,1482.18,16266.0,2504624605.00
20250529,1485.07,1499.54,1477.36,1485.07,21860.0,3375465796.00
20250530,1485.22,1489.89,1461.20,1467.71,31239.0,4764875947.00
20250603,1454.22,1464.82,1451.34,1455.18,28979.0,4377892799.00
20250604,1456.63,1468.68,1455.39,1456.10,23008.0,3480363797.00
20250605,1460.00,1461.93,1448.62,1460.00,23214.0,3504925524.00
20250606,1459.81,1464.79,1449.39,1452.66,25023.0,3777727616.00
20250609,1451.34,1454.89,1432.69,1433.11,44959.0,6723839138.00
20250610,1433.00,1438.78,1422.20,1422.40,30492.0,4511934584.00
20250611,1424.13,1440.71,1423.45,1427.21,30893.0,4585522755.00
20250612,1427.21,1430.94,1402.24,1406.96,49904.0,7306800800.00
20250613,1392.89,1398.25,1374.23,1376.06,59113.0,8466515559.00
20250616,1351.22,1374.21,1351.20,1371.56,42888.0,6060448438.00
20250617,1369.35,1376.10,1361.81,1376.10,27232.0,3868364671.00
20250618,1388.64,1391.96,1370.33,1374.17,30761.0,4404131364.00
20250619,1375.14,1382.54,1366.63,1375.14,24501.0,3490268567.00
20250620,1372.81,1389.74,1369.55,1377.70,34816.0,4990683314.00
20250623,1369.35,1381.89,1355.06,1369.35,26723.0,3794012343.00
20250624,1372.58,1399.90,1372.58,1385.94,36312.0,5229183514.00
20250625,1387.78,1397.51,1369.84,1384.65,41050.0,5869292227.00
20250626,1391.34,1404.13,1386.51,1396.26,34860.0,4955829982.00
20250627,1396.27,1399.21,1379.63,1379.63,38250.0,5404312675.00
20250630,1380.04,1389.60,1378.56,1385.95,30457.0,4287373691.00
20250701,1385.44,1388.33,1379.85,1381.61,19878.0,2794423203.00
20250702,1385.93,1391.15,1376.59,1386.03,26218.0,3689246316.00
20250703,1388.39,1398.90,1384.46,1391.93,24413.0,3456733002.00
20250704,1392.03,1407.95,1386.44,1398.44,28767.0,4086547268.00
20250707,1398.50,1399.70,1386.44,1387.11,23855.0,3370562659.00
20250708,1387.12,1396.26,1387.11,1392.43,18674.0,2643302691.00
20250709,1391.34,1406.06,1390.53,1395.16,27745.0,3950810723.00
20250710,1395.25,1412.17,1386.82,1402.65,38725.0,5503329754.00
20250711,1399.37,1433.62,1399.37,1403.14,57243.0,8239010390.00
20250714,1406.09,1410.99,1397.83,1399.80,27781.0,3961736006.00
20250715,1397.22,1399.14,1384.77,1387.41,35406.0,5005150165.00
20250716,1386.44,1393.79,1386.38,1387.44,21286.0,3006882579.00
20250717,1390.34,1399.22,1389.26,1392.67,23106.0,3273100406.00
20250718,1396.26,1413.77,1392.70,1412.98,41823.0,5984949774.00
20250721,1412.97,1422.61,1411.01,1418.87,26203.0,3779891829.00
20250722,1419.86,1442.08,1416.59,1440.49,42119.0,6127636851.00
20250723,1444.44,1470.01,1444.39,1450.83,45045.0,6676301462.00
20250724,1451.32,1473.94,1450.34,1466.56,38804.0,5786337377.00
20250725,1466.47,1466.47,1428.71,1430.67,41911.0,6140078741.00
20250728,1428.71,1430.66,1412.29,1414.61,38586.0,5560966386.00
20250729,1415.53,1424.57,1411.02,1414.94,26304.0,3785848102.00
20250730,1419.86,1432.80,1412.98,1425.21,31868.0,4612883040.00
20250731,1418.87,1420.71,1394.29,1397.90,51798.0,7386302758.00
20250801,1398.10,1402.12,1390.36,1393.31,29636.0,4200850790.00
20250804,1391.34,1396.06,1390.36,1395.28,18688.0,2647105739.00
20250805,1397.24,1406.03,1393.42,1403.87,25342.0,3607931488.00
20250806,1405.11,1405.11,1395.57,1400.07,23699.0,3372334940.00
20250807,1400.07,1403.83,1396.32,1398.57,28001.0,3988765795.00
20250808,1399.26,1402.65,1394.29,1397.21,18655.0,2651478118.00
20250811,1399.70,1427.71,1399.21,1420.84,47159.0,6794034090.00
20250812,1424.77,1440.58,1411.99,1413.01,42019.0,6095342036.00
20250813,1401.18,1409.71,1396.26,1396.31,65528.0,9325460101.00
20250814,1397.18,1423.31,1397.18,1403.13,48129.0,6897535330.00
20250815,1402.17,1404.77,1396.48,1398.30,47582.0,6772436997.00
20250818,1403.13,1412.62,1399.31,1404.62,47378.0,6773477871.00
20250819,1409.53,1422.47,1408.06,1413.96,46372.0,6678541001.00
20250820,1413.96,1428.51,1406.11,1425.76,45805.0,6623095725.00
20250821,1429.15,1430.66,1419.51,1424.04,30891.0,4470441662.00
20250822,1424.66,1439.52,1420.62,1439.47,44971.0,6544867368.00
20250825,1445.43,1470.99,1441.49,1465.41,65325.0,9676719498.00
20250826,1465.40,1469.25,1455.27,1456.84,39602.0,5883916999.00
20250827,1457.10,1460.10,1423.79,1423.79,56006.0,8184169113.00
20250828,1423.76,1431.76,1414.72,1421.92,39282.0,5683673273.00
20250829,1428.71,1457.79,1427.72,1455.26,62256.0,9159701454.00
20250901,1457.42,1463.12,1441.20,1451.42,45123.0,6658918555.00
20250902,1453.94,1483.77,1453.29,1466.37,56688.0,8470012816.00
20250903,1466.07,1478.36,1441.49,1455.80,45045.0,6656011145.00
20250904,1447.39,1454.57,1436.05,1448.04,47747.0,7017084750.00
20250905,1446.41,1462.11,1439.52,1458.21,37388.0,5519312163.00
20250908,1458.21,1481.25,1452.80,1476.13,51383.0,7682065696.00
20250909,1479.84,1484.71,1468.45,1479.84,35743.0,5366650005.00
20250910,1481.47,1504.37,1470.99,1496.56,49663.0,7541460049.00
20250911,1496.56,1500.51,1483.28,1498.03,37239.0,5642778456.00
20250912,1500.49,1512.31,1485.28,1490.65,33722.0,5132184935.00
20250915,1490.53,1492.11,1476.40,1489.77,25827.0,3901929717.00
20250916,1489.77,1495.56,1471.20,1474.90,32718.0,4928374478.00
20250917,1474.91,1485.03,1465.10,1468.04,30331.0,4534770634.00
20250918,1467.06,1472.76,1439.03,1443.42,49721.0,7347477479.00
20250919,1443.45,1450.83,1432.65,1443.43,32637.0,4784528851.00
20250922,1440.60,1443.43,1425.77,1429.05,34947.0,5085057536.00
20250923,1426.25,1433.13,1415.93,1423.22,38663.0,5588384388.00
20250924,1410.09,1432.42,1410.09,1417.89,30744.0,4443052872.00
20250925,1418.71,1421.05,1411.99,1414.94,33870.0,4873274661.00
20250926,1417.09,1422.92,1404.14,1411.01,45121.0,6480889597.00
20250929,1415.32,1445.41,1411.01,1436.44,53684.0,7798434586.00
20250930,1435.59,1436.34,1415.93,1419.85,39364.0,5687474876.00
20251009,1411.99,1415.32,1396.26,1412.76,54918.0,7845448947.00
20251010,1413.57,1415.87,1403.63,1406.09,36001.0,5157459262.00
20251013,1392.03,1399.06,1391.46,1395.47,46069.0,6533147458.00
20251014,1406.08,1439.52,1406.08,1426.76,66672.0,9639484605.00
20251015,1426.72,1438.54,1420.92,1437.56,42785.0,6233407482.00
20251016,1437.48,1460.12,1434.49,1460.08,45730.0,6749162949.00
20251017,1458.30,1463.12,1429.72,1430.67,38086.0,5594724900.00
20251020,1430.67,1444.93,1430.56,1433.56,25950.0,3793283759.00
20251021,1434.61,1445.36,1431.17,1437.81,25443.0,3727984130.00
20251022,1437.64,1441.22,1431.66,1434.31,18195.0,2657486636.00
20251023,1430.67,1444.24,1423.00,1443.44,29322.0,4274652090.00
20251024,1443.41,1454.16,1425.11,1425.76,38226.0,5578603148.00
20251027,1415.93,1428.21,1411.98,1416.33,37102.0,5352667152.00
20251028,1417.89,1426.94,1417.01,1420.84,27124.0,3923817140.00
20251029,1415.94,1422.37,1406.13,1407.96,33937.0,4868780319.00
20251030,1398.04,1412.61,1398.04,1402.89,47456.0,6768821311.00
20251031,1398.23,1411.97,1396.37,1406.10,35694.0,5109623861.00
20251103,1407.08,1423.79,1396.36,1411.01,34548.0,4945310830.00
20251104,1411.11,1411.78,1399.98,1405.11,26566.0,3793892903.00
20251105,1402.05,1407.07,1396.27,1396.34,34475.0,4908475373.00
20251106,1406.09,1417.35,1406.08,1411.14,38348.0,5505960415.00
20251107,1411.12,1415.71,1407.18,1409.37,18861.0,2704995856.00
20251110,1411.01,1439.22,1410.99,1437.85,49452.0,7181246441.00
20251111,1437.56,1437.73,1422.81,1434.60,26692.0,3882776772.00
20251112,1435.57,1453.64,1434.81,1440.65,32992.0,4849073051.00
20251113,1437.68,1448.94,1433.62,1445.80,31179.0,4569178269.00
20251114,1445.42,1454.22,1431.95,1432.25,27473.0,4031007106.00
20251117,1429.69,1448.37,1421.62,1446.41,34462.0,5035780027.00
20251118,1446.11,1461.22,1444.44,1451.32,34205.0,5055675474.00
20251119,1449.36,1454.79,1445.38,1446.42,22045.0,3249449214.00
20251120,1447.39,1455.16,1440.54,1442.58,24002.0,3531653943.00
20251121,1445.92,1455.26,1431.66,1442.08,42607.0,6259873433.00
20251124,1442.47,1446.41,1426.87,1427.72,33607.0,4901903705.00
20251125,1433.62,1433.62,1420.35,1420.50,28441.0,4119930011.00
20251126,1424.66,1429.19,1419.45,1424.92,20306.0,2938818095.00
20251127,1425.27,1425.76,1414.98,1423.10,22287.0,3216797187.00
20251128,1422.32,1431.17,1418.87,1426.25,23211.0,3366696622.00
20251201,1426.74,1437.82,1417.89,1423.79,27333.0,3961994998.00
20251202,1423.79,1427.65,1411.03,1412.02,25047.0,3607543825.00
20251203,1411.81,1411.96,1404.13,1405.21,23573.0,3370080066.00
20251204,1405.21,1408.55,1394.67,1400.17,29075.0,4134921902.00
20251205,1400.17,1409.13,1395.77,1406.10,25402.0,3622681597.00
20251208,1405.31,1412.65,1394.29,1394.51,33603.0,4789155770.00
20251209,1394.52,1397.24,1376.64,1377.59,42634.0,5995722121.00
20251210,1376.59,1379.35,1360.05,1379.35,33133.0,4625906139.00
20251211,1383.14,1388.38,1378.12,1388.38,22385.0,3149974074.00
20251212,1394.29,1401.18,1389.94,1396.90,37159.0,5273563274.00
20251215,1415.52,1415.92,1401.74,1402.16,33359.0,4774362060.00
20251216,1402.36,1404.89,1391.34,1398.23,23964.0,3403139194.00
20251217,1401.18,1415.87,1393.98,1409.14,31382.0,4489482138.00
20251218,1409.53,1414.82,1402.27,1407.08,17830.0,2551177659.00
20251219,1410.00,1412.45,1401.01,1410.00,26509.0,3733028357.00
20251222,1410.00,1414.14,1406.58,1408.26,20426.0,2881636856.00
20251223,1408.26,1412.93,1397.19,1407.86,24507.0,3445377032.00
20251224,1404.99,1406.36,1400.00,1400.90,25187.0,3533253565.00
20251225,1405.00,1419.48,1401.38,1414.17,23386.0,3299572096.00
20251226,1414.17,1419.14,1410.00,1414.13,17803.0,2520605635.00
20251229,1414.13,1414.13,1401.00,1402.00,26308.0,3694660107.00
20251230,1401.00,1401.90,1386.00,1389.72,33792.0,4702489813.00
20251231,1390.00,1394.00,1377.17,1377.18,34766.0,4799456452.00
20260105,1385.00,1431.88,1385.00,1426.00,70949.0,10018086372.00
20260106,1432.55,1436.97,1416.53,1428.01,39586.0,5649710153.00
20260107,1432.88,1435.00,1420.20,1423.36,29684.0,4234255286.00
20260108,1423.33,1423.36,1408.14,1412.30,29135.0,4117925041.00
20260109,1417.00,1428.60,1416.01,1419.10,29848.0,4243865418.00
20260112,1419.10,1431.00,1417.10,1423.23,36083.0,5135636033.00
20260113,1426.79,1429.52,1408.99,1411.00,39169.0,5555633779.00
20260114,1411.00,1422.25,1396.18,1398.01,51758.0,7285041159.00
20260115,1396.02,1402.83,1388.58,1388.89,40907.0,5698739671.00
20260116,1395.00,1397.50,1380.00,1382.00,55121.0,7643061998.00
20260119,1381.90,1387.49,1375.00,1376.00,42286.0,5833745442.00
20260120,1379.50,1381.58,1372.05,1373.55,36484.0,5021900765.00
20260121,1373.56,1374.40,1350.00,1351.06,64516.0,8775880803.00
20260122,1352.01,1361.76,1337.48,1340.06,59011.0,7962441434.00
20260123,1340.10,1348.00,1332.47,1337.00,61949.0,8301311489.00
20260126,1340.51,1355.00,1325.12,1342.00,80166.0,10751225525.00
20260127,1344.98,1353.70,1338.00,1343.01,48416.0,6514513216.00
20260128,1343.04,1346.71,1322.01,1323.69,76218.0,10135019524.00
20260129,1335.00,1445.00,1329.06,1437.72,189534.0,26305591086.00
20260130,1435.00,1435.00,1401.00,1401.00,94480.0,13366329414.00
20260202,1425.00,1458.58,1411.62,1427.00,85724.0,12312646443.00
20260203,1445.00,1476.81,1443.03,1474.92,86321.0,12628439703.00
20260204,1485.00,1533.27,1474.00,1525.00,109123.0,16444345980.00
20260205,1520.00,1565.00,1515.00,1555.00,91623.0,14183456476.00
20260206,1555.00,1568.00,1505.88,1515.01,78965.0,12019878669.00
20260209,1518.00,1542.88,1513.49,1524.96,51168.0,7809067705.00
20260210,1524.97,1524.97,1496.50,1504.80,39576.0,5953269321.00
20260211,1504.80,1514.00,1496.00,1504.33,30928.0,4648360030.00
20260212,1500.20,1502.82,1473.36,1486.60,46246.0,6874370113.00
20260213,1486.60,1507.80,1470.58,1485.30,41679.0,6216379203.00
20260224,1521.00,1524.40,1463.60,1466.80,41913.0,6198840572.00
20260225,1470.00,1509.66,1467.88,1491.66,36881.0,5490316149.00
20260226,1486.60,1489.49,1464.67,1466.21,32958.0,4855471430.00
20260227,1466.99,1476.21,1455.02,1455.02,32160.0,4697692477.00
20260302,1450.00,1457.00,1436.66,1440.11,35454.0,5115063511.00
20260303,1440.10,1452.87,1422.13,1426.19,45891.0,6565381648.00
20260304,1415.00,1423.00,1392.09,1401.18,48014.0,6743267103.00
20260305,1406.00,1412.96,1395.00,1399.04,30505.0,4276226062.00
20260306,1395.00,1407.50,1388.00,1402.00,29154.0,4072328833.00
20260309,1390.00,1404.90,1383.20,1397.00,37442.0,5220095639.00
20260310,1404.90,1409.49,1398.00,1401.88,24626.0,3457808916.00
20260311,1402.99,1405.99,1398.02,1400.00,24457.0,3425363892.00
20260312,1395.00,1403.95,1391.01,1392.00,27586.0,3850521717.00
20260313,1392.48,1417.62,1392.00,1413.64,33608.0,4738808558.00
20260316,1420.00,1466.00,1420.00,1460.18,60086.0,8711525836.00
20260317,1468.00,1498.07,1461.19,1485.00,49454.0,7347310632.00
20260318,1489.00,1496.50,1463.15,1468.80,35551.0,5239992522.00
20260319,1472.96,1473.00,1446.00,1452.87,30319.0,4404953481.00
20260320,1452.96,1462.50,1439.00,1445.00,26132.0,3782818260.00
20260323,1433.33,1435.00,1400.03,1408.07,47256.0,6669708665.00
20260324,1416.00,1417.59,1400.18,1407.33,28562.0,4017694387.00
20260325,1410.11,1417.87,1401.01,1410.27,26093.0,3677905549.00
20260326,1409.00,1413.90,1400.30,1401.18,23093.0,3243387502.00
20260327,1400.00,1426.00,1396.66,1416.02,30087.0,4257499781.00
20260330,1407.00,1431.00,1402.52,1420.00,28685.0,4060684934.00
20260331,1468.00,1479.93,1448.41,1450.00,61691.0,9015486797.00
20260401,1464.49,1469.99,1452.88,1459.44,29125.0,4256185472.00
20260402,1459.44,1464.88,1452.10,1459.88,21064.0,3071809846.00
20260403,1459.54,1469.96,1455.00,1460.00,20194.0,2953993081.00
20260407,1460.05,1470.00,1435.05,1440.02,24152.0,3507471653.00
20260408,1460.00,1469.08,1452.13,1465.02,33836.0,4947937007.00
20260409,1465.02,1465.02,1447.50,1460.49,20705.0,3012278579.00
20260410,1459.14,1459.71,1441.10,1453.96,28866.0,4187181529.00
20260413,1444.00,1446.50,1433.00,1443.31,25214.0,3629675490.00
20260414,1442.60,1448.60,1435.00,1446.90,24233.0,3492544230.00
20260415,1444.98,1470.79,1442.00,1467.50,34553.0,5049317187.00
