timetag,open,high,low,close,volumn,amount
20061027,1.36,1.38,1.31,1.31,25825395.0,8725310440.00
20061030,1.31,1.33,1.30,1.32,3519210.0,1153127879.00
20061031,1.31,1.33,1.31,1.32,2301261.0,761050767.00
20061101,1.32,1.33,1.31,1.32,1328924.0,437264838.00
20061102,1.32,1.32,1.30,1.31,1751554.0,573399417.00
20061103,1.31,1.35,1.31,1.35,4000161.0,1331710304.00
20061106,1.33,1.35,1.33,1.35,2099938.0,706248019.00
20061107,1.35,1.37,1.35,1.36,2967924.0,1010942170.00
20061108,1.36,1.36,1.34,1.35,1518226.0,512250494.00
20061109,1.35,1.36,1.34,1.36,1779482.0,601893735.00
20061110,1.36,1.41,1.36,1.39,7596902.0,2640424952.00
20061113,1.38,1.44,1.38,1.41,4633751.0,1636941479.00
20061114,1.43,1.45,1.41,1.44,4319117.0,1548647107.00
20061115,1.45,1.46,1.44,1.46,3446056.0,1249336119.00
20061116,1.48,1.57,1.47,1.52,6877125.0,2604463502.00
20061117,1.52,1.54,1.50,1.52,3148416.0,1197434893.00
20061120,1.52,1.57,1.52,1.57,3180494.0,1233700067.00
20061121,1.57,1.59,1.55,1.57,2330601.0,912571812.00
20061122,1.57,1.58,1.53,1.56,2834570.0,1097899219.00
20061123,1.57,1.61,1.57,1.59,3029435.0,1202109376.00
20061124,1.57,1.58,1.55,1.57,1892273.0,737365901.00
20061127,1.56,1.56,1.51,1.53,3004676.0,1145692124.00
20061128,1.51,1.53,1.49,1.50,2424363.0,908464791.00
20061129,1.47,1.52,1.46,1.52,2443111.0,912399759.00
20061130,1.52,1.53,1.51,1.53,2318290.0,878972599.00
20061201,1.53,1.53,1.50,1.51,2742034.0,1031906089.00
20061204,1.51,1.59,1.49,1.57,4106939.0,1587058253.00
20061205,1.57,1.59,1.55,1.55,2662255.0,1044606237.00
20061206,1.55,1.57,1.51,1.54,2634847.0,1008236043.00
20061207,1.54,1.58,1.53,1.54,3368739.0,1315713903.00
20061208,1.53,1.59,1.53,1.55,3868688.0,1511314643.00
20061211,1.55,1.64,1.54,1.63,4585764.0,1823478544.00
20061212,1.64,1.73,1.63,1.73,5430920.0,2294872535.00
20061213,1.73,1.76,1.69,1.72,2990580.0,1284249185.00
20061214,1.72,1.72,1.68,1.71,1848425.0,785511153.00
20061215,1.72,1.74,1.71,1.73,1733074.0,746397041.00
20061218,1.73,1.83,1.72,1.83,2806653.0,1244248740.00
20061219,1.83,1.93,1.83,1.89,3342214.0,1572281193.00
20061220,1.88,1.90,1.85,1.88,2071827.0,970275189.00
20061221,1.88,1.91,1.85,1.86,1951241.0,918152016.00
20061222,1.85,1.91,1.84,1.90,1936034.0,909864988.00
20061225,1.92,2.09,1.92,2.09,4413751.0,2256254726.00
20061226,2.09,2.28,2.07,2.21,5796030.0,3128020235.00
20061227,2.19,2.28,2.11,2.28,4026595.0,2212671749.00
20061228,2.27,2.42,2.24,2.34,5162103.0,3014590539.00
20061229,2.36,2.55,2.33,2.48,6742917.0,4066299688.00
20070104,2.52,2.72,2.36,2.42,9678349.0,6194157171.00
20070105,2.35,2.35,2.18,2.18,8087495.0,4495265601.00
20070108,2.15,2.22,2.12,2.22,6449850.0,3498360831.00
20070109,2.22,2.32,2.17,2.32,6444563.0,3586835363.00
20070110,2.40,2.40,2.24,2.28,7824100.0,4509619117.00
20070111,2.27,2.27,2.18,2.21,5548478.0,3064577904.00
20070112,2.18,2.22,2.12,2.14,4240717.0,2291842093.00
20070115,2.13,2.24,2.12,2.23,4007151.0,2178581110.00
20070116,2.25,2.27,2.15,2.21,4291826.0,2361786718.00
20070117,2.22,2.26,2.17,2.18,4273977.0,2349392909.00
20070118,2.16,2.19,2.05,2.10,4778832.0,2506958356.00
20070119,2.10,2.14,2.08,2.13,3090556.0,1628590366.00
20070122,2.14,2.20,2.14,2.20,3791549.0,2061637253.00
20070123,2.22,2.26,2.15,2.26,5012218.0,2765682162.00
20070124,2.26,2.27,2.21,2.22,3541765.0,1973832513.00
20070125,2.18,2.18,2.10,2.12,3349561.0,1787675204.00
20070126,2.06,2.15,1.96,2.11,4186546.0,2148738253.00
20070129,2.08,2.16,2.05,2.13,6701286.0,3530236211.00
20070130,2.14,2.16,2.06,2.07,4234921.0,2222308739.00
20070131,2.07,2.12,2.00,2.01,5078151.0,2609019237.00
20070201,1.99,2.03,1.97,2.00,2493560.0,1243631524.00
20070202,2.01,2.03,1.92,1.93,3604044.0,1762491166.00
20070205,1.92,1.94,1.87,1.88,2404202.0,1140243105.00
20070206,1.89,1.96,1.83,1.96,4938339.0,2331107702.00
20070207,1.97,1.99,1.94,1.96,4690955.0,2298275594.00
20070208,1.96,1.97,1.92,1.94,2318859.0,1119563161.00
20070209,1.93,1.94,1.90,1.92,1924239.0,919395222.00
20070212,1.92,1.97,1.91,1.97,2105997.0,1026997621.00
20070213,1.98,1.99,1.95,1.97,2394741.0,1180270547.00
20070214,1.96,2.04,1.95,2.02,2990947.0,1490040929.00
20070215,2.03,2.08,2.03,2.07,3373291.0,1730560271.00
20070216,2.09,2.10,2.05,2.06,2852135.0,1473264480.00
20070226,2.04,2.06,2.00,2.04,3724955.0,1883782914.00
20070227,2.04,2.04,1.86,1.88,4249136.0,2087123731.00
20070228,1.88,1.97,1.87,1.96,2952811.0,1415592338.00
20070301,1.92,1.95,1.88,1.90,2761893.0,1314956363.00
20070302,1.90,1.94,1.89,1.92,1789875.0,854683521.00
20070305,1.92,1.93,1.86,1.88,2488235.0,1174220766.00
20070306,1.87,1.99,1.86,1.95,3317179.0,1604126145.00
20070307,1.96,1.99,1.95,1.97,2650193.0,1303665323.00
20070308,1.97,1.98,1.94,1.97,1689152.0,828417162.00
20070309,1.98,2.04,1.97,2.02,4297765.0,2154512419.00
20070312,2.04,2.07,2.03,2.05,3230122.0,1650213418.00
20070313,2.04,2.05,2.00,2.02,2733937.0,1373963434.00
20070314,1.99,1.99,1.96,1.97,2337387.0,1151162094.00
20070315,1.97,2.01,1.97,1.98,1725625.0,856079083.00
20070316,1.99,2.03,1.96,1.98,3099425.0,1544522348.00
20070319,1.95,2.11,1.94,2.08,6034774.0,3089249190.00
20070320,2.08,2.09,2.05,2.07,2417450.0,1247608656.00
20070322,2.09,2.10,2.06,2.08,3660762.0,1895658061.00
20070323,2.08,2.08,2.02,2.06,2532500.0,1297432734.00
20070326,2.06,2.09,2.04,2.08,2819095.0,1458037649.00
20070327,2.08,2.08,2.05,2.07,2472630.0,1273611582.00
20070328,2.06,2.13,2.05,2.12,6621739.0,3474670923.00
20070329,2.13,2.33,2.12,2.24,10161630.0,5661815199.00
20070330,2.22,2.24,2.18,2.20,3802988.0,2095766421.00
20070402,2.21,2.27,2.21,2.24,3229335.0,1803909487.00
20070403,2.25,2.26,2.22,2.25,2989321.0,1668147403.00
20070404,2.26,2.26,2.20,2.22,3166557.0,1758955303.00
20070405,2.20,2.23,2.16,2.22,4278002.0,2330204910.00
20070406,2.19,2.21,2.17,2.18,3118556.0,1702310104.00
20070409,2.18,2.21,2.15,2.20,4329053.0,2358550469.00
20070410,2.20,2.24,2.17,2.24,5737435.0,3152522779.00
20070411,2.24,2.26,2.21,2.24,4513365.0,2516592242.00
20070412,2.24,2.26,2.22,2.23,3909734.0,2176121266.00
20070413,2.23,2.24,2.18,2.18,3982015.0,2188009876.00
20070416,2.18,2.22,2.16,2.21,4062880.0,2224255140.00
20070417,2.22,2.24,2.16,2.20,4272401.0,2340240185.00
20070418,2.19,2.19,2.15,2.18,4874363.0,2633073433.00
20070419,2.18,2.21,2.05,2.09,5493410.0,2948321531.00
20070420,2.09,2.14,2.09,2.13,3506625.0,1854201632.00
20070423,2.13,2.18,2.11,2.18,5595771.0,3002621049.00
20070424,2.18,2.20,2.14,2.16,4599861.0,2478146027.00
20070425,2.16,2.25,2.13,2.22,7261009.0,3992683233.00
20070426,2.25,2.27,2.20,2.22,5157025.0,2866865458.00
20070427,2.22,2.23,2.16,2.17,4293712.0,2345108596.00
20070430,2.16,2.20,2.15,2.17,3820644.0,2068177400.00
20070508,2.21,2.22,2.18,2.20,4847616.0,2655550035.00
20070509,2.20,2.38,2.19,2.32,12136373.0,6910161134.00
20070510,2.33,2.35,2.29,2.31,7168196.0,4146445548.00
20070511,2.29,2.30,2.25,2.29,4834028.0,2746214634.00
20070514,2.26,2.32,2.25,2.30,4495553.0,2579265253.00
20070515,2.31,2.32,2.20,2.21,5229617.0,2935441696.00
20070516,2.21,2.24,2.18,2.22,3293722.0,1812933755.00
20070517,2.22,2.24,2.20,2.23,3816488.0,2117526011.00
20070518,2.22,2.22,2.19,2.20,3389410.0,1862680120.00
20070521,2.13,2.19,2.13,2.18,3883721.0,2102312226.00
20070522,2.18,2.21,2.17,2.20,4020297.0,2193073185.00
20070523,2.20,2.22,2.18,2.21,4208576.0,2310618812.00
20070524,2.22,2.28,2.20,2.23,5757021.0,3208312252.00
20070525,2.22,2.22,2.19,2.20,4004418.0,2202624239.00
20070528,2.21,2.24,2.20,2.22,4474285.0,2471286891.00
20070529,2.22,2.26,2.21,2.24,5157335.0,2872024705.00
20070530,2.15,2.22,2.09,2.13,6879288.0,3694367578.00
20070531,2.14,2.26,2.07,2.20,6842997.0,3710892969.00
20070601,2.20,2.26,2.17,2.18,5561448.0,3069340175.00
20070604,2.17,2.17,1.98,2.00,5337386.0,2742126337.00
20070605,1.99,2.06,1.89,2.04,4089713.0,2024174326.00
20070606,2.04,2.04,2.00,2.02,2577721.0,1297019407.00
20070607,2.01,2.03,2.00,2.03,2866899.0,1442320651.00
20070608,2.03,2.03,2.00,2.01,2577478.0,1293774583.00
20070611,2.01,2.04,2.00,2.03,2370237.0,1192958324.00
20070613,2.05,2.13,2.04,2.12,5267983.0,2728065006.00
20070614,2.11,2.11,2.05,2.06,2439795.0,1264682639.00
20070615,2.05,2.09,2.03,2.06,2121147.0,1088573827.00
20070618,2.08,2.12,2.08,2.10,3370630.0,1765904550.00
20070619,2.08,2.16,2.07,2.10,2698349.0,1424322792.00
20070620,2.09,2.11,2.04,2.05,2392099.0,1240195176.00
20070621,2.05,2.09,2.01,2.07,1965015.0,1003338216.00
20070622,2.07,2.09,2.01,2.03,2357733.0,1195765316.00
20070625,2.03,2.07,1.99,1.99,2092305.0,1050922188.00
20070626,1.97,2.02,1.96,2.01,1631634.0,806172687.00
20070627,2.01,2.06,1.99,2.05,2513130.0,1268700678.00
20070628,2.06,2.12,2.01,2.02,3016733.0,1558042790.00
20070629,1.99,2.06,1.97,2.01,2253231.0,1130892238.00
20070702,2.02,2.04,1.99,2.03,1417414.0,710747658.00
20070703,2.04,2.10,2.04,2.09,3599283.0,1866678821.00
20070704,2.10,2.13,2.06,2.07,2228792.0,1164644170.00
20070705,2.06,2.08,2.00,2.00,1566262.0,792449059.00
20070706,2.00,2.08,2.00,2.08,1747738.0,888243170.00
20070709,2.08,2.14,2.07,2.12,4010410.0,2116363911.00
20070710,2.14,2.21,2.14,2.16,4515881.0,2445633974.00
20070711,2.18,2.21,2.15,2.17,1766891.0,960542153.00
20070712,2.18,2.19,2.14,2.17,1208324.0,651493610.00
20070713,2.17,2.18,2.14,2.16,848881.0,456441185.00
20070716,2.18,2.19,2.12,2.12,984893.0,527516937.00
20070717,2.12,2.18,2.08,2.17,1599315.0,849207203.00
20070718,2.15,2.21,2.14,2.18,2638833.0,1434725413.00
20070719,2.18,2.22,2.17,2.18,1749956.0,958857465.00
20070720,2.19,2.27,2.19,2.25,4149444.0,2299649360.00
20070723,2.30,2.38,2.30,2.31,5728878.0,3320754551.00
20070724,2.32,2.34,2.28,2.29,3240678.0,1866739852.00
20070725,2.28,2.35,2.28,2.35,2664179.0,1535998615.00
20070726,2.35,2.36,2.30,2.32,2514467.0,1456884441.00
20070727,2.29,2.31,2.26,2.28,2852302.0,1617942672.00
20070730,2.27,2.31,2.26,2.30,2754640.0,1571774392.00
20070731,2.29,2.34,2.28,2.31,2532055.0,1455639106.00
20070801,2.31,2.32,2.21,2.22,2946094.0,1657370271.00
20070802,2.22,2.28,2.19,2.24,1982020.0,1104259675.00
20070803,2.25,2.35,2.24,2.34,5578618.0,3221501413.00
20070806,2.36,2.38,2.30,2.33,3016125.0,1760248896.00
20070807,2.34,2.35,2.30,2.33,2796347.0,1612701491.00
20070808,2.34,2.57,2.34,2.56,13753655.0,8593423833.00
20070809,2.57,2.66,2.54,2.63,7963752.0,5151880458.00
20070810,2.61,2.73,2.57,2.69,5108280.0,3358999046.00
20070813,2.73,2.90,2.71,2.86,5979674.0,4176618832.00
20070814,2.83,2.86,2.76,2.84,3309499.0,2311289195.00
20070815,2.82,2.92,2.78,2.85,3705656.0,2624424890.00
20070816,2.85,2.85,2.68,2.72,3860172.0,2638028221.00
20070817,2.69,2.72,2.59,2.60,5967414.0,3921887099.00
20070820,2.69,2.86,2.67,2.85,5274651.0,3631065562.00
20070821,2.86,2.87,2.81,2.83,3856940.0,2720531741.00
20070822,2.75,2.83,2.75,2.78,3636030.0,2520012169.00
20070823,2.80,2.87,2.78,2.80,2773933.0,1943907150.00
20070824,2.84,2.87,2.77,2.81,3692361.0,2591885242.00
20070827,2.82,2.88,2.78,2.84,3375455.0,2377335036.00
20070828,2.82,2.82,2.71,2.77,3485291.0,2384157775.00
20070829,2.73,2.79,2.67,2.70,2527714.0,1712499282.00
20070830,2.75,2.77,2.71,2.73,1597319.0,1085607097.00
20070831,2.77,2.77,2.72,2.75,2164824.0,1476602559.00
20070903,2.76,2.83,2.73,2.78,3317357.0,2292213821.00
20070904,2.78,2.79,2.71,2.76,3236596.0,2207507005.00
20070905,2.76,2.80,2.71,2.73,2384847.0,1622967240.00
20070906,2.75,2.80,2.71,2.80,3319283.0,2279582073.00
20070907,2.82,2.86,2.73,2.74,4281385.0,2970719670.00
20070910,2.69,2.74,2.65,2.73,3006337.0,2009658042.00
20070911,2.72,2.76,2.57,2.58,3388305.0,2246866624.00
20070912,2.57,2.61,2.51,2.57,2418206.0,1534576489.00
20070913,2.58,2.65,2.58,2.60,2375316.0,1543528112.00
20070914,2.61,2.63,2.57,2.61,1650632.0,1060872146.00
20070917,2.61,2.67,2.60,2.63,2031601.0,1326330112.00
20070918,2.63,2.65,2.56,2.63,1945796.0,1253424077.00
20070919,2.63,2.67,2.59,2.61,1600714.0,1042742490.00
20070920,2.63,2.67,2.61,2.65,2300367.0,1510569402.00
20070921,2.65,2.71,2.65,2.69,2556387.0,1702592599.00
20070924,2.70,2.72,2.67,2.69,1823339.0,1217889319.00
20070925,2.71,2.72,2.57,2.61,1912072.0,1250966494.00
20070926,2.61,2.63,2.55,2.56,1455072.0,931875142.00
20070927,2.55,2.65,2.54,2.65,1483830.0,960091841.00
20070928,2.67,2.69,2.65,2.66,1908643.0,1265607173.00
20071008,2.78,2.92,2.74,2.92,9758248.0,6944585402.00
20071009,2.94,3.02,2.90,2.93,5960858.0,4404076634.00
20071010,2.94,3.17,2.94,3.05,5245726.0,4000683335.00
20071011,3.12,3.23,3.08,3.13,3504767.0,2733912110.00
20071012,3.14,3.16,2.95,3.08,3325061.0,2518738468.00
20071015,3.08,3.19,3.00,3.16,2767466.0,2129624152.00
20071016,3.18,3.40,3.16,3.28,4141323.0,3393960060.00
20071017,3.23,3.25,3.16,3.20,1860232.0,1475587674.00
20071018,3.18,3.23,3.05,3.07,2293152.0,1779060095.00
20071019,3.10,3.14,3.05,3.06,1638604.0,1258773952.00
20071022,3.01,3.10,2.94,3.00,1295332.0,969170949.00
20071023,2.98,3.18,2.98,3.16,2342036.0,1801092340.00
20071024,3.18,3.29,3.17,3.20,2625150.0,2109289787.00
20071025,3.16,3.23,3.00,3.06,2521159.0,1962686145.00
20071029,3.22,3.36,3.21,3.29,3038665.0,2484625719.00
20071030,3.32,3.53,3.24,3.51,3326678.0,2824856681.00
20071031,3.57,3.58,3.45,3.51,2965678.0,2587239350.00
20071101,3.51,3.62,3.46,3.56,2564154.0,2269256752.00
20071102,3.49,3.56,3.44,3.48,2574336.0,2229500240.00
20071105,3.45,3.50,3.32,3.33,1977346.0,1668156232.00
20071106,3.32,3.36,3.27,3.28,1958973.0,1604561975.00
20071107,3.30,3.44,3.28,3.44,2125640.0,1766565984.00
20071108,3.38,3.41,3.31,3.32,2354408.0,1962452181.00
20071109,3.26,3.42,3.25,3.36,2133836.0,1775109718.00
20071112,3.29,3.37,3.16,3.29,1993067.0,1620396127.00
20071113,3.32,3.35,3.17,3.22,1840101.0,1490739331.00
20071114,3.27,3.36,3.22,3.36,1657354.0,1358833005.00
20071115,3.33,3.42,3.28,3.36,1803034.0,1508402366.00
20071116,3.31,3.35,3.27,3.31,1064500.0,874680073.00
20071119,3.33,3.33,3.23,3.27,1008354.0,818715387.00
20071120,3.24,3.33,3.16,3.28,1776978.0,1421748347.00
20071121,3.29,3.29,3.19,3.20,1188761.0,953796968.00
20071122,3.15,3.18,3.10,3.12,1055032.0,820767749.00
20071123,3.10,3.20,3.08,3.18,999590.0,783593243.00
20071126,3.21,3.24,3.12,3.13,921379.0,727848307.00
20071127,3.11,3.15,3.08,3.10,576254.0,445933147.00
20071128,3.10,3.12,3.02,3.03,1164980.0,886258437.00
20071129,3.06,3.25,3.06,3.23,1992635.0,1569363459.00
20071130,3.23,3.27,3.19,3.21,1347475.0,1082895005.00
20071203,3.21,3.29,3.14,3.25,1113120.0,897176817.00
20071204,3.26,3.33,3.24,3.28,1392085.0,1138860716.00
20071205,3.29,3.39,3.27,3.37,1541195.0,1278230183.00
20071206,3.38,3.39,3.33,3.35,833649.0,694838153.00
20071207,3.36,3.37,3.31,3.36,934078.0,775395079.00
20071210,3.28,3.35,3.26,3.35,1608336.0,1324558820.00
20071211,3.35,3.37,3.25,3.30,1514489.0,1237574210.00
20071212,3.29,3.31,3.18,3.26,1863978.0,1494489455.00
20071214,3.16,3.22,3.11,3.21,1471517.0,1158424889.00
20071217,3.22,3.22,3.06,3.08,1857455.0,1435806318.00
20071218,3.06,3.16,3.02,3.10,1094734.0,840546356.00
20071219,3.14,3.19,3.11,3.17,1033054.0,810771343.00
20071220,3.19,3.20,3.12,3.17,902679.0,710906634.00
20071221,3.13,3.29,3.13,3.22,1857535.0,1488816311.00
20071224,3.25,3.29,3.19,3.28,1785309.0,1441531877.00
20071225,3.29,3.29,3.22,3.25,1089565.0,879745336.00
20071226,3.25,3.28,3.13,3.20,2413374.0,1914864295.00
20071227,3.19,3.31,3.18,3.30,2737785.0,2222043134.00
20071228,3.31,3.37,3.25,3.27,2288199.0,1883685888.00
20080102,3.27,3.31,3.20,3.25,1879107.0,1513663505.00
20080103,3.24,3.25,3.16,3.24,2420670.0,1917345748.00
20080104,3.22,3.28,3.19,3.23,1947919.0,1559883203.00
20080107,3.22,3.23,3.17,3.21,2409263.0,1911404941.00
20080108,3.23,3.30,3.21,3.25,3087408.0,2512994056.00
20080109,3.26,3.29,3.23,3.27,1528114.0,1237693975.00
20080110,3.28,3.31,3.22,3.27,2232785.0,1809586577.00
20080111,3.28,3.35,3.28,3.34,3176113.0,2625331274.00
20080114,3.37,3.38,3.30,3.33,2021688.0,1675283157.00
20080115,3.33,3.34,3.25,3.27,1863791.0,1520122635.00
20080116,3.22,3.23,3.17,3.18,2267749.0,1801721039.00
20080117,3.15,3.22,3.05,3.10,2331914.0,1805850493.00
20080118,3.21,3.33,3.11,3.16,1120667.0,877352880.00
20080121,3.17,3.20,3.02,3.04,1602608.0,1224036358.00
20080122,3.00,3.00,2.73,2.78,2601408.0,1835377257.00
20080123,2.80,2.87,2.73,2.84,3192145.0,2236274337.00
20080124,2.90,2.91,2.69,2.80,2427177.0,1680658334.00
20080125,2.80,2.89,2.72,2.84,2037665.0,1423244401.00
20080128,2.82,2.82,2.64,2.66,1993642.0,1349134866.00
20080129,2.66,2.73,2.65,2.67,847464.0,564321408.00
20080130,2.70,2.74,2.56,2.60,1418200.0,931307825.00
20080131,2.60,2.65,2.57,2.63,914217.0,596071670.00
20080201,2.61,2.72,2.61,2.71,1285187.0,854823415.00
20080204,2.76,2.93,2.76,2.91,2310008.0,1637840642.00
20080205,2.90,2.90,2.81,2.85,1026649.0,726584237.00
20080213,2.80,2.84,2.76,2.78,934575.0,647194414.00
20080214,2.80,2.82,2.77,2.78,1067342.0,737844753.00
20080215,2.77,2.78,2.69,2.72,1171680.0,793690968.00
20080218,2.75,2.77,2.73,2.73,1183787.0,806332917.00
20080219,2.74,2.81,2.69,2.80,1740900.0,1183334281.00
20080220,2.80,2.81,2.67,2.71,1722866.0,1166723327.00
20080221,2.72,2.72,2.63,2.66,1834360.0,1212292249.00
20080222,2.64,2.64,2.55,2.59,1889828.0,1216001612.00
20080225,2.60,2.61,2.49,2.51,1422205.0,891276751.00
20080226,2.57,2.60,2.50,2.58,1062116.0,673986416.00
20080227,2.58,2.66,2.56,2.63,1035591.0,677073343.00
20080228,2.63,2.64,2.55,2.60,734624.0,475233178.00
20080229,2.59,2.65,2.58,2.63,539533.0,352275853.00
20080303,2.62,2.69,2.55,2.65,1204333.0,787558241.00
20080304,2.65,2.65,2.55,2.56,1942693.0,1246163389.00
20080305,2.56,2.59,2.52,2.56,675927.0,427256544.00
20080306,2.57,2.65,2.52,2.57,1344179.0,864497618.00
20080307,2.53,2.58,2.52,2.56,536116.0,339440590.00
20080310,2.54,2.54,2.45,2.48,1386047.0,857160937.00
20080311,2.47,2.48,2.42,2.48,776080.0,473305921.00
20080312,2.53,2.55,2.42,2.43,674085.0,413218659.00
20080313,2.42,2.43,2.31,2.34,1449082.0,849968347.00
20080314,2.33,2.36,2.25,2.31,1010511.0,574339559.00
20080317,2.28,2.29,2.22,2.24,794630.0,444623699.00
20080318,2.23,2.28,2.17,2.20,963571.0,530473821.00
20080319,2.24,2.31,2.22,2.27,1082297.0,609412265.00
20080320,2.25,2.36,2.13,2.27,1367251.0,766867715.00
20080321,2.29,2.32,2.24,2.29,1397179.0,794002387.00
20080324,2.32,2.33,2.20,2.22,906655.0,507591387.00
20080325,2.20,2.31,2.18,2.30,1185135.0,664459313.00
20080326,2.32,2.37,2.29,2.30,944597.0,545612640.00
20080327,2.28,2.31,2.21,2.26,1059795.0,594197760.00
20080328,2.26,2.47,2.24,2.43,3264081.0,1932610256.00
20080331,2.35,2.49,2.33,2.47,2042899.0,1232041737.00
20080401,2.45,2.49,2.37,2.41,1426619.0,860674302.00
20080402,2.47,2.57,2.47,2.49,3400469.0,2130768698.00
20080403,2.45,2.57,2.43,2.56,1460709.0,910099150.00
20080407,2.53,2.59,2.50,2.58,1769372.0,1127595390.00
20080408,2.58,2.59,2.48,2.53,2081503.0,1306168220.00
20080409,2.51,2.51,2.40,2.42,1851092.0,1132051344.00
20080410,2.45,2.50,2.42,2.49,1180281.0,722385808.00
20080411,2.52,2.53,2.45,2.47,1224547.0,752197602.00
20080414,2.42,2.48,2.30,2.34,1709985.0,1009288327.00
20080415,2.33,2.36,2.23,2.36,1365152.0,776297856.00
20080416,2.36,2.38,2.30,2.32,763755.0,444628408.00
20080417,2.32,2.37,2.26,2.33,761332.0,439584441.00
20080418,2.31,2.37,2.24,2.31,899639.0,516137139.00
20080421,2.46,2.49,2.33,2.41,2731046.0,1635954810.00
20080422,2.36,2.48,2.32,2.47,1977606.0,1185800219.00
20080423,2.44,2.57,2.42,2.54,3386547.0,2123343844.00
20080424,2.71,2.79,2.60,2.74,8602179.0,5779572931.00
20080425,2.67,2.69,2.60,2.61,4879660.0,3198217033.00
20080428,2.56,2.63,2.54,2.56,3120044.0,2002586709.00
20080429,2.54,2.63,2.54,2.59,1705827.0,1101334208.00
20080430,2.63,2.70,2.60,2.68,3405448.0,2261831921.00
20080505,2.69,2.73,2.63,2.68,1942407.0,1294798992.00
20080506,2.66,2.66,2.59,2.61,1558498.0,1015390564.00
20080507,2.59,2.62,2.52,2.53,1459390.0,932556282.00
20080508,2.51,2.54,2.47,2.54,1435117.0,893070947.00
20080509,2.55,2.55,2.45,2.47,1434984.0,886804536.00
20080512,2.43,2.51,2.41,2.48,1239682.0,760335808.00
20080513,2.41,2.46,2.41,2.44,1501731.0,909160670.00
20080514,2.46,2.53,2.46,2.53,1759948.0,1097898325.00
20080515,2.53,2.57,2.49,2.50,1068688.0,674611640.00
20080516,2.48,2.54,2.48,2.50,767833.0,478808876.00
20080519,2.49,2.51,2.47,2.50,763964.0,473691567.00
20080520,2.49,2.51,2.41,2.42,1383374.0,840505650.00
20080521,2.41,2.46,2.36,2.44,1119262.0,666083560.00
20080522,2.42,2.43,2.38,2.41,545759.0,326182475.00
20080523,2.40,2.44,2.37,2.41,831576.0,498322047.00
20080526,2.39,2.39,2.33,2.34,823200.0,480713026.00
20080527,2.34,2.36,2.33,2.33,412912.0,240221219.00
20080528,2.35,2.41,2.32,2.38,735431.0,433897464.00
20080529,2.37,2.38,2.34,2.34,640240.0,376426978.00
20080530,2.34,2.39,2.34,2.36,586072.0,344428836.00
20080602,2.36,2.41,2.34,2.38,741881.0,438836318.00
20080603,2.38,2.40,2.35,2.38,533809.0,314439388.00
20080604,2.36,2.37,2.33,2.34,452798.0,263515154.00
20080606,2.35,2.36,2.34,2.36,503727.0,294099621.00
20080610,2.26,2.26,2.16,2.16,1209115.0,660538066.00
20080611,2.17,2.18,2.10,2.11,694007.0,366828035.00
20080612,2.10,2.11,2.02,2.09,825311.0,424635392.00
20080613,2.09,2.10,2.03,2.04,549653.0,281150145.00
20080616,2.06,2.11,2.01,2.08,858869.0,443180574.00
20080617,2.08,2.12,2.06,2.08,616311.0,320376501.00
20080618,2.08,2.19,2.06,2.18,1032674.0,535647250.00
20080619,2.18,2.18,2.06,2.07,770507.0,393063674.00
20080620,2.09,2.20,2.02,2.14,1331011.0,690234186.00
20080623,2.10,2.14,2.08,2.10,695743.0,354765741.00
20080624,2.10,2.15,2.09,2.15,622629.0,321809359.00
20080625,2.14,2.19,2.13,2.18,952259.0,501121745.00
20080626,2.19,2.19,2.10,2.13,1420254.0,734275530.00
20080627,2.06,2.09,2.02,2.07,1461879.0,728792864.00
20080630,2.06,2.09,2.02,2.05,792826.0,394780588.00
20080701,2.05,2.07,1.97,1.98,861870.0,417793972.00
20080702,1.99,2.00,1.93,1.95,789670.0,375096351.00
20080703,1.92,2.00,1.88,1.96,938836.0,439790911.00
20080704,1.98,2.00,1.93,1.98,1208421.0,578494105.00
20080707,1.98,2.08,1.98,2.05,1290656.0,634693940.00
20080708,2.04,2.07,2.00,2.03,980747.0,482959521.00
20080709,2.04,2.15,2.04,2.12,2015558.0,1026862375.00
20080710,2.09,2.15,2.07,2.10,1207249.0,620077893.00
20080711,2.09,2.12,2.05,2.08,785729.0,394862188.00
20080714,2.07,2.11,2.06,2.08,399265.0,201546018.00
20080715,2.09,2.10,2.00,2.01,1038260.0,512525442.00
20080716,1.98,2.00,1.93,1.96,637482.0,303219384.00
20080717,2.00,2.02,1.95,1.97,660494.0,317798480.00
20080718,2.00,2.04,1.96,2.02,925847.0,449700367.00
20080721,2.01,2.09,2.00,2.08,1008709.0,504674360.00
20080722,2.08,2.08,2.05,2.07,487881.0,244049483.00
20080723,2.08,2.11,2.08,2.08,776318.0,393375821.00
20080724,2.10,2.15,2.10,2.13,1580865.0,813495203.00
20080725,2.11,2.15,2.10,2.12,1762243.0,910224526.00
20080728,2.15,2.20,2.15,2.17,1685997.0,893214573.00
20080729,2.15,2.15,2.09,2.12,840588.0,432516846.00
20080730,2.15,2.17,2.10,2.11,635327.0,327857268.00
20080731,2.13,2.14,2.08,2.09,540496.0,274943763.00
20080801,2.08,2.17,2.05,2.12,865497.0,441603740.00
20080804,2.11,2.12,2.08,2.08,395435.0,201099176.00
20080805,2.10,2.12,2.08,2.08,481780.0,244622388.00
20080806,2.10,2.14,2.08,2.12,560999.0,287180182.00
20080807,2.12,2.14,2.09,2.13,464865.0,238865597.00
20080808,2.12,2.12,2.05,2.06,759350.0,383594174.00
20080811,2.06,2.08,1.99,2.01,882409.0,435640458.00
20080812,2.00,2.03,1.98,2.02,401495.0,195228669.00
20080813,1.98,2.00,1.94,1.96,620706.0,294267267.00
20080814,1.96,1.96,1.91,1.94,428260.0,200778014.00
20080815,1.94,1.97,1.92,1.94,337983.0,159332673.00
20080818,1.95,1.96,1.87,1.88,523239.0,240974482.00
20080819,1.86,1.91,1.86,1.90,506003.0,231376222.00
20080820,1.89,2.06,1.86,2.02,1099960.0,531653905.00
20080821,2.00,2.03,1.96,1.96,559855.0,269743528.00
20080822,1.98,2.01,1.94,1.99,501842.0,241420795.00
20080825,1.99,2.05,1.98,2.01,535177.0,260924923.00
20080826,1.99,2.03,1.97,1.98,420484.0,203374102.00
20080827,1.98,2.02,1.97,1.99,396914.0,192037043.00
20080828,1.99,2.03,1.99,2.01,471769.0,229926629.00
20080829,2.02,2.05,2.00,2.03,545753.0,268278917.00
20080901,2.01,2.03,1.94,1.98,525894.0,252653544.00
20080902,1.95,1.96,1.89,1.93,679745.0,316891563.00
20080903,1.93,1.94,1.89,1.91,330904.0,153089524.00
20080904,1.91,1.92,1.88,1.91,301536.0,138600851.00
20080905,1.88,1.89,1.85,1.86,588438.0,266177023.00
20080908,1.87,1.91,1.85,1.87,616694.0,280476859.00
20080909,1.89,1.89,1.85,1.87,573344.0,259291637.00
20080910,1.86,1.89,1.82,1.86,413723.0,185693276.00
20080911,1.85,1.85,1.77,1.77,804317.0,350224229.00
20080912,1.77,1.79,1.72,1.74,535948.0,227388475.00
20080916,1.65,1.65,1.57,1.57,2207477.0,844738270.00
20080917,1.53,1.57,1.41,1.41,2653215.0,935595305.00
20080918,1.34,1.49,1.29,1.42,3907414.0,1291043157.00
20080919,1.56,1.56,1.56,1.56,498488.0,188428570.00
20080922,1.72,1.72,1.72,1.72,1131513.0,470709429.00
20080923,1.72,1.84,1.70,1.79,11330133.0,4851303835.00
20080924,1.65,1.79,1.64,1.77,4604175.0,1916169673.00
20080925,1.75,1.85,1.73,1.80,5064079.0,2216787225.00
20080926,1.82,1.82,1.75,1.79,2343659.0,1014429860.00
20081006,1.77,1.77,1.67,1.68,2315728.0,961699523.00
20081007,1.62,1.73,1.60,1.72,1721598.0,704218429.00
20081008,1.65,1.72,1.65,1.68,1868262.0,757731207.00
20081009,1.72,1.72,1.65,1.67,1276402.0,518131213.00
20081010,1.60,1.68,1.59,1.65,1780498.0,706593100.00
20081013,1.63,1.78,1.61,1.77,2864935.0,1187069020.00
20081014,1.82,1.83,1.71,1.72,3516268.0,1519660727.00
20081015,1.70,1.74,1.68,1.70,1054654.0,436362270.00
20081016,1.65,1.68,1.64,1.65,1356416.0,542708658.00
20081017,1.66,1.67,1.63,1.65,1048977.0,418633532.00
20081020,1.65,1.68,1.60,1.67,1059140.0,422334021.00
20081021,1.67,1.68,1.64,1.64,1189177.0,477477743.00
20081022,1.63,1.65,1.61,1.61,989951.0,389715155.00
20081023,1.58,1.58,1.51,1.57,1249142.0,469950366.00
20081024,1.57,1.57,1.51,1.53,1428628.0,531288282.00
20081028,1.39,1.60,1.39,1.57,2948579.0,1071797351.00
20081029,1.57,1.57,1.46,1.48,1857028.0,681808418.00
20081030,1.49,1.55,1.44,1.50,1644478.0,597845343.00
20081031,1.48,1.51,1.47,1.49,1001975.0,362157269.00
20081103,1.48,1.53,1.48,1.51,937191.0,345208938.00
20081104,1.50,1.53,1.48,1.52,1036685.0,379698951.00
20081105,1.53,1.61,1.53,1.53,2319105.0,881929959.00
20081106,1.51,1.53,1.50,1.52,1069728.0,391143206.00
20081107,1.49,1.57,1.49,1.56,1259903.0,470537005.00
20081110,1.59,1.65,1.58,1.65,2712100.0,1068083525.00
20081111,1.64,1.66,1.60,1.62,1759147.0,694161894.00
20081112,1.59,1.65,1.59,1.63,1004515.0,395158369.00
20081113,1.61,1.69,1.59,1.67,2520728.0,1001900624.00
20081114,1.68,1.70,1.66,1.69,2180791.0,890066291.00
20081117,1.69,1.72,1.67,1.71,1820318.0,749222950.00
20081118,1.70,1.72,1.61,1.65,1969178.0,795291090.00
20081119,1.63,1.71,1.61,1.71,1974169.0,800742532.00
20081120,1.66,1.70,1.64,1.68,1739123.0,704557445.00
20081121,1.64,1.70,1.60,1.67,1904524.0,761637528.00
20081124,1.65,1.66,1.61,1.63,823910.0,326834713.00
20081125,1.65,1.67,1.61,1.63,724693.0,286050341.00
20081126,1.63,1.64,1.62,1.63,510431.0,201162362.00
20081127,1.72,1.72,1.62,1.63,2322081.0,938818484.00
20081128,1.62,1.63,1.54,1.58,1687050.0,645606187.00
20081201,1.57,1.58,1.53,1.57,1189646.0,447800125.00
20081202,1.54,1.56,1.51,1.55,1600764.0,596019474.00
20081203,1.57,1.60,1.56,1.60,1745518.0,669018532.00
20081204,1.64,1.68,1.62,1.63,3005830.0,1200071164.00
20081205,1.62,1.66,1.61,1.65,1256876.0,499233727.00
20081208,1.66,1.70,1.65,1.69,2558211.0,1040298534.00
20081209,1.70,1.70,1.64,1.64,1881154.0,759211387.00
20081210,1.63,1.69,1.63,1.68,1896251.0,763247115.00
20081211,1.67,1.68,1.63,1.64,1751526.0,701219859.00
20081212,1.63,1.63,1.55,1.58,1810072.0,696869176.00
20081215,1.59,1.60,1.55,1.57,1319384.0,503112201.00
20081216,1.56,1.57,1.52,1.56,1232692.0,460121306.00
20081217,1.58,1.58,1.54,1.56,1370552.0,518034489.00
20081218,1.56,1.60,1.53,1.59,1807815.0,687253353.00
20081219,1.57,1.60,1.57,1.58,1560415.0,598622840.00
20081222,1.58,1.58,1.54,1.56,1009957.0,380292406.00
20081223,1.56,1.56,1.51,1.52,1663119.0,615799969.00
20081224,1.51,1.53,1.49,1.50,869705.0,317223549.00
20081225,1.51,1.52,1.49,1.50,873093.0,317469341.00
20081226,1.50,1.53,1.49,1.51,739946.0,270554594.00
20081229,1.50,1.51,1.48,1.50,776516.0,282022525.00
20081230,1.51,1.51,1.47,1.47,1059324.0,381536003.00
20081231,1.47,1.48,1.46,1.46,986832.0,350787840.00
20090105,1.48,1.49,1.46,1.49,1470893.0,527817017.00
20090106,1.49,1.53,1.49,1.53,1856951.0,682649697.00
20090107,1.53,1.53,1.49,1.49,1047541.0,383604098.00
20090108,1.47,1.47,1.44,1.46,2059534.0,723241999.00
20090109,1.45,1.49,1.45,1.48,1360405.0,486973609.00
20090112,1.47,1.48,1.46,1.47,761903.0,271820997.00
20090113,1.45,1.46,1.43,1.44,1023138.0,357750577.00
20090114,1.44,1.48,1.44,1.47,1126090.0,398705286.00
20090115,1.46,1.46,1.43,1.44,2431058.0,851264489.00
20090116,1.45,1.49,1.44,1.47,4557486.0,1626993695.00
20090119,1.48,1.55,1.48,1.52,3627108.0,1336977048.00
20090120,1.51,1.52,1.49,1.52,1253066.0,457669899.00
20090121,1.49,1.55,1.49,1.52,1425576.0,526037940.00
20090122,1.52,1.55,1.51,1.52,962911.0,356459419.00
20090123,1.52,1.54,1.50,1.51,981955.0,360498279.00
20090202,1.52,1.53,1.50,1.51,647755.0,237003233.00
20090203,1.51,1.54,1.50,1.54,1792758.0,662821125.00
20090204,1.54,1.59,1.54,1.58,3082775.0,1173124837.00
20090205,1.58,1.60,1.55,1.57,2365131.0,909261441.00
20090206,1.57,1.62,1.57,1.62,2487578.0,965062740.00
20090209,1.64,1.65,1.60,1.62,3006321.0,1185262529.00
20090210,1.62,1.63,1.59,1.63,2968049.0,1159060672.00
20090211,1.60,1.65,1.59,1.63,3244945.0,1271816628.00
20090212,1.63,1.64,1.58,1.60,2250356.0,874566489.00
20090213,1.60,1.64,1.57,1.64,3318615.0,1301039166.00
20090216,1.64,1.69,1.64,1.69,4566636.0,1845383328.00
20090217,1.69,1.71,1.65,1.65,3191106.0,1298458951.00
20090218,1.63,1.64,1.57,1.58,2526442.0,984731699.00
20090219,1.59,1.60,1.56,1.58,2424764.0,928617460.00
20090220,1.57,1.58,1.55,1.58,1802445.0,683852757.00
20090223,1.57,1.59,1.54,1.59,3128544.0,1191897146.00
20090224,1.57,1.58,1.52,1.53,2757342.0,1032774403.00
20090225,1.55,1.56,1.49,1.53,3080640.0,1139746287.00
20090226,1.53,1.57,1.51,1.51,2911041.0,1084075097.00
20090227,1.51,1.56,1.51,1.54,2642110.0,983189777.00
20090302,1.53,1.53,1.50,1.53,1078249.0,395889839.00
20090303,1.50,1.51,1.49,1.51,1273475.0,461889682.00
20090304,1.50,1.60,1.50,1.58,5461472.0,2055186451.00
20090305,1.59,1.63,1.56,1.61,7713065.0,2977786168.00
20090306,1.58,1.60,1.56,1.57,2964885.0,1135178089.00
20090309,1.58,1.61,1.52,1.53,2588869.0,981570710.00
20090310,1.51,1.54,1.50,1.53,1280897.0,471363833.00
20090311,1.57,1.58,1.52,1.53,1712944.0,642069334.00
20090312,1.52,1.53,1.50,1.52,1209050.0,443067632.00
20090313,1.53,1.54,1.51,1.52,1148222.0,424606799.00
20090316,1.51,1.53,1.50,1.52,1253006.0,461255515.00
20090317,1.53,1.56,1.52,1.56,2619146.0,978639014.00
20090318,1.56,1.57,1.54,1.55,2010724.0,757472889.00
20090319,1.55,1.56,1.53,1.56,2156918.0,809272270.00
20090320,1.55,1.58,1.55,1.56,2416505.0,913853791.00
20090323,1.56,1.58,1.55,1.58,2300877.0,873828750.00
20090324,1.59,1.61,1.57,1.58,2938452.0,1130922521.00
20090325,1.57,1.58,1.55,1.56,2136694.0,810009348.00
20090326,1.57,1.65,1.57,1.65,7358651.0,2876124620.00
20090327,1.66,1.66,1.62,1.63,4319998.0,1713183650.00
20090330,1.64,1.65,1.62,1.62,2346385.0,925620141.00
20090331,1.60,1.63,1.59,1.63,2248110.0,876170238.00
20090401,1.63,1.65,1.62,1.64,3350596.0,1326970901.00
20090402,1.64,1.67,1.64,1.65,4065929.0,1632256397.00
20090403,1.66,1.70,1.65,1.68,5116987.0,2083231234.00
20090407,1.69,1.72,1.68,1.70,3338800.0,1377054479.00
20090408,1.69,1.70,1.63,1.64,2914134.0,1172040784.00
20090409,1.64,1.66,1.63,1.65,2012110.0,802833672.00
20090410,1.67,1.69,1.66,1.68,2640934.0,1072532617.00
20090413,1.69,1.72,1.68,1.70,4291076.0,1770227821.00
20090414,1.70,1.72,1.70,1.71,2465310.0,1020858961.00
20090415,1.70,1.71,1.67,1.70,1942312.0,797713659.00
20090416,1.70,1.71,1.67,1.70,2795496.0,1146016750.00
20090417,1.70,1.72,1.68,1.70,2858229.0,1176855773.00
20090420,1.70,1.72,1.69,1.72,2159514.0,895289319.00
20090421,1.69,1.70,1.68,1.70,2271771.0,932988628.00
20090422,1.70,1.75,1.69,1.70,4388860.0,1827950616.00
20090423,1.68,1.69,1.65,1.68,3091294.0,1251668216.00
20090424,1.68,1.69,1.65,1.66,1717428.0,694875370.00
20090427,1.65,1.66,1.63,1.65,2015896.0,803725384.00
20090428,1.65,1.67,1.64,1.65,1824922.0,731323943.00
20090429,1.66,1.71,1.65,1.70,3232922.0,1314627847.00
20090430,1.70,1.70,1.68,1.69,2893764.0,1185400072.00
20090504,1.69,1.74,1.69,1.73,4089920.0,1705748995.00
20090505,1.74,1.77,1.73,1.74,3061722.0,1297196137.00
20090506,1.73,1.76,1.72,1.75,2772840.0,1169830124.00
20090507,1.76,1.80,1.75,1.77,3955775.0,1700484144.00
20090508,1.77,1.80,1.75,1.80,3489542.0,1513004878.00
20090511,1.81,1.86,1.78,1.78,4873677.0,2155304691.00
20090512,1.77,1.79,1.75,1.78,2452759.0,1052732607.00
20090513,1.79,1.79,1.76,1.79,2517016.0,1084654943.00
20090514,1.77,1.78,1.75,1.77,2365393.0,1012987933.00
20090515,1.77,1.78,1.76,1.77,1982046.0,848495283.00
20090518,1.76,1.78,1.74,1.78,1804491.0,769386402.00
20090519,1.79,1.81,1.78,1.79,1987699.0,861885895.00
20090520,1.79,1.79,1.77,1.77,1209182.0,521193756.00
20090521,1.75,1.77,1.74,1.75,1783702.0,757567839.00
20090522,1.74,1.76,1.74,1.76,1548487.0,655700047.00
20090526,1.76,1.76,1.74,1.75,1744579.0,738633103.00
20090527,1.75,1.79,1.75,1.79,3226113.0,1383972468.00
20090601,1.81,1.86,1.81,1.86,4646763.0,2072378435.00
20090602,1.87,1.89,1.84,1.86,3222870.0,1458716570.00
20090603,1.86,1.93,1.85,1.93,3903229.0,1798320491.00
20090604,1.93,1.96,1.90,1.91,4041082.0,1820903166.00
20090605,1.93,1.96,1.90,1.91,2552686.0,1153080013.00
20090608,1.91,2.02,1.89,1.98,4412485.0,2032472408.00
20090609,1.98,2.05,1.96,2.01,4423488.0,2073686572.00
20090610,2.01,2.04,1.99,2.01,2269475.0,1069302051.00
20090611,2.01,2.06,2.00,2.05,3058806.0,1455348185.00
20090612,2.04,2.06,1.98,2.00,2481854.0,1177318807.00
20090615,2.00,2.12,1.98,2.11,3899820.0,1875180520.00
20090616,2.08,2.11,2.06,2.08,2564902.0,1254679820.00
20090617,2.07,2.11,2.04,2.11,1858075.0,902288348.00
20090618,2.11,2.20,2.10,2.17,3948727.0,1997121482.00
20090619,2.17,2.23,2.14,2.22,3721500.0,1917625529.00
20090622,2.23,2.31,2.23,2.29,3767330.0,2005732619.00
20090623,2.25,2.46,2.23,2.31,5795711.0,3156399745.00
20090624,2.31,2.33,2.26,2.29,2834483.0,1517638093.00
20090625,2.29,2.35,2.27,2.32,2105400.0,1142432251.00
20090626,2.34,2.38,2.33,2.37,2232111.0,1234719492.00
20090629,2.37,2.40,2.35,2.37,1928592.0,1071560358.00
20090630,2.37,2.39,2.31,2.31,2005090.0,1098479827.00
20090701,2.31,2.36,2.26,2.34,3219432.0,1746411651.00
20090702,2.34,2.41,2.33,2.35,2962005.0,1639792173.00
20090703,2.33,2.36,2.32,2.34,2169943.0,1189954445.00
20090706,2.34,2.37,2.32,2.37,3187568.0,1749717922.00
20090707,2.37,2.37,2.31,2.32,3116823.0,1700465820.00
20090708,2.29,2.29,2.19,2.26,5086051.0,2668095595.00
20090709,2.23,2.26,2.20,2.25,2657343.0,1388149297.00
20090710,2.25,2.26,2.22,2.24,2092076.0,1095990401.00
20090713,2.23,2.23,2.20,2.20,2393138.0,1241232611.00
20090714,2.22,2.24,2.21,2.24,2814982.0,1469828411.00
20090715,2.25,2.27,2.23,2.25,3534552.0,1857952865.00
20090716,2.26,2.29,2.23,2.27,3740847.0,1984088721.00
20090717,2.27,2.28,2.21,2.24,3256009.0,1703607676.00
20090720,2.25,2.26,2.22,2.25,3202707.0,1677453304.00
20090721,2.26,2.26,2.20,2.21,3637920.0,1900367605.00
20090722,2.21,2.24,2.20,2.23,2765943.0,1435833274.00
20090723,2.23,2.26,2.20,2.25,4592671.0,2405261716.00
20090724,2.26,2.26,2.21,2.23,4244520.0,2219147976.00
20090727,2.23,2.26,2.23,2.26,4546580.0,2397944884.00
20090728,2.27,2.27,2.23,2.27,3743801.0,1975233622.00
20090729,2.26,2.32,2.14,2.21,6674442.0,3544481005.00
20090730,2.23,2.31,2.21,2.28,5848626.0,3099112128.00
20090731,2.31,2.33,2.29,2.32,5138167.0,2778591055.00
20090803,2.32,2.32,2.29,2.31,3813867.0,2051365126.00
20090804,2.31,2.31,2.24,2.26,4152076.0,2201286013.00
20090805,2.26,2.27,2.22,2.23,4091375.0,2138384549.00
20090806,2.22,2.24,2.17,2.21,3401290.0,1751472881.00
20090807,2.21,2.22,2.17,2.17,2308741.0,1185802466.00
20090810,2.19,2.20,2.14,2.17,2356331.0,1197034084.00
20090811,2.17,2.19,2.16,2.18,1639239.0,833892448.00
20090812,2.17,2.18,2.08,2.09,3291768.0,1636862589.00
20090813,2.10,2.14,2.05,2.13,3781377.0,1854534238.00
20090814,2.11,2.13,2.06,2.06,2366106.0,1156339341.00
20090817,2.04,2.07,1.99,2.00,2871741.0,1361843453.00
20090818,1.99,2.04,1.97,2.03,2028232.0,954619985.00
20090819,2.03,2.05,1.95,1.96,2140707.0,1006870617.00
20090820,1.97,2.03,1.97,2.03,2140201.0,1003037125.00
20090821,2.04,2.09,2.03,2.08,2976023.0,1441831890.00
20090824,2.08,2.09,2.05,2.07,1659068.0,802227597.00
20090825,2.06,2.06,1.97,2.01,1774213.0,833460683.00
20090826,2.00,2.04,1.99,2.02,1525853.0,722186334.00
20090827,2.02,2.04,1.99,2.01,1323586.0,623677353.00
20090828,2.00,2.02,1.97,1.98,1451425.0,673409489.00
20090831,1.95,1.96,1.90,1.91,1939683.0,873774477.00
20090901,1.90,1.96,1.90,1.95,1514803.0,689018000.00
20090903,1.99,2.04,1.97,2.03,2649400.0,1247809755.00
20090904,2.01,2.07,2.01,2.05,1864587.0,892290341.00
20090907,2.08,2.09,2.04,2.05,1585952.0,765971827.00
20090908,2.05,2.10,2.03,2.09,2517776.0,1221426911.00
20090909,2.09,2.13,2.05,2.08,2136584.0,1042442128.00
20090910,2.08,2.11,2.06,2.09,1424558.0,699031043.00
20090911,2.09,2.20,2.08,2.17,2832849.0,1423727251.00
20090914,2.17,2.18,2.14,2.17,1437124.0,726553597.00
20090915,2.17,2.17,2.14,2.15,1355039.0,681660691.00
20090916,2.14,2.14,2.09,2.12,1653189.0,819481217.00
20090917,2.16,2.20,2.16,2.18,2533032.0,1291242653.00
20090918,2.18,2.18,2.11,2.14,1950774.0,978963672.00
20090921,2.11,2.13,2.08,2.12,1376281.0,676989424.00
20090922,2.11,2.13,2.09,2.11,1322222.0,652752949.00
20090923,2.11,2.12,2.07,2.10,1237167.0,606464930.00
20090924,2.09,2.13,2.07,2.11,1895261.0,929887399.00
20090925,2.09,2.11,2.07,2.09,1192452.0,582946192.00
20090928,2.09,2.10,2.01,2.02,983119.0,473506122.00
20090929,2.02,2.04,1.99,2.02,1116170.0,526885443.00
20090930,2.04,2.05,2.01,2.04,1325749.0,629569407.00
20091009,2.09,2.12,2.06,2.11,2241764.0,1096699730.00
20091012,2.14,2.17,2.11,2.12,1932403.0,972215175.00
20091013,2.11,2.14,2.10,2.13,969333.0,482989942.00
20091014,2.14,2.16,2.13,2.14,1624188.0,815097322.00
20091015,2.16,2.17,2.14,2.14,1167169.0,588484745.00
20091016,2.14,2.15,2.09,2.11,1277110.0,632042806.00
20091019,2.11,2.14,2.10,2.14,1532723.0,763197518.00
20091020,2.16,2.19,2.15,2.18,2576197.0,1308857469.00
20091021,2.18,2.21,2.17,2.20,2364986.0,1214266217.00
20091022,2.19,2.20,2.17,2.18,942789.0,481747276.00
20091023,2.19,2.23,2.19,2.22,2362603.0,1223803886.00
20091026,2.23,2.25,2.21,2.23,1372869.0,715458999.00
20091027,2.22,2.22,2.17,2.17,1584261.0,814316717.00
20091028,2.17,2.18,2.13,2.16,1244682.0,627598965.00
20091029,2.13,2.14,2.10,2.11,1281091.0,635945821.00
20091030,2.15,2.19,2.13,2.16,1550067.0,783912078.00
20091102,2.12,2.24,2.11,2.22,3164626.0,1628008746.00
20091103,2.23,2.24,2.21,2.22,1449001.0,754700664.00
20091104,2.22,2.24,2.20,2.22,1518070.0,790010759.00
20091105,2.22,2.27,2.22,2.25,2347210.0,1237654769.00
20091106,2.26,2.27,2.23,2.24,1529400.0,805175660.00
20091109,2.24,2.26,2.22,2.25,1333594.0,700264353.00
20091110,2.28,2.29,2.27,2.28,2169865.0,1160489245.00
20091111,2.28,2.29,2.24,2.29,1423386.0,757528532.00
20091112,2.28,2.29,2.26,2.27,1576605.0,839136660.00
20091113,2.26,2.28,2.24,2.28,1296461.0,686588932.00
20091116,2.29,2.34,2.28,2.34,2451641.0,1329023516.00
20091117,2.34,2.40,2.34,2.35,2360763.0,1310261520.00
20091118,2.36,2.40,2.34,2.38,1637053.0,910440142.00
20091119,2.38,2.39,2.34,2.37,1678867.0,930456496.00
20091120,2.35,2.36,2.33,2.34,1923330.0,1053734435.00
20091123,2.34,2.35,2.31,2.34,1645105.0,897033503.00
20091124,2.35,2.36,2.26,2.27,2410374.0,1310285947.00
20091125,2.27,2.29,2.22,2.28,2581088.0,1361034547.00
20091126,2.28,2.29,2.20,2.21,2790100.0,1463583767.00
20091130,2.18,2.23,2.18,2.23,2189594.0,1131547672.00
20091201,2.22,2.25,2.21,2.25,1618645.0,844329235.00
20091202,2.27,2.30,2.26,2.28,1973703.0,1051815066.00
20091203,2.27,2.28,2.22,2.25,1641169.0,862804561.00
20091204,2.24,2.31,2.22,2.31,3688801.0,1972598434.00
20091207,2.31,2.32,2.29,2.30,1638570.0,882595940.00
20091208,2.30,2.30,2.24,2.26,1340611.0,711350745.00
20091209,2.24,2.26,2.22,2.23,860313.0,450637161.00
20091210,2.24,2.26,2.22,2.24,1006965.0,526955066.00
20091211,2.24,2.26,2.23,2.23,698054.0,366073099.00
20091214,2.23,2.29,2.19,2.27,2169241.0,1138052421.00
20091215,2.26,2.27,2.24,2.25,1042679.0,551298851.00
20091216,2.24,2.27,2.23,2.23,1093547.0,574997832.00
20091217,2.24,2.26,2.20,2.21,995378.0,517252011.00
20091218,2.20,2.23,2.17,2.19,1230140.0,633650976.00
20091221,2.18,2.21,2.17,2.20,931130.0,477177480.00
20091222,2.20,2.20,2.14,2.17,917507.0,466281800.00
20091223,2.17,2.17,2.13,2.17,789637.0,398710636.00
20091224,2.17,2.21,2.15,2.20,962840.0,492816467.00
20091225,2.20,2.21,2.19,2.20,597371.0,307356273.00
20091228,2.20,2.24,2.20,2.23,1089459.0,567796882.00
20091229,2.23,2.26,2.22,2.26,1110835.0,583810495.00
20091230,2.25,2.31,2.24,2.30,3588419.0,1924411679.00
20091231,2.30,2.33,2.29,2.32,2202304.0,1196542324.00
20100104,2.32,2.35,2.29,2.29,1663461.0,904593979.00
20100105,2.30,2.33,2.27,2.31,1433901.0,772546417.00
20100106,2.31,2.31,2.28,2.28,1027305.0,550835963.00
20100107,2.28,2.29,2.22,2.23,1579802.0,833977740.00
20100108,2.22,2.24,2.21,2.23,991992.0,516282349.00
20100111,2.36,2.37,2.24,2.26,2357219.0,1273893529.00
20100112,2.26,2.29,2.23,2.28,1686436.0,890835739.00
20100113,2.22,2.24,2.14,2.17,3939526.0,2020445230.00
20100114,2.19,2.20,2.15,2.17,1760603.0,894015250.00
20100115,2.18,2.19,2.16,2.17,1430888.0,726721090.00
20100118,2.16,2.17,2.14,2.17,1862603.0,939760692.00
20100119,2.17,2.19,2.16,2.16,1667944.0,848102803.00
20100120,2.17,2.18,2.10,2.11,2257949.0,1130087202.00
20100121,2.14,2.15,2.12,2.14,2051419.0,1026393912.00
20100122,2.13,2.20,2.11,2.17,3400876.0,1713807313.00
20100125,2.14,2.20,2.14,2.15,1473741.0,747377192.00
20100126,2.15,2.16,2.12,2.13,1590918.0,794795243.00
20100127,2.14,2.14,2.07,2.09,1508845.0,742756332.00
20100128,2.08,2.10,2.05,2.08,1209443.0,589244527.00
20100129,2.07,2.09,2.06,2.07,981248.0,477027662.00
20100201,2.07,2.07,2.03,2.05,1055208.0,506044812.00
20100202,2.05,2.08,2.04,2.05,1067665.0,515763851.00
20100203,2.05,2.11,2.04,2.10,1955951.0,951851943.00
20100204,2.08,2.10,2.08,2.08,765748.0,374262512.00
20100205,2.05,2.06,2.05,2.06,1140363.0,548363634.00
20100208,2.05,2.06,2.04,2.05,483882.0,232385232.00
20100209,2.05,2.07,2.05,2.06,486801.0,234305846.00
20100210,2.07,2.08,2.06,2.08,512328.0,248427149.00
20100211,2.08,2.08,2.07,2.08,382287.0,185747459.00
20100212,2.08,2.10,2.08,2.10,677157.0,331776966.00
20100222,2.09,2.10,2.08,2.08,484807.0,237251589.00
20100223,2.09,2.09,2.05,2.06,662130.0,319386895.00
20100224,2.05,2.07,2.05,2.06,1397282.0,672756103.00
20100225,2.07,2.09,2.06,2.08,1809503.0,881760719.00
20100226,2.08,2.09,2.07,2.08,775369.0,377512897.00
20100301,2.08,2.10,2.08,2.10,1284034.0,628611624.00
20100302,2.10,2.11,2.09,2.10,959494.0,471230571.00
20100303,2.10,2.11,2.09,2.11,783463.0,384525935.00
20100304,2.10,2.11,2.06,2.07,855723.0,417085218.00
20100305,2.08,2.08,2.06,2.07,564537.0,273871372.00
20100308,2.08,2.08,2.06,2.08,545685.0,264954942.00
20100309,2.07,2.11,2.06,2.10,1225181.0,600686287.00
20100310,2.09,2.12,2.08,2.08,762883.0,374479394.00
20100311,2.09,2.12,2.08,2.09,1254169.0,616806412.00
20100312,2.09,2.11,2.07,2.08,784465.0,382842260.00
20100315,2.08,2.08,2.05,2.06,609749.0,294412798.00
20100316,2.06,2.08,2.05,2.06,895371.0,431687131.00
20100317,2.06,2.08,2.05,2.08,906007.0,439231310.00
20100318,2.08,2.08,2.07,2.08,853662.0,414986616.00
20100319,2.08,2.08,2.06,2.08,701841.0,339939486.00
20100322,2.08,2.09,2.07,2.08,991280.0,482808597.00
20100323,2.08,2.09,2.07,2.07,675650.0,328299802.00
20100324,2.08,2.10,2.08,2.08,848966.0,414505956.00
20100325,2.08,2.08,2.06,2.08,814306.0,394318863.00
20100326,2.08,2.11,2.07,2.09,1648042.0,807514582.00
20100329,2.11,2.16,2.09,2.14,2958739.0,1478974458.00
20100330,2.14,2.15,2.13,2.14,1120675.0,561118153.00
20100331,2.15,2.15,2.12,2.13,860448.0,429269064.00
20100401,2.13,2.15,2.13,2.14,913749.0,457807120.00
20100402,2.14,2.15,2.13,2.14,852424.0,426608828.00
20100406,2.14,2.16,2.13,2.14,1166403.0,585553286.00
20100407,2.14,2.14,2.12,2.13,931147.0,464345743.00
20100409,2.12,2.13,2.11,2.12,1175008.0,583652675.00
20100412,2.13,2.13,2.09,2.10,1442886.0,710869380.00
20100413,2.10,2.14,2.10,2.13,1623966.0,806018601.00
20100414,2.13,2.13,2.11,2.11,1009004.0,499285193.00
20100415,2.11,2.12,2.09,2.11,805350.0,397453472.00
20100416,2.11,2.11,2.09,2.09,801624.0,393426758.00
20100419,2.07,2.07,1.98,1.99,3034508.0,1436341410.00
20100420,2.00,2.00,1.96,1.97,1630044.0,753533289.00
20100421,1.98,1.99,1.96,1.99,1271764.0,588267660.00
20100422,1.98,1.98,1.93,1.96,2184517.0,993020309.00
20100423,1.94,1.96,1.93,1.94,1217685.0,553201712.00
20100426,1.95,1.95,1.93,1.93,806394.0,365416843.00
20100427,1.93,1.93,1.88,1.90,1499795.0,666878869.00
20100428,1.89,1.91,1.88,1.91,1251386.0,555295952.00
20100429,1.91,1.95,1.91,1.92,1147814.0,518800734.00
20100430,1.93,1.94,1.90,1.94,1456977.0,655610426.00
20100504,1.91,1.92,1.90,1.92,963744.0,431759855.00
20100505,1.90,1.93,1.88,1.92,875962.0,389864243.00
20100506,1.91,1.91,1.86,1.88,1231931.0,543953186.00
20100507,1.85,1.90,1.84,1.88,1194652.0,522469317.00
20100510,1.87,1.89,1.86,1.89,724077.0,318036637.00
20100511,1.91,1.92,1.88,1.89,1342016.0,595767583.00
20100512,1.88,1.97,1.86,1.95,2072004.0,935505202.00
20100513,1.93,1.98,1.93,1.96,1703632.0,782988391.00
20100514,1.95,1.95,1.92,1.93,835898.0,378284611.00
20100517,1.91,1.92,1.87,1.88,953705.0,422405226.00
20100519,1.89,1.91,1.87,1.88,1293591.0,571688316.00
20100520,1.88,1.91,1.88,1.88,806705.0,357347566.00
20100521,1.86,1.91,1.85,1.90,1082383.0,479009017.00
20100524,1.91,1.95,1.91,1.94,1347624.0,610106520.00
20100525,1.93,1.94,1.92,1.92,1116326.0,504150996.00
20100526,1.93,1.94,1.92,1.93,1300624.0,587667508.00
20100527,1.93,1.94,1.90,1.94,1091118.0,472066347.00
20100528,1.95,1.95,1.92,1.92,690128.0,300502645.00
20100531,1.92,1.93,1.89,1.89,893060.0,384460829.00
20100601,1.89,1.90,1.87,1.88,990815.0,419871948.00
20100602,1.87,1.88,1.85,1.87,822430.0,344483595.00
20100603,1.88,1.90,1.86,1.87,819319.0,346490054.00
20100604,1.86,1.87,1.86,1.87,332405.0,139837672.00
20100607,1.85,1.86,1.82,1.83,562338.0,232834351.00
20100608,1.83,1.84,1.81,1.82,463333.0,190296539.00
20100609,1.82,1.88,1.82,1.86,1175181.0,490366517.00
20100610,1.85,1.86,1.83,1.84,577172.0,239369618.00
20100611,1.84,1.86,1.84,1.85,518520.0,216661779.00
20100617,1.86,1.88,1.86,1.88,742556.0,312829137.00
20100618,1.87,1.90,1.85,1.85,974634.0,412058776.00
20100621,1.86,1.90,1.85,1.90,841255.0,357674408.00
20100622,1.90,1.90,1.88,1.90,422263.0,180353936.00
20100623,1.89,1.90,1.86,1.88,406637.0,172344463.00
20100624,1.88,1.90,1.87,1.90,470883.0,200625182.00
20100625,1.89,1.90,1.88,1.90,559428.0,238593391.00
20100628,1.90,1.90,1.88,1.89,480923.0,204807890.00
20100629,1.89,1.90,1.82,1.83,854864.0,357118812.00
20100630,1.82,1.83,1.78,1.80,849403.0,345194643.00
20100701,1.80,1.82,1.79,1.79,370008.0,150160573.00
20100702,1.80,1.81,1.78,1.80,849171.0,343801085.00
20100705,1.79,1.81,1.78,1.80,547445.0,221688151.00
20100706,1.80,1.85,1.79,1.84,1070260.0,440787246.00
20100707,1.84,1.84,1.82,1.83,443718.0,182633062.00
20100708,1.84,1.84,1.82,1.83,240397.0,99176113.00
20100709,1.83,1.88,1.82,1.86,757455.0,316428518.00
20100712,1.86,1.93,1.85,1.91,1342360.0,576872473.00
20100713,1.90,1.90,1.88,1.89,556423.0,237018739.00
20100714,1.89,1.91,1.86,1.89,658073.0,279849184.00
20100715,1.88,1.90,1.86,1.86,366201.0,155096520.00
20100716,1.85,1.86,1.83,1.84,308273.0,127848233.00
20100719,1.84,1.88,1.82,1.86,376036.0,157163848.00
20100720,1.87,1.90,1.86,1.88,543335.0,230734625.00
20100721,1.89,1.89,1.86,1.87,599110.0,253021583.00
20100722,1.87,1.90,1.86,1.89,698431.0,296688692.00
20100723,1.90,1.93,1.89,1.92,1619551.0,697799723.00
20100726,1.92,1.93,1.90,1.92,542223.0,233628415.00
20100727,1.91,1.91,1.90,1.90,478538.0,205406411.00
20100728,1.90,1.94,1.89,1.93,1173746.0,507686732.00
20100729,1.93,1.94,1.92,1.93,811806.0,353272352.00
20100730,1.93,1.93,1.91,1.91,500070.0,215759411.00
20100802,1.91,1.94,1.90,1.94,967857.0,420814172.00
20100803,1.93,1.94,1.90,1.91,891616.0,385272059.00
20100804,1.90,1.91,1.89,1.90,593283.0,253866619.00
20100805,1.90,1.90,1.86,1.88,699639.0,296635891.00
20100806,1.88,1.90,1.86,1.89,668223.0,282827063.00
20100809,1.89,1.90,1.87,1.88,454277.0,192419979.00
20100810,1.88,1.89,1.85,1.85,819326.0,344997139.00
20100811,1.85,1.86,1.84,1.86,455766.0,190044018.00
20100812,1.85,1.85,1.82,1.83,599694.0,248171654.00
20100813,1.83,1.84,1.82,1.83,942934.0,388253214.00
20100816,1.83,1.86,1.82,1.86,973551.0,403559490.00
20100817,1.86,1.86,1.84,1.85,1144123.0,476535127.00
20100818,1.85,1.88,1.83,1.84,1082159.0,451348425.00
20100819,1.85,1.86,1.84,1.86,1173339.0,488702109.00
20100820,1.85,1.86,1.84,1.85,1090547.0,453317090.00
20100823,1.84,1.85,1.83,1.85,859221.0,356744796.00
20100824,1.84,1.85,1.82,1.84,990812.0,410408092.00
20100825,1.83,1.83,1.81,1.81,1066927.0,437130651.00
20100826,1.82,1.83,1.82,1.83,854425.0,351658381.00
20100827,1.83,1.84,1.82,1.82,793905.0,327162281.00
20100830,1.83,1.84,1.82,1.83,1139338.0,470425787.00
20100831,1.82,1.82,1.81,1.81,881463.0,360430102.00
20100901,1.81,1.83,1.81,1.81,968418.0,397244592.00
20100902,1.82,1.83,1.81,1.82,579114.0,237223131.00
20100903,1.82,1.82,1.81,1.82,606950.0,247828666.00
20100906,1.82,1.84,1.82,1.84,1374777.0,566646339.00
20100907,1.84,1.85,1.82,1.83,867337.0,358174721.00
20100908,1.82,1.83,1.81,1.82,1103180.0,450967047.00
20100909,1.82,1.82,1.79,1.80,900279.0,365664427.00
20100910,1.80,1.82,1.79,1.81,755173.0,306515929.00
20100913,1.81,1.82,1.80,1.81,803278.0,326559014.00
20100914,1.81,1.82,1.79,1.79,703169.0,285490831.00
20100915,1.79,1.80,1.78,1.79,922253.0,371393204.00
20100916,1.79,1.79,1.75,1.76,986549.0,393575497.00
20100917,1.77,1.77,1.75,1.76,465895.0,184624458.00
20100920,1.76,1.78,1.76,1.76,529781.0,211023194.00
20100927,1.77,1.78,1.74,1.78,848864.0,336974852.00
20100928,1.76,1.78,1.76,1.78,886520.0,354177249.00
20100929,1.78,1.78,1.77,1.78,839928.0,336290825.00
20100930,1.77,1.80,1.77,1.79,720060.0,289612940.00
20101008,1.80,1.84,1.78,1.82,1248514.0,510309166.00
20101011,1.82,1.87,1.82,1.86,2535377.0,1056051981.00
20101012,1.86,1.87,1.84,1.86,1676156.0,700847122.00
20101013,1.86,1.89,1.85,1.88,1353993.0,568938401.00
20101014,1.88,1.95,1.88,1.94,3775414.0,1636985198.00
20101015,1.94,2.08,1.93,2.07,4306787.0,1960797222.00
20101018,2.08,2.12,2.04,2.07,2573341.0,1207857573.00
20101019,2.08,2.08,2.03,2.05,1688763.0,779197053.00
20101020,2.03,2.08,2.02,2.04,1853706.0,854448505.00
20101021,2.03,2.04,1.99,2.00,1385059.0,627989932.00
20101022,2.00,2.01,1.98,1.99,959066.0,430378910.00
20101025,1.99,2.01,1.96,2.01,1453343.0,650928294.00
20101026,2.01,2.01,1.96,1.97,1040762.0,465259596.00
20101027,1.97,2.00,1.96,1.97,1555103.0,691467648.00
20101028,1.97,1.98,1.94,1.98,1321995.0,583320940.00
20101029,1.97,1.97,1.93,1.93,1219844.0,535241500.00
20101101,1.94,1.97,1.93,1.97,1577149.0,693414649.00
20101102,1.97,1.99,1.94,1.97,1340392.0,592180713.00
20101103,1.97,2.05,1.94,2.03,4129338.0,1859022671.00
20101104,2.02,2.06,2.01,2.05,1850593.0,849442333.00
20101105,2.05,2.14,2.05,2.14,3673550.0,1740888984.00
20101108,2.13,2.14,2.11,2.13,1368009.0,655150865.00
20101109,2.12,2.15,2.07,2.12,1573750.0,745702333.00
20101110,2.10,2.12,2.04,2.10,2349694.0,1096615532.00
20101111,2.09,2.13,2.05,2.12,2315210.0,1086229489.00
20101112,2.09,2.09,2.02,2.08,2968949.0,1376677342.00
20101115,2.05,2.22,1.99,2.22,9062963.0,4295401908.00
20101124,2.00,2.06,2.00,2.00,5188320.0,2305585902.00
20101125,1.98,1.99,1.94,1.98,2040208.0,886396113.00
20101126,1.97,1.97,1.95,1.95,928300.0,402054227.00
20101129,1.94,1.95,1.93,1.94,803052.0,344641454.00
20101130,1.93,1.95,1.88,1.90,1140023.0,480960810.00
20101201,1.90,1.94,1.88,1.94,780249.0,330121823.00
20101202,1.95,1.99,1.94,1.97,1683387.0,734920063.00
20101203,1.97,1.97,1.94,1.96,374577.0,162038705.00
20101206,1.96,1.98,1.95,1.96,464359.0,201716048.00
20101207,1.96,1.97,1.93,1.95,476454.0,204447046.00
20101208,1.94,1.95,1.92,1.92,406481.0,173533837.00
20101209,1.92,1.94,1.90,1.90,518261.0,219646428.00
20101210,1.90,1.93,1.89,1.91,440150.0,185824457.00
20101213,1.91,1.94,1.90,1.93,745437.0,316546090.00
20101214,1.93,1.94,1.92,1.93,620696.0,265263093.00
20101215,1.94,1.94,1.91,1.91,708931.0,301656619.00
20101216,1.91,1.92,1.90,1.91,489143.0,206464292.00
20101217,1.91,1.92,1.90,1.91,436262.0,183677889.00
20101220,1.91,1.92,1.87,1.89,785989.0,328217602.00
20101221,1.89,1.92,1.88,1.90,1125842.0,473703652.00
20101222,1.90,1.91,1.88,1.89,826888.0,345631574.00
20101223,1.89,1.91,1.88,1.89,742789.0,311391949.00
20101224,1.88,1.90,1.87,1.89,544004.0,227069347.00
20101227,1.89,1.91,1.87,1.88,739648.0,309982277.00
20101228,1.87,1.89,1.84,1.84,571708.0,236515763.00
20101229,1.84,1.86,1.84,1.86,361357.0,148203882.00
20101230,1.86,1.93,1.83,1.92,2251040.0,946150925.00
20101231,1.90,1.93,1.89,1.92,1110645.0,467794086.00
20110104,1.92,1.92,1.89,1.92,492010.0,207611087.00
20110105,1.91,1.92,1.88,1.89,671859.0,282113467.00
20110106,1.89,1.90,1.88,1.88,575097.0,240061289.00
20110107,1.88,1.94,1.87,1.94,1913270.0,812543351.00
20110110,1.93,1.95,1.91,1.92,1128704.0,480637189.00
20110111,1.92,1.93,1.91,1.93,578816.0,246676189.00
20110112,1.93,1.94,1.92,1.94,584180.0,249964211.00
20110113,1.94,1.97,1.93,1.96,914221.0,394631946.00
20110114,1.95,1.97,1.94,1.97,735082.0,319137945.00
20110117,1.95,1.96,1.88,1.91,766309.0,323945825.00
20110118,1.90,1.93,1.89,1.93,524658.0,221088541.00
20110119,1.91,1.93,1.90,1.91,413521.0,174801519.00
20110120,1.91,1.91,1.88,1.88,398552.0,166664430.00
20110121,1.88,1.93,1.87,1.91,460510.0,194385245.00
20110124,1.91,1.92,1.89,1.89,316389.0,133111387.00
20110125,1.89,1.91,1.88,1.89,389916.0,163357705.00
20110126,1.89,1.90,1.89,1.90,278885.0,117116312.00
20110127,1.89,1.92,1.88,1.92,582138.0,244835963.00
20110128,1.91,1.92,1.90,1.90,296891.0,125149703.00
20110131,1.90,1.92,1.89,1.92,280383.0,118514064.00
20110201,1.92,1.93,1.91,1.93,323525.0,137800328.00
20110209,1.92,1.94,1.91,1.92,421395.0,179075985.00
20110210,1.91,1.93,1.91,1.93,293897.0,125022044.00
20110211,1.93,1.94,1.92,1.94,522810.0,223474123.00
20110214,1.94,1.98,1.93,1.97,1424756.0,619274419.00
20110215,1.97,1.99,1.96,1.96,1312318.0,571473187.00
20110216,1.96,1.97,1.95,1.96,1034240.0,447522250.00
20110217,1.96,1.97,1.95,1.96,605448.0,262590161.00
20110218,1.96,1.96,1.94,1.96,551072.0,238005813.00
20110221,1.94,1.95,1.93,1.94,552272.0,237050627.00
20110222,1.94,1.94,1.90,1.91,720574.0,305724695.00
20110223,1.91,1.92,1.90,1.91,461467.0,194978375.00
20110224,1.91,1.92,1.90,1.92,445654.0,187753323.00
20110225,1.92,1.94,1.91,1.93,557178.0,237541406.00
20110228,1.93,1.93,1.91,1.93,228246.0,97078011.00
20110301,1.93,1.94,1.91,1.93,376362.0,160428765.00
20110302,1.92,1.95,1.92,1.93,529130.0,225884957.00
20110303,1.93,1.99,1.93,1.94,2260245.0,979734298.00
20110304,1.95,1.98,1.94,1.97,944342.0,408392695.00
20110307,1.97,1.99,1.97,1.99,1095164.0,480518817.00
20110308,1.99,2.00,1.98,1.99,753681.0,331720172.00
20110309,2.00,2.01,1.99,2.00,609395.0,269740681.00
20110310,1.99,2.00,1.97,1.97,736027.0,322545951.00
20110311,1.97,1.98,1.94,1.94,559843.0,242418343.00
20110314,1.94,1.95,1.93,1.94,452376.0,194284606.00
20110315,1.93,1.94,1.90,1.93,777960.0,330019726.00
20110316,1.93,1.95,1.93,1.95,427483.0,183157967.00
20110317,1.94,1.95,1.93,1.93,459686.0,196934533.00
20110318,1.93,1.96,1.90,1.93,569096.0,244134615.00
20110321,1.93,1.97,1.93,1.96,639116.0,275293046.00
20110322,1.96,1.98,1.95,1.97,734019.0,319789452.00
20110323,1.97,2.00,1.97,1.99,808750.0,355809211.00
20110324,1.99,2.00,1.97,1.99,830523.0,366882041.00
20110325,2.00,2.03,1.99,2.02,1006081.0,449025835.00
20110328,2.02,2.05,2.02,2.03,1036246.0,466866343.00
20110329,2.03,2.06,2.03,2.04,1083537.0,491231426.00
20110330,2.04,2.06,2.03,2.04,910302.0,413038541.00
20110331,2.04,2.05,2.02,2.02,736416.0,331185446.00
20110401,2.03,2.04,2.01,2.03,553094.0,248482623.00
20110406,2.04,2.09,2.04,2.07,838199.0,384393957.00
20110407,2.07,2.08,2.05,2.07,517486.0,236022791.00
20110408,2.07,2.07,2.05,2.06,275443.0,125348587.00
20110411,2.06,2.09,2.05,2.07,766535.0,352086155.00
20110412,2.07,2.09,2.07,2.08,687239.0,316124287.00
20110413,2.07,2.09,2.06,2.09,507144.0,232646923.00
20110414,2.09,2.10,2.08,2.09,614145.0,284015818.00
20110415,2.08,2.12,2.08,2.12,1044117.0,488174613.00
20110418,2.12,2.12,2.11,2.11,398569.0,186304985.00
20110419,2.10,2.11,2.06,2.06,554026.0,254437390.00
20110420,2.07,2.08,2.05,2.06,499035.0,228394062.00
20110421,2.07,2.08,2.06,2.07,349209.0,159960052.00
20110422,2.07,2.07,2.05,2.05,266396.0,121235141.00
20110425,2.04,2.06,2.02,2.03,426080.0,191812271.00
20110426,2.03,2.06,2.02,2.03,464345.0,209697766.00
20110427,2.04,2.06,2.04,2.05,522200.0,237211429.00
20110428,2.06,2.11,2.05,2.07,813735.0,375234258.00
20110429,2.08,2.08,2.04,2.06,362741.0,165209964.00
20110503,2.07,2.07,2.05,2.07,280906.0,127885323.00
20110504,2.05,2.07,2.04,2.05,567899.0,258903355.00
20110505,2.04,2.09,2.03,2.08,796713.0,365212369.00
20110506,2.07,2.10,2.06,2.07,518966.0,239376547.00
20110509,2.07,2.08,2.06,2.07,229403.0,104909201.00
20110510,2.07,2.07,2.06,2.07,222122.0,101607246.00
20110511,2.07,2.07,2.05,2.05,332417.0,151270504.00
20110512,2.05,2.06,2.03,2.03,364338.0,164410033.00
20110513,2.03,2.08,2.03,2.07,536053.0,243930724.00
20110516,2.06,2.08,2.03,2.04,516175.0,234003268.00
20110517,2.04,2.05,2.02,2.03,380758.0,171208203.00
20110518,2.04,2.08,2.03,2.06,364789.0,166137051.00
20110519,2.07,2.08,2.06,2.07,252519.0,115598964.00
20110520,2.07,2.08,2.05,2.05,318386.0,145631845.00
20110523,2.05,2.06,2.00,2.02,619936.0,278059229.00
20110524,2.02,2.03,2.00,2.01,543574.0,242180130.00
20110525,2.00,2.01,1.96,1.97,408798.0,179156292.00
20110526,1.98,2.00,1.97,1.99,334353.0,147305772.00
20110527,2.00,2.01,1.98,1.98,572084.0,252550053.00
20110530,1.98,2.07,1.98,2.06,1561204.0,706711568.00
20110601,2.05,2.05,2.01,2.02,697317.0,313236684.00
20110602,2.02,2.05,1.96,2.01,1065416.0,470413278.00
20110603,1.99,2.00,1.97,1.99,598077.0,262790744.00
20110607,1.98,2.01,1.98,2.00,555850.0,245953013.00
20110608,2.00,2.01,1.97,2.00,438818.0,193090083.00
20110609,1.99,2.00,1.97,1.97,683096.0,300208561.00
20110610,1.98,2.01,1.97,2.00,546835.0,241657287.00
20110613,1.99,2.06,1.98,2.04,694595.0,311928947.00
20110614,2.04,2.05,2.01,2.01,1413391.0,633455998.00
20110615,2.02,2.02,2.00,2.01,598225.0,255673723.00
20110616,2.01,2.03,2.00,2.02,410834.0,175725363.00
20110617,2.01,2.04,2.00,2.02,779249.0,335722130.00
20110620,2.02,2.03,2.00,2.01,390656.0,166774733.00
20110621,2.01,2.03,2.00,2.03,450809.0,193605409.00
20110622,2.03,2.04,2.01,2.04,649723.0,280328165.00
20110623,2.03,2.06,2.03,2.06,651562.0,283637457.00
20110624,2.06,2.11,2.05,2.11,823821.0,365806116.00
20110627,2.11,2.12,2.10,2.11,671987.0,300592175.00
20110628,2.11,2.12,2.10,2.12,503915.0,225883957.00
20110629,2.11,2.11,2.09,2.10,626214.0,279123033.00
20110630,2.10,2.12,2.09,2.10,509434.0,227564982.00
20110701,2.11,2.11,2.05,2.06,571807.0,251296347.00
20110704,2.07,2.08,2.06,2.08,462636.0,203282750.00
20110705,2.08,2.10,2.07,2.08,372994.0,164535911.00
20110706,2.08,2.08,2.03,2.06,696256.0,302222444.00
20110707,2.06,2.08,2.03,2.03,629822.0,273420870.00
20110708,2.03,2.05,2.03,2.04,606697.0,262823839.00
20110711,2.04,2.04,2.03,2.04,325089.0,140630668.00
20110712,2.03,2.03,2.02,2.02,379129.0,162786477.00
20110713,2.02,2.05,2.02,2.04,421700.0,182586664.00
20110714,2.04,2.07,2.03,2.06,598308.0,261025060.00
20110715,2.06,2.08,2.04,2.07,297065.0,130221945.00
20110718,2.07,2.07,2.05,2.05,166880.0,72907643.00
20110719,2.05,2.07,2.04,2.05,395478.0,172770589.00
20110720,2.06,2.07,2.05,2.06,458984.0,201033352.00
20110721,2.07,2.07,2.04,2.06,260199.0,113580555.00
20110722,2.05,2.06,2.04,2.05,244960.0,106620671.00
20110725,2.03,2.04,2.02,2.02,263394.0,113431201.00
20110726,2.02,2.03,2.01,2.02,182765.0,78461667.00
20110727,2.01,2.03,2.00,2.02,429831.0,183557168.00
20110728,2.00,2.01,1.98,1.98,358341.0,151246380.00
20110729,1.99,2.02,1.97,2.00,425384.0,180370106.00
20110801,2.00,2.02,1.99,2.00,199073.0,84517058.00
20110802,1.99,1.99,1.97,1.98,244128.0,102482438.00
20110803,1.97,1.98,1.96,1.97,335792.0,140305723.00
20110804,1.97,1.98,1.95,1.96,325726.0,135822195.00
20110805,1.94,1.95,1.92,1.94,688867.0,282486432.00
20110808,1.93,1.94,1.88,1.90,803870.0,325734766.00
20110809,1.88,1.94,1.86,1.93,809501.0,324950643.00
20110810,1.96,1.99,1.94,1.95,754576.0,314979732.00
20110811,1.94,1.97,1.93,1.96,306951.0,127298438.00
20110812,1.97,1.97,1.94,1.95,269729.0,111748936.00
20110815,1.95,1.98,1.93,1.97,653828.0,270918506.00
20110816,1.96,1.98,1.95,1.96,306953.0,128069013.00
20110817,1.96,1.97,1.95,1.97,172908.0,72274641.00
20110818,1.97,1.98,1.96,1.97,330854.0,138422801.00
20110819,1.95,1.95,1.94,1.95,360008.0,148902102.00
20110822,1.95,1.95,1.92,1.92,176776.0,72500604.00
20110823,1.93,1.94,1.92,1.94,208509.0,85425374.00
20110824,1.94,1.94,1.92,1.92,218181.0,89261296.00
20110825,1.92,1.98,1.92,1.97,736986.0,305451609.00
20110826,1.96,1.96,1.95,1.96,420438.0,174497407.00
20110829,1.95,1.95,1.92,1.92,494487.0,202557607.00
20110830,1.94,1.96,1.93,1.93,416785.0,172066345.00
20110831,1.94,1.96,1.93,1.95,233944.0,96415119.00
20110901,1.95,1.95,1.93,1.95,179950.0,74313018.00
20110902,1.95,1.95,1.93,1.93,150325.0,61806601.00
20110905,1.93,1.93,1.91,1.92,290397.0,118467182.00
20110906,1.91,1.93,1.91,1.92,257650.0,104910336.00
20110907,1.92,1.95,1.92,1.94,235353.0,96765075.00
20110908,1.94,1.97,1.93,1.95,517071.0,214741142.00
20110909,1.96,1.97,1.95,1.97,306563.0,127893080.00
20110913,1.95,1.95,1.94,1.95,218318.0,90345091.00
20110914,1.95,1.96,1.91,1.93,342880.0,140662035.00
20110915,1.93,1.94,1.92,1.92,196225.0,80272103.00
20110916,1.94,1.94,1.91,1.93,301328.0,123262016.00
20110919,1.92,1.92,1.91,1.92,177763.0,72330188.00
20110920,1.91,1.93,1.91,1.92,181104.0,73782228.00
20110921,1.93,1.95,1.91,1.94,357911.0,147043179.00
20110922,1.93,1.94,1.87,1.88,438326.0,177611755.00
20110923,1.88,1.92,1.87,1.89,583262.0,233939000.00
20110926,1.87,1.89,1.86,1.86,376574.0,149636901.00
20110927,1.87,1.89,1.87,1.88,305745.0,122248226.00
20110928,1.89,1.90,1.87,1.88,162645.0,65034282.00
20110929,1.88,1.89,1.87,1.87,280143.0,111827643.00
20110930,1.87,1.88,1.86,1.87,253957.0,101025230.00
20111010,1.87,1.88,1.86,1.88,376871.0,149559369.00
20111011,1.95,1.96,1.89,1.91,681415.0,277602640.00
20111012,1.89,1.95,1.89,1.94,906376.0,371839978.00
20111013,1.93,1.95,1.91,1.95,523128.0,213901745.00
20111014,1.93,1.95,1.92,1.95,375914.0,154736291.00
20111017,1.95,1.96,1.94,1.95,305218.0,126548163.00
20111018,1.95,1.96,1.94,1.96,543379.0,225274684.00
20111019,1.96,1.98,1.96,1.97,423894.0,177427238.00
20111020,1.96,1.97,1.95,1.96,438648.0,182691262.00
20111021,1.96,1.97,1.95,1.95,280460.0,116737973.00
20111024,1.95,1.98,1.95,1.97,249664.0,104478241.00
20111025,1.97,2.01,1.96,2.00,550404.0,232110757.00
20111026,1.99,2.02,1.99,2.01,416321.0,177837615.00
20111027,2.02,2.03,2.00,2.03,428412.0,184148521.00
20111028,2.04,2.07,2.01,2.03,601754.0,260273694.00
20111031,2.02,2.05,2.02,2.03,345987.0,149682610.00
20111101,2.03,2.05,2.02,2.03,287057.0,123792443.00
20111102,2.01,2.04,2.01,2.03,366500.0,157824038.00
20111103,2.04,2.05,2.03,2.03,342395.0,148365020.00
20111104,2.05,2.06,2.03,2.04,308822.0,134530221.00
20111107,2.03,2.05,2.03,2.03,218718.0,94695298.00
20111108,2.03,2.05,2.03,2.04,335824.0,145678078.00
20111109,2.05,2.06,2.04,2.05,264249.0,115078429.00
20111110,2.03,2.03,1.99,2.00,1058764.0,453059053.00
20111111,2.00,2.04,2.00,2.02,692194.0,297220367.00
20111114,2.03,2.05,2.02,2.05,270034.0,117220988.00
20111115,2.04,2.05,2.03,2.03,281789.0,121966679.00
20111116,2.03,2.03,2.01,2.02,425468.0,182105898.00
20111117,2.02,2.03,2.01,2.03,284935.0,122483078.00
20111118,2.02,2.03,2.01,2.03,293708.0,125934829.00
20111121,2.03,2.03,2.00,2.00,171082.0,72898210.00
20111122,2.00,2.01,1.99,1.99,118895.0,50344346.00
20111123,1.99,2.00,1.98,2.00,239974.0,101194583.00
20111124,1.99,2.02,1.99,2.02,213679.0,91108288.00
20111125,2.01,2.02,1.98,1.99,153677.0,64909546.00
20111128,1.98,2.01,1.98,1.99,170559.0,72349260.00
20111130,2.00,2.00,1.97,1.97,452920.0,190927283.00
20111201,2.00,2.03,1.99,2.02,437816.0,187261127.00
20111202,2.00,2.01,1.98,2.00,251656.0,106520381.00
20111205,2.01,2.02,1.99,2.02,523226.0,222617489.00
20111206,2.01,2.01,1.97,1.98,409826.0,172459400.00
20111207,1.98,1.98,1.95,1.96,436475.0,182026833.00
20111208,1.96,1.97,1.95,1.96,321584.0,133958537.00
20111209,1.95,1.97,1.95,1.96,254678.0,105948684.00
20111212,1.96,1.96,1.94,1.94,223066.0,92204908.00
20111213,1.94,1.96,1.94,1.95,321979.0,133124746.00
20111214,1.94,1.95,1.93,1.93,181092.0,74552650.00
20111215,1.93,1.95,1.93,1.94,494219.0,203393875.00
20111216,1.93,1.96,1.91,1.96,387115.0,159075714.00
20111219,1.95,1.97,1.91,1.96,575785.0,237184480.00
20111220,1.95,1.98,1.94,1.95,284552.0,118320837.00
20111221,1.96,1.97,1.94,1.95,290730.0,120869558.00
20111222,1.95,1.96,1.94,1.95,272216.0,112662533.00
20111223,1.96,1.97,1.95,1.96,165831.0,69088850.00
20111226,1.95,1.97,1.94,1.96,237801.0,98650653.00
20111227,1.96,1.97,1.95,1.96,201406.0,84042579.00
20111228,1.96,1.98,1.94,1.97,466450.0,193904139.00
20111229,1.96,1.99,1.95,1.98,454234.0,190577416.00
20111230,1.98,2.00,1.97,2.00,477055.0,201713549.00
20120104,2.00,2.00,1.97,1.99,219008.0,92432767.00
20120105,1.97,2.03,1.97,2.00,451261.0,192553061.00
20120106,2.01,2.04,2.01,2.02,461076.0,198133701.00
20120109,2.03,2.04,2.01,2.03,572680.0,246448499.00
20120110,2.02,2.06,2.02,2.05,844379.0,365343679.00
20120111,2.05,2.06,2.03,2.05,561239.0,243353785.00
20120112,2.04,2.05,2.03,2.04,301558.0,130739689.00
20120113,2.04,2.06,2.03,2.04,494594.0,214747744.00
20120116,2.04,2.04,2.03,2.03,228900.0,98830378.00
20120117,2.03,2.06,2.02,2.05,533520.0,230771259.00
20120118,2.05,2.05,2.03,2.03,593371.0,256569952.00
20120119,2.03,2.06,2.03,2.05,959017.0,417484465.00
20120120,2.05,2.06,2.04,2.05,652926.0,284523271.00
20120130,2.06,2.07,2.01,2.01,643337.0,279208847.00
20120131,2.02,2.03,2.02,2.03,239891.0,102990209.00
20120201,2.03,2.03,2.01,2.02,201042.0,86266461.00
20120202,2.02,2.08,2.01,2.06,781458.0,340225709.00
20120203,2.06,2.09,2.04,2.08,728005.0,320007289.00
20120206,2.08,2.09,2.07,2.08,499244.0,220200451.00
20120207,2.07,2.08,2.03,2.04,374354.0,162782712.00
20120208,2.04,2.08,2.04,2.08,512489.0,224270986.00
20120209,2.07,2.09,2.05,2.08,834304.0,367809443.00
20120210,2.07,2.09,2.06,2.07,527929.0,232687170.00
20120213,2.06,2.07,2.05,2.06,439432.0,192106070.00
20120214,2.05,2.06,2.03,2.05,629225.0,272942577.00
20120215,2.05,2.07,2.04,2.06,632672.0,276119088.00
20120216,2.06,2.09,2.04,2.07,1029404.0,452172892.00
20120217,2.07,2.08,2.05,2.07,338492.0,148612268.00
20120220,2.08,2.08,2.07,2.07,426763.0,188115001.00
20120221,2.07,2.11,2.07,2.10,615058.0,272759538.00
20120222,2.10,2.10,2.07,2.09,724160.0,320054261.00
20120224,2.09,2.10,2.07,2.09,830382.0,366679951.00
20120227,2.09,2.10,2.08,2.09,816280.0,361904471.00
20120228,2.08,2.11,2.08,2.10,696644.0,309982844.00
20120229,2.10,2.10,2.08,2.09,644464.0,285582699.00
20120301,2.09,2.09,2.07,2.08,359025.0,158769753.00
20120302,2.08,2.09,2.08,2.09,609173.0,269155913.00
20120305,2.09,2.09,2.05,2.06,649957.0,285826606.00
20120306,2.06,2.06,2.04,2.04,507609.0,220957906.00
20120307,2.04,2.05,2.03,2.03,617593.0,267002764.00
20120308,2.04,2.04,2.03,2.04,515754.0,223115522.00
20120309,2.04,2.05,2.03,2.04,331954.0,143711553.00
20120312,2.03,2.04,2.03,2.04,436621.0,188268309.00
20120313,2.03,2.05,2.03,2.04,376574.0,163511645.00
20120314,2.05,2.07,2.03,2.03,805637.0,350335742.00
20120315,2.03,2.09,2.03,2.03,990798.0,432788041.00
20120316,2.05,2.05,2.03,2.03,427480.0,185201773.00
20120319,2.03,2.04,2.03,2.03,391086.0,168915878.00
20120320,2.03,2.04,2.03,2.03,258732.0,111670974.00
20120321,2.04,2.05,2.03,2.03,502103.0,217368872.00
20120322,2.03,2.04,2.03,2.04,161597.0,69813545.00
20120323,2.04,2.05,2.03,2.03,382009.0,165304103.00
20120326,2.03,2.04,2.03,2.03,206049.0,88915458.00
20120327,2.03,2.04,2.03,2.04,166552.0,71991919.00
20120328,2.04,2.05,2.03,2.03,440240.0,190928712.00
20120329,2.03,2.03,2.01,2.02,459219.0,197288026.00
20120330,2.03,2.04,2.02,2.04,380339.0,163907989.00
20120405,2.03,2.03,2.01,2.03,827887.0,354221118.00
20120406,2.02,2.03,2.02,2.02,421456.0,180666536.00
20120409,2.02,2.02,2.01,2.02,200373.0,85691431.00
20120410,2.02,2.03,2.01,2.02,272689.0,116893777.00
20120411,2.02,2.03,2.02,2.02,320736.0,137729933.00
20120412,2.02,2.05,2.01,2.05,545669.0,234907240.00
20120413,2.04,2.06,2.03,2.05,424952.0,184923763.00
20120416,2.04,2.06,2.04,2.05,179895.0,78408240.00
20120417,2.05,2.05,2.03,2.04,457884.0,199154207.00
20120418,2.05,2.06,2.04,2.06,467573.0,204060176.00
20120419,2.06,2.06,2.05,2.05,299947.0,130636109.00
20120420,2.05,2.08,2.05,2.08,631816.0,276647856.00
20120423,2.08,2.08,2.06,2.07,438793.0,193050380.00
20120424,2.07,2.09,2.06,2.08,670637.0,295934320.00
20120425,2.07,2.08,2.06,2.08,426328.0,187475637.00
20120426,2.07,2.08,2.06,2.07,381864.0,167484471.00
20120427,2.07,2.07,2.05,2.06,539207.0,235622159.00
20120502,2.07,2.08,2.06,2.08,762118.0,335249556.00
20120503,2.07,2.08,2.04,2.05,660015.0,287985914.00
20120504,2.05,2.07,2.05,2.06,496516.0,217073671.00
20120507,2.07,2.09,2.06,2.08,969594.0,427790536.00
20120508,2.08,2.10,2.06,2.08,640423.0,282210906.00
20120509,2.07,2.09,2.06,2.06,454873.0,200121221.00
20120510,2.07,2.08,2.06,2.07,395066.0,173921682.00
20120511,2.06,2.08,2.05,2.05,337226.0,147682292.00
20120514,2.06,2.07,2.05,2.06,405366.0,177143149.00
20120515,2.05,2.06,2.03,2.04,339804.0,147366346.00
20120516,2.03,2.05,2.02,2.03,594077.0,256017086.00
20120517,2.03,2.04,2.02,2.04,294334.0,126882737.00
20120518,2.03,2.03,1.99,2.00,552898.0,234981791.00
20120521,2.00,2.00,1.98,1.99,391668.0,165231656.00
20120522,1.99,2.00,1.98,1.99,489898.0,206793356.00
20120523,1.99,1.99,1.96,1.97,408929.0,171658913.00
20120524,1.97,1.98,1.96,1.97,335210.0,140282600.00
20120525,1.97,1.98,1.96,1.97,214093.0,89499728.00
20120528,1.97,1.98,1.96,1.98,414656.0,173467958.00
20120529,1.98,1.99,1.97,1.99,388662.0,163137151.00
20120530,1.98,2.00,1.97,1.99,409548.0,172714843.00
20120601,1.98,2.00,1.97,2.00,480064.0,202763063.00
20120604,1.99,1.99,1.95,1.96,594353.0,249334529.00
20120605,1.97,2.00,1.97,1.98,422770.0,177842663.00
20120606,1.98,1.99,1.97,1.98,326074.0,136998667.00
20120607,1.99,1.99,1.97,1.97,317416.0,133718326.00
20120608,1.98,1.98,1.94,1.96,739442.0,306795738.00
20120611,1.96,1.98,1.96,1.96,564482.0,235713213.00
20120612,1.96,1.97,1.95,1.96,446818.0,185636434.00
20120613,1.96,1.98,1.96,1.98,730889.0,305618835.00
20120614,1.98,1.98,1.94,1.95,502726.0,199176495.00
20120615,1.96,1.97,1.94,1.97,478502.0,189177996.00
20120618,1.97,1.97,1.94,1.95,428144.0,169087057.00
20120619,1.95,1.96,1.94,1.95,359174.0,141802112.00
20120620,1.95,1.96,1.95,1.95,259611.0,102492381.00
20120621,1.95,1.95,1.93,1.93,283262.0,111035280.00
20120625,1.93,1.95,1.93,1.95,496755.0,195029730.00
20120626,1.94,1.95,1.93,1.94,215371.0,84593947.00
20120627,1.94,1.95,1.92,1.95,415047.0,162821427.00
20120628,1.95,1.95,1.93,1.94,316717.0,124597250.00
20120629,1.95,1.96,1.94,1.95,340039.0,133946765.00
20120702,1.95,1.96,1.94,1.95,274653.0,108056666.00
20120703,1.95,1.95,1.94,1.94,130989.0,51542716.00
20120704,1.94,1.95,1.94,1.95,192626.0,75843856.00
20120705,1.94,1.95,1.94,1.95,206016.0,81179159.00
20120706,1.94,1.94,1.92,1.93,313277.0,122387450.00
20120709,1.93,1.93,1.86,1.88,404587.0,156354619.00
20120710,1.88,1.90,1.86,1.87,275383.0,105124866.00
20120711,1.87,1.88,1.85,1.86,232979.0,87878321.00
20120712,1.87,1.87,1.85,1.85,460103.0,173289317.00
20120713,1.86,1.87,1.84,1.86,246033.0,92569664.00
20120716,1.86,1.87,1.86,1.87,293016.0,110606069.00
20120717,1.87,1.89,1.87,1.88,223867.0,85080946.00
20120718,1.88,1.90,1.87,1.89,231268.0,88339831.00
20120719,1.89,1.90,1.87,1.88,281084.0,107000605.00
20120720,1.88,1.88,1.86,1.86,181358.0,68450234.00
20120723,1.85,1.86,1.82,1.84,255235.0,94941484.00
20120724,1.83,1.84,1.81,1.82,230713.0,85107324.00
20120725,1.82,1.82,1.81,1.81,122334.0,45041270.00
20120726,1.81,1.82,1.81,1.81,157170.0,57684878.00
20120727,1.82,1.84,1.81,1.84,293306.0,108580098.00
20120730,1.84,1.85,1.83,1.83,250312.0,93463759.00
20120731,1.84,1.86,1.83,1.85,233176.0,87294922.00
20120801,1.85,1.87,1.85,1.86,249704.0,93978174.00
20120802,1.86,1.87,1.86,1.87,229963.0,86829885.00
20120803,1.87,1.88,1.87,1.87,163822.0,62187878.00
20120806,1.87,1.89,1.86,1.86,298040.0,112852745.00
20120807,1.86,1.87,1.84,1.85,396747.0,148402566.00
20120808,1.85,1.88,1.85,1.87,311857.0,117619979.00
20120809,1.87,1.87,1.85,1.86,186482.0,70300064.00
20120810,1.86,1.88,1.86,1.87,201502.0,76384452.00
20120813,1.87,1.89,1.87,1.88,279744.0,106639878.00
20120814,1.89,1.91,1.89,1.89,230573.0,88538742.00
20120815,1.89,1.90,1.88,1.88,243536.0,93192280.00
20120816,1.88,1.89,1.87,1.88,110285.0,42061500.00
20120817,1.88,1.90,1.88,1.89,278710.0,106822558.00
20120820,1.88,1.90,1.88,1.90,160307.0,61263911.00
20120821,1.90,1.91,1.86,1.89,473472.0,179986551.00
20120822,1.89,1.89,1.87,1.89,240563.0,91688337.00
20120823,1.89,1.89,1.87,1.88,344821.0,131592487.00
20120824,1.88,1.89,1.87,1.88,227836.0,86719903.00
20120827,1.88,1.90,1.87,1.89,384754.0,146900989.00
20120828,1.89,1.90,1.88,1.90,317984.0,121955879.00
20120829,1.89,1.90,1.88,1.90,150109.0,57421957.00
20120830,1.88,1.90,1.88,1.90,214608.0,82170794.00
20120831,1.90,1.90,1.89,1.89,212087.0,81332499.00
20120903,1.89,1.90,1.85,1.86,477720.0,180901718.00
20120904,1.86,1.87,1.84,1.85,218380.0,81777147.00
20120905,1.84,1.85,1.82,1.83,316588.0,117484480.00
20120906,1.83,1.84,1.81,1.83,246005.0,90827046.00
20120907,1.83,1.90,1.83,1.88,1025453.0,386825810.00
20120910,1.87,1.88,1.86,1.88,306652.0,116041645.00
20120911,1.87,1.87,1.85,1.87,238986.0,89945266.00
20120912,1.87,1.88,1.84,1.85,304462.0,114282354.00
20120913,1.85,1.86,1.84,1.85,215957.0,80846210.00
20120914,1.86,1.87,1.85,1.87,443371.0,167295141.00
20120917,1.87,1.87,1.85,1.85,186433.0,70213109.00
20120918,1.85,1.86,1.83,1.83,186771.0,69665440.00
20120919,1.83,1.84,1.82,1.83,238119.0,88247292.00
20120920,1.82,1.83,1.81,1.82,329790.0,121536362.00
20120921,1.81,1.82,1.81,1.81,208410.0,76476397.00
20120924,1.81,1.81,1.79,1.80,342001.0,124588041.00
20120925,1.80,1.81,1.79,1.81,220931.0,80247385.00
20120926,1.81,1.81,1.78,1.80,199129.0,72222844.00
20120927,1.80,1.88,1.79,1.84,492892.0,183359781.00
20120928,1.83,1.87,1.82,1.85,499663.0,186697579.00
20121008,1.85,1.86,1.84,1.85,246081.0,92183430.00
20121009,1.86,1.89,1.85,1.88,396819.0,150947574.00
20121010,1.88,1.88,1.87,1.88,185196.0,70342592.00
20121011,1.87,1.89,1.86,1.89,288363.0,109648887.00
20121012,1.89,1.90,1.88,1.90,481168.0,184814629.00
20121015,1.90,1.90,1.88,1.89,180253.0,68957511.00
20121016,1.89,1.89,1.87,1.89,247407.0,94334338.00
20121017,1.89,1.91,1.89,1.90,331302.0,127319511.00
20121018,1.91,1.93,1.90,1.92,459438.0,178405365.00
20121019,1.92,1.94,1.92,1.93,274299.0,107025526.00
20121022,1.93,1.94,1.92,1.93,320044.0,125319158.00
20121023,1.93,1.95,1.93,1.93,403926.0,158627310.00
20121024,1.93,1.94,1.92,1.92,207921.0,81088768.00
20121025,1.92,1.92,1.90,1.91,220390.0,85399900.00
20121026,1.90,1.91,1.89,1.90,199108.0,76557445.00
20121029,1.89,1.90,1.88,1.88,174302.0,66463425.00
20121030,1.89,1.89,1.87,1.88,273424.0,103860143.00
20121031,1.88,1.90,1.88,1.89,194027.0,73992017.00
20121101,1.89,1.92,1.89,1.91,375813.0,145240453.00
20121102,1.91,1.94,1.91,1.93,446830.0,174214121.00
20121105,1.92,1.93,1.92,1.93,650479.0,253775375.00
20121106,1.92,1.93,1.90,1.92,532793.0,206173589.00
20121107,1.91,1.92,1.90,1.92,359015.0,139153234.00
20121108,1.91,1.92,1.90,1.91,311962.0,120401189.00
20121109,1.91,1.92,1.90,1.92,679499.0,263057898.00
20121112,1.92,1.93,1.90,1.93,524831.0,203235698.00
20121113,1.92,1.92,1.90,1.91,431259.0,166461028.00
20121114,1.91,1.92,1.89,1.91,457514.0,176161003.00
20121115,1.91,1.91,1.89,1.90,367764.0,141437399.00
20121116,1.90,1.90,1.89,1.89,556598.0,213636988.00
20121119,1.89,1.90,1.88,1.90,311489.0,119173637.00
20121120,1.90,1.90,1.88,1.89,202147.0,77262767.00
20121121,1.89,1.90,1.88,1.90,179366.0,68735824.00
20121122,1.90,1.90,1.89,1.90,195690.0,75127089.00
20121123,1.90,1.91,1.90,1.90,274611.0,105713404.00
20121126,1.90,1.91,1.89,1.90,208497.0,80110620.00
20121127,1.90,1.91,1.89,1.91,476656.0,183527708.00
20121128,1.90,1.92,1.90,1.91,416032.0,160532938.00
20121129,1.91,1.93,1.91,1.92,534076.0,207208783.00
20121130,1.92,1.92,1.91,1.92,427028.0,165579253.00
20121203,1.92,1.92,1.90,1.91,267018.0,103248447.00
20121204,1.91,1.91,1.90,1.90,244967.0,94292012.00
20121205,1.90,1.94,1.89,1.93,839001.0,325564662.00
20121206,1.93,1.94,1.91,1.94,517705.0,201881394.00
20121207,1.94,1.95,1.92,1.94,1108441.0,433549858.00
20121210,1.94,1.96,1.94,1.95,1130023.0,446143101.00
20121211,1.95,1.97,1.94,1.95,797754.0,315924052.00
20121212,1.95,1.98,1.95,1.98,805223.0,320846280.00
20121213,1.97,1.98,1.95,1.95,517635.0,205296233.00
20121214,1.95,2.04,1.95,2.03,1376374.0,558357918.00
20121217,2.03,2.04,2.00,2.02,769891.0,313808524.00
20121218,2.01,2.04,2.01,2.04,1187255.0,487783699.00
20121219,2.03,2.05,2.02,2.03,568090.0,233962578.00
20121220,2.03,2.03,2.01,2.01,484570.0,197622408.00
20121221,2.02,2.02,1.98,1.98,491816.0,199274272.00
20121224,1.98,2.01,1.98,1.99,369143.0,148925196.00
20121225,1.99,2.05,1.98,2.05,964648.0,395665947.00
20121226,2.05,2.05,2.00,2.02,626079.0,255743689.00
20121227,2.02,2.02,2.00,2.00,519353.0,210682169.00
20121228,2.01,2.04,2.00,2.03,676876.0,276748069.00
20121231,2.03,2.07,2.02,2.05,1105389.0,458727033.00
20130104,2.07,2.10,2.07,2.09,1184135.0,498751741.00
20130107,2.08,2.10,2.08,2.09,820376.0,346701850.00
20130108,2.09,2.10,2.03,2.05,935226.0,389781237.00
20130109,2.04,2.07,2.04,2.05,720871.0,299354814.00
20130110,2.05,2.09,2.05,2.09,789236.0,331200392.00
20130111,2.09,2.10,2.07,2.08,570327.0,239627881.00
20130114,2.07,2.13,2.06,2.12,1126801.0,478775406.00
20130115,2.12,2.13,2.10,2.11,752816.0,322002615.00
20130116,2.11,2.12,2.07,2.11,572101.0,242702383.00
20130117,2.10,2.11,2.07,2.07,586569.0,246519579.00
20130118,2.09,2.11,2.08,2.09,586125.0,247540743.00
20130121,2.09,2.09,2.06,2.08,651578.0,273339917.00
20130122,2.08,2.13,2.06,2.10,1788638.0,757983845.00
20130123,2.10,2.10,2.07,2.07,1289245.0,540961654.00
20130124,2.08,2.14,2.08,2.10,1613254.0,689461686.00
20130125,2.10,2.12,2.09,2.09,863410.0,367743709.00
20130128,2.10,2.13,2.08,2.12,1043459.0,446211288.00
20130129,2.12,2.13,2.10,2.12,1393396.0,593915213.00
20130130,2.12,2.18,2.10,2.17,2255188.0,976047601.00
20130131,2.18,2.21,2.15,2.18,2516513.0,1110705906.00
20130201,2.17,2.21,2.15,2.20,1858440.0,817649474.00
20130204,2.20,2.24,2.19,2.21,2037386.0,914106733.00
20130205,2.20,2.20,2.17,2.18,1438921.0,634890500.00
20130206,2.18,2.20,2.15,2.19,1273597.0,558298587.00
20130207,2.18,2.18,2.11,2.14,1536732.0,665149430.00
20130208,2.14,2.17,2.13,2.15,1290474.0,561030377.00
20130218,2.16,2.17,2.13,2.13,676376.0,293710028.00
20130219,2.14,2.15,2.10,2.11,673065.0,288124040.00
20130220,2.12,2.12,2.09,2.10,612487.0,259683412.00
20130221,2.08,2.09,2.03,2.07,1210549.0,503431107.00
20130222,2.06,2.07,2.04,2.05,700866.0,290985777.00
20130225,2.05,2.07,2.04,2.05,466879.0,193988376.00
20130226,2.04,2.07,2.01,2.03,903679.0,374273779.00
20130227,2.03,2.07,2.03,2.07,831213.0,344362084.00
20130228,2.06,2.11,2.05,2.08,1158765.0,487769642.00
20130301,2.09,2.09,2.05,2.06,591578.0,247229063.00
20130304,2.05,2.07,1.99,2.02,1395169.0,572766229.00
20130305,2.02,2.09,2.01,2.07,1004193.0,416142665.00
20130306,2.07,2.08,2.05,2.06,600376.0,250775212.00
20130307,2.06,2.07,2.02,2.04,557127.0,230734930.00
20130308,2.04,2.05,2.03,2.04,300049.0,123792704.00
20130311,2.04,2.04,2.02,2.04,231620.0,95109517.00
20130312,2.03,2.07,2.03,2.04,561662.0,232524888.00
20130313,2.04,2.05,2.03,2.04,366754.0,150841292.00
20130314,2.03,2.06,2.02,2.06,407045.0,168215519.00
20130315,2.05,2.09,2.04,2.07,898758.0,376112789.00
20130318,2.06,2.07,2.01,2.01,838505.0,344463572.00
20130319,2.02,2.04,2.01,2.02,590115.0,240696122.00
20130320,2.02,2.07,2.02,2.06,1035872.0,429505837.00
20130321,2.06,2.08,2.05,2.06,502817.0,210098832.00
20130322,2.06,2.07,2.06,2.07,403808.0,168621228.00
20130325,2.07,2.08,2.06,2.07,351762.0,147398893.00
20130326,2.07,2.07,2.03,2.04,431638.0,178890022.00
20130327,2.05,2.07,2.03,2.04,406762.0,168335242.00
20130328,2.04,2.04,1.98,1.98,1571979.0,634041442.00
20130329,1.99,2.01,1.99,2.00,394103.0,159518389.00
20130401,2.00,2.02,2.00,2.01,495669.0,201077265.00
20130402,2.01,2.01,2.00,2.01,491081.0,199434047.00
20130403,2.02,2.05,2.01,2.02,496363.0,203516703.00
20130408,2.00,2.02,1.99,2.01,655228.0,266104137.00
20130409,2.02,2.03,2.01,2.01,491406.0,200396500.00
20130410,2.02,2.02,2.01,2.01,215607.0,87830093.00
20130411,2.02,2.03,2.01,2.02,217220.0,88576849.00
20130412,2.02,2.02,2.01,2.01,336665.0,137233662.00
20130415,2.01,2.02,1.99,2.00,434073.0,175757542.00
20130416,2.00,2.01,1.99,2.00,391845.0,158034712.00
20130417,2.00,2.00,1.99,2.00,388978.0,156986801.00
20130418,1.99,2.01,1.99,2.01,297132.0,120186819.00
20130419,2.01,2.04,2.00,2.03,700088.0,286332261.00
20130422,2.03,2.04,2.02,2.03,521670.0,214323466.00
20130423,2.03,2.03,2.01,2.01,537602.0,218990398.00
20130424,2.01,2.03,2.01,2.03,402512.0,164413208.00
20130425,2.02,2.03,2.01,2.02,432722.0,176779382.00
20130426,2.02,2.03,2.00,2.00,482361.0,196199889.00
20130502,2.00,2.02,1.99,2.01,580321.0,235096022.00
20130503,2.01,2.04,2.01,2.02,682442.0,279469666.00
20130506,2.02,2.04,2.02,2.03,428081.0,175447750.00
20130507,2.02,2.03,2.02,2.02,437288.0,178994974.00
20130508,2.03,2.04,2.02,2.03,580913.0,238253929.00
20130509,2.03,2.04,2.02,2.02,316398.0,129881693.00
20130510,2.02,2.04,2.02,2.03,430990.0,177109687.00
20130513,2.04,2.04,2.02,2.03,312012.0,128041881.00
20130514,2.03,2.04,2.01,2.02,326414.0,133381224.00
20130515,2.02,2.02,2.01,2.01,261437.0,106354151.00
20130516,2.01,2.03,2.00,2.02,382248.0,156393376.00
20130517,2.02,2.07,2.02,2.06,694484.0,287019816.00
20130520,2.06,2.09,2.06,2.07,909448.0,381881146.00
20130521,2.07,2.08,2.06,2.08,458487.0,191906798.00
20130522,2.07,2.08,2.06,2.06,397461.0,166002930.00
20130523,2.06,2.08,2.05,2.06,644772.0,269631936.00
20130524,2.07,2.08,2.05,2.06,372410.0,155241526.00
20130527,2.05,2.07,2.04,2.04,309537.0,128619025.00
20130528,2.05,2.08,2.04,2.07,493090.0,205517470.00
20130529,2.07,2.09,2.07,2.08,490393.0,206210378.00
20130530,2.07,2.09,2.07,2.08,405344.0,170556981.00
20130531,2.08,2.09,2.07,2.07,264104.0,111123059.00
20130603,2.08,2.09,2.07,2.08,467754.0,196871100.00
20130604,2.08,2.09,2.07,2.09,724230.0,305124835.00
20130605,2.08,2.10,2.07,2.08,586020.0,247472062.00
20130606,2.09,2.10,2.05,2.05,804155.0,337760628.00
20130607,2.05,2.07,2.05,2.06,576824.0,240855408.00
20130613,2.05,2.05,2.01,2.05,802999.0,329629491.00
20130614,2.04,2.06,2.03,2.06,676315.0,279272429.00
20130617,2.06,2.07,2.04,2.04,288795.0,119658308.00
20130618,2.05,2.06,2.04,2.06,396918.0,164371600.00
20130619,2.06,2.06,2.04,2.05,287865.0,119270200.00
20130620,2.05,2.05,2.00,2.01,454613.0,185374434.00
20130621,2.00,2.01,1.98,1.99,685289.0,275574966.00
20130624,1.99,1.99,1.91,1.93,880418.0,344835994.00
20130625,1.92,1.96,1.88,1.96,1479312.0,574944696.00
20130626,2.00,2.00,1.79,1.97,1628844.0,602011027.00
20130627,1.96,2.02,1.96,2.01,1006050.0,381052019.00
20130628,2.01,2.13,2.00,2.12,1600125.0,626544315.00
20130701,2.08,2.13,2.07,2.12,1955918.0,778460686.00
20130702,2.09,2.12,2.08,2.12,1732958.0,691073105.00
20130703,2.09,2.10,2.06,2.07,1988954.0,784317996.00
20130704,2.06,2.08,2.05,2.06,899153.0,352602111.00
20130705,2.06,2.08,2.05,2.08,605556.0,237916810.00
20130708,2.07,2.08,2.05,2.08,932607.0,366207894.00
20130709,2.07,2.08,2.05,2.08,1183511.0,466157117.00
20130710,2.07,2.08,2.05,2.07,812341.0,319343194.00
20130711,2.07,2.12,2.06,2.10,1641645.0,651671499.00
20130712,2.09,2.10,2.06,2.08,1310312.0,516501013.00
20130715,2.08,2.09,2.07,2.07,730510.0,288318394.00
20130716,2.07,2.08,2.06,2.08,591915.0,232937777.00
20130717,2.07,2.09,2.06,2.08,676988.0,267660055.00
20130718,2.07,2.08,2.06,2.07,653553.0,257025904.00
20130719,2.07,2.08,2.05,2.08,1131554.0,444226951.00
20130722,2.06,2.07,2.05,2.07,1327113.0,519555109.00
20130723,2.06,2.08,2.05,2.07,1023049.0,402182607.00
20130724,2.07,2.07,2.05,2.06,532148.0,208735160.00
20130725,2.07,2.07,2.06,2.06,386258.0,151562518.00
20130726,2.05,2.07,2.05,2.06,360404.0,141133895.00
20130729,2.05,2.06,2.04,2.05,395072.0,153690529.00
20130730,2.05,2.07,2.04,2.06,498601.0,194833550.00
20130731,2.06,2.06,2.05,2.05,297179.0,115832286.00
20130801,2.05,2.07,2.05,2.06,404779.0,158357135.00
20130802,2.07,2.07,2.06,2.06,328836.0,128935613.00
20130805,2.06,2.07,2.05,2.06,162546.0,63657060.00
20130806,2.06,2.07,2.05,2.05,325124.0,127135339.00
20130807,2.05,2.06,2.05,2.05,352405.0,137471632.00
20130808,2.05,2.06,2.05,2.05,228680.0,89191725.00
20130809,2.06,2.06,2.05,2.06,302811.0,118156296.00
20130812,2.06,2.08,2.05,2.08,495232.0,194804774.00
20130813,2.08,2.08,2.06,2.08,355749.0,140230171.00
20130814,2.08,2.09,2.07,2.07,303369.0,119967383.00
20130815,2.08,2.09,2.07,2.08,342271.0,135362505.00
20130816,2.08,2.29,2.07,2.08,1881609.0,755502867.00
20130819,2.06,2.08,2.05,2.07,720079.0,282469127.00
20130820,2.07,2.08,2.06,2.06,520953.0,205010937.00
20130821,2.07,2.07,2.05,2.06,315134.0,123578175.00
20130822,2.07,2.07,2.03,2.06,396468.0,155079532.00
20130823,2.06,2.07,2.03,2.05,367447.0,143269444.00
20130826,2.05,2.07,2.04,2.07,332451.0,130266954.00
20130827,2.06,2.07,2.05,2.05,270502.0,105790283.00
20130828,2.05,2.05,2.04,2.04,298371.0,115799906.00
20130829,2.05,2.05,2.03,2.04,231350.0,89640764.00
20130830,2.04,2.05,2.03,2.05,319904.0,124197267.00
20130902,2.05,2.05,2.04,2.05,370105.0,144074326.00
20130903,2.05,2.07,2.04,2.07,567710.0,222292119.00
20130904,2.07,2.07,2.05,2.07,456967.0,178643514.00
20130905,2.06,2.07,2.05,2.06,219451.0,85846871.00
20130906,2.06,2.07,2.05,2.06,326747.0,127818225.00
20130909,2.06,2.16,2.06,2.15,2213073.0,891881107.00
20130910,2.13,2.14,2.09,2.10,1729538.0,691467576.00
20130911,2.11,2.11,2.10,2.10,792272.0,316649753.00
20130912,2.10,2.15,2.09,2.13,1267876.0,510212780.00
20130913,2.12,2.12,2.10,2.10,667484.0,267366941.00
20130916,2.10,2.11,2.09,2.10,599968.0,239401816.00
20130917,2.09,2.10,2.07,2.07,538822.0,212587589.00
20130918,2.07,2.07,2.05,2.06,555803.0,217719226.00
20130923,2.06,2.07,2.05,2.06,564140.0,220788723.00
20130924,2.05,2.06,2.04,2.05,601470.0,234101794.00
20130925,2.05,2.06,2.04,2.04,390415.0,152033594.00
20130926,2.04,2.05,2.02,2.03,587325.0,226477784.00
20130927,2.03,2.04,2.02,2.03,353911.0,136494428.00
20130930,2.04,2.04,2.02,2.03,326499.0,125892261.00
20131008,2.03,2.04,2.02,2.04,419660.0,161743960.00
20131009,2.03,2.04,2.02,2.03,351036.0,135309020.00
20131010,2.03,2.04,2.02,2.03,381184.0,147014804.00
20131011,2.04,2.05,2.04,2.05,519935.0,201912152.00
20131014,2.05,2.06,2.03,2.04,372529.0,144730858.00
20131015,2.04,2.04,2.02,2.02,536116.0,206315349.00
20131016,2.02,2.04,2.02,2.03,473251.0,182397073.00
20131017,2.03,2.04,2.03,2.03,404332.0,156243919.00
20131018,2.03,2.05,2.02,2.02,470142.0,181769007.00
20131021,2.03,2.04,2.02,2.03,371387.0,143098992.00
20131022,2.03,2.04,2.02,2.02,262209.0,100936676.00
20131023,2.03,2.04,2.02,2.02,306006.0,117876565.00
20131024,2.03,2.03,2.00,2.01,460429.0,176225034.00
20131025,2.01,2.02,1.98,1.99,536542.0,204404211.00
20131028,2.00,2.00,1.97,1.98,249890.0,94301966.00
20131029,1.98,2.01,1.98,2.00,640971.0,242895764.00
20131030,2.00,2.01,1.98,2.01,474518.0,180177565.00
20131031,2.01,2.02,1.98,2.01,694006.0,264194620.00
20131101,2.02,2.03,2.01,2.02,505289.0,193510045.00
20131104,2.03,2.03,2.02,2.02,426727.0,163750474.00
20131105,2.02,2.02,2.00,2.02,530217.0,202467362.00
20131106,2.01,2.02,2.00,2.00,386487.0,147151145.00
20131107,2.00,2.02,2.00,2.02,489970.0,186854504.00
20131108,2.01,2.02,2.01,2.01,392775.0,150245582.00
20131111,2.01,2.02,2.00,2.02,419478.0,160663163.00
20131112,2.02,2.03,2.01,2.02,540416.0,207316419.00
20131113,2.02,2.02,1.99,2.00,567927.0,216025766.00
20131114,2.00,2.00,1.98,2.00,584424.0,221396665.00
20131115,2.00,2.01,1.98,2.00,878882.0,333598078.00
20131118,2.00,2.02,1.99,2.02,1127632.0,429133838.00
20131119,2.02,2.02,2.01,2.01,841873.0,321595521.00
20131120,2.01,2.02,2.00,2.02,689144.0,262839024.00
20131121,2.01,2.05,1.99,2.05,1395441.0,533544652.00
20131122,2.03,2.04,2.02,2.03,986750.0,379861623.00
20131125,2.02,2.03,2.01,2.01,558601.0,213634862.00
20131126,2.01,2.01,1.99,2.00,658407.0,249935694.00
20131127,2.00,2.01,1.99,2.00,559031.0,212024688.00
20131128,2.00,2.01,2.00,2.00,548669.0,208618892.00
20131129,2.00,2.01,2.00,2.00,444179.0,168585659.00
20131202,2.00,2.05,2.00,2.04,1807564.0,691793601.00
20131203,2.02,2.02,2.01,2.01,873965.0,334064202.00
20131204,2.01,2.02,2.00,2.02,964744.0,369051330.00
20131205,2.02,2.02,2.00,2.01,1076243.0,409843926.00
20131206,2.01,2.01,2.00,2.01,534274.0,203329578.00
20131209,2.01,2.01,2.00,2.00,752004.0,286042373.00
20131210,2.00,2.01,2.00,2.00,621401.0,235931097.00
20131211,2.00,2.00,1.98,1.99,975061.0,369140498.00
20131212,1.99,1.99,1.97,1.98,628666.0,236513150.00
20131213,1.97,1.98,1.94,1.96,1078069.0,401143566.00
20131216,1.96,1.96,1.94,1.94,694463.0,257041128.00
20131217,1.95,1.95,1.93,1.94,488924.0,180106853.00
20131218,1.94,1.94,1.93,1.93,584279.0,214204599.00
20131219,1.93,1.94,1.91,1.91,864285.0,315055240.00
20131220,1.91,1.91,1.87,1.88,1426844.0,511709838.00
20131223,1.88,1.90,1.87,1.88,493553.0,176707619.00
20131224,1.89,1.90,1.88,1.88,343046.0,122969087.00
20131225,1.89,1.90,1.88,1.89,286853.0,102842887.00
20131226,1.89,1.89,1.86,1.87,439358.0,156483683.00
20131227,1.87,1.90,1.86,1.88,679225.0,242109099.00
20131230,1.89,1.89,1.87,1.87,476321.0,169902707.00
20131231,1.87,1.89,1.87,1.88,575859.0,205773939.00
20140102,1.88,1.89,1.87,1.88,403770.0,144322684.00
20140103,1.88,1.88,1.87,1.87,435310.0,155045630.00
20140106,1.87,1.87,1.85,1.87,698465.0,246594710.00
20140107,1.86,1.87,1.85,1.87,412385.0,145700733.00
20140108,1.86,1.88,1.86,1.88,519443.0,184598280.00
20140109,1.87,1.88,1.85,1.86,446215.0,158308776.00
20140110,1.86,1.87,1.84,1.86,417337.0,146710869.00
20140113,1.86,1.87,1.85,1.86,444106.0,157225808.00
20140114,1.86,1.86,1.84,1.85,437080.0,153539504.00
20140115,1.85,1.85,1.81,1.82,708146.0,245136921.00
20140116,1.82,1.82,1.80,1.81,773812.0,265323472.00
20140117,1.80,1.80,1.79,1.80,610188.0,208115089.00
20140120,1.80,1.80,1.78,1.79,525165.0,178208381.00
20140121,1.78,1.80,1.78,1.79,518005.0,176034307.00
20140122,1.79,1.81,1.78,1.81,782298.0,267481532.00
20140123,1.80,1.80,1.78,1.79,532036.0,181212873.00
20140124,1.79,1.80,1.78,1.79,495226.0,168323053.00
20140127,1.78,1.79,1.75,1.77,993853.0,334070079.00
20140128,1.77,1.79,1.76,1.78,500112.0,168680556.00
20140129,1.78,1.81,1.78,1.81,602624.0,206033406.00
20140130,1.81,1.81,1.79,1.80,277530.0,94793008.00
20140207,1.78,1.79,1.77,1.79,278756.0,94412410.00
20140210,1.80,1.81,1.79,1.80,495087.0,169111698.00
20140211,1.80,1.83,1.78,1.82,991579.0,340801167.00
20140212,1.81,1.82,1.81,1.81,398125.0,136940787.00
20140213,1.81,1.83,1.80,1.81,734776.0,253188539.00
20140214,1.82,1.82,1.80,1.81,355154.0,121992195.00
20140217,1.81,1.82,1.81,1.81,514046.0,177066551.00
20140218,1.81,1.82,1.80,1.81,421805.0,144983184.00
20140219,1.81,1.85,1.80,1.83,860473.0,298476141.00
20140220,1.83,1.84,1.81,1.81,557895.0,193317665.00
20140221,1.81,1.82,1.80,1.81,288343.0,99051213.00
20140224,1.80,1.80,1.77,1.77,606592.0,204851198.00
20140225,1.77,1.78,1.77,1.77,450423.0,151894896.00
20140226,1.77,1.78,1.75,1.76,406690.0,136184102.00
20140227,1.76,1.77,1.75,1.77,651818.0,217624752.00
20140228,1.76,1.76,1.75,1.76,540628.0,180274486.00
20140303,1.75,1.76,1.74,1.75,653267.0,217250856.00
20140304,1.75,1.76,1.74,1.76,516743.0,171717430.00
20140305,1.76,1.76,1.74,1.75,406227.0,134971247.00
20140306,1.75,1.76,1.74,1.75,392028.0,130249784.00
20140307,1.75,1.76,1.74,1.75,372930.0,124087872.00
20140310,1.75,1.75,1.71,1.72,660832.0,217386751.00
20140311,1.72,1.72,1.68,1.70,836437.0,269747734.00
20140312,1.70,1.70,1.68,1.70,544831.0,175098474.00
20140313,1.71,1.75,1.70,1.72,828319.0,271101221.00
20140314,1.71,1.72,1.70,1.71,531060.0,171718788.00
20140317,1.71,1.72,1.70,1.71,379254.0,123069868.00
20140318,1.72,1.72,1.71,1.72,368116.0,119946337.00
20140319,1.71,1.73,1.71,1.73,466844.0,152143729.00
20140320,1.72,1.75,1.72,1.73,621259.0,205019393.00
20140321,1.72,1.77,1.72,1.76,1264707.0,421791386.00
20140324,1.76,1.78,1.76,1.78,745278.0,250975794.00
20140325,1.78,1.78,1.76,1.77,333137.0,112056920.00
20140326,1.77,1.79,1.77,1.79,505887.0,171295661.00
20140327,1.78,1.80,1.77,1.78,436237.0,147905606.00
20140328,1.78,1.84,1.78,1.82,1019659.0,351928382.00
20140331,1.83,1.84,1.81,1.82,607985.0,210334031.00
20140401,1.82,1.83,1.81,1.82,385528.0,133253038.00
20140402,1.82,1.82,1.80,1.81,566734.0,195055794.00
20140403,1.82,1.82,1.80,1.80,523155.0,179540464.00
20140404,1.80,1.81,1.79,1.81,313933.0,107598872.00
20140408,1.81,1.84,1.80,1.84,940740.0,326594508.00
20140409,1.84,1.85,1.83,1.83,547616.0,190945474.00
20140410,1.83,1.87,1.83,1.87,971001.0,341689780.00
20140411,1.87,1.87,1.85,1.85,801352.0,282820807.00
20140414,1.86,1.86,1.84,1.84,467053.0,163920081.00
20140415,1.84,1.84,1.81,1.82,347110.0,120443367.00
20140416,1.82,1.85,1.81,1.84,523770.0,182339543.00
20140417,1.84,1.84,1.82,1.83,291826.0,101512589.00
20140418,1.82,1.83,1.81,1.83,249784.0,86379587.00
20140421,1.82,1.84,1.81,1.81,281674.0,97655994.00
20140422,1.81,1.83,1.81,1.82,272779.0,94005953.00
20140423,1.81,1.82,1.80,1.81,335394.0,115163319.00
20140424,1.81,1.83,1.80,1.80,375714.0,129185925.00
20140425,1.81,1.82,1.80,1.82,411856.0,142064775.00
20140428,1.82,1.83,1.82,1.82,441036.0,152664987.00
20140429,1.82,1.82,1.81,1.82,378904.0,130762813.00
20140430,1.82,1.82,1.80,1.81,322448.0,110570245.00
20140505,1.80,1.81,1.78,1.80,427509.0,145549109.00
20140506,1.80,1.81,1.78,1.79,490640.0,167403957.00
20140507,1.79,1.80,1.79,1.80,317288.0,108261310.00
20140508,1.79,1.82,1.79,1.81,412583.0,141691318.00
20140509,1.81,1.83,1.81,1.82,455994.0,157470921.00
20140512,1.82,1.84,1.81,1.83,687883.0,239121067.00
20140513,1.84,1.84,1.82,1.82,386032.0,133725790.00
20140514,1.82,1.83,1.81,1.82,376448.0,130153188.00
20140515,1.82,1.83,1.81,1.83,365033.0,126447489.00
20140516,1.83,1.84,1.82,1.83,384865.0,133887121.00
20140519,1.83,1.83,1.81,1.82,429141.0,148366242.00
20140520,1.83,1.83,1.82,1.83,366559.0,127029145.00
20140521,1.82,1.84,1.82,1.84,376128.0,130801342.00
20140522,1.83,1.85,1.83,1.84,466326.0,163455225.00
20140523,1.84,1.85,1.84,1.85,296705.0,104079430.00
20140526,1.86,1.86,1.84,1.85,308996.0,108660752.00
20140527,1.85,1.87,1.85,1.86,437589.0,154495832.00
20140528,1.86,1.88,1.86,1.88,476969.0,169771453.00
20140529,1.88,1.89,1.87,1.88,337061.0,120463082.00
20140530,1.88,1.88,1.87,1.87,474431.0,168772414.00
20140603,1.87,1.90,1.87,1.88,514137.0,184447556.00
20140604,1.89,1.90,1.87,1.88,497486.0,178016457.00
20140605,1.88,1.91,1.87,1.91,752307.0,271553140.00
20140606,1.91,1.92,1.90,1.90,609430.0,221037086.00
20140609,1.90,1.94,1.90,1.93,503788.0,184095046.00
20140610,1.93,1.97,1.93,1.96,962859.0,356415887.00
20140611,1.96,1.97,1.94,1.96,797624.0,296021683.00
20140612,1.95,1.96,1.94,1.95,470827.0,174600020.00
20140613,1.95,1.97,1.95,1.97,637149.0,237100652.00
20140616,1.97,1.99,1.96,1.99,962021.0,360544988.00
20140617,1.98,1.99,1.95,1.96,1074291.0,401236786.00
20140618,1.96,1.97,1.94,1.97,1101705.0,409642586.00
20140619,1.96,1.97,1.94,1.95,919291.0,341008181.00
20140620,1.95,1.96,1.91,1.95,1069966.0,365450419.00
20140623,1.95,1.95,1.93,1.93,551313.0,188658563.00
20140624,1.93,1.94,1.92,1.94,548924.0,187063555.00
20140625,1.93,1.93,1.91,1.91,512791.0,173474630.00
20140626,1.91,1.92,1.91,1.92,481944.0,163191650.00
20140627,1.92,1.92,1.91,1.92,334727.0,113335625.00
20140630,1.92,1.93,1.91,1.92,306463.0,104236375.00
20140701,1.92,1.93,1.91,1.92,432986.0,146999048.00
20140702,1.92,1.94,1.91,1.93,429136.0,146051275.00
20140703,1.92,1.94,1.92,1.94,402427.0,137321656.00
20140704,1.94,1.94,1.93,1.94,347687.0,118962211.00
20140707,1.94,1.95,1.93,1.95,385687.0,132560961.00
20140708,1.95,1.97,1.95,1.96,560558.0,194092166.00
20140709,1.96,1.96,1.94,1.94,416572.0,143592606.00
20140710,1.94,1.96,1.93,1.95,566091.0,194960633.00
20140711,1.95,1.96,1.95,1.95,289527.0,99891838.00
20140714,1.95,1.96,1.94,1.95,479152.0,164956054.00
20140715,1.96,1.96,1.95,1.96,588123.0,203120140.00
20140716,1.96,1.96,1.95,1.96,435996.0,150728347.00
20140717,1.95,1.95,1.94,1.95,351237.0,120865506.00
20140718,1.94,1.96,1.94,1.95,418429.0,144061822.00
20140721,1.95,1.95,1.93,1.94,402663.0,138149793.00
20140722,1.93,1.95,1.93,1.94,531474.0,182250509.00
20140723,1.94,1.95,1.94,1.95,487619.0,167686443.00
20140724,1.95,1.98,1.94,1.97,942441.0,327063101.00
20140725,1.98,1.99,1.97,1.99,683397.0,239362689.00
20140728,2.00,2.05,2.00,2.04,2174887.0,780449658.00
20140729,2.04,2.04,2.02,2.03,1117542.0,401561736.00
20140730,2.03,2.04,2.01,2.02,948511.0,339551731.00
20140731,2.02,2.04,2.01,2.04,746022.0,266562206.00
20140801,2.03,2.05,2.03,2.03,1025431.0,369978475.00
20140804,2.03,2.05,2.03,2.04,981560.0,353362641.00
20140805,2.04,2.05,2.02,2.03,1027056.0,368653772.00
20140806,2.03,2.03,2.01,2.03,728211.0,259875186.00
20140807,2.02,2.03,1.99,1.99,1022450.0,363092997.00
20140808,1.99,2.00,1.96,1.99,841175.0,295163850.00
20140811,1.99,2.03,1.98,2.02,848387.0,301213132.00
20140812,2.02,2.02,1.99,2.00,482511.0,170637053.00
20140813,2.00,2.00,1.98,1.99,764474.0,269019855.00
20140814,1.99,2.00,1.98,1.99,534689.0,188247730.00
20140815,1.99,2.00,1.98,1.99,494037.0,173885558.00
20140818,1.99,2.00,1.98,1.99,769530.0,270731290.00
20140819,1.99,1.99,1.98,1.99,520167.0,182500052.00
20140820,1.99,2.00,1.98,1.99,476806.0,167408799.00
20140821,1.99,1.99,1.97,1.98,598790.0,209451071.00
20140822,1.98,1.99,1.98,1.99,458915.0,160718151.00
20140825,1.99,1.99,1.97,1.98,621282.0,217130608.00
20140826,1.98,1.99,1.97,1.98,555531.0,193874314.00
20140827,1.98,1.98,1.96,1.98,483916.0,168422297.00
20140828,1.97,1.98,1.94,1.95,611436.0,211233343.00
20140829,1.95,1.97,1.94,1.96,689337.0,238208817.00
20140901,1.96,1.98,1.95,1.97,656466.0,228556178.00
20140902,1.97,2.00,1.96,1.99,940038.0,328181473.00
20140903,1.99,2.02,1.99,2.01,890317.0,315275884.00
20140904,2.02,2.03,2.00,2.03,809545.0,289018084.00
20140905,2.03,2.04,2.03,2.04,977109.0,351623842.00
20140909,2.04,2.04,2.03,2.03,499126.0,179309281.00
20140910,2.03,2.03,2.01,2.02,665183.0,236905181.00
20140911,2.02,2.04,2.00,2.01,601615.0,214417955.00
20140912,2.01,2.02,2.00,2.02,292577.0,103973853.00
20140915,2.01,2.02,2.00,2.02,678199.0,240406682.00
20140916,2.02,2.03,2.00,2.01,1196466.0,425997777.00
20140917,2.02,2.02,2.00,2.02,742102.0,264173456.00
20140918,2.02,2.02,2.00,2.02,774496.0,275070773.00
20140919,2.02,2.02,2.00,2.02,858290.0,304118470.00
20140922,2.00,2.01,1.97,1.98,731005.0,256638957.00
20140923,1.98,1.98,1.97,1.98,541459.0,189055794.00
20140924,1.97,2.01,1.97,2.00,1196883.0,420615717.00
20140925,2.02,2.02,2.00,2.01,997465.0,354272495.00
20140926,2.00,2.02,1.99,2.01,489636.0,173530761.00
20140929,2.00,2.01,1.99,1.99,823597.0,290542529.00
20140930,1.99,2.00,1.99,2.00,674663.0,237434906.00
20141008,2.00,2.00,1.98,2.00,1035547.0,363668607.00
20141009,1.99,2.00,1.99,1.99,701507.0,246661729.00
20141010,1.99,1.99,1.98,1.99,668585.0,234263416.00
20141013,1.98,1.99,1.97,1.97,828470.0,288764160.00
20141014,1.97,1.98,1.97,1.97,514248.0,179211302.00
20141015,1.97,1.99,1.96,1.98,510453.0,178181968.00
20141016,1.98,2.00,1.97,1.99,895555.0,314377919.00
20141017,1.99,1.99,1.98,1.99,688790.0,241808903.00
20141020,1.99,2.00,1.98,1.99,564222.0,198398591.00
20141021,1.99,1.99,1.98,1.99,656450.0,230232815.00
20141022,1.98,2.00,1.98,1.98,946626.0,332294523.00
20141023,1.98,2.00,1.98,1.99,931503.0,327702765.00
20141024,1.99,2.00,1.98,1.99,760484.0,267439463.00
20141027,1.99,1.99,1.97,1.98,668996.0,233997088.00
20141028,1.98,2.00,1.98,1.99,575108.0,201800038.00
20141029,1.99,2.02,1.99,2.00,1127215.0,398318408.00
20141030,2.01,2.04,2.00,2.03,1489664.0,532277875.00
20141031,2.03,2.09,2.03,2.07,2169955.0,790282549.00
20141103,2.08,2.08,2.05,2.06,1270580.0,462810303.00
20141104,2.06,2.07,2.04,2.06,1051042.0,381144412.00
20141105,2.06,2.07,2.02,2.03,1974282.0,709205821.00
20141106,2.03,2.03,2.00,2.02,1173598.0,418473858.00
20141107,2.02,2.04,2.00,2.02,1401025.0,500760090.00
20141110,2.04,2.08,2.03,2.08,1929556.0,700418350.00
20141111,2.09,2.22,2.09,2.16,5598215.0,2139143722.00
20141112,2.14,2.14,2.11,2.13,1775729.0,665749659.00
20141113,2.13,2.17,2.12,2.13,1864774.0,706374416.00
20141114,2.14,2.15,2.12,2.14,1319532.0,496181930.00
20141117,2.20,2.20,2.12,2.12,2171022.0,827209359.00
20141118,2.15,2.15,2.10,2.11,1522533.0,569736043.00
20141119,2.09,2.11,2.08,2.09,1079676.0,398616824.00
20141120,2.08,2.09,2.07,2.08,923723.0,339571207.00
20141121,2.09,2.12,2.08,2.11,1114659.0,413475394.00
20141124,2.09,2.14,2.08,2.11,1756372.0,657357495.00
20141125,2.11,2.15,2.11,2.13,1603068.0,602064277.00
20141126,2.13,2.16,2.12,2.16,2489964.0,944879761.00
20141127,2.17,2.18,2.16,2.17,3064359.0,1174924771.00
20141128,2.17,2.29,2.16,2.29,8537071.0,3356783532.00
20141201,2.29,2.36,2.26,2.27,6506806.0,2639519929.00
20141202,2.25,2.39,2.24,2.37,6677990.0,2730542498.00
20141203,2.36,2.41,2.31,2.32,6488922.0,2697790346.00
20141204,2.32,2.42,2.31,2.42,7137843.0,2985764712.00
20141205,2.43,2.65,2.39,2.60,10246443.0,4580277198.00
20141208,2.54,2.69,2.48,2.62,8713062.0,3966081668.00
20141209,2.57,2.62,2.36,2.38,11371609.0,5075553002.00
20141210,2.36,2.45,2.30,2.43,6160824.0,2574925937.00
20141211,2.38,2.44,2.36,2.38,3721973.0,1574301137.00
20141212,2.39,2.43,2.37,2.38,3137927.0,1327654285.00
20141215,2.37,2.37,2.30,2.34,3420450.0,1408312776.00
20141216,2.33,2.42,2.33,2.41,4723265.0,1978360478.00
20141217,2.42,2.56,2.38,2.53,9964655.0,4344311492.00
20141218,2.52,2.53,2.45,2.46,5480073.0,2403489540.00
20141219,2.46,2.52,2.44,2.50,6054376.0,2657662794.00
20141222,2.52,2.72,2.52,2.67,17465550.0,8172305401.00
20141223,2.60,2.64,2.52,2.54,7783031.0,3564935681.00
20141224,2.55,2.56,2.41,2.45,6245797.0,2720391845.00
20141225,2.48,2.55,2.46,2.52,5493030.0,2432539527.00
20141226,2.53,2.63,2.52,2.62,6707734.0,3048645993.00
20141229,2.71,2.73,2.58,2.61,8862666.0,4174208088.00
20141230,2.61,2.71,2.59,2.67,6966027.0,3268242966.00
20141231,2.68,2.79,2.63,2.76,10502946.0,5049596408.00
20150105,2.79,2.92,2.77,2.86,13658516.0,6849226392.00
20150106,2.83,3.03,2.80,2.89,14975615.0,7672746031.00
20150107,2.83,2.89,2.80,2.85,8105967.0,4076793928.00
20150108,2.86,2.87,2.72,2.73,6920490.0,3396521114.00
20150109,2.73,2.92,2.68,2.76,9915903.0,4905936678.00
20150112,2.75,2.79,2.67,2.73,5470374.0,2638839482.00
20150113,2.71,2.75,2.71,2.73,2685262.0,1292588734.00
20150114,2.74,2.81,2.73,2.77,5396964.0,2645522586.00
20150115,2.77,2.90,2.75,2.88,6232084.0,3093536176.00
20150116,2.90,2.98,2.89,2.92,7868540.0,4073206065.00
20150119,2.72,2.79,2.63,2.63,9924686.0,4725213491.00
20150120,2.64,2.68,2.56,2.63,6479209.0,3017983797.00
20150121,2.65,2.82,2.63,2.79,7928433.0,3797531308.00
20150122,2.79,2.79,2.72,2.76,5696592.0,2770806672.00
20150123,2.78,2.90,2.78,2.82,9319396.0,4664106456.00
20150126,2.81,2.82,2.74,2.79,5326524.0,2614900696.00
20150127,2.79,2.79,2.66,2.71,7041010.0,3376429915.00
20150128,2.68,2.70,2.63,2.66,5512967.0,2591288937.00
20150129,2.61,2.63,2.56,2.58,5775368.0,2643394327.00
20150130,2.60,2.62,2.55,2.57,4194273.0,1912726802.00
20150202,2.54,2.54,2.48,2.50,5080241.0,2250689471.00
20150203,2.52,2.55,2.47,2.55,5615865.0,2491369365.00
20150204,2.55,2.56,2.49,2.50,4643943.0,2074139748.00
20150205,2.60,2.61,2.49,2.49,7609649.0,3426932844.00
20150206,2.47,2.48,2.42,2.43,5037135.0,2182154825.00
20150209,2.42,2.46,2.40,2.43,4755478.0,2036829404.00
20150210,2.43,2.47,2.42,2.47,4510464.0,1950964756.00
20150211,2.44,2.47,2.43,2.45,2963369.0,1282181809.00
20150212,2.45,2.46,2.42,2.46,2973674.0,1282864139.00
20150213,2.47,2.52,2.46,2.51,4825030.0,2127026621.00
20150216,2.51,2.51,2.49,2.50,2371065.0,1047007241.00
20150217,2.51,2.56,2.51,2.54,3255810.0,1460312068.00
20150225,2.54,2.56,2.52,2.54,3161083.0,1421512214.00
20150226,2.53,2.61,2.52,2.60,5011623.0,2273319301.00
20150227,2.60,2.62,2.57,2.59,3811562.0,1747247971.00
20150302,2.60,2.61,2.57,2.59,3072297.0,1403422877.00
20150303,2.57,2.58,2.49,2.49,4399417.0,1964964726.00
20150304,2.49,2.51,2.47,2.48,2484733.0,1091708183.00
20150305,2.46,2.47,2.42,2.44,2953411.0,1275158923.00
20150306,2.45,2.47,2.43,2.46,2195382.0,951291995.00
20150309,2.47,2.58,2.44,2.56,5269588.0,2344408101.00
20150310,2.53,2.54,2.50,2.50,3422440.0,1520247723.00
20150311,2.51,2.56,2.51,2.52,3189575.0,1427555064.00
20150312,2.56,2.63,2.54,2.59,6654063.0,3044381303.00
20150313,2.61,2.64,2.56,2.59,5058807.0,2329716104.00
20150316,2.60,2.62,2.58,2.60,3917081.0,1797078532.00
20150317,2.62,2.63,2.60,2.62,4545495.0,2099251225.00
20150318,2.62,2.68,2.62,2.68,6208597.0,2905011129.00
20150319,2.68,2.68,2.64,2.66,5179455.0,2435866078.00
20150320,2.65,2.71,2.63,2.67,5964981.0,2812444124.00
20150323,2.71,2.72,2.68,2.71,5349612.0,2555339290.00
20150324,2.72,2.76,2.69,2.72,7775514.0,3728767895.00
20150325,2.71,2.72,2.65,2.66,6507088.0,3088804593.00
20150326,2.63,2.69,2.62,2.67,4674255.0,2191189947.00
20150327,2.68,2.69,2.64,2.67,4540518.0,2139574443.00
20150330,2.69,2.80,2.68,2.79,11375062.0,5509450632.00
20150331,2.82,2.84,2.73,2.75,10047476.0,4946411247.00
20150401,2.73,2.79,2.73,2.77,6824757.0,3322487303.00
20150402,2.78,2.79,2.72,2.75,5559222.0,2697751253.00
20150403,2.72,2.77,2.71,2.76,5141818.0,2495174382.00
20150407,2.79,2.83,2.77,2.83,8617608.0,4270348187.00
20150408,2.84,2.86,2.79,2.85,8803451.0,4397159539.00
20150409,2.86,2.91,2.83,2.85,8768798.0,4426962551.00
20150410,2.84,2.90,2.83,2.89,6893611.0,3486315114.00
20150413,2.93,3.02,2.93,3.01,12595379.0,6605527350.00
20150414,3.00,3.03,2.96,2.98,7637214.0,4035741591.00
20150415,2.98,3.17,2.97,3.07,11358019.0,6130926330.00
20150416,3.06,3.19,3.04,3.18,9440080.0,5168772987.00
20150417,3.24,3.26,3.18,3.19,11548089.0,6557324194.00
20150420,3.22,3.22,3.06,3.07,14141692.0,7840590089.00
20150421,3.06,3.09,3.01,3.08,12279836.0,6613552964.00
20150422,3.10,3.12,3.07,3.12,9390308.0,5135954994.00
20150423,3.13,3.13,3.07,3.10,7720454.0,4226012279.00
20150424,3.04,3.06,2.97,3.02,7966623.0,4249846723.00
20150427,3.02,3.11,3.02,3.11,8948649.0,4866667546.00
20150428,3.13,3.31,3.11,3.19,15395490.0,8668591841.00
20150429,3.15,3.16,3.08,3.13,7374464.0,4055593431.00
20150430,3.11,3.12,3.06,3.06,6181688.0,3363326892.00
20150504,3.05,3.07,3.03,3.05,4358449.0,2347049586.00
20150505,3.05,3.05,2.89,2.91,7923255.0,4154907780.00
20150506,2.91,2.99,2.89,2.90,5899041.0,3058482076.00
20150507,2.90,2.93,2.87,2.88,4401961.0,2251034868.00
20150508,2.90,2.93,2.87,2.92,3524749.0,1805319924.00
20150511,2.92,2.95,2.86,2.94,5454729.0,2796222796.00
20150512,2.96,2.96,2.90,2.94,4470725.0,2315241867.00
20150513,2.95,2.97,2.91,2.92,4477733.0,2320211067.00
20150514,2.93,2.94,2.89,2.90,4277949.0,2200069035.00
20150515,2.90,2.90,2.85,2.88,4599145.0,2333028782.00
20150518,2.85,2.87,2.82,2.83,3388706.0,1703567925.00
20150519,2.82,2.92,2.82,2.91,4852376.0,2471093102.00
20150520,2.91,2.96,2.89,2.92,5022615.0,2592655992.00
20150521,2.92,2.97,2.91,2.94,4049382.0,2103803865.00
20150522,2.97,3.03,2.96,3.02,5711107.0,3026571112.00
20150525,3.03,3.08,3.03,3.08,5078210.0,2740220787.00
20150526,3.09,3.10,3.06,3.08,4910490.0,2667503857.00
20150527,3.09,3.09,3.01,3.04,5919549.0,3187843858.00
20150528,3.03,3.04,2.87,2.89,6858903.0,3597809754.00
20150529,2.87,2.91,2.83,2.87,5387032.0,2730794598.00
20150601,2.87,2.97,2.85,2.96,7671787.0,3949707718.00
20150602,2.95,2.97,2.91,2.94,5191379.0,2689808184.00
20150603,2.94,2.97,2.90,2.94,4448077.0,2300977358.00
20150604,2.94,3.05,2.90,3.02,8768897.0,4623463322.00
20150605,3.06,3.09,2.96,3.01,8747890.0,4673267970.00
20150608,3.01,3.19,3.00,3.19,17261580.0,9499321063.00
20150609,3.20,3.22,3.09,3.12,13129097.0,7303845651.00
20150610,3.08,3.10,3.06,3.07,7455057.0,4060887357.00
20150611,3.07,3.09,3.03,3.07,4976746.0,2687770258.00
20150612,3.07,3.08,3.04,3.08,4852188.0,2625858202.00
20150615,3.09,3.12,3.01,3.01,7002854.0,3785027489.00
20150616,2.99,3.04,2.94,2.96,5338684.0,2823396789.00
20150617,2.99,3.01,2.95,2.99,4848570.0,2553292514.00
20150618,2.98,2.98,2.87,2.89,5059354.0,2624346920.00
20150619,2.88,2.91,2.80,2.81,5697821.0,2884750204.00
20150623,2.83,2.94,2.82,2.93,6877079.0,3499038688.00
20150624,2.93,2.97,2.90,2.96,4850953.0,2513574672.00
20150625,3.01,3.02,2.90,2.92,5370492.0,2819104972.00
20150626,2.89,2.93,2.75,2.82,7757870.0,3910574672.00
20150629,2.85,2.89,2.66,2.87,9188541.0,4584033575.00
20150630,2.86,2.99,2.83,2.99,9650412.0,4972056335.00
20150701,2.94,2.97,2.89,2.91,6062180.0,3141718152.00
20150702,2.92,3.10,2.85,3.08,14326338.0,7516680544.00
20150703,3.00,3.08,2.92,3.01,11772612.0,6290095073.00
20150706,3.24,3.28,3.07,3.28,29495823.0,16699620828.00
20150707,3.25,3.52,3.18,3.40,22484043.0,12789666878.00
20150708,3.21,3.45,3.06,3.24,29707970.0,16225472604.00
20150709,3.24,3.49,3.02,3.31,20082182.0,11073784714.00
20150710,3.20,3.50,3.15,3.28,21162590.0,11959769542.00
20150713,3.19,3.21,3.09,3.12,14032232.0,7451598414.00
20150714,3.08,3.12,2.99,3.05,10965126.0,5625904793.00
20150715,3.03,3.14,3.02,3.12,10602489.0,5521335733.00
20150716,3.12,3.18,3.05,3.09,7413634.0,3888617239.00
20150717,3.09,3.11,3.05,3.09,5517754.0,2864933610.00
20150720,3.07,3.09,3.05,3.06,4959048.0,2567507614.00
20150721,3.05,3.08,3.03,3.05,4100623.0,2110593768.00
20150722,3.04,3.06,3.03,3.03,3318398.0,1702971133.00
20150723,3.03,3.06,3.02,3.05,3781268.0,1942306375.00
20150724,3.05,3.06,3.02,3.02,4378188.0,2241409829.00
20150727,3.00,3.02,2.82,2.86,6316108.0,3140444766.00
20150728,2.82,2.95,2.80,2.86,5980842.0,2895525840.00
20150729,2.85,2.90,2.85,2.88,3772762.0,1824651647.00
20150730,2.87,2.88,2.84,2.84,3121664.0,1503512998.00
20150731,2.83,2.88,2.81,2.86,3067751.0,1467023158.00
20150803,2.84,2.90,2.82,2.89,4809865.0,2319874524.00
20150804,2.86,2.89,2.86,2.89,2551716.0,1236804364.00
20150805,2.87,2.89,2.86,2.86,2251293.0,1090274384.00
20150806,2.84,2.87,2.83,2.85,1648197.0,794823820.00
20150807,2.86,2.87,2.85,2.87,1849984.0,894413273.00
20150810,2.86,2.92,2.85,2.92,4349533.0,2116314628.00
20150811,2.90,2.90,2.87,2.89,3123987.0,1520043090.00
20150812,2.86,2.87,2.84,2.85,1968379.0,948524909.00
20150813,2.84,2.86,2.81,2.84,2033103.0,972276371.00
20150814,2.84,2.85,2.82,2.83,1675838.0,799466799.00
20150817,2.82,2.82,2.78,2.79,2227514.0,1049689193.00
20150818,2.79,2.81,2.74,2.74,3236202.0,1517727511.00
20150819,2.73,2.76,2.68,2.71,3403434.0,1555867384.00
20150820,2.72,2.73,2.69,2.70,2265574.0,1036189274.00
20150821,2.68,2.74,2.68,2.69,3916046.0,1788192559.00
20150824,2.66,2.66,2.42,2.43,5275063.0,2243120843.00
20150825,2.36,2.50,2.26,2.31,5336077.0,2138834881.00
20150826,2.35,2.44,2.26,2.40,5961083.0,2368997956.00
20150827,2.41,2.52,2.34,2.51,5637205.0,2303939003.00
20150828,2.50,2.53,2.47,2.51,3682563.0,1547716464.00
20150831,2.48,2.50,2.44,2.48,3002306.0,1250690587.00
20150901,2.48,2.69,2.47,2.67,10185412.0,4491813878.00
20150902,2.59,2.93,2.57,2.93,13946057.0,6542698024.00
20150907,2.80,2.82,2.66,2.68,6485427.0,2988526834.00
20150908,2.63,2.69,2.58,2.67,4041994.0,1800877175.00
20150909,2.64,2.69,2.62,2.67,3662166.0,1636333850.00
20150910,2.64,2.66,2.63,2.65,1844336.0,822389651.00
20150911,2.64,2.65,2.62,2.63,1286084.0,572234122.00
20150914,2.62,2.73,2.59,2.68,4261499.0,1920341379.00
20150915,2.65,2.71,2.63,2.69,3828414.0,1729309198.00
20150916,2.66,2.72,2.63,2.69,2388099.0,1073991411.00
20150917,2.67,2.71,2.67,2.68,2143631.0,974248970.00
20150918,2.67,2.69,2.62,2.64,1622829.0,727310001.00
20150921,2.62,2.63,2.58,2.62,1645946.0,723810623.00
20150922,2.62,2.64,2.61,2.63,1359496.0,602505616.00
20150923,2.61,2.63,2.58,2.59,1107863.0,486081047.00
20150924,2.60,2.61,2.58,2.59,775560.0,339021038.00
20150925,2.58,2.65,2.58,2.64,1798789.0,792278246.00
20150928,2.61,2.63,2.58,2.60,937731.0,410812146.00
20150929,2.58,2.58,2.55,2.56,935858.0,405256104.00
20150930,2.57,2.59,2.56,2.56,717159.0,311465580.00
20151008,2.61,2.62,2.59,2.60,1207007.0,530081589.00
20151009,2.61,2.64,2.60,2.63,1184188.0,524746183.00
20151012,2.64,2.69,2.63,2.67,1864165.0,837960795.00
20151013,2.66,2.67,2.63,2.64,1230033.0,548936714.00
20151014,2.63,2.64,2.61,2.63,884566.0,391745032.00
20151015,2.63,2.66,2.61,2.66,1137609.0,507596679.00
20151016,2.67,2.67,2.66,2.67,1379631.0,620409291.00
20151019,2.67,2.69,2.66,2.66,1269783.0,571823910.00
20151020,2.66,2.67,2.65,2.67,882301.0,396069990.00
20151021,2.67,2.93,2.66,2.83,3956092.0,1810248551.00
20151022,2.72,2.80,2.70,2.76,2602769.0,1203285301.00
20151023,2.73,2.76,2.71,2.73,2054495.0,947384239.00
20151026,2.74,2.75,2.72,2.74,1406144.0,648250623.00
20151027,2.73,2.77,2.71,2.74,1718548.0,795044880.00
20151028,2.73,2.77,2.71,2.73,1773828.0,819665589.00
20151029,2.73,2.74,2.71,2.71,1321768.0,606674559.00
20151030,2.71,2.73,2.70,2.71,1159875.0,530913896.00
20151102,2.70,2.73,2.68,2.68,1157456.0,527258369.00
20151103,2.68,2.69,2.63,2.64,1378801.0,616684723.00
20151104,2.63,2.71,2.63,2.70,2156931.0,972451983.00
20151105,2.69,2.80,2.68,2.75,4509535.0,2092087439.00
20151106,2.74,2.76,2.71,2.76,2436452.0,1123743123.00
20151109,2.78,2.92,2.76,2.85,5248615.0,2526205864.00
20151110,2.82,2.84,2.79,2.80,2619280.0,1240416154.00
20151111,2.79,2.80,2.76,2.79,1945743.0,912946385.00
20151112,2.77,2.79,2.74,2.76,1514351.0,705887601.00
20151113,2.74,2.76,2.73,2.73,1322840.0,610780189.00
20151116,2.71,2.76,2.70,2.76,1609221.0,742615289.00
20151117,2.76,2.79,2.74,2.77,1829210.0,855381585.00
20151118,2.76,2.79,2.74,2.77,1670329.0,780102614.00
20151119,2.76,2.78,2.76,2.77,1167166.0,545087059.00
20151120,2.77,2.77,2.75,2.76,1400728.0,651784438.00
20151123,2.76,2.76,2.73,2.76,1694883.0,785636021.00
20151124,2.75,2.76,2.72,2.75,1908586.0,881859994.00
20151125,2.74,2.77,2.73,2.76,1930521.0,895611430.00
20151126,2.76,2.78,2.76,2.77,1840041.0,859312173.00
20151127,2.76,2.77,2.69,2.71,1567708.0,722141108.00
20151130,2.71,2.74,2.70,2.74,2081528.0,956407071.00
20151201,2.72,2.72,2.68,2.70,1890935.0,858728002.00
20151202,2.69,2.80,2.69,2.80,4011602.0,1866487005.00
20151203,2.77,2.91,2.76,2.88,7021188.0,3379124154.00
20151204,2.85,2.85,2.77,2.78,2057772.0,975947184.00
20151207,2.79,2.79,2.74,2.76,1259715.0,586484752.00
20151208,2.74,2.77,2.71,2.74,1724150.0,794501594.00
20151209,2.73,2.77,2.73,2.76,906899.0,420770340.00
20151210,2.76,2.79,2.73,2.73,1265449.0,588094703.00
20151211,2.73,2.73,2.70,2.72,1119425.0,512158197.00
20151214,2.71,2.76,2.70,2.76,1491839.0,687866764.00
20151215,2.75,2.76,2.72,2.73,900214.0,415001735.00
20151216,2.73,2.74,2.71,2.72,838050.0,384868814.00
20151217,2.73,2.75,2.72,2.74,925199.0,427421361.00
20151218,2.73,2.79,2.73,2.74,1978368.0,918940042.00
20151221,2.73,2.79,2.72,2.78,2500209.0,1164770435.00
20151222,2.78,2.80,2.76,2.77,1460028.0,683260194.00
20151223,2.76,2.79,2.75,2.77,2369113.0,1106403893.00
20151224,2.77,2.77,2.74,2.76,1623466.0,753829644.00
20151225,2.76,2.76,2.75,2.76,867766.0,403425511.00
20151228,2.76,2.76,2.72,2.72,1466975.0,678333541.00
20151229,2.72,2.73,2.71,2.73,1245650.0,572319054.00
20151230,2.73,2.74,2.71,2.73,824085.0,378882612.00
20151231,2.73,2.73,2.71,2.71,979252.0,449656193.00
20160104,2.71,2.72,2.63,2.64,1475086.0,669360275.00
20160105,2.62,2.67,2.60,2.65,1606292.0,715484718.00
20160106,2.64,2.68,2.64,2.67,1131772.0,508161231.00
20160107,2.66,2.67,2.62,2.63,344915.0,153712624.00
20160108,2.63,2.66,2.61,2.64,1861344.0,827886954.00
20160111,2.63,2.63,2.55,2.56,1647020.0,722038638.00
20160112,2.58,2.60,2.55,2.56,1157543.0,502307243.00
20160113,2.58,2.58,2.54,2.55,1015443.0,439299085.00
20160114,2.53,2.55,2.50,2.55,1310475.0,559263229.00
20160115,2.54,2.55,2.50,2.51,1011907.0,430207040.00
20160118,2.48,2.52,2.47,2.48,1194841.0,502408250.00
20160119,2.48,2.53,2.48,2.52,981357.0,415090802.00
20160120,2.52,2.52,2.47,2.50,1065847.0,448627145.00
20160121,2.49,2.53,2.48,2.48,846015.0,356768999.00
20160122,2.50,2.50,2.48,2.50,846964.0,355912034.00
20160125,2.50,2.52,2.49,2.51,627689.0,264870077.00
20160126,2.50,2.50,2.40,2.42,1123814.0,464737013.00
20160127,2.42,2.46,2.41,2.44,1524786.0,625439810.00
20160128,2.43,2.43,2.38,2.40,901993.0,366284746.00
20160129,2.39,2.44,2.39,2.43,1375856.0,561102779.00
20160201,2.42,2.42,2.37,2.39,1040283.0,419801086.00
20160202,2.38,2.41,2.37,2.40,926455.0,374582495.00
20160203,2.38,2.39,2.35,2.38,779351.0,311360878.00
20160204,2.38,2.39,2.37,2.38,735629.0,295717776.00
20160205,2.38,2.39,2.37,2.38,712044.0,285791576.00
20160215,2.34,2.37,2.33,2.35,582265.0,230698475.00
20160216,2.36,2.41,2.36,2.40,853279.0,344057239.00
20160217,2.39,2.41,2.38,2.39,840846.0,339602600.00
20160218,2.40,2.41,2.39,2.41,884365.0,358776062.00
20160219,2.39,2.40,2.38,2.38,940799.0,378879643.00
20160222,2.39,2.44,2.38,2.42,1317208.0,535540776.00
20160223,2.42,2.42,2.39,2.40,691483.0,279795157.00
20160224,2.39,2.41,2.38,2.40,745897.0,301650995.00
20160225,2.40,2.42,2.37,2.38,2212644.0,894572069.00
20160226,2.38,2.40,2.37,2.38,1158265.0,466096800.00
20160229,2.38,2.39,2.31,2.39,1832341.0,726405802.00
20160301,2.38,2.39,2.36,2.39,854620.0,342399841.00
20160302,2.39,2.44,2.38,2.44,2080788.0,846513560.00
20160303,2.43,2.45,2.42,2.45,1497689.0,614992534.00
20160304,2.44,2.57,2.42,2.55,4093032.0,1733236939.00
20160307,2.53,2.55,2.51,2.54,1353112.0,578835420.00
20160308,2.53,2.57,2.50,2.57,1694171.0,724083081.00
20160309,2.54,2.62,2.53,2.61,1884682.0,816785904.00
20160310,2.58,2.60,2.56,2.56,1050441.0,456423448.00
20160311,2.55,2.57,2.53,2.57,1003134.0,430996925.00
20160314,2.57,2.57,2.54,2.55,1999207.0,861302499.00
20160315,2.54,2.54,2.50,2.53,1552033.0,659491381.00
20160316,2.51,2.58,2.51,2.56,2904651.0,1251693072.00
20160317,2.55,2.55,2.53,2.54,1560983.0,668653062.00
20160318,2.55,2.55,2.51,2.55,1652224.0,707016425.00
20160321,2.55,2.57,2.54,2.55,1353079.0,584178796.00
20160322,2.55,2.57,2.54,2.54,962656.0,414085387.00
20160323,2.55,2.57,2.54,2.55,984467.0,424380969.00
20160324,2.55,2.55,2.52,2.53,737964.0,315119492.00
20160325,2.53,2.54,2.52,2.54,373514.0,159544356.00
20160328,2.53,2.55,2.52,2.55,767821.0,328072867.00
20160329,2.54,2.55,2.52,2.52,858684.0,366811037.00
20160330,2.51,2.57,2.51,2.56,1426748.0,612563261.00
20160331,2.55,2.57,2.54,2.54,918631.0,394752224.00
20160401,2.54,2.55,2.53,2.55,921204.0,394940493.00
20160405,2.55,2.57,2.54,2.56,1000995.0,430893535.00
20160406,2.55,2.55,2.54,2.54,705707.0,303213647.00
20160407,2.55,2.55,2.53,2.53,746379.0,319392788.00
20160408,2.52,2.54,2.52,2.53,466834.0,199218573.00
20160411,2.53,2.55,2.53,2.54,673744.0,289293759.00
20160412,2.54,2.55,2.54,2.54,481950.0,206670586.00
20160413,2.54,2.57,2.54,2.56,1534129.0,662774061.00
20160414,2.57,2.57,2.55,2.55,440858.0,190430882.00
20160415,2.57,2.57,2.54,2.55,681583.0,293723687.00
20160418,2.54,2.55,2.53,2.54,932358.0,398952652.00
20160419,2.54,2.55,2.53,2.54,417914.0,179141441.00
20160420,2.54,2.54,2.50,2.54,1449117.0,616860486.00
20160421,2.53,2.55,2.52,2.55,809911.0,346995818.00
20160422,2.54,2.55,2.53,2.54,573752.0,245818747.00
20160425,2.53,2.54,2.52,2.53,445591.0,190074175.00
20160426,2.53,2.54,2.53,2.54,494553.0,211470591.00
20160427,2.54,2.54,2.53,2.54,317015.0,135349084.00
20160428,2.54,2.54,2.52,2.54,509012.0,217190683.00
20160429,2.53,2.53,2.52,2.53,460490.0,196077297.00
20160503,2.53,2.54,2.51,2.54,759714.0,324449921.00
20160504,2.53,2.54,2.53,2.53,403691.0,172470706.00
20160505,2.53,2.54,2.53,2.54,450220.0,192148935.00
20160506,2.54,2.54,2.51,2.51,716572.0,305011455.00
20160509,2.51,2.51,2.47,2.47,714398.0,300202393.00
20160510,2.47,2.48,2.45,2.47,599314.0,249440935.00
20160511,2.47,2.50,2.46,2.48,650896.0,271739538.00
20160512,2.47,2.49,2.46,2.48,530216.0,221133234.00
20160513,2.48,2.51,2.47,2.50,778678.0,327611690.00
20160516,2.49,2.53,2.49,2.52,580129.0,245542612.00
20160517,2.51,2.53,2.51,2.52,409294.0,173829866.00
20160518,2.52,2.52,2.48,2.51,585260.0,247269141.00
20160519,2.51,2.53,2.50,2.51,527500.0,223875779.00
20160520,2.51,2.53,2.51,2.52,434077.0,184533482.00
20160523,2.53,2.54,2.52,2.53,431135.0,183896312.00
20160524,2.53,2.53,2.51,2.53,484888.0,206353082.00
20160525,2.53,2.54,2.53,2.53,245237.0,104636913.00
20160526,2.53,2.54,2.53,2.54,442473.0,189094755.00
20160527,2.53,2.54,2.53,2.54,322248.0,137788562.00
20160530,2.54,2.55,2.53,2.55,845166.0,362512631.00
20160531,2.54,2.59,2.54,2.58,1047404.0,454777896.00
20160601,2.58,2.58,2.56,2.57,634417.0,275364944.00
20160602,2.57,2.58,2.57,2.57,296487.0,128753308.00
20160603,2.58,2.59,2.56,2.59,482063.0,209444067.00
20160606,2.58,2.60,2.58,2.60,592764.0,258951633.00
20160607,2.60,2.62,2.59,2.61,588534.0,258882505.00
20160608,2.61,2.61,2.58,2.60,578897.0,254256447.00
20160613,2.59,2.61,2.58,2.59,665505.0,291645424.00
20160614,2.58,2.62,2.58,2.61,695830.0,306345717.00
20160615,2.60,2.61,2.59,2.60,640108.0,280556215.00
20160616,2.59,2.60,2.58,2.59,398897.0,174160816.00
20160617,2.59,2.61,2.58,2.59,374943.0,164418728.00
20160620,2.60,2.61,2.59,2.60,364319.0,160008927.00
20160621,2.61,2.61,2.60,2.61,353589.0,155559528.00
20160622,2.61,2.64,2.60,2.63,564116.0,250457516.00
20160623,2.63,2.64,2.63,2.63,254778.0,113215027.00
20160624,2.63,2.64,2.58,2.61,444526.0,196323322.00
20160627,2.60,2.62,2.60,2.62,319339.0,140606432.00
20160628,2.61,2.63,2.58,2.62,643951.0,282442800.00
20160629,2.61,2.63,2.60,2.62,537922.0,236875608.00
20160630,2.62,2.64,2.61,2.63,441206.0,195605551.00
20160701,2.64,2.66,2.63,2.65,534527.0,239064522.00
20160704,2.65,2.70,2.65,2.69,648720.0,293563166.00
20160705,2.69,2.71,2.67,2.70,674749.0,306304670.00
20160706,2.69,2.70,2.66,2.70,677269.0,307025862.00
20160707,2.70,2.73,2.69,2.72,1119897.0,512053950.00
20160708,2.71,2.71,2.66,2.68,1154007.0,496377385.00
20160711,2.67,2.69,2.66,2.66,751037.0,322028871.00
20160712,2.66,2.71,2.66,2.71,1412736.0,608650304.00
20160713,2.70,2.73,2.68,2.71,1361688.0,591082774.00
20160714,2.71,2.71,2.68,2.69,570440.0,246123637.00
20160715,2.69,2.70,2.68,2.70,553052.0,238627366.00
20160718,2.69,2.71,2.69,2.71,584481.0,253685834.00
20160719,2.71,2.71,2.68,2.68,836538.0,360670789.00
20160720,2.68,2.69,2.66,2.67,527723.0,226295902.00
20160721,2.67,2.68,2.66,2.67,746672.0,319909889.00
20160722,2.67,2.68,2.65,2.67,704453.0,300284451.00
20160725,2.66,2.68,2.66,2.68,660197.0,283002834.00
20160726,2.68,2.70,2.66,2.69,598758.0,257577499.00
20160727,2.69,2.70,2.65,2.69,1045700.0,448543022.00
20160728,2.68,2.69,2.67,2.68,579117.0,248621817.00
20160729,2.68,2.68,2.67,2.68,350045.0,150323737.00
20160801,2.68,2.70,2.68,2.70,735728.0,317506882.00
20160802,2.70,2.71,2.69,2.71,452286.0,195735431.00
20160803,2.70,2.71,2.70,2.70,679413.0,294318742.00
20160804,2.70,2.70,2.69,2.70,528861.0,228364236.00
20160805,2.69,2.70,2.68,2.70,584639.0,252398294.00
20160808,2.70,2.71,2.70,2.71,479882.0,208067037.00
20160809,2.70,2.73,2.70,2.73,908517.0,395402689.00
20160810,2.73,2.74,2.71,2.73,668932.0,292771229.00
20160811,2.73,2.79,2.73,2.76,1275449.0,565050823.00
20160812,2.76,2.81,2.75,2.81,1395505.0,623687437.00
20160815,2.81,2.88,2.80,2.86,1907961.0,869842020.00
20160816,2.86,2.86,2.74,2.77,3792026.0,1690569282.00
20160817,2.76,2.78,2.75,2.77,1119537.0,495822610.00
20160818,2.76,2.78,2.75,2.76,1208028.0,535750845.00
20160819,2.77,2.77,2.75,2.77,772868.0,341969334.00
20160822,2.76,2.80,2.76,2.79,1205349.0,537380974.00
20160823,2.79,2.83,2.78,2.82,1405755.0,633880193.00
20160824,2.82,2.83,2.81,2.82,972807.0,439059216.00
20160825,2.81,2.83,2.80,2.82,1271725.0,573139608.00
20160826,2.82,2.82,2.80,2.81,663759.0,298860433.00
20160829,2.80,2.81,2.76,2.80,853975.0,381490378.00
20160830,2.80,2.81,2.79,2.81,734625.0,329623638.00
20160831,2.81,2.83,2.80,2.83,622219.0,280764471.00
20160901,2.82,2.83,2.81,2.82,554517.0,250704767.00
20160902,2.81,2.83,2.81,2.83,744719.0,336919959.00
20160905,2.82,2.84,2.81,2.83,859037.0,388599263.00
20160906,2.82,2.84,2.77,2.78,2027474.0,911490691.00
20160907,2.79,2.80,2.78,2.80,947564.0,424103065.00
20160908,2.78,2.80,2.78,2.80,666516.0,298582853.00
20160909,2.80,2.80,2.79,2.80,513636.0,230162500.00
20160912,2.78,2.78,2.76,2.78,1124969.0,499502233.00
20160913,2.78,2.78,2.76,2.76,591405.0,262175580.00
20160914,2.76,2.76,2.71,2.73,775428.0,340057302.00
20160919,2.73,2.75,2.72,2.75,505692.0,221615235.00
20160920,2.75,2.75,2.73,2.75,448937.0,196916269.00
20160921,2.74,2.76,2.73,2.75,645208.0,283608513.00
20160922,2.76,2.78,2.75,2.77,757873.0,335933667.00
20160923,2.77,2.78,2.76,2.77,525771.0,233745765.00
20160926,2.77,2.78,2.75,2.75,692877.0,306947978.00
20160927,2.75,2.78,2.74,2.77,457160.0,201943910.00
20160928,2.77,2.77,2.76,2.76,294607.0,130526729.00
20160929,2.76,2.77,2.76,2.77,427133.0,189275382.00
20160930,2.76,2.77,2.76,2.76,260570.0,115474513.00
20161010,2.76,2.78,2.76,2.78,784849.0,348472060.00
20161011,2.78,2.78,2.77,2.78,553426.0,246098904.00
20161012,2.77,2.78,2.76,2.76,592443.0,262766932.00
20161013,2.76,2.77,2.75,2.76,478884.0,211778426.00
20161014,2.75,2.76,2.74,2.76,676621.0,298373650.00
20161017,2.75,2.76,2.72,2.73,603222.0,264825182.00
20161018,2.73,2.75,2.73,2.75,605213.0,265602083.00
20161019,2.75,2.76,2.74,2.75,538801.0,237802799.00
20161020,2.75,2.75,2.73,2.74,503659.0,221513311.00
20161021,2.74,2.75,2.73,2.75,335837.0,147547918.00
20161024,2.75,2.78,2.74,2.76,1479653.0,655163378.00
20161025,2.76,2.78,2.76,2.78,825033.0,366389608.00
20161026,2.77,2.77,2.75,2.76,814859.0,360845493.00
20161027,2.75,2.76,2.74,2.76,620373.0,273559461.00
20161028,2.75,2.78,2.75,2.77,810031.0,359216962.00
20161031,2.76,2.77,2.75,2.76,676200.0,298402976.00
20161101,2.76,2.77,2.75,2.77,600444.0,265994296.00
20161102,2.76,2.76,2.75,2.76,565766.0,249801737.00
20161103,2.76,2.76,2.75,2.76,593173.0,262246929.00
20161104,2.76,2.76,2.74,2.75,928340.0,408732170.00
20161107,2.75,2.75,2.74,2.75,577698.0,254331480.00
20161108,2.75,2.78,2.75,2.77,1692727.0,748965999.00
20161109,2.76,2.76,2.73,2.75,1271931.0,560026597.00
20161110,2.76,2.76,2.75,2.76,730812.0,323330495.00
20161111,2.76,2.76,2.72,2.75,1923675.0,846656746.00
20161114,2.75,2.75,2.74,2.75,1908750.0,839508004.00
20161115,2.75,2.75,2.74,2.75,749713.0,329518931.00
20161116,2.75,2.75,2.74,2.75,693309.0,304672031.00
20161117,2.74,2.75,2.73,2.74,534526.0,234759354.00
20161118,2.74,2.75,2.73,2.74,567929.0,249517930.00
20161121,2.74,2.76,2.74,2.76,1253203.0,552525537.00
20161122,2.75,2.77,2.75,2.76,2402788.0,1061212372.00
20161123,2.76,2.79,2.75,2.78,2309052.0,1026788162.00
20161124,2.77,2.78,2.76,2.77,998598.0,443125768.00
20161125,2.76,2.81,2.76,2.81,2054613.0,917957444.00
20161128,2.81,2.85,2.81,2.84,2422786.0,1100768249.00
20161129,2.84,2.85,2.83,2.85,1468178.0,668112797.00
20161130,2.85,2.85,2.81,2.82,1213844.0,549680216.00
20161201,2.82,2.84,2.81,2.82,1090410.0,493593121.00
20161202,2.81,2.83,2.79,2.82,1759550.0,793611986.00
20161205,2.81,2.85,2.80,2.85,1826370.0,829216078.00
20161206,2.84,2.86,2.83,2.83,1082827.0,493575012.00
20161207,2.83,2.85,2.82,2.83,680711.0,308635958.00
20161208,2.83,2.84,2.81,2.83,855392.0,387851238.00
20161209,2.83,2.88,2.83,2.86,2430205.0,1113653218.00
20161212,2.86,2.91,2.85,2.89,2679414.0,1237222020.00
20161213,2.87,2.88,2.84,2.85,1173619.0,536568981.00
20161214,2.85,2.87,2.85,2.85,740067.0,338897632.00
20161215,2.85,2.85,2.77,2.78,1253545.0,562236088.00
20161216,2.78,2.78,2.75,2.76,1063819.0,471566489.00
20161219,2.76,2.78,2.75,2.77,497662.0,220655675.00
20161220,2.77,2.78,2.73,2.75,1029281.0,452756023.00
20161221,2.74,2.76,2.74,2.76,735738.0,324687352.00
20161222,2.76,2.76,2.74,2.75,608265.0,268013232.00
20161223,2.75,2.75,2.73,2.75,600634.0,263871387.00
20161226,2.73,2.75,2.71,2.75,890138.0,389851608.00
20161227,2.74,2.75,2.73,2.74,486886.0,214096548.00
20161228,2.74,2.74,2.71,2.73,928053.0,405449448.00
20161229,2.72,2.74,2.72,2.73,790004.0,345590764.00
20161230,2.73,2.75,2.73,2.75,876107.0,384672848.00
20170103,2.75,2.76,2.74,2.76,1041616.0,460087750.00
20170104,2.76,2.77,2.75,2.76,1189234.0,526408823.00
20170105,2.76,2.78,2.76,2.77,873561.0,387580728.00
20170106,2.77,2.78,2.76,2.77,870081.0,386138116.00
20170109,2.78,2.80,2.76,2.78,1174540.0,523539383.00
20170110,2.78,2.79,2.77,2.78,636632.0,283646229.00
20170111,2.78,2.80,2.78,2.79,523954.0,233898107.00
20170112,2.78,2.79,2.77,2.79,621662.0,277258300.00
20170113,2.78,2.80,2.77,2.80,938512.0,419357047.00
20170116,2.79,2.86,2.77,2.84,3023113.0,1364412975.00
20170117,2.82,2.83,2.81,2.83,900222.0,407014729.00
20170118,2.82,2.83,2.81,2.83,682904.0,308822017.00
20170119,2.83,2.85,2.81,2.83,1105988.0,500585770.00
20170120,2.82,2.83,2.81,2.82,678701.0,306500362.00
20170123,2.82,2.83,2.81,2.83,770110.0,348112266.00
20170124,2.82,2.85,2.82,2.84,1172834.0,532631883.00
20170125,2.84,2.85,2.83,2.85,682557.0,310690168.00
20170126,2.85,2.87,2.85,2.87,845022.0,386971696.00
20170203,2.86,2.87,2.84,2.85,531377.0,242482106.00
20170206,2.85,2.85,2.83,2.85,551282.0,251005935.00
20170207,2.84,2.85,2.83,2.84,684144.0,311360297.00
20170208,2.84,2.85,2.81,2.85,555113.0,251930028.00
20170209,2.84,2.85,2.83,2.85,655012.0,298864411.00
20170210,2.85,2.86,2.85,2.86,597201.0,273504007.00
20170213,2.86,2.89,2.86,2.88,939989.0,433628174.00
20170214,2.88,2.90,2.88,2.88,806458.0,372864457.00
20170215,2.88,2.93,2.88,2.92,1566788.0,729898537.00
20170216,2.92,2.95,2.91,2.92,1031725.0,483137636.00
20170217,2.93,2.93,2.88,2.90,953769.0,444519269.00
20170220,2.89,2.94,2.89,2.91,1557025.0,728360221.00
20170221,2.92,2.94,2.91,2.92,907398.0,425412580.00
20170222,2.92,2.93,2.91,2.93,609735.0,285950423.00
20170223,2.93,2.95,2.93,2.94,613090.0,288149505.00
20170224,2.93,2.93,2.92,2.93,542872.0,254734807.00
20170227,2.92,2.93,2.91,2.93,585053.0,274228813.00
20170228,2.92,2.93,2.91,2.93,498149.0,233271741.00
20170301,2.92,2.94,2.90,2.92,932991.0,436965707.00
20170302,2.92,2.93,2.91,2.91,506363.0,237114179.00
20170303,2.91,2.92,2.90,2.90,429397.0,200181544.00
20170306,2.90,2.92,2.89,2.90,954696.0,444384940.00
20170307,2.90,2.92,2.89,2.92,855523.0,398252097.00
20170308,2.91,2.93,2.91,2.93,636302.0,297861104.00
20170309,2.92,2.95,2.91,2.93,1285470.0,604436588.00
20170310,2.93,2.94,2.92,2.94,523314.0,245851158.00
20170313,2.93,2.95,2.92,2.95,674208.0,317462710.00
20170314,2.95,2.98,2.95,2.97,697015.0,330953825.00
20170315,2.97,2.97,2.94,2.96,583525.0,276534270.00
20170316,2.96,2.96,2.93,2.93,1182576.0,559053138.00
20170317,2.94,2.95,2.91,2.93,812249.0,381978603.00
20170320,2.93,2.95,2.93,2.94,835807.0,393812178.00
20170321,2.93,2.95,2.93,2.94,571113.0,268888793.00
20170322,2.94,2.94,2.90,2.91,1129561.0,528460211.00
20170323,2.91,2.93,2.90,2.91,891503.0,416701715.00
20170324,2.91,2.93,2.89,2.93,969805.0,452381998.00
20170327,2.91,2.97,2.91,2.96,1575337.0,743929161.00
20170328,2.96,2.97,2.95,2.96,764140.0,362490509.00
20170329,2.96,2.98,2.95,2.98,982220.0,467762713.00
20170330,2.98,3.01,2.95,3.00,1276714.0,607688496.00
20170331,2.98,3.05,2.98,3.02,1303543.0,629464878.00
20170405,3.02,3.03,3.00,3.03,1094869.0,529500135.00
20170406,3.03,3.03,3.00,3.01,629795.0,303787354.00
20170407,3.01,3.04,3.00,3.03,893351.0,433073222.00
20170410,3.03,3.04,3.00,3.01,588556.0,284177676.00
20170411,3.00,3.01,2.98,3.00,810136.0,388871585.00
20170412,2.99,3.05,2.98,3.03,1138102.0,548277448.00
20170413,3.02,3.02,2.99,3.00,799770.0,385351337.00
20170414,3.00,3.01,2.98,3.00,450116.0,216116056.00
20170417,2.99,3.01,2.96,3.01,1129898.0,540611450.00
20170418,3.00,3.00,2.98,2.99,610917.0,292283671.00
20170419,2.98,2.99,2.95,2.96,897155.0,426318391.00
20170420,2.95,2.98,2.95,2.95,641973.0,304725880.00
20170421,2.95,3.01,2.95,3.00,1250026.0,597576218.00
20170424,2.99,3.02,2.98,3.01,927292.0,446364424.00
20170425,3.01,3.01,3.00,3.00,637458.0,307119446.00
20170426,3.01,3.04,3.00,3.04,855232.0,414075215.00
20170427,3.03,3.05,3.01,3.05,1030455.0,500778726.00
20170428,3.04,3.05,3.01,3.05,660622.0,320794707.00
20170502,3.03,3.04,3.01,3.01,423866.0,205273096.00
20170503,3.01,3.01,2.99,3.00,768178.0,369536251.00
20170504,3.00,3.01,2.98,3.00,717896.0,344687610.00
20170505,2.99,3.04,2.98,3.03,1255875.0,605112334.00
20170508,3.01,3.06,3.01,3.06,1414584.0,688241515.00
20170509,3.04,3.06,3.03,3.04,772373.0,377718384.00
20170510,3.03,3.06,3.03,3.06,920431.0,449950712.00
20170511,3.06,3.10,3.06,3.08,1062644.0,524557064.00
20170512,3.07,3.16,3.06,3.16,1651511.0,826699747.00
20170515,3.15,3.19,3.13,3.18,1554190.0,789661963.00
20170516,3.17,3.17,3.10,3.12,1498697.0,750102368.00
20170517,3.11,3.12,3.08,3.10,1182552.0,586105486.00
20170518,3.08,3.13,3.08,3.12,707722.0,352948738.00
20170519,3.12,3.13,3.10,3.11,449948.0,224590420.00
20170522,3.10,3.15,3.10,3.14,1001145.0,501217542.00
20170523,3.14,3.19,3.13,3.18,1373902.0,697930661.00
20170524,3.18,3.20,3.15,3.19,958078.0,487960967.00
20170525,3.19,3.31,3.18,3.22,2512756.0,1302498438.00
20170526,3.20,3.28,3.20,3.26,1120496.0,582681277.00
20170531,3.25,3.30,3.23,3.28,1177073.0,616451183.00
20170601,3.27,3.32,3.26,3.31,1144883.0,602099063.00
20170602,3.31,3.37,3.29,3.31,1209501.0,645472311.00
20170605,3.29,3.29,3.18,3.21,3129404.0,1613933715.00
20170606,3.19,3.21,3.18,3.21,1104253.0,565692984.00
20170607,3.20,3.25,3.19,3.22,1625087.0,838740021.00
20170608,3.21,3.23,3.19,3.22,1424654.0,733354026.00
20170609,3.22,3.26,3.21,3.22,2317802.0,1199941141.00
20170612,3.22,3.24,3.20,3.21,1606855.0,830351448.00
20170613,3.21,3.23,3.19,3.21,932434.0,479603365.00
20170614,3.21,3.22,3.19,3.21,734489.0,377537388.00
20170615,3.21,3.21,3.14,3.15,1976012.0,1004445223.00
20170616,3.14,3.16,3.12,3.14,1387724.0,697851516.00
20170619,3.14,3.16,3.11,3.12,2050782.0,1028985301.00
20170620,3.12,3.16,3.11,3.14,1969281.0,989599825.00
20170621,3.15,3.16,3.13,3.15,1149634.0,579457178.00
20170622,3.15,3.23,3.14,3.18,3121538.0,1598284141.00
20170623,3.18,3.21,3.16,3.21,1635916.0,836120176.00
20170626,3.20,3.27,3.16,3.19,3020392.0,1554208978.00
20170627,3.18,3.19,3.16,3.18,2101331.0,1069298111.00
20170628,3.18,3.21,3.16,3.16,2450792.0,1252574020.00
20170629,3.18,3.24,3.17,3.23,1814934.0,933437347.00
20170630,3.22,3.28,3.21,3.28,2041933.0,1066988996.00
20170703,3.27,3.29,3.26,3.27,996615.0,521850456.00
20170704,3.27,3.29,3.23,3.28,1357320.0,709171868.00
20170705,3.27,3.28,3.24,3.26,1042581.0,544623294.00
20170706,3.25,3.28,3.25,3.26,1074568.0,562347817.00
20170707,3.26,3.26,3.24,3.25,1621100.0,844999124.00
20170710,3.25,3.27,3.23,3.26,1398790.0,729039119.00
20170711,3.26,3.32,3.24,3.30,2489282.0,1249932391.00
20170712,3.30,3.36,3.30,3.32,2198352.0,1122631870.00
20170713,3.33,3.39,3.32,3.37,2103647.0,1080716841.00
20170714,3.37,3.39,3.35,3.37,919067.0,474780292.00
20170717,3.39,3.51,3.37,3.49,3178882.0,1679932657.00
20170718,3.45,3.51,3.43,3.45,1847372.0,980266595.00
20170719,3.44,3.49,3.41,3.44,2407278.0,1272124086.00
20170720,3.44,3.46,3.41,3.45,1754804.0,923684742.00
20170721,3.45,3.50,3.44,3.48,1263381.0,672091115.00
20170724,3.47,3.55,3.47,3.52,1711227.0,923957625.00
20170725,3.52,3.64,3.52,3.58,2444556.0,1343183304.00
20170726,3.58,3.69,3.56,3.66,2244494.0,1252080192.00
20170727,3.64,3.65,3.58,3.61,1826523.0,1009318854.00
20170728,3.60,3.66,3.54,3.62,1472872.0,813887749.00
20170731,3.61,3.65,3.59,3.60,1226221.0,680532268.00
20170801,3.60,3.63,3.60,3.63,1391795.0,770611801.00
20170802,3.63,3.72,3.62,3.72,2209630.0,1251334053.00
20170803,3.72,3.77,3.66,3.69,1605672.0,912529257.00
20170804,3.67,3.71,3.66,3.70,1136753.0,642953154.00
20170807,3.68,3.71,3.63,3.69,1105536.0,623270422.00
20170808,3.67,3.73,3.63,3.71,1182998.0,667331920.00
20170809,3.69,3.70,3.60,3.62,1385637.0,774263820.00
20170810,3.62,3.64,3.54,3.60,1556404.0,854624699.00
20170811,3.56,3.64,3.52,3.62,2225301.0,1215122180.00
20170814,3.59,3.62,3.55,3.58,1462663.0,802259124.00
20170815,3.58,3.72,3.58,3.66,2601863.0,1465479916.00
20170816,3.66,3.72,3.62,3.67,1451720.0,818380832.00
20170817,3.67,3.69,3.64,3.67,605671.0,340043653.00
20170818,3.65,3.69,3.62,3.67,915047.0,512952157.00
20170821,3.65,3.69,3.63,3.67,744644.0,416956132.00
20170822,3.67,3.72,3.66,3.71,863190.0,488014186.00
20170823,3.71,3.82,3.70,3.82,2021402.0,1170020925.00
20170824,3.84,3.88,3.81,3.86,1482163.0,875386355.00
20170825,3.85,4.03,3.85,4.02,2713533.0,1648923607.00
20170828,4.01,4.03,3.92,3.95,3507362.0,2133696964.00
20170829,3.94,3.97,3.90,3.97,1712718.0,1036639115.00
20170830,3.97,3.99,3.84,3.90,2629250.0,1577121146.00
20170831,3.88,3.90,3.81,3.85,2531552.0,1493536355.00
20170901,3.82,3.86,3.76,3.78,3399657.0,1987960684.00
20170904,3.77,3.84,3.76,3.84,2116663.0,1238614676.00
20170905,3.83,3.92,3.82,3.88,2339241.0,1393241003.00
20170906,3.87,3.90,3.84,3.85,1233432.0,728517833.00
20170907,3.85,3.86,3.81,3.84,1158944.0,679893182.00
20170908,3.83,3.88,3.82,3.85,1087328.0,640112794.00
20170911,3.86,3.90,3.84,3.84,1756428.0,1041184833.00
20170912,3.84,3.88,3.81,3.87,1446317.0,849024158.00
20170913,3.86,3.89,3.85,3.87,1218444.0,723510862.00
20170914,3.86,3.90,3.82,3.84,1762811.0,1044554338.00
20170915,3.82,3.82,3.75,3.77,2024035.0,1172719620.00
20170918,3.79,3.79,3.74,3.76,1276890.0,736307003.00
20170919,3.75,3.78,3.70,3.77,2126809.0,1219244260.00
20170920,3.75,3.79,3.73,3.78,1200302.0,693451293.00
20170921,3.77,3.89,3.77,3.88,2390301.0,1410591951.00
20170922,3.88,3.95,3.87,3.90,1751785.0,1049237628.00
20170925,3.88,4.01,3.88,3.99,2088885.0,1262477863.00
20170926,3.97,4.00,3.96,3.96,1295644.0,790098460.00
20170927,3.95,3.96,3.90,3.93,1702517.0,1023715524.00
20170928,3.92,3.96,3.88,3.95,1408868.0,845388054.00
20170929,3.94,3.96,3.89,3.92,1375295.0,825599597.00
20171009,4.09,4.13,3.93,3.98,4143991.0,2549794027.00
20171010,3.97,4.04,3.91,4.01,3160798.0,1927549818.00
20171011,3.99,4.07,3.99,4.05,1961269.0,1211789130.00
20171012,4.03,4.07,4.03,4.05,1295405.0,803900184.00
20171013,4.05,4.06,4.00,4.01,1538436.0,949335467.00
20171016,3.99,4.06,3.98,4.05,1799521.0,1110111572.00
20171017,4.04,4.06,4.01,4.01,1455143.0,899597525.00
20171018,4.03,4.11,4.00,4.10,2598969.0,1616782253.00
20171019,4.08,4.18,4.07,4.14,2255113.0,1428684400.00
20171020,4.13,4.13,4.07,4.07,1441587.0,903955406.00
20171023,4.07,4.11,4.03,4.04,1546878.0,962512348.00
20171024,4.04,4.08,4.03,4.07,1563806.0,972450630.00
20171025,4.05,4.07,4.00,4.02,1658666.0,1022535463.00
20171026,4.01,4.01,3.94,3.95,3648832.0,2217286009.00
20171027,3.95,4.09,3.93,4.04,4563964.0,2808909770.00
20171030,4.03,4.10,4.01,4.08,2632339.0,1641299659.00
20171031,4.07,4.08,3.97,3.98,2028074.0,1247662867.00
20171101,3.99,4.00,3.96,3.97,2090968.0,1272339699.00
20171102,3.97,3.98,3.91,3.97,2049580.0,1240297927.00
20171103,3.96,3.99,3.92,3.98,2102661.0,1273814371.00
20171106,3.96,3.97,3.92,3.95,1596512.0,963361047.00
20171107,3.94,3.98,3.92,3.96,3421529.0,2069480027.00
20171108,3.96,3.97,3.92,3.94,3107053.0,1876195231.00
20171109,3.93,3.94,3.88,3.88,2714198.0,1622576915.00
20171110,3.88,3.88,3.79,3.80,4184662.0,2449725064.00
20171113,3.81,3.90,3.81,3.89,4065795.0,2410240641.00
20171114,3.89,3.90,3.84,3.86,1911099.0,1130754341.00
20171115,3.84,3.88,3.82,3.86,1693957.0,1000239409.00
20171116,3.84,3.86,3.80,3.82,2146232.0,1257739385.00
20171117,3.82,3.94,3.82,3.94,4095053.0,2447884551.00
20171120,3.92,4.01,3.90,3.99,3799938.0,2305443629.00
20171121,3.97,4.03,3.94,3.99,4172912.0,2549098893.00
20171122,4.01,4.11,4.01,4.07,4318695.0,2693415698.00
20171123,4.07,4.12,3.96,3.99,3725663.0,2305971060.00
20171124,3.99,4.00,3.90,3.96,3064491.0,1848711911.00
20171127,3.94,3.94,3.86,3.90,3322823.0,1982702596.00
20171128,3.88,3.90,3.84,3.86,1991047.0,1177612540.00
20171129,3.88,3.91,3.84,3.86,1851999.0,1097060365.00
20171130,3.86,3.87,3.83,3.86,1648187.0,971396078.00
20171201,3.86,3.86,3.82,3.84,1634476.0,960961441.00
20171204,3.83,3.86,3.81,3.84,1486331.0,874427309.00
20171205,3.84,3.94,3.83,3.92,3648603.0,2176145858.00
20171206,3.90,3.92,3.86,3.90,2051953.0,1221972375.00
20171207,3.88,3.89,3.82,3.85,1646659.0,969897035.00
20171208,3.84,3.85,3.82,3.84,1554173.0,913295337.00
20171211,3.84,3.84,3.80,3.84,1753620.0,1025706811.00
20171212,3.84,3.84,3.81,3.81,1227704.0,719258690.00
20171213,3.82,3.86,3.79,3.85,1669401.0,978478214.00
20171214,3.85,3.90,3.84,3.84,1469378.0,870053895.00
20171215,3.84,3.84,3.81,3.82,1168481.0,684416775.00
20171218,3.82,3.86,3.82,3.86,1670006.0,983204991.00
20171219,3.85,3.92,3.84,3.90,2728215.0,1628202576.00
20171220,3.91,3.94,3.88,3.90,1900410.0,1136206448.00
20171221,3.90,3.91,3.88,3.89,1465818.0,874744841.00
20171222,3.90,3.90,3.86,3.86,1186604.0,704959350.00
20171225,3.87,3.94,3.87,3.92,2396364.0,1437036002.00
20171226,3.92,3.98,3.90,3.97,2165329.0,1313822197.00
20171227,3.97,4.01,3.93,3.95,2151400.0,1310856357.00
20171228,3.94,4.01,3.93,4.01,2100886.0,1281417931.00
20171229,4.00,4.06,3.99,4.05,2168997.0,1340016987.00
20180102,4.04,4.17,3.99,4.03,5374662.0,3356778409.00
20180103,4.03,4.13,3.99,4.02,3493611.0,2172614073.00
20180104,4.03,4.03,3.96,3.96,4351365.0,2661279489.00
20180105,3.97,3.99,3.96,3.97,2817842.0,1715071500.00
20180108,3.97,3.98,3.94,3.96,2184876.0,1325134030.00
20180109,3.96,3.99,3.94,3.97,1671857.0,1016901409.00
20180110,3.97,4.04,3.96,4.02,2487389.0,1528503369.00
20180111,4.03,4.07,4.01,4.05,1970473.0,1220745187.00
20180112,4.05,4.11,4.05,4.08,2188517.0,1367945833.00
20180115,4.07,4.23,4.07,4.20,5302095.0,3390801519.00
20180116,4.20,4.30,4.16,4.30,3820653.0,2477463822.00
20180117,4.33,4.56,4.33,4.39,5885365.0,3985715090.00
20180118,4.41,4.67,4.41,4.65,5869909.0,4082204721.00
20180119,4.66,4.70,4.56,4.65,4366550.0,3090202754.00
20180122,4.60,4.80,4.58,4.68,4691221.0,3361424941.00
20180123,4.67,4.91,4.64,4.89,6030551.0,4451129294.00
20180124,4.89,5.00,4.76,4.83,5003507.0,3730795529.00
20180125,4.78,4.84,4.65,4.80,3875393.0,2825420229.00
20180126,4.76,4.93,4.75,4.81,4221498.0,3128361719.00
20180129,4.81,5.02,4.80,4.85,3695341.0,2770750386.00
20180130,4.83,4.84,4.71,4.75,2465403.0,1800131407.00
20180131,4.75,4.90,4.71,4.88,3767759.0,2761036083.00
20180201,4.86,5.03,4.84,5.01,4568140.0,3463752676.00
20180202,4.96,5.01,4.86,4.96,3322599.0,2512792373.00
20180205,4.88,5.07,4.87,5.06,4080189.0,3129790805.00
20180206,4.95,4.99,4.83,4.94,6795771.0,5121172363.00
20180207,4.94,5.01,4.57,4.65,6369817.0,4666865512.00
20180208,4.60,4.62,4.37,4.45,5409203.0,3715985911.00
20180209,4.29,4.39,4.20,4.36,6043811.0,3985698498.00
20180212,4.33,4.38,4.26,4.31,3544422.0,2344434626.00
20180213,4.35,4.49,4.33,4.44,4239094.0,2865744342.00
20180214,4.43,4.50,4.39,4.49,1805734.0,1234093936.00
20180222,4.59,4.62,4.54,4.57,2546631.0,1789568288.00
20180223,4.59,4.60,4.52,4.58,1895043.0,1324991245.00
20180226,4.61,4.68,4.53,4.58,2804496.0,1973958671.00
20180227,4.57,4.59,4.38,4.43,3437453.0,2345465632.00
20180228,4.38,4.42,4.33,4.35,2413871.0,1615860477.00
20180301,4.33,4.41,4.30,4.37,1904846.0,1275672236.00
20180302,4.31,4.39,4.29,4.36,1636773.0,1089812841.00
20180305,4.35,4.39,4.26,4.32,2052887.0,1357444335.00
20180306,4.34,4.36,4.23,4.28,4386066.0,2875033346.00
20180307,4.30,4.39,4.29,4.33,3933426.0,2620109832.00
20180308,4.34,4.35,4.26,4.28,2306817.0,1517502717.00
20180309,4.29,4.31,4.26,4.28,1842561.0,1209625214.00
20180312,4.31,4.32,4.21,4.23,4415456.0,2890852261.00
20180313,4.24,4.29,4.23,4.24,2937149.0,1916691862.00
20180314,4.22,4.24,4.18,4.20,1934814.0,1245072023.00
20180315,4.18,4.22,4.18,4.22,1519619.0,979426517.00
20180316,4.22,4.22,4.14,4.15,1642283.0,1051740274.00
20180319,4.14,4.18,4.11,4.18,1504199.0,955871368.00
20180320,4.14,4.27,4.14,4.26,2514772.0,1628315187.00
20180321,4.28,4.29,4.20,4.24,2333607.0,1519914850.00
20180322,4.24,4.24,4.15,4.22,1961055.0,1259729602.00
20180323,4.14,4.14,4.01,4.11,3544713.0,2219790458.00
20180326,4.07,4.10,3.88,3.93,4007328.0,2431016333.00
20180327,3.97,4.00,3.86,3.90,3701265.0,2218556532.00
20180328,3.86,3.98,3.85,3.90,3762391.0,2261921883.00
20180329,3.92,4.07,3.86,3.97,4704740.0,2858443177.00
20180330,3.98,4.01,3.96,3.97,2365589.0,1443446371.00
20180402,3.97,3.99,3.87,3.89,3005908.0,1803979996.00
20180403,3.85,3.88,3.81,3.84,2340767.0,1376478110.00
20180404,3.85,3.88,3.81,3.83,1945170.0,1146884490.00
20180409,3.84,3.86,3.82,3.82,1584898.0,931084508.00
20180410,3.82,4.00,3.82,3.99,3274888.0,1964939852.00
20180411,3.99,4.11,3.99,4.07,3386003.0,2100124358.00
20180412,4.06,4.07,3.95,3.97,2074726.0,1273076622.00
20180413,4.00,4.01,3.92,3.94,1716561.0,1039652829.00
20180416,3.92,3.92,3.77,3.80,3926059.0,2296424132.00
20180417,3.80,3.82,3.75,3.78,1976059.0,1147983626.00
20180418,3.83,3.86,3.79,3.84,3131491.0,1836848246.00
20180419,3.84,3.90,3.84,3.86,2143684.0,1271554923.00
20180420,3.85,3.88,3.80,3.86,1919463.0,1129784454.00
20180423,3.83,3.95,3.82,3.93,2379811.0,1423659690.00
20180424,3.94,4.07,3.92,3.97,5343017.0,3262784574.00
20180425,3.94,3.95,3.88,3.91,2085181.0,1249453222.00
20180426,3.91,3.92,3.84,3.88,2054017.0,1218654222.00
20180427,3.88,3.94,3.84,3.92,2197416.0,1307657116.00
20180502,3.96,3.97,3.89,3.90,1718285.0,1033807845.00
20180503,3.90,3.92,3.86,3.88,1497655.0,892588509.00
20180504,3.87,3.89,3.84,3.86,1315969.0,778490615.00
20180507,3.86,3.89,3.82,3.88,1916851.0,1132764885.00
20180508,3.88,3.97,3.86,3.90,3228419.0,1938029640.00
20180509,3.91,3.92,3.88,3.91,1461171.0,872576939.00
20180510,3.92,3.94,3.88,3.92,1525428.0,914792868.00
20180511,3.92,3.98,3.91,3.96,2787789.0,1690257018.00
20180514,3.97,4.01,3.94,3.96,2498770.0,1520366403.00
20180515,3.97,4.01,3.95,3.97,2043866.0,1244723970.00
20180516,3.96,3.96,3.90,3.92,1602063.0,964628887.00
20180517,3.92,3.92,3.88,3.90,1400923.0,835994403.00
20180518,3.88,3.96,3.87,3.95,1442387.0,865674057.00
20180521,3.97,3.97,3.91,3.94,2134080.0,1289062932.00
20180522,3.92,3.93,3.88,3.90,1851435.0,1103615932.00
20180523,3.88,3.89,3.82,3.82,2531641.0,1489993006.00
20180524,3.82,3.84,3.76,3.77,2375144.0,1377893276.00
20180525,3.76,3.79,3.75,3.77,1798287.0,1036800691.00
20180528,3.76,3.78,3.74,3.76,1376079.0,792088828.00
20180529,3.75,3.76,3.67,3.75,3014850.0,1713198830.00
20180530,3.69,3.72,3.67,3.67,1461400.0,827711227.00
20180531,3.69,3.71,3.66,3.69,1891983.0,1068918820.00
20180601,3.68,3.72,3.66,3.68,1750361.0,989445886.00
20180604,3.69,3.73,3.68,3.72,2041340.0,1161090034.00
20180605,3.73,3.74,3.69,3.72,1468722.0,835579978.00
20180606,3.71,3.71,3.69,3.69,1280016.0,725281259.00
20180607,3.70,3.73,3.69,3.71,1634735.0,929255910.00
20180608,3.70,3.71,3.64,3.64,2019455.0,1131400542.00
20180611,3.64,3.66,3.60,3.64,1228751.0,682975416.00
20180612,3.64,3.66,3.62,3.66,1166799.0,651384560.00
20180613,3.64,3.65,3.61,3.64,1363998.0,757652099.00
20180614,3.62,3.69,3.62,3.67,1403449.0,785016596.00
20180615,3.66,3.74,3.66,3.72,2793783.0,1589976530.00
20180619,3.69,3.76,3.66,3.75,4736599.0,2701231480.00
20180620,3.72,3.73,3.69,3.71,1365347.0,775845309.00
20180621,3.71,3.74,3.69,3.71,1394836.0,795973903.00
20180622,3.69,3.71,3.67,3.70,1249003.0,705564433.00
20180625,3.71,3.73,3.60,3.62,1716884.0,962182102.00
20180626,3.60,3.60,3.50,3.54,2013273.0,1092349079.00
20180627,3.52,3.53,3.45,3.47,1936487.0,1031488535.00
20180628,3.45,3.45,3.38,3.39,1587600.0,831716813.00
20180629,3.41,3.48,3.41,3.47,1303485.0,687593339.00
20180702,3.46,3.46,3.30,3.32,1815530.0,939745711.00
20180703,3.32,3.35,3.30,3.35,2210339.0,1127775219.00
20180704,3.35,3.39,3.34,3.37,1236145.0,639122725.00
20180705,3.37,3.45,3.37,3.41,1865183.0,972388008.00
20180706,3.41,3.49,3.38,3.45,1925443.0,1013399712.00
20180709,3.47,3.62,3.47,3.61,2155458.0,1174157841.00
20180710,3.63,3.64,3.56,3.60,1289900.0,709528373.00
20180711,3.53,3.60,3.52,3.58,1520448.0,831407573.00
20180712,3.57,3.70,3.56,3.69,2134622.0,1199927563.00
20180713,3.71,3.72,3.64,3.65,1458769.0,783719147.00
20180716,3.63,3.65,3.55,3.56,1736925.0,912275287.00
20180717,3.56,3.57,3.52,3.56,1018467.0,530286625.00
20180718,3.57,3.63,3.56,3.56,963695.0,507877468.00
20180719,3.57,3.58,3.50,3.52,1086481.0,563235878.00
20180720,3.52,3.76,3.50,3.73,3585294.0,1922223457.00
20180723,3.74,3.89,3.70,3.82,3924490.0,2191821315.00
20180724,3.83,3.91,3.80,3.82,2633342.0,1486706112.00
20180725,3.82,3.84,3.78,3.83,1904414.0,1065617544.00
20180726,3.83,3.87,3.75,3.78,1997142.0,1111538907.00
20180727,3.77,3.80,3.75,3.78,1142407.0,632774801.00
20180730,3.77,3.85,3.76,3.81,1711754.0,956312739.00
20180731,3.81,3.87,3.77,3.85,1311608.0,736427123.00
20180801,3.85,3.89,3.78,3.78,1648041.0,928819141.00
20180802,3.76,3.78,3.69,3.71,1498228.0,818683972.00
20180803,3.71,3.78,3.70,3.74,1617001.0,889834111.00
20180806,3.76,3.82,3.72,3.76,1377022.0,762142310.00
20180807,3.76,3.82,3.71,3.82,2207547.0,1216576016.00
20180808,3.79,3.80,3.75,3.76,1213143.0,671774821.00
20180809,3.73,3.80,3.72,3.80,1517006.0,840654618.00
20180810,3.78,3.80,3.73,3.75,1559059.0,858992392.00
20180813,3.73,3.73,3.62,3.68,2190260.0,1177448310.00
20180814,3.66,3.67,3.62,3.67,1520363.0,812656956.00
20180815,3.65,3.65,3.60,3.61,1560965.0,830116651.00
20180816,3.56,3.63,3.54,3.59,1973864.0,1038415577.00
20180817,3.61,3.62,3.57,3.59,1401296.0,739626562.00
20180820,3.61,3.67,3.59,3.65,1520699.0,810195905.00
20180821,3.67,3.70,3.65,3.68,1487702.0,804435697.00
20180822,3.68,3.71,3.64,3.67,776009.0,417623000.00
20180823,3.67,3.71,3.66,3.68,911500.0,492518601.00
20180824,3.67,3.77,3.65,3.74,1711983.0,933085403.00
20180827,3.74,3.78,3.70,3.77,1977216.0,1087290304.00
20180828,3.77,3.80,3.74,3.76,1207773.0,667682694.00
20180829,3.75,3.76,3.71,3.74,709947.0,388541937.00
20180830,3.74,3.75,3.67,3.68,1191030.0,646696764.00
20180831,3.65,3.74,3.65,3.71,2154535.0,1168298958.00
20180903,3.69,3.73,3.67,3.70,1089986.0,591034971.00
20180904,3.70,3.73,3.65,3.71,1279523.0,692475397.00
20180905,3.69,3.70,3.65,3.65,1176416.0,632498333.00
20180906,3.63,3.66,3.61,3.63,859739.0,458841634.00
20180907,3.64,3.67,3.63,3.65,862333.0,461299835.00
20180910,3.64,3.68,3.62,3.64,1064815.0,570727308.00
20180911,3.64,3.67,3.62,3.64,931025.0,497613979.00
20180912,3.62,3.63,3.60,3.61,1008677.0,534499953.00
20180913,3.64,3.67,3.61,3.66,1148164.0,612783451.00
20180914,3.67,3.67,3.65,3.66,681130.0,365783310.00
20180917,3.65,3.66,3.62,3.63,835209.0,445943662.00
20180918,3.63,3.67,3.61,3.67,1126595.0,601913118.00
20180919,3.66,3.72,3.65,3.71,1767880.0,959117250.00
20180920,3.71,3.76,3.71,3.74,1477091.0,809829138.00
20180921,3.76,3.92,3.71,3.92,3285182.0,1848963749.00
20180925,3.86,3.90,3.84,3.86,2118049.0,1202612205.00
20180926,3.88,3.93,3.86,3.89,2327120.0,1331842938.00
20180927,3.88,3.89,3.82,3.88,1298206.0,735440798.00
20180928,3.88,3.95,3.87,3.93,2000095.0,1149909897.00
20181008,3.84,3.84,3.76,3.79,2195532.0,1224027957.00
20181009,3.76,3.80,3.75,3.77,1478667.0,818145013.00
20181010,3.78,3.80,3.76,3.78,1448229.0,802739697.00
20181011,3.69,3.74,3.65,3.68,2371310.0,1286482198.00
20181012,3.68,3.78,3.68,3.77,1651175.0,902635315.00
20181015,3.76,3.76,3.70,3.70,1055919.0,576406049.00
20181016,3.70,3.76,3.69,3.71,1016670.0,556342930.00
20181017,3.75,3.76,3.67,3.70,1869574.0,1019074792.00
20181018,3.69,3.70,3.65,3.65,1497852.0,807226980.00
20181019,3.65,3.76,3.60,3.74,2483320.0,1345285816.00
20181022,3.75,3.87,3.75,3.84,2772704.0,1556976411.00
20181023,3.84,3.86,3.71,3.73,2045772.0,1134478169.00
20181024,3.72,3.86,3.71,3.83,2634179.0,1474702211.00
20181025,3.76,3.86,3.73,3.85,2202105.0,1230959597.00
20181026,3.86,3.93,3.80,3.88,1992535.0,1122075310.00
20181029,3.86,3.91,3.77,3.80,1862819.0,1046638852.00
20181030,3.82,3.87,3.79,3.84,1517325.0,852383405.00
20181031,3.82,3.85,3.80,3.84,1516160.0,851804604.00
20181101,3.85,3.86,3.78,3.80,1946329.0,1089281160.00
20181102,3.84,3.86,3.78,3.84,3405294.0,1910514643.00
20181105,3.82,3.83,3.78,3.79,1898292.0,1057512736.00
20181106,3.80,3.80,3.75,3.77,1581505.0,873981044.00
20181107,3.77,3.80,3.75,3.76,1527558.0,844666274.00
20181108,3.77,3.79,3.76,3.77,1222918.0,676676589.00
20181109,3.73,3.73,3.61,3.65,4099081.0,2191481175.00
20181112,3.62,3.66,3.61,3.65,1912826.0,1020680555.00
20181113,3.62,3.69,3.61,3.67,1966675.0,1052653345.00
20181114,3.66,3.66,3.61,3.62,1771988.0,944287680.00
20181115,3.62,3.65,3.61,3.65,1208254.0,644050300.00
20181116,3.65,3.67,3.63,3.64,1395429.0,747277332.00
20181119,3.65,3.69,3.65,3.69,1768291.0,952026363.00
20181120,3.67,3.68,3.62,3.65,1431497.0,766521317.00
20181121,3.62,3.66,3.62,3.65,983231.0,526255183.00
20181122,3.66,3.67,3.63,3.65,793685.0,424623560.00
20181123,3.65,3.65,3.63,3.63,897813.0,479130038.00
20181126,3.65,3.67,3.63,3.65,872378.0,466946502.00
20181127,3.65,3.65,3.63,3.63,661139.0,352717518.00
20181128,3.63,3.65,3.63,3.65,779603.0,416929666.00
20181129,3.66,3.67,3.63,3.63,814643.0,435063214.00
20181130,3.63,3.65,3.62,3.63,611827.0,326057560.00
20181203,3.69,3.71,3.67,3.69,2223474.0,1203130644.00
20181204,3.69,3.70,3.68,3.69,963392.0,521579413.00
20181205,3.67,3.69,3.66,3.68,948942.0,511551963.00
20181206,3.65,3.67,3.63,3.65,1126755.0,602594757.00
20181207,3.65,3.66,3.63,3.65,595983.0,318833133.00
20181210,3.62,3.64,3.62,3.63,808751.0,430647457.00
20181211,3.63,3.64,3.62,3.63,607028.0,323017442.00
20181212,3.64,3.65,3.63,3.64,622103.0,332160887.00
20181213,3.65,3.68,3.64,3.67,976390.0,524792111.00
20181214,3.65,3.67,3.64,3.65,751594.0,402565671.00
20181217,3.63,3.66,3.63,3.66,818948.0,438320427.00
20181218,3.65,3.65,3.63,3.65,976967.0,522120363.00
20181219,3.65,3.66,3.63,3.63,983026.0,526282004.00
20181220,3.63,3.65,3.54,3.56,1853115.0,971134825.00
20181221,3.54,3.55,3.48,3.54,2021416.0,1037461964.00
20181224,3.50,3.56,3.49,3.56,1082039.0,559448435.00
20181225,3.52,3.59,3.52,3.56,1662552.0,864574243.00
20181226,3.56,3.60,3.55,3.59,898617.0,472229363.00
20181227,3.61,3.63,3.59,3.60,1016874.0,538020359.00
20181228,3.61,3.64,3.61,3.61,1115319.0,592871422.00
20190102,3.61,3.62,3.52,3.54,1131849.0,589032055.00
20190103,3.53,3.56,3.52,3.54,943284.0,489960755.00
20190104,3.53,3.60,3.51,3.59,1224420.0,639955298.00
20190107,3.61,3.61,3.56,3.57,999757.0,525367219.00
20190108,3.58,3.58,3.53,3.54,1129184.0,586983187.00
20190109,3.55,3.61,3.54,3.59,1761937.0,927673984.00
20190110,3.57,3.59,3.54,3.56,839222.0,438941575.00
20190111,3.56,3.58,3.55,3.57,838921.0,438851591.00
20190114,3.59,3.59,3.53,3.54,951456.0,495446484.00
20190115,3.55,3.58,3.54,3.56,1189012.0,620636208.00
20190116,3.56,3.57,3.55,3.57,873639.0,456703388.00
20190117,3.58,3.62,3.56,3.58,1673145.0,880743740.00
20190118,3.59,3.68,3.58,3.67,2517758.0,1347139882.00
20190121,3.69,3.74,3.68,3.71,2126181.0,1155980186.00
20190122,3.72,3.72,3.66,3.67,1395486.0,755135234.00
20190123,3.68,3.71,3.67,3.71,1253884.0,680815339.00
20190124,3.72,3.73,3.69,3.72,888219.0,484066271.00
20190125,3.74,3.80,3.74,3.76,1666269.0,922146108.00
20190128,3.82,3.84,3.74,3.75,1639485.0,911337388.00
20190129,3.76,3.79,3.74,3.78,1300705.0,717789267.00
20190130,3.78,3.80,3.76,3.78,1373696.0,762016503.00
20190131,3.80,3.89,3.78,3.86,2251050.0,1270118548.00
20190201,3.87,3.89,3.82,3.85,1436724.0,811725290.00
20190211,3.83,3.85,3.79,3.84,1195632.0,671400319.00
20190212,3.84,3.86,3.81,3.85,845872.0,476043886.00
20190213,3.85,3.91,3.82,3.89,1757538.0,996024200.00
20190214,3.88,3.89,3.84,3.85,1554184.0,878284583.00
20190215,3.84,3.84,3.74,3.76,2130583.0,1182691504.00
20190218,3.78,3.82,3.77,3.82,1874015.0,1043454663.00
20190219,3.81,3.84,3.78,3.80,2126730.0,1186283471.00
20190220,3.80,3.82,3.78,3.80,1068611.0,595932403.00
20190221,3.80,3.82,3.78,3.79,1583102.0,881970594.00
20190222,3.78,3.78,3.73,3.78,2983245.0,1643297727.00
20190225,3.80,4.02,3.80,4.02,6769225.0,3865185131.00
20190226,4.01,4.02,3.91,3.93,4585219.0,2666027060.00
20190227,3.94,4.04,3.91,3.96,4815141.0,2799706270.00
20190228,3.95,3.97,3.89,3.92,2787211.0,1607625827.00
20190301,3.93,3.99,3.89,3.99,3372006.0,1946441854.00
20190304,4.02,4.08,3.97,3.99,6018263.0,3548348327.00
20190305,3.97,3.98,3.93,3.97,3327884.0,1930794205.00
20190306,3.95,3.99,3.95,3.99,3261569.0,1897117848.00
20190307,3.98,3.98,3.91,3.93,4004888.0,2314378721.00
20190308,3.89,3.89,3.80,3.81,3578249.0,2021357634.00
20190311,3.80,3.84,3.78,3.82,2320634.0,1296366800.00
20190312,3.84,3.87,3.82,3.83,2743039.0,1547955028.00
20190313,3.82,3.82,3.78,3.80,3065094.0,1706659371.00
20190314,3.80,3.82,3.78,3.80,2263955.0,1262154847.00
20190315,3.79,3.83,3.79,3.80,2500673.0,1396909155.00
20190318,3.80,3.85,3.79,3.85,3633998.0,2037487807.00
20190319,3.86,3.86,3.83,3.85,2457470.0,1387001937.00
20190320,3.84,3.85,3.81,3.82,2362450.0,1327840234.00
20190321,3.82,3.83,3.80,3.81,2315734.0,1296886937.00
20190322,3.81,3.82,3.78,3.80,1912400.0,1065810875.00
20190325,3.77,3.78,3.72,3.73,3218764.0,1773948858.00
20190326,3.74,3.74,3.70,3.71,2079400.0,1134356207.00
20190327,3.72,3.78,3.71,3.76,2633869.0,1448761846.00
20190328,3.74,3.75,3.71,3.71,1922437.0,1048075591.00
20190329,3.73,3.80,3.72,3.80,3916036.0,2167140511.00
20190401,3.81,3.86,3.81,3.84,4879282.0,2746619007.00
20190402,3.86,3.89,3.84,3.86,3924760.0,2224158954.00
20190403,3.82,3.89,3.82,3.89,3262867.0,1849272726.00
20190404,3.89,3.97,3.88,3.96,4524539.0,2613628429.00
20190408,3.99,4.08,3.94,3.97,4293673.0,2520826723.00
20190409,3.96,3.97,3.93,3.94,2408015.0,1393045154.00
20190410,3.92,3.95,3.89,3.92,2412362.0,1382006764.00
20190411,3.92,3.95,3.89,3.91,2171263.0,1248620756.00
20190412,3.90,3.91,3.89,3.91,1536137.0,879599556.00
20190415,3.96,4.04,3.95,3.96,4734974.0,2779941677.00
20190416,3.94,4.11,3.92,4.09,5512072.0,3278481934.00
20190417,4.08,4.14,4.06,4.10,3642938.0,2192184238.00
20190418,4.10,4.11,4.04,4.05,2164783.0,1291541522.00
20190419,4.05,4.10,4.05,4.08,1845142.0,1102589241.00
20190422,4.08,4.09,3.96,3.97,2731242.0,1604367134.00
20190423,3.98,3.99,3.95,3.96,1831041.0,1064237189.00
20190424,3.97,3.98,3.91,3.96,2091668.0,1213023884.00
20190425,3.95,3.95,3.89,3.91,2259720.0,1300357961.00
20190426,3.89,3.93,3.89,3.89,1840006.0,1053851685.00
20190429,3.91,3.98,3.89,3.95,2119529.0,1225789011.00
20190430,3.95,3.97,3.91,3.96,1850456.0,1071096005.00
20190506,3.88,3.95,3.79,3.90,3942109.0,2231092909.00
20190507,3.89,3.89,3.84,3.86,1680326.0,952166816.00
20190508,3.82,3.84,3.80,3.81,1355874.0,759565823.00
20190509,3.80,3.80,3.75,3.76,1676489.0,927332813.00
20190510,3.78,3.86,3.75,3.82,2165359.0,1208207525.00
20190513,3.78,3.80,3.77,3.78,1164306.0,645989042.00
20190514,3.76,3.79,3.75,3.76,1248745.0,689966955.00
20190515,3.78,3.81,3.76,3.80,1615658.0,896828177.00
20190516,3.78,3.82,3.77,3.81,1546208.0,861855987.00
20190517,3.82,3.82,3.78,3.80,1594083.0,889465004.00
20190520,3.79,3.85,3.78,3.82,2414575.0,1354096098.00
20190521,3.82,3.86,3.82,3.84,1557976.0,878069666.00
20190522,3.84,3.86,3.81,3.85,1208877.0,681037705.00
20190523,3.85,3.86,3.83,3.85,1865486.0,1051733274.00
20190524,3.85,3.90,3.84,3.89,1400200.0,796791416.00
20190527,3.87,3.88,3.83,3.85,1781055.0,1006664975.00
20190528,3.86,3.87,3.83,3.86,1893082.0,1070600877.00
20190529,3.84,3.86,3.83,3.85,1165485.0,657781033.00
20190530,3.85,3.86,3.83,3.86,1205652.0,680596423.00
20190531,3.85,3.86,3.82,3.82,1488230.0,837910267.00
20190603,3.83,3.89,3.83,3.89,1869902.0,1059369588.00
20190604,3.89,3.91,3.87,3.91,1643915.0,939313934.00
20190605,3.91,3.97,3.91,3.93,1707521.0,987984988.00
20190606,3.94,3.95,3.91,3.91,1543094.0,887887833.00
20190610,3.91,3.97,3.91,3.94,1852676.0,1072572133.00
20190611,3.94,3.95,3.93,3.95,2598938.0,1502386897.00
20190612,3.94,3.95,3.91,3.93,1902212.0,1096083192.00
20190613,3.92,3.93,3.89,3.91,1640528.0,940707281.00
20190614,3.91,3.94,3.90,3.91,1482278.0,851421113.00
20190617,3.91,3.93,3.90,3.91,1582082.0,909396131.00
20190618,3.91,3.93,3.90,3.91,2611020.0,1497382199.00
20190619,3.96,3.98,3.93,3.94,4025858.0,2330013862.00
20190620,3.94,4.02,3.93,3.98,5875141.0,3422036508.00
20190621,3.98,4.01,3.97,3.99,3183815.0,1863369476.00
20190624,3.99,4.01,3.97,4.01,1785277.0,1044893557.00
20190625,4.00,4.01,3.93,3.97,2684932.0,1565106769.00
20190626,3.96,3.99,3.95,3.99,1375845.0,803732376.00
20190627,3.99,4.04,3.99,4.03,2244569.0,1323644589.00
20190628,4.01,4.03,3.98,4.01,1561974.0,917321841.00
20190701,4.05,4.07,4.02,4.04,2927829.0,1733983996.00
20190702,4.03,4.06,4.02,4.04,2713569.0,1608451266.00
20190703,4.04,4.05,4.01,4.03,2096733.0,1186312926.00
20190704,4.03,4.04,4.02,4.04,1516906.0,859960469.00
20190705,4.03,4.04,4.02,4.03,1289392.0,729920554.00
20190708,4.02,4.03,3.94,3.98,1962590.0,1097056866.00
20190709,3.96,3.98,3.96,3.97,1193934.0,666052044.00
20190710,3.97,3.98,3.94,3.95,1056818.0,587125216.00
20190711,3.96,3.97,3.95,3.96,1062933.0,591679257.00
20190712,3.97,4.01,3.96,4.00,1411107.0,790560846.00
20190715,3.99,3.99,3.94,3.99,1261611.0,703712105.00
20190716,3.99,4.00,3.96,3.99,808805.0,453192172.00
20190717,3.98,3.99,3.95,3.96,1449433.0,806704397.00
20190718,3.94,3.97,3.94,3.96,1208150.0,671927101.00
20190719,3.96,3.99,3.96,3.99,1189488.0,665457945.00
20190722,3.98,4.02,3.98,4.01,1604548.0,903329968.00
20190723,4.01,4.03,3.99,4.03,1210511.0,682694451.00
20190724,4.03,4.06,4.02,4.05,1701762.0,967315317.00
20190725,4.05,4.05,4.03,4.05,1164247.0,660682532.00
20190726,4.03,4.06,4.03,4.05,1130750.0,642681828.00
20190729,4.05,4.05,4.01,4.02,1532497.0,866677467.00
20190730,4.03,4.04,4.01,4.03,1340973.0,759884552.00
20190731,4.02,4.03,4.00,4.01,1093150.0,616467314.00
20190801,4.00,4.01,3.99,3.99,1041691.0,585216834.00
20190802,3.96,3.98,3.91,3.96,1636155.0,908481761.00
20190805,3.94,3.95,3.90,3.90,1473191.0,812704127.00
20190806,3.86,3.87,3.84,3.85,1741383.0,943338864.00
20190807,3.86,3.87,3.83,3.84,1121974.0,605815403.00
20190808,3.85,3.88,3.84,3.86,1308395.0,709635128.00
20190809,3.87,3.91,3.86,3.89,1509768.0,824562308.00
20190812,3.89,3.94,3.88,3.92,1138926.0,625444071.00
20190813,3.91,3.94,3.90,3.92,1008889.0,555891366.00
20190814,3.94,3.96,3.94,3.94,1075702.0,596398429.00
20190815,3.90,3.96,3.89,3.96,1024084.0,566358431.00
20190816,3.96,3.96,3.91,3.91,1152927.0,637791324.00
20190819,3.89,3.91,3.83,3.89,3309679.0,1797812975.00
20190820,3.89,3.89,3.85,3.86,2349322.0,1273619748.00
20190821,3.85,3.87,3.84,3.86,1058217.0,573831805.00
20190822,3.87,3.87,3.83,3.84,1643501.0,887219738.00
20190823,3.84,3.86,3.83,3.86,1263582.0,683684532.00
20190826,3.81,3.84,3.81,3.83,1390794.0,747568384.00
20190827,3.84,3.87,3.83,3.86,2189476.0,1185475198.00
20190828,3.85,3.86,3.83,3.84,1125786.0,607677060.00
20190829,3.84,3.86,3.83,3.86,1285365.0,694284311.00
20190830,3.87,3.87,3.83,3.84,1528963.0,826775233.00
20190902,3.84,3.86,3.83,3.84,1892707.0,1020599247.00
20190903,3.83,3.84,3.82,3.84,1232397.0,663234360.00
20190904,3.84,3.89,3.83,3.89,2198547.0,1193234818.00
20190905,3.90,3.94,3.89,3.91,2959461.0,1630622336.00
20190906,3.92,3.94,3.91,3.93,1398795.0,771476211.00
20190909,3.94,3.96,3.91,3.92,1979916.0,1091900683.00
20190910,3.92,3.93,3.90,3.91,1621300.0,891826027.00
20190911,3.93,3.96,3.91,3.95,2026820.0,1121044832.00
20190912,3.95,3.96,3.94,3.96,1327617.0,736481643.00
20190916,3.96,3.97,3.95,3.96,1414432.0,786981778.00
20190917,3.96,3.96,3.91,3.92,1372554.0,758429381.00
20190918,3.93,3.94,3.91,3.91,932774.0,513953055.00
20190919,3.92,3.92,3.89,3.91,865239.0,474638527.00
20190920,3.92,3.94,3.90,3.94,1422582.0,784177784.00
20190923,3.92,3.93,3.88,3.90,1520159.0,832298517.00
20190924,3.90,3.93,3.89,3.91,1013885.0,557207488.00
20190925,3.91,3.93,3.89,3.91,999090.0,549254645.00
20190926,3.92,3.96,3.91,3.95,2119003.0,1174808257.00
20190927,3.95,3.97,3.90,3.94,1910227.0,1056834869.00
20190930,3.94,3.99,3.93,3.94,1499032.0,833912971.00
20191008,3.92,3.97,3.90,3.96,1253175.0,694816959.00
20191009,3.94,3.99,3.94,3.97,1231203.0,686629146.00
20191010,3.97,3.97,3.95,3.96,760767.0,423452590.00
20191011,3.96,4.02,3.96,4.01,1643201.0,922238774.00
20191014,4.02,4.11,4.01,4.07,2195180.0,1254701740.00
20191015,4.06,4.08,4.05,4.07,1143438.0,652994101.00
20191016,4.09,4.12,4.03,4.07,1414081.0,810716159.00
20191017,4.06,4.07,4.05,4.06,706609.0,403474493.00
20191018,4.07,4.10,4.03,4.03,1264915.0,721838808.00
20191021,4.04,4.12,4.03,4.12,1941045.0,1116127966.00
20191022,4.13,4.13,4.09,4.13,1107654.0,640665454.00
20191023,4.12,4.19,4.11,4.18,1638487.0,957097644.00
20191024,4.18,4.28,4.17,4.21,2230287.0,1325648418.00
20191025,4.21,4.26,4.16,4.26,1766530.0,1046629180.00
20191028,4.27,4.28,4.21,4.22,1707052.0,1014224887.00
20191029,4.22,4.25,4.18,4.21,1198014.0,709827271.00
20191030,4.21,4.26,4.20,4.23,1233569.0,733775252.00
20191031,4.25,4.25,4.18,4.21,969326.0,572353999.00
20191101,4.20,4.25,4.14,4.23,1331794.0,785011338.00
20191104,4.23,4.25,4.20,4.20,1121642.0,664293605.00
20191105,4.21,4.27,4.19,4.21,2021852.0,1202831879.00
20191106,4.21,4.27,4.20,4.26,1566204.0,932669708.00
20191107,4.26,4.26,4.22,4.23,1102570.0,657380180.00
20191108,4.26,4.26,4.17,4.18,1704203.0,1006735309.00
20191111,4.16,4.16,4.09,4.11,1356370.0,785921491.00
20191112,4.11,4.14,4.09,4.13,875125.0,506219092.00
20191113,4.12,4.14,4.08,4.11,1066182.0,616839590.00
20191114,4.11,4.13,4.08,4.09,780185.0,449636131.00
20191115,4.10,4.13,4.09,4.12,930179.0,537829174.00
20191118,4.11,4.14,4.10,4.14,838837.0,486225054.00
20191119,4.13,4.16,4.13,4.16,1010758.0,589556586.00
20191120,4.15,4.16,4.12,4.13,707739.0,411396344.00
20191121,4.11,4.11,4.06,4.08,1420982.0,814571213.00
20191122,4.08,4.09,4.06,4.06,1115087.0,639050192.00
20191125,4.07,4.16,4.06,4.15,1916305.0,1112388234.00
20191126,4.16,4.19,4.15,4.16,1536792.0,900597531.00
20191127,4.17,4.19,4.15,4.18,863818.0,506920677.00
20191128,4.18,4.18,4.14,4.16,754976.0,441313058.00
20191129,4.14,4.18,4.12,4.12,1032189.0,601912618.00
20191202,4.13,4.15,4.13,4.13,850038.0,493980584.00
20191203,4.13,4.14,4.10,4.12,747954.0,433027810.00
20191204,4.12,4.12,4.08,4.10,929448.0,535386415.00
20191205,4.11,4.13,4.09,4.11,790213.0,456172044.00
20191206,4.11,4.12,4.07,4.09,1096040.0,629666588.00
20191209,4.08,4.10,4.06,4.08,1104982.0,632087933.00
20191210,4.08,4.08,4.05,4.06,977657.0,557745079.00
20191211,4.06,4.09,4.05,4.09,1128807.0,646313686.00
20191212,4.09,4.10,4.07,4.08,909605.0,522169061.00
20191213,4.11,4.14,4.09,4.14,1494336.0,864842609.00
20191216,4.13,4.13,4.10,4.11,1411578.0,815376177.00
20191217,4.12,4.18,4.09,4.16,2384927.0,1386519848.00
20191218,4.15,4.21,4.14,4.18,1844467.0,1083556133.00
20191219,4.18,4.23,4.18,4.22,1668417.0,986230754.00
20191220,4.21,4.23,4.19,4.23,1201617.0,710919147.00
20191223,4.22,4.22,4.17,4.18,1191389.0,702161148.00
20191224,4.17,4.18,4.16,4.17,682187.0,400001440.00
20191225,4.17,4.18,4.15,4.15,781478.0,456919139.00
20191226,4.16,4.18,4.14,4.17,895144.0,523540970.00
20191227,4.16,4.23,4.16,4.20,1303194.0,769054268.00
20191230,4.18,4.19,4.13,4.19,2106664.0,1233513921.00
20191231,4.18,4.21,4.16,4.18,1400559.0,821744258.00
20200102,4.21,4.29,4.21,4.25,2349493.0,1404442753.00
20200103,4.25,4.28,4.24,4.26,1522130.0,911951562.00
20200106,4.24,4.31,4.23,4.25,2265097.0,1359917424.00
20200107,4.26,4.30,4.26,4.28,1168043.0,701615827.00
20200108,4.24,4.25,4.20,4.21,1585590.0,940552725.00
20200109,4.23,4.24,4.18,4.21,1377134.0,813806686.00
20200110,4.21,4.22,4.17,4.21,978377.0,576580178.00
20200113,4.20,4.22,4.18,4.22,1089910.0,642791834.00
20200114,4.21,4.24,4.21,4.23,1367700.0,812389848.00
20200115,4.22,4.23,4.18,4.18,1288907.0,759512875.00
20200116,4.18,4.19,4.12,4.13,2690313.0,1572007903.00
20200117,4.13,4.16,4.13,4.14,1039490.0,605076653.00
20200120,4.13,4.17,4.13,4.16,1033399.0,602786614.00
20200121,4.14,4.15,4.10,4.11,1432236.0,828268482.00
20200122,4.10,4.12,4.06,4.12,1283707.0,738870049.00
20200123,4.10,4.11,4.06,4.07,2000376.0,1146238550.00
20200203,3.77,3.97,3.77,3.86,4680399.0,2524272183.00
20200204,3.84,3.94,3.81,3.91,4013852.0,2178867252.00
20200205,3.91,3.93,3.86,3.91,2508538.0,1374458723.00
20200206,3.91,3.94,3.87,3.91,2809954.0,1538957671.00
20200207,3.89,3.89,3.84,3.87,2373189.0,1288428158.00
20200210,3.85,3.86,3.83,3.86,1902386.0,1027646561.00
20200211,3.86,3.89,3.85,3.89,1984984.0,1081002724.00
20200212,3.89,3.89,3.86,3.89,2039144.0,1109148700.00
20200213,3.88,3.88,3.84,3.85,1995657.0,1082005691.00
20200214,3.84,3.87,3.84,3.86,1415764.0,767126663.00
20200217,3.86,3.91,3.85,3.91,2141949.0,1169117310.00
20200218,3.89,3.90,3.87,3.89,1845424.0,1007061194.00
20200219,3.88,3.91,3.88,3.90,2040523.0,1115986859.00
20200220,3.90,3.93,3.87,3.92,2836680.0,1552477582.00
20200221,3.91,3.93,3.89,3.91,2237102.0,1228187059.00
20200224,3.90,3.91,3.86,3.87,1933291.0,1053685892.00
20200225,3.84,3.86,3.84,3.85,2301332.0,1243466243.00
20200226,3.83,3.87,3.81,3.85,2579688.0,1393315557.00
20200227,3.84,3.86,3.84,3.84,2225556.0,1202215361.00
20200228,3.82,3.83,3.76,3.77,4229371.0,2256218764.00
20200302,3.77,3.81,3.76,3.81,2399023.0,1279829481.00
20200303,3.82,3.84,3.81,3.83,2554031.0,1374004536.00
20200304,3.82,3.84,3.81,3.84,1342815.0,721906815.00
20200305,3.84,3.89,3.83,3.89,3305397.0,1794965702.00
20200306,3.86,3.86,3.84,3.85,1959498.0,1059304456.00
20200309,3.80,3.81,3.77,3.78,2880620.0,1532677429.00
20200310,3.76,3.82,3.76,3.81,2508207.0,1336201306.00
20200311,3.81,3.82,3.79,3.79,1694069.0,904475654.00
20200312,3.77,3.79,3.75,3.76,2462964.0,1303003586.00
20200313,3.67,3.75,3.65,3.71,2997241.0,1553653695.00
20200316,3.71,3.76,3.66,3.68,3044663.0,1586443700.00
20200317,3.67,3.72,3.64,3.68,2577129.0,1329255603.00
20200318,3.69,3.70,3.64,3.64,2025068.0,1045181428.00
20200319,3.64,3.64,3.51,3.55,2898849.0,1452206739.00
20200320,3.57,3.64,3.56,3.61,2125136.0,1073508058.00
20200323,3.56,3.58,3.54,3.55,1399893.0,699169083.00
20200324,3.57,3.64,3.57,3.64,2303316.0,1166514215.00
20200325,3.68,3.69,3.63,3.69,2321786.0,1195478388.00
20200326,3.65,3.71,3.64,3.69,1556128.0,805142973.00
20200327,3.71,3.74,3.69,3.71,1727364.0,901046976.00
20200330,3.69,3.73,3.66,3.71,1953884.0,1016609263.00
20200331,3.71,3.73,3.64,3.66,1761031.0,912323378.00
20200401,3.66,3.69,3.65,3.67,1018584.0,525623743.00
20200402,3.66,3.69,3.64,3.69,1228856.0,632366527.00
20200403,3.67,3.69,3.64,3.66,1096046.0,564119678.00
20200407,3.69,3.69,3.65,3.67,1703016.0,878022933.00
20200408,3.66,3.66,3.64,3.66,1034743.0,531023692.00
20200409,3.66,3.66,3.64,3.65,735820.0,377790163.00
20200410,3.65,3.66,3.63,3.64,978068.0,500477715.00
20200413,3.63,3.65,3.62,3.63,855087.0,436405778.00
20200414,3.64,3.65,3.63,3.64,883217.0,451932583.00
20200415,3.64,3.65,3.63,3.65,946035.0,484407191.00
20200416,3.64,3.65,3.63,3.64,700631.0,358394225.00
20200417,3.65,3.68,3.64,3.66,1382448.0,710819554.00
20200420,3.66,3.66,3.64,3.64,1038087.0,532094032.00
20200421,3.64,3.64,3.61,3.61,1176049.0,598287912.00
20200422,3.61,3.63,3.59,3.62,876584.0,445105983.00
20200423,3.62,3.62,3.59,3.61,1033422.0,523778032.00
20200424,3.60,3.61,3.59,3.59,687952.0,347600182.00
20200427,3.59,3.64,3.59,3.62,1172997.0,596976652.00
20200428,3.62,3.64,3.59,3.64,1505136.0,766309872.00
20200429,3.63,3.66,3.61,3.66,1210796.0,621183010.00
20200430,3.66,3.69,3.66,3.68,1040639.0,537925254.00
20200506,3.64,3.64,3.61,3.64,1620612.0,826750780.00
20200507,3.63,3.64,3.62,3.63,788982.0,402339514.00
20200508,3.63,3.64,3.62,3.63,1148278.0,586300547.00
20200511,3.64,3.66,3.63,3.66,1130519.0,579421726.00
20200512,3.65,3.66,3.64,3.65,1016321.0,521289496.00
20200513,3.64,3.65,3.64,3.65,556280.0,284796153.00
20200514,3.64,3.65,3.62,3.63,811525.0,414442713.00
20200515,3.63,3.64,3.61,3.62,959061.0,488458006.00
20200518,3.62,3.63,3.61,3.63,936179.0,476194382.00
20200519,3.64,3.65,3.63,3.64,1361801.0,696256254.00
20200520,3.64,3.64,3.63,3.64,867649.0,443325188.00
20200521,3.64,3.65,3.63,3.63,810031.0,414491659.00
20200522,3.63,3.64,3.59,3.59,1433771.0,727859693.00
20200525,3.60,3.63,3.59,3.62,1055065.0,535413168.00
20200526,3.63,3.64,3.61,3.61,925221.0,471204943.00
20200527,3.61,3.65,3.61,3.64,1195940.0,611685990.00
20200528,3.64,3.69,3.64,3.68,1457287.0,751332007.00
20200529,3.66,3.66,3.63,3.64,1257614.0,644333222.00
20200601,3.65,3.67,3.64,3.67,1050079.0,540140879.00
20200602,3.66,3.69,3.65,3.69,1528292.0,788749046.00
20200603,3.70,3.73,3.69,3.69,1345468.0,700101340.00
20200604,3.70,3.71,3.68,3.69,763941.0,396059493.00
20200605,3.69,3.71,3.67,3.71,1098658.0,569906514.00
20200608,3.71,3.74,3.70,3.73,1709294.0,894672988.00
20200609,3.73,3.76,3.72,3.74,1186765.0,624176016.00
20200610,3.75,3.76,3.74,3.75,1301162.0,685774219.00
20200611,3.75,3.77,3.73,3.75,2019545.0,1065079808.00
20200612,3.72,3.79,3.70,3.71,3797260.0,2002673521.00
20200615,3.73,3.78,3.72,3.73,2160776.0,1137899837.00
20200616,3.75,3.78,3.74,3.77,1230380.0,650847977.00
20200617,3.76,3.77,3.74,3.74,879845.0,463475830.00
20200618,3.70,3.71,3.67,3.69,2109655.0,1095065086.00
20200619,3.69,3.71,3.66,3.70,1986051.0,1029454851.00
20200622,3.70,3.71,3.67,3.67,1569840.0,814365099.00
20200623,3.67,3.67,3.64,3.66,1798935.0,924358314.00
20200624,3.66,3.73,3.66,3.71,1941728.0,1008333086.00
20200629,3.76,3.78,3.70,3.74,3000963.0,1574885416.00
20200630,3.74,3.77,3.71,3.73,2135599.0,1064429272.00
20200701,3.73,3.74,3.68,3.74,1953424.0,968080285.00
20200702,3.73,3.80,3.71,3.79,3336395.0,1672846064.00
20200703,3.79,3.88,3.79,3.86,3494608.0,1791281772.00
20200706,3.89,4.20,3.89,4.19,7463596.0,4044172401.00
20200707,4.25,4.38,4.16,4.16,6224565.0,3518396225.00
20200708,4.13,4.19,4.03,4.10,6130511.0,3357353297.00
20200709,4.07,4.08,4.01,4.03,5693420.0,3064469064.00
20200710,4.01,4.02,3.89,3.91,6260793.0,3302585366.00
20200713,3.89,3.93,3.86,3.90,6089284.0,3167529369.00
20200714,3.89,3.89,3.84,3.85,4639221.0,2397441231.00
20200715,3.86,3.88,3.80,3.80,4611494.0,2355023798.00
20200716,3.80,3.84,3.78,3.79,4922858.0,2505984420.00
20200717,3.79,3.80,3.77,3.79,2975298.0,1504161297.00
20200720,3.80,3.85,3.78,3.84,3865924.0,1974500422.00
20200721,3.84,3.85,3.81,3.82,2262538.0,1154453551.00
20200722,3.82,3.85,3.80,3.81,2926611.0,1493366737.00
20200723,3.80,3.80,3.76,3.77,3751366.0,1890158446.00
20200724,3.77,3.77,3.71,3.73,3637610.0,1817042790.00
20200727,3.73,3.74,3.71,3.72,2176345.0,1082016314.00
20200728,3.74,3.74,3.71,3.73,1748446.0,870345478.00
20200729,3.72,3.76,3.69,3.76,2758567.0,1375574099.00
20200730,3.76,3.76,3.73,3.73,1537829.0,768439793.00
20200731,3.73,3.75,3.71,3.71,2549673.0,1268345180.00
20200803,3.73,3.74,3.71,3.73,2446868.0,1217707580.00
20200804,3.74,3.80,3.72,3.78,4012205.0,2015491478.00
20200805,3.76,3.77,3.74,3.74,2052320.0,1027991586.00
20200806,3.75,3.77,3.73,3.76,2099271.0,1049299499.00
20200807,3.75,3.75,3.72,3.73,1921433.0,957716708.00
20200810,3.72,3.74,3.71,3.74,2009869.0,1001722874.00
20200811,3.73,3.76,3.72,3.73,2767246.0,1383596404.00
20200812,3.72,3.74,3.71,3.74,2256124.0,1121910727.00
20200813,3.73,3.74,3.72,3.73,1163829.0,580121567.00
20200814,3.73,3.76,3.72,3.76,2085845.0,1042149480.00
20200817,3.76,3.83,3.76,3.81,5486933.0,2783708791.00
20200818,3.81,3.81,3.77,3.78,2371955.0,1199875631.00
20200819,3.79,3.80,3.77,3.77,1630051.0,821836841.00
20200820,3.76,3.77,3.74,3.74,1642453.0,821731215.00
20200821,3.75,3.76,3.74,3.75,1301845.0,651086296.00
20200824,3.75,3.76,3.74,3.74,1200786.0,600551218.00
20200825,3.74,3.75,3.73,3.74,1548987.0,773465195.00
20200826,3.74,3.74,3.72,3.73,1514622.0,754742689.00
20200827,3.73,3.73,3.71,3.72,1416657.0,703831745.00
20200828,3.72,3.75,3.71,3.74,2103678.0,1048187711.00
20200831,3.74,3.75,3.71,3.71,2631484.0,1312043186.00
20200901,3.71,3.72,3.70,3.71,1566484.0,776360132.00
20200902,3.71,3.71,3.68,3.68,2729009.0,1345657210.00
20200903,3.68,3.70,3.66,3.68,1839672.0,903223968.00
20200904,3.66,3.68,3.65,3.67,1409394.0,689451433.00
20200907,3.66,3.68,3.65,3.67,1525627.0,748340493.00
20200908,3.67,3.71,3.66,3.71,1995481.0,984987767.00
20200909,3.69,3.71,3.68,3.70,1613341.0,796614937.00
20200910,3.70,3.71,3.67,3.68,1444378.0,710761036.00
20200911,3.67,3.71,3.67,3.69,1494302.0,735936771.00
20200914,3.69,3.70,3.68,3.69,1027571.0,505351326.00
20200915,3.68,3.69,3.68,3.68,828081.0,407040416.00
20200916,3.68,3.70,3.67,3.70,1076156.0,530226172.00
20200917,3.70,3.71,3.68,3.70,1208864.0,596571628.00
20200918,3.71,3.73,3.69,3.73,2607344.0,1293690927.00
20200921,3.72,3.74,3.70,3.71,1217665.0,604081552.00
20200922,3.71,3.71,3.68,3.69,1097050.0,542057884.00
20200923,3.69,3.70,3.68,3.68,1005836.0,495260688.00
20200924,3.68,3.68,3.65,3.67,1265965.0,619885384.00
20200925,3.67,3.68,3.65,3.66,1080018.0,528791477.00
20200928,3.67,3.70,3.65,3.70,1634647.0,803113059.00
20200929,3.70,3.71,3.68,3.68,1156134.0,570003173.00
20200930,3.68,3.71,3.68,3.68,1512343.0,745278042.00
20201009,3.70,3.70,3.68,3.68,1289984.0,635218844.00
20201012,3.68,3.72,3.68,3.71,2525438.0,1248536339.00
20201013,3.71,3.71,3.68,3.68,1674337.0,825268306.00
20201014,3.68,3.69,3.68,3.68,1408489.0,692484410.00
20201015,3.68,3.71,3.67,3.69,2011509.0,992203997.00
20201016,3.68,3.76,3.68,3.74,5009558.0,2496968034.00
20201019,3.74,3.80,3.73,3.76,3458163.0,1741740680.00
20201020,3.75,3.75,3.71,3.73,2406896.0,1197285748.00
20201021,3.73,3.80,3.71,3.78,3258762.0,1637539375.00
20201022,3.78,3.80,3.76,3.79,1910635.0,963485741.00
20201023,3.78,3.80,3.77,3.79,2356156.0,1193368824.00
20201026,3.79,3.80,3.75,3.76,1797836.0,905802521.00
20201027,3.75,3.77,3.74,3.77,1597959.0,801971542.00
20201028,3.76,3.77,3.73,3.74,1820639.0,910381917.00
20201029,3.73,3.74,3.71,3.71,1674462.0,831255143.00
20201030,3.71,3.73,3.68,3.68,2107643.0,1040631799.00
20201102,3.68,3.71,3.68,3.70,1572267.0,775279272.00
20201103,3.71,3.73,3.70,3.71,1353574.0,671170596.00
20201104,3.72,3.73,3.69,3.71,1464985.0,726041151.00
20201105,3.72,3.74,3.70,3.71,1637350.0,811620262.00
20201106,3.71,3.73,3.69,3.71,1659587.0,822468059.00
20201109,3.72,3.74,3.71,3.73,2256021.0,1122494987.00
20201110,3.75,3.78,3.74,3.76,2591684.0,1300974713.00
20201111,3.75,3.80,3.74,3.80,3096115.0,1564938518.00
20201112,3.79,3.79,3.75,3.75,1398752.0,702982495.00
20201113,3.75,3.75,3.71,3.71,1922654.0,955481766.00
20201116,3.72,3.74,3.71,3.73,1282416.0,637821655.00
20201117,3.73,3.74,3.72,3.74,1220333.0,608551313.00
20201118,3.74,3.78,3.73,3.77,1935618.0,972693582.00
20201119,3.76,3.78,3.76,3.77,1545694.0,778151977.00
20201120,3.78,3.79,3.75,3.77,1265721.0,636625580.00
20201123,3.75,3.80,3.75,3.80,2825800.0,1428218316.00
20201124,3.80,3.81,3.78,3.78,1893180.0,959879196.00
20201125,3.80,3.83,3.77,3.77,2002930.0,1017147724.00
20201126,3.77,3.82,3.77,3.81,1973923.0,1002567142.00
20201127,3.83,4.04,3.83,4.04,9297495.0,4879296144.00
20201130,4.09,4.22,3.98,3.98,12456637.0,6850764186.00
20201201,3.98,4.12,3.95,4.10,5303736.0,2868661473.00
20201202,4.07,4.14,4.01,4.08,3518096.0,1915490212.00
20201203,4.08,4.10,4.00,4.03,2788019.0,1502313598.00
20201204,4.03,4.03,3.91,3.98,3302805.0,1743943250.00
20201207,3.96,3.99,3.87,3.89,2754023.0,1438818983.00
20201208,3.89,3.91,3.83,3.83,2661064.0,1368985714.00
20201209,3.85,3.86,3.81,3.82,2437226.0,1248006372.00
20201210,3.82,3.83,3.77,3.79,2594727.0,1313829152.00
20201211,3.79,3.80,3.76,3.80,2792733.0,1408322766.00
20201214,3.80,3.81,3.77,3.78,2721060.0,1375565026.00
20201215,3.78,3.78,3.73,3.75,3407518.0,1703696313.00
20201216,3.75,3.78,3.74,3.74,2660675.0,1333083487.00
20201217,3.74,3.77,3.71,3.77,3311279.0,1653433805.00
20201218,3.75,3.77,3.73,3.74,2197722.0,1098952028.00
20201221,3.75,3.76,3.73,3.74,2058288.0,1029138053.00
20201222,3.74,3.74,3.68,3.70,3657494.0,1813673040.00
20201223,3.70,3.72,3.69,3.71,2191464.0,1083275738.00
20201224,3.71,3.73,3.70,3.71,1222628.0,606453338.00
20201225,3.71,3.72,3.71,3.72,1532839.0,760124136.00
20201228,3.71,3.72,3.69,3.72,2319268.0,1148788802.00
20201229,3.72,3.73,3.71,3.73,2542023.0,1262344538.00
20201230,3.72,3.73,3.70,3.71,2540785.0,1258737039.00
20201231,3.71,3.75,3.71,3.74,3100040.0,1545155692.00
20210104,3.72,3.75,3.71,3.75,3539512.0,1762309487.00
20210105,3.74,3.74,3.70,3.72,3710104.0,1839470542.00
20210106,3.71,3.73,3.71,3.72,3463184.0,1717383498.00
20210107,3.72,3.74,3.71,3.74,3190474.0,1587574808.00
20210108,3.74,3.77,3.73,3.74,3422030.0,1710555285.00
20210111,3.74,3.77,3.73,3.74,4956515.0,2483547360.00
20210112,3.74,3.76,3.71,3.76,3504957.0,1745570165.00
20210113,3.77,3.79,3.74,3.79,4046442.0,2037164962.00
20210114,3.78,3.86,3.77,3.80,3884095.0,1975738477.00
20210115,3.82,3.94,3.82,3.86,7006634.0,3629241419.00
20210118,3.84,3.88,3.80,3.85,3981898.0,2039374953.00
20210119,3.85,3.91,3.82,3.89,4330690.0,2239901452.00
20210120,3.88,3.93,3.84,3.86,3145665.0,1629660426.00
20210121,3.86,3.87,3.82,3.84,2456775.0,1259494670.00
20210122,3.83,3.83,3.77,3.77,2774286.0,1402382795.00
20210125,3.77,3.78,3.74,3.78,2190552.0,1097970398.00
20210126,3.77,3.80,3.75,3.77,2103794.0,1060814307.00
20210127,3.77,3.86,3.77,3.80,3709866.0,1891316030.00
20210128,3.78,3.80,3.75,3.77,2850795.0,1432841334.00
20210129,3.77,3.83,3.76,3.81,4111437.0,2088594441.00
20210201,3.80,3.86,3.78,3.85,3813222.0,1949170573.00
20210202,3.85,3.88,3.80,3.81,2599986.0,1334133657.00
20210203,3.81,3.83,3.77,3.77,3375579.0,1711432806.00
20210204,3.77,3.83,3.77,3.80,2524440.0,1280634530.00
20210205,3.80,3.90,3.79,3.88,5937442.0,3063814603.00
20210208,3.88,3.89,3.83,3.86,3671269.0,1896286395.00
20210209,3.85,3.86,3.83,3.86,2782988.0,1427909673.00
20210210,3.92,4.02,3.90,3.93,6647042.0,3503636815.00
20210218,3.99,3.99,3.91,3.92,3284009.0,1729904261.00
20210219,3.91,3.97,3.90,3.92,2424131.0,1272825160.00
20210222,3.93,4.05,3.92,4.02,6020820.0,3210856211.00
20210223,4.01,4.08,3.98,4.03,4671505.0,2515406549.00
20210224,4.02,4.06,3.92,3.97,3850657.0,2050842778.00
20210225,3.96,4.10,3.95,4.07,5097002.0,2755175018.00
20210226,4.04,4.11,4.01,4.02,4351701.0,2353185888.00
20210301,4.01,4.06,3.98,4.00,2406633.0,1289476168.00
20210302,4.01,4.01,3.92,3.96,2500313.0,1322171845.00
20210303,3.95,4.10,3.94,4.08,4469111.0,2420613521.00
20210304,4.07,4.13,4.05,4.08,3734193.0,2041014989.00
20210305,4.07,4.19,4.02,4.17,4787744.0,2629997848.00
20210308,4.18,4.20,4.13,4.14,4291683.0,2390324693.00
20210309,4.17,4.22,4.07,4.09,4663950.0,2577277082.00
20210310,4.07,4.09,4.01,4.04,3067843.0,1658235909.00
20210311,4.08,4.15,4.07,4.10,2824228.0,1547729634.00
20210312,4.10,4.12,4.07,4.07,1848416.0,1009519475.00
20210315,4.08,4.18,4.06,4.16,3037976.0,1680121698.00
20210316,4.16,4.22,4.15,4.19,2730800.0,1529009421.00
20210317,4.18,4.19,4.10,4.14,2037134.0,1125314257.00
20210318,4.13,4.15,4.09,4.10,2245442.0,1232892978.00
20210319,4.11,4.12,3.98,4.01,3325305.0,1790956578.00
20210322,3.98,4.08,3.98,4.06,2325313.0,1256741319.00
20210323,4.04,4.12,4.01,4.04,3259731.0,1762122172.00
20210324,4.02,4.07,3.99,4.05,1899837.0,1023433745.00
20210325,4.05,4.09,4.01,4.01,2073948.0,1119656596.00
20210326,4.02,4.03,3.97,4.01,2471984.0,1318532528.00
20210329,4.02,4.10,3.99,4.09,3479500.0,1883572374.00
20210330,4.09,4.10,4.07,4.10,1932974.0,1055760163.00
20210331,4.10,4.16,4.07,4.15,2424349.0,1333971679.00
20210401,4.13,4.15,4.10,4.12,1324762.0,729322831.00
20210402,4.12,4.13,4.04,4.06,1847807.0,1004165175.00
20210406,4.06,4.07,4.02,4.06,1228942.0,663506407.00
20210407,4.06,4.09,4.04,4.08,1756962.0,954364771.00
20210408,4.09,4.10,4.05,4.07,1239714.0,673843053.00
20210409,4.07,4.07,4.04,4.06,1311276.0,710198881.00
20210412,4.06,4.12,4.04,4.10,2196348.0,1197623267.00
20210413,4.10,4.14,4.08,4.13,1739371.0,955601022.00
20210414,4.13,4.13,4.07,4.08,1533739.0,838785289.00
20210415,4.07,4.08,4.04,4.08,1572158.0,851588448.00
20210416,4.07,4.09,4.05,4.07,1108743.0,602808763.00
20210419,4.07,4.09,4.05,4.07,1757543.0,955148031.00
20210420,4.07,4.07,4.03,4.04,1770717.0,956571771.00
20210421,4.03,4.05,4.02,4.02,1353648.0,729408438.00
20210422,4.03,4.04,3.98,3.99,2114983.0,1128744302.00
20210423,3.98,4.00,3.95,3.96,1648981.0,873476386.00
20210426,3.98,3.98,3.94,3.95,1706931.0,901989201.00
20210427,3.94,3.95,3.91,3.92,1491238.0,781815670.00
20210428,3.92,3.93,3.88,3.89,1829764.0,951527126.00
20210429,3.89,3.92,3.88,3.91,1889873.0,984719706.00
20210430,3.90,3.91,3.80,3.84,3957487.0,2029640682.00
20210506,3.83,3.88,3.82,3.83,2160397.0,1111237174.00
20210507,3.83,3.92,3.83,3.91,2819970.0,1463579747.00
20210510,3.90,3.93,3.88,3.93,2074711.0,1082434696.00
20210511,3.92,3.93,3.90,3.92,1392521.0,728865905.00
20210512,3.91,3.95,3.90,3.94,1500463.0,788520443.00
20210513,3.93,3.95,3.90,3.92,1460696.0,764148328.00
20210514,3.92,3.95,3.90,3.95,1550005.0,813767333.00
20210517,3.94,3.96,3.92,3.95,1708820.0,899549356.00
20210518,3.95,3.95,3.92,3.94,1016400.0,533290393.00
20210519,3.93,3.94,3.89,3.90,1481872.0,772568444.00
20210520,3.89,3.92,3.88,3.92,1282339.0,666829935.00
20210521,3.90,3.91,3.86,3.87,1519668.0,787505846.00
20210524,3.87,3.89,3.86,3.89,1065409.0,552108955.00
20210525,3.89,3.94,3.86,3.94,2666746.0,1392450020.00
20210526,3.93,3.96,3.92,3.94,2056034.0,1081284307.00
20210527,3.94,3.95,3.92,3.94,1831176.0,963010881.00
20210528,3.94,3.95,3.92,3.95,1700005.0,892744988.00
20210531,3.93,3.94,3.89,3.90,2919608.0,1520925681.00
20210601,3.90,3.90,3.87,3.88,2245141.0,1162897689.00
20210602,3.88,3.90,3.85,3.89,2577452.0,1330994609.00
20210603,3.89,3.89,3.86,3.86,1937089.0,1001184002.00
20210604,3.86,3.89,3.86,3.87,2397084.0,1240163844.00
20210607,3.88,3.88,3.86,3.87,1476962.0,763427211.00
20210608,3.87,3.89,3.86,3.89,1963000.0,1017275136.00
20210609,3.89,3.91,3.88,3.89,2061471.0,1071905449.00
20210610,3.89,3.91,3.88,3.89,2052732.0,1067542199.00
20210611,3.89,3.89,3.87,3.89,1735733.0,899678382.00
20210615,3.88,3.89,3.86,3.86,1812074.0,935309205.00
20210616,3.86,3.89,3.86,3.87,1486551.0,768523574.00
20210617,3.87,3.89,3.86,3.88,1958783.0,1015002289.00
20210618,3.87,3.88,3.86,3.88,1532489.0,792203510.00
20210621,3.87,3.88,3.86,3.86,1996643.0,1030022536.00
20210622,3.86,3.88,3.86,3.86,1789341.0,924193353.00
20210623,3.86,3.87,3.85,3.85,2522194.0,1299166847.00
20210624,3.85,3.89,3.85,3.89,2465297.0,1275936039.00
20210625,3.89,3.93,3.88,3.92,2460595.0,1286463194.00
20210628,3.92,3.92,3.86,3.88,2576345.0,1337751545.00
20210629,3.88,3.89,3.86,3.87,2226935.0,1151485062.00
20210630,3.88,3.88,3.86,3.87,1549343.0,800438588.00
20210701,3.87,3.94,3.86,3.94,2770137.0,1441176257.00
20210702,3.90,3.95,3.89,3.93,3551893.0,1854458893.00
20210705,3.92,3.92,3.88,3.89,2761719.0,1438307913.00
20210706,3.92,3.92,3.89,3.91,2657630.0,1314029712.00
20210707,3.91,3.92,3.89,3.90,1776708.0,877305343.00
20210708,3.90,3.91,3.85,3.86,2883648.0,1412588548.00
20210709,3.86,3.88,3.81,3.83,2737420.0,1330231107.00
20210712,3.85,3.85,3.75,3.77,5056774.0,2426435426.00
20210713,3.77,3.77,3.74,3.75,2932780.0,1394984363.00
20210714,3.75,3.75,3.70,3.72,3020829.0,1420168143.00
20210715,3.72,3.77,3.70,3.75,2775909.0,1316100926.00
20210716,3.75,3.75,3.72,3.74,1704074.0,805756077.00
20210719,3.74,3.74,3.71,3.74,1683758.0,793714596.00
20210720,3.72,3.73,3.71,3.72,1025529.0,483183662.00
20210721,3.73,3.74,3.70,3.70,1646259.0,773916484.00
20210722,3.71,3.73,3.70,3.72,1476370.0,695491005.00
20210723,3.72,3.73,3.70,3.71,1390746.0,653652762.00
20210726,3.70,3.71,3.67,3.69,2245916.0,1047502898.00
20210727,3.68,3.69,3.64,3.65,2088992.0,969160413.00
20210728,3.64,3.70,3.63,3.69,2479934.0,1154474144.00
20210729,3.69,3.69,3.64,3.65,1716806.0,794734066.00
20210730,3.65,3.65,3.61,3.62,1847472.0,847608533.00
20210802,3.62,3.64,3.58,3.63,2143223.0,980307726.00
20210803,3.62,3.62,3.59,3.62,1352458.0,617612567.00
20210804,3.62,3.62,3.59,3.59,1483019.0,675234462.00
20210805,3.59,3.61,3.58,3.59,1097472.0,499522161.00
20210806,3.59,3.59,3.56,3.58,1587328.0,717679984.00
20210809,3.57,3.61,3.56,3.59,1925601.0,876596527.00
20210810,3.59,3.61,3.57,3.60,1773891.0,805586221.00
20210811,3.61,3.68,3.61,3.67,3307272.0,1532111349.00
20210812,3.66,3.69,3.65,3.66,1182781.0,548759520.00
20210813,3.66,3.66,3.63,3.64,935428.0,431809850.00
20210816,3.64,3.66,3.63,3.65,1161093.0,536195505.00
20210817,3.64,3.66,3.63,3.65,1951383.0,901396444.00
20210818,3.64,3.70,3.63,3.69,2598466.0,1206854887.00
20210819,3.68,3.69,3.65,3.66,1482787.0,687957237.00
20210820,3.66,3.69,3.65,3.68,1903426.0,884926716.00
20210823,3.66,3.69,3.66,3.66,1177077.0,546712339.00
20210824,3.66,3.67,3.66,3.66,954531.0,442656393.00
20210825,3.66,3.66,3.65,3.66,1003848.0,464385845.00
20210826,3.65,3.66,3.63,3.65,1176893.0,542560911.00
20210827,3.64,3.66,3.63,3.66,1161297.0,536676655.00
20210830,3.66,3.66,3.60,3.62,2034266.0,933775426.00
20210831,3.62,3.65,3.61,3.65,1917115.0,880980368.00
20210901,3.64,3.70,3.63,3.70,2681034.0,1249115489.00
20210902,3.70,3.70,3.68,3.70,1467904.0,686983930.00
20210903,3.70,3.75,3.68,3.74,2025437.0,954773062.00
20210906,3.71,3.75,3.71,3.74,1605365.0,758568371.00
20210907,3.74,3.77,3.71,3.75,1948513.0,921859134.00
20210908,3.74,3.77,3.74,3.77,1747800.0,832426920.00
20210909,3.76,3.77,3.73,3.75,1553117.0,737594016.00
20210910,3.75,3.81,3.74,3.78,2503593.0,1200536537.00
20210913,3.77,3.77,3.75,3.77,1688549.0,804351061.00
20210914,3.76,3.77,3.71,3.72,1854203.0,877628017.00
20210915,3.71,3.73,3.68,3.70,1751216.0,820551878.00
20210916,3.70,3.72,3.69,3.70,1678220.0,787701858.00
20210917,3.70,3.72,3.70,3.71,1102572.0,517329961.00
20210922,3.67,3.68,3.65,3.66,2176460.0,1008833745.00
20210923,3.67,3.70,3.66,3.68,1325157.0,616352620.00
20210924,3.66,3.69,3.66,3.66,1098914.0,510211553.00
20210927,3.66,3.67,3.63,3.66,1644684.0,759535614.00
20210928,3.65,3.70,3.64,3.68,1633795.0,759632535.00
20210929,3.67,3.71,3.65,3.70,2438137.0,1138094980.00
20210930,3.70,3.70,3.66,3.68,1504132.0,698898764.00
20211008,3.68,3.74,3.67,3.72,1859946.0,872488109.00
20211011,3.73,3.77,3.72,3.74,1818625.0,863201212.00
20211012,3.74,3.76,3.72,3.75,1449306.0,686903967.00
20211013,3.74,3.75,3.72,3.73,1123057.0,530545726.00
20211014,3.73,3.74,3.72,3.72,719637.0,339578661.00
20211015,3.73,3.75,3.72,3.75,1255589.0,594356222.00
20211018,3.75,3.77,3.72,3.74,1173696.0,555326047.00
20211019,3.73,3.74,3.72,3.73,1058826.0,499759095.00
20211020,3.74,3.74,3.70,3.71,1074596.0,504948858.00
20211021,3.71,3.74,3.70,3.74,1351316.0,637824658.00
20211022,3.74,3.76,3.72,3.74,931086.0,440144708.00
20211025,3.72,3.74,3.70,3.73,1033424.0,486689967.00
20211026,3.73,3.74,3.70,3.71,1187350.0,559100062.00
20211027,3.71,3.72,3.67,3.71,1257712.0,588428870.00
20211028,3.70,3.71,3.69,3.69,783008.0,366506428.00
20211029,3.69,3.70,3.68,3.69,1149808.0,537655506.00
20211101,3.70,3.74,3.69,3.74,1876235.0,881706429.00
20211102,3.74,3.74,3.66,3.67,2115693.0,989837390.00
20211103,3.69,3.69,3.66,3.66,1460298.0,678038229.00
20211104,3.66,3.67,3.66,3.67,1001581.0,464799863.00
20211105,3.66,3.69,3.66,3.68,1113017.0,517754657.00
20211108,3.67,3.68,3.66,3.66,1473507.0,684049048.00
20211109,3.66,3.67,3.66,3.66,866896.0,402174123.00
20211110,3.66,3.66,3.64,3.65,1250475.0,577396261.00
20211111,3.65,3.68,3.64,3.68,1131059.0,525090262.00
20211112,3.68,3.68,3.66,3.67,1016838.0,472333219.00
20211115,3.67,3.70,3.66,3.69,900470.0,419795012.00
20211116,3.68,3.70,3.66,3.67,962815.0,448267809.00
20211117,3.66,3.68,3.66,3.67,912333.0,423989911.00
20211118,3.66,3.67,3.66,3.66,764674.0,354706417.00
20211119,3.66,3.69,3.66,3.68,1005573.0,467427071.00
20211122,3.67,3.68,3.66,3.66,1205829.0,559173673.00
20211123,3.66,3.67,3.65,3.66,878260.0,406963202.00
20211124,3.66,3.66,3.65,3.66,699612.0,324057980.00
20211125,3.66,3.66,3.66,3.66,596924.0,276623127.00
20211126,3.66,3.66,3.64,3.64,978877.0,451910174.00
20211129,3.63,3.64,3.60,3.62,1822576.0,836194182.00
20211130,3.62,3.62,3.61,3.62,1076842.0,492804575.00
20211201,3.62,3.63,3.61,3.63,1113051.0,511084679.00
20211202,3.63,3.65,3.62,3.64,1784682.0,820135168.00
20211203,3.63,3.64,3.62,3.64,1127866.0,518341585.00
20211206,3.64,3.66,3.63,3.66,1795707.0,830641841.00
20211207,3.66,3.69,3.65,3.68,2057105.0,956152030.00
20211208,3.68,3.68,3.66,3.66,1377157.0,638961849.00
20211209,3.67,3.70,3.66,3.68,1956555.0,911941954.00
20211210,3.67,3.68,3.65,3.68,2154203.0,999479302.00
20211213,3.66,3.68,3.66,3.66,1346737.0,625469690.00
20211214,3.66,3.66,3.64,3.65,1276969.0,589757693.00
20211215,3.64,3.65,3.63,3.64,1041597.0,479973462.00
20211216,3.64,3.66,3.62,3.65,1457255.0,671821104.00
20211217,3.64,3.65,3.63,3.64,1247899.0,575345954.00
20211220,3.63,3.66,3.63,3.64,1486146.0,686198264.00
20211221,3.64,3.68,3.63,3.67,2029724.0,942740126.00
20211222,3.67,3.68,3.66,3.66,1411400.0,655780551.00
20211223,3.66,3.67,3.66,3.67,980910.0,455450242.00
20211224,3.67,3.69,3.66,3.67,1279088.0,595172746.00
20211227,3.66,3.68,3.66,3.68,905033.0,421103238.00
20211228,3.68,3.70,3.67,3.70,2005505.0,936086065.00
20211229,3.68,3.69,3.66,3.68,976647.0,454516937.00
20211230,3.67,3.68,3.66,3.66,1412751.0,655490356.00
20211231,3.66,3.67,3.66,3.66,959022.0,444544835.00
20220104,3.66,3.69,3.66,3.69,1688756.0,785143329.00
20220105,3.68,3.73,3.67,3.72,2839546.0,1332859587.00
20220106,3.71,3.74,3.70,3.71,1903144.0,894943768.00
20220107,3.70,3.75,3.70,3.74,1939650.0,916673916.00
20220110,3.74,3.76,3.73,3.75,1583293.0,750737778.00
20220111,3.74,3.77,3.74,3.75,1670263.0,794398037.00
20220112,3.75,3.75,3.71,3.73,1857315.0,876687477.00
20220113,3.72,3.77,3.72,3.74,1793135.0,851827613.00
20220114,3.74,3.74,3.69,3.70,2251970.0,1057017144.00
20220117,3.69,3.71,3.66,3.67,1787227.0,832701574.00
20220118,3.67,3.71,3.66,3.70,2169500.0,1011704453.00
20220119,3.69,3.72,3.68,3.71,1729132.0,810536135.00
20220120,3.71,3.76,3.70,3.75,3131274.0,1482850094.00
20220121,3.74,3.74,3.70,3.71,1735281.0,816856403.00
20220124,3.71,3.73,3.70,3.71,1418871.0,665972927.00
20220125,3.70,3.71,3.69,3.69,1703837.0,798145267.00
20220126,3.68,3.71,3.68,3.70,1189948.0,557705783.00
20220127,3.70,3.72,3.68,3.70,1436955.0,672949233.00
20220128,3.70,3.74,3.68,3.68,2210439.0,1037472492.00
20220207,3.70,3.75,3.69,3.74,2575289.0,1216216069.00
20220208,3.74,3.85,3.74,3.83,4919720.0,2367215816.00
20220209,3.83,3.87,3.80,3.82,3522095.0,1710473977.00
20220210,3.83,3.85,3.79,3.84,2527510.0,1222399402.00
20220211,3.82,3.86,3.81,3.85,2168130.0,1055659518.00
20220214,3.83,3.84,3.77,3.79,2639674.0,1267336371.00
20220215,3.78,3.81,3.75,3.76,1957491.0,935314542.00
20220216,3.77,3.80,3.75,3.77,1554567.0,743663746.00
20220217,3.77,3.80,3.77,3.77,1275751.0,610866291.00
20220218,3.77,3.81,3.76,3.80,1598895.0,766743186.00
20220221,3.79,3.81,3.77,3.81,1594034.0,764397601.00
20220222,3.79,3.80,3.76,3.77,1708438.0,816340653.00
20220223,3.77,3.77,3.74,3.77,2358016.0,1121673859.00
20220224,3.75,3.77,3.70,3.71,2566266.0,1211414666.00
20220225,3.71,3.73,3.68,3.69,2506018.0,1174239875.00
20220228,3.69,3.70,3.66,3.68,1949270.0,908084763.00
20220301,3.69,3.71,3.67,3.70,1942546.0,906672524.00
20220302,3.69,3.72,3.68,3.71,1520514.0,712736651.00
20220303,3.70,3.76,3.70,3.74,2273312.0,1075452463.00
20220304,3.74,3.74,3.69,3.73,1624988.0,764539209.00
20220307,3.71,3.74,3.66,3.67,3529410.0,1647036756.00
20220308,3.67,3.68,3.63,3.65,2811336.0,1302919792.00
20220309,3.64,3.66,3.55,3.60,4620585.0,2116239860.00
20220310,3.62,3.64,3.59,3.60,2306744.0,1055255232.00
20220311,3.59,3.64,3.57,3.64,2707875.0,1233914619.00
20220314,3.62,3.66,3.60,3.62,2290873.0,1053445741.00
20220315,3.61,3.63,3.56,3.59,5130133.0,2327503095.00
20220316,3.59,3.61,3.53,3.59,4212432.0,1904496884.00
20220317,3.61,3.61,3.56,3.57,3098210.0,1403531229.00
20220318,3.57,3.63,3.56,3.59,3627797.0,1650775565.00
20220321,3.60,3.61,3.58,3.59,2069418.0,940187354.00
20220322,3.59,3.63,3.58,3.62,2193055.0,1003988139.00
20220323,3.62,3.62,3.59,3.61,2068590.0,945355931.00
20220324,3.59,3.63,3.59,3.62,1505591.0,689799168.00
20220325,3.62,3.66,3.62,3.65,2277815.0,1051862686.00
20220328,3.65,3.71,3.63,3.70,2870476.0,1338663837.00
20220329,3.70,3.74,3.69,3.73,1939581.0,912905215.00
20220330,3.73,3.74,3.68,3.72,2330530.0,1093920777.00
20220331,3.71,3.77,3.70,3.77,2876909.0,1367102536.00
20220401,3.75,3.80,3.74,3.78,2648250.0,1264764211.00
20220406,3.77,3.83,3.77,3.81,3493007.0,1680190640.00
20220407,3.81,3.83,3.77,3.81,3045433.0,1467777843.00
20220408,3.81,3.81,3.77,3.80,2501733.0,1201783976.00
20220411,3.79,3.81,3.76,3.77,2726415.0,1304536360.00
20220412,3.77,3.80,3.74,3.77,2761168.0,1319247558.00
20220413,3.77,3.81,3.77,3.78,1971224.0,946500715.00
20220414,3.79,3.80,3.76,3.77,1484145.0,708983833.00
20220415,3.76,3.79,3.76,3.76,1934878.0,924020571.00
20220418,3.75,3.77,3.72,3.73,1829658.0,866264047.00
20220419,3.73,3.74,3.70,3.74,1582094.0,745770596.00
20220420,3.73,3.76,3.72,3.74,1453319.0,688799566.00
20220421,3.74,3.80,3.74,3.77,3297911.0,1578338095.00
20220422,3.76,3.83,3.76,3.82,3904378.0,1885993943.00
20220425,3.81,3.84,3.75,3.75,4717826.0,2276075261.00
20220426,3.75,3.81,3.74,3.80,3636709.0,1741895884.00
20220427,3.79,3.81,3.70,3.72,3835452.0,1821850807.00
20220428,3.72,3.77,3.71,3.77,2959971.0,1401689370.00
20220429,3.76,3.79,3.73,3.77,2639417.0,1258379971.00
20220505,3.77,3.79,3.73,3.75,2402048.0,1143770289.00
20220506,3.74,3.77,3.72,3.74,1690447.0,800177342.00
20220509,3.74,3.77,3.72,3.76,1613516.0,766272587.00
20220510,3.75,3.77,3.73,3.74,1942057.0,919233037.00
20220511,3.74,3.74,3.68,3.68,3534061.0,1656391757.00
20220512,3.68,3.69,3.66,3.67,1446944.0,673675865.00
20220513,3.68,3.71,3.67,3.71,1754112.0,822079154.00
20220516,3.71,3.71,3.67,3.70,1668263.0,779376703.00
20220517,3.70,3.70,3.67,3.68,2168890.0,1012483465.00
20220518,3.68,3.69,3.64,3.65,2260084.0,1045435059.00
20220519,3.64,3.65,3.62,3.64,1691556.0,778801637.00
20220520,3.65,3.66,3.62,3.66,2406916.0,1111835551.00
20220523,3.65,3.66,3.65,3.65,1732244.0,801421865.00
20220524,3.66,3.70,3.65,3.69,2437749.0,1133742350.00
20220525,3.69,3.70,3.67,3.68,1523157.0,710288253.00
20220526,3.68,3.69,3.66,3.67,1917671.0,892015484.00
20220527,3.68,3.69,3.66,3.69,1249998.0,582773258.00
20220530,3.69,3.70,3.66,3.67,1588274.0,740859756.00
20220531,3.66,3.70,3.66,3.68,2513657.0,1171009193.00
20220601,3.67,3.69,3.66,3.67,1400677.0,651076588.00
20220602,3.66,3.67,3.65,3.66,1521638.0,704972367.00
20220606,3.66,3.66,3.62,3.63,2954334.0,1359071286.00
20220607,3.63,3.66,3.62,3.64,1873120.0,863790898.00
20220608,3.65,3.66,3.64,3.66,1736302.0,803663719.00
20220609,3.66,3.69,3.65,3.68,2193620.0,1020144722.00
20220610,3.68,3.70,3.67,3.70,2647090.0,1236607464.00
20220613,3.70,3.70,3.66,3.69,2282411.0,1062970281.00
20220614,3.68,3.74,3.67,3.73,2271489.0,1065769460.00
20220615,3.73,3.77,3.71,3.74,2981359.0,1413770158.00
20220616,3.74,3.74,3.70,3.71,2101488.0,989353107.00
20220617,3.71,3.75,3.70,3.75,1810638.0,857162918.00
20220620,3.75,3.75,3.71,3.71,1864115.0,879332783.00
20220621,3.72,3.77,3.71,3.76,2094054.0,992313781.00
20220622,3.75,3.78,3.74,3.75,1567201.0,746302086.00
20220623,3.76,3.77,3.75,3.77,1754362.0,836115738.00
20220624,3.76,3.77,3.73,3.74,1838539.0,872916586.00
20220627,3.74,3.75,3.71,3.72,2315191.0,1092328379.00
20220628,3.72,3.74,3.70,3.74,1707371.0,805395280.00
20220629,3.74,3.77,3.73,3.77,2155491.0,1023870244.00
20220630,3.76,3.77,3.74,3.77,1783255.0,849607080.00
20220701,3.77,3.77,3.74,3.77,1349358.0,642345557.00
20220704,3.77,3.78,3.75,3.77,1306121.0,622821601.00
20220705,3.77,3.80,3.77,3.79,2036720.0,975769265.00
20220706,3.79,3.80,3.76,3.77,1768551.0,844420041.00
20220707,3.77,3.78,3.76,3.76,1616039.0,771362416.00
20220708,3.77,3.77,3.74,3.77,1620289.0,771025598.00
20220711,3.77,3.79,3.75,3.78,3319089.0,1588548779.00
20220712,3.80,3.81,3.78,3.79,3134478.0,1415371772.00
20220713,3.79,3.79,3.71,3.72,3393612.0,1509312922.00
20220714,3.72,3.72,3.63,3.67,3430233.0,1493674363.00
20220715,3.66,3.68,3.64,3.64,2188863.0,953165921.00
20220718,3.65,3.67,3.65,3.67,1770540.0,771591237.00
20220719,3.66,3.71,3.66,3.69,1747359.0,766493792.00
20220720,3.70,3.74,3.69,3.73,1629580.0,721830507.00
20220721,3.74,3.74,3.69,3.69,1486550.0,655999435.00
20220722,3.69,3.72,3.69,3.71,1438737.0,634607518.00
20220725,3.71,3.73,3.70,3.73,1315204.0,582040207.00
20220726,3.73,3.74,3.72,3.72,1382246.0,612318085.00
20220727,3.72,3.72,3.69,3.69,1259741.0,553990999.00
20220728,3.69,3.72,3.69,3.69,1198584.0,527011553.00
20220729,3.70,3.72,3.67,3.68,1433018.0,629578816.00
20220801,3.67,3.70,3.66,3.67,1336474.0,585326909.00
20220802,3.66,3.67,3.64,3.66,1803067.0,782945384.00
20220803,3.65,3.66,3.63,3.63,1415815.0,614187517.00
20220804,3.65,3.68,3.63,3.67,1858632.0,809091671.00
20220805,3.68,3.70,3.66,3.69,1226915.0,537331729.00
20220808,3.69,3.69,3.65,3.66,1294709.0,564029561.00
20220809,3.66,3.67,3.65,3.65,820212.0,356859073.00
20220810,3.65,3.66,3.63,3.64,907585.0,393451050.00
20220811,3.65,3.67,3.64,3.66,1526533.0,664667705.00
20220812,3.66,3.67,3.65,3.66,1126271.0,490393040.00
20220815,3.66,3.66,3.64,3.65,1193889.0,518417995.00
20220816,3.65,3.66,3.64,3.64,1292595.0,561093999.00
20220817,3.65,3.66,3.63,3.65,1737078.0,752698402.00
20220818,3.65,3.65,3.63,3.63,1079771.0,467337830.00
20220819,3.64,3.66,3.63,3.64,1065557.0,462040416.00
20220822,3.64,3.66,3.63,3.64,1022983.0,443494667.00
20220823,3.64,3.65,3.63,3.63,1062128.0,459477326.00
20220824,3.64,3.65,3.63,3.63,1102185.0,476974353.00
20220825,3.64,3.65,3.63,3.65,1164669.0,504127533.00
20220826,3.65,3.66,3.64,3.66,981046.0,426084963.00
20220829,3.65,3.66,3.63,3.64,1029064.0,445969000.00
20220830,3.65,3.66,3.64,3.66,1340225.0,582803339.00
20220831,3.66,3.68,3.65,3.68,2592392.0,1132180169.00
20220901,3.66,3.67,3.66,3.66,1056918.0,460792946.00
20220902,3.66,3.67,3.65,3.66,1297847.0,565116180.00
20220905,3.66,3.66,3.64,3.66,1259091.0,547119545.00
20220906,3.66,3.68,3.65,3.66,1845802.0,805772141.00
20220907,3.66,3.66,3.65,3.66,1189129.0,517187728.00
20220908,3.66,3.66,3.65,3.66,1086742.0,472815830.00
20220909,3.66,3.68,3.66,3.66,1627950.0,710715972.00
20220913,3.67,3.69,3.66,3.68,2076229.0,908320747.00
20220914,3.66,3.68,3.66,3.66,1195215.0,521881471.00
20220915,3.67,3.70,3.66,3.69,2994070.0,1312876135.00
20220916,3.69,3.70,3.66,3.66,2427171.0,1062487993.00
20220919,3.67,3.69,3.66,3.68,2167207.0,948114394.00
20220920,3.69,3.69,3.66,3.67,1485249.0,650364279.00
20220921,3.67,3.69,3.66,3.67,1578483.0,689565518.00
20220922,3.66,3.70,3.66,3.69,2857305.0,1248539894.00
20220923,3.68,3.71,3.67,3.70,2812242.0,1237026682.00
20220926,3.69,3.70,3.66,3.66,2626983.0,1147676709.00
20220927,3.66,3.66,3.64,3.65,1900358.0,825325572.00
20220928,3.65,3.66,3.64,3.66,1805773.0,784503628.00
20220929,3.66,3.66,3.64,3.64,1758825.0,763036787.00
20220930,3.65,3.66,3.64,3.66,1578628.0,686074089.00
20221010,3.66,3.68,3.64,3.66,3177782.0,1385758856.00
20221011,3.66,3.68,3.65,3.67,2071206.0,903371612.00
20221012,3.67,3.70,3.66,3.70,2592392.0,1135992155.00
20221013,3.69,3.69,3.65,3.66,2700348.0,1174850511.00
20221014,3.66,3.66,3.64,3.65,2629693.0,1142713536.00
20221017,3.65,3.68,3.64,3.66,2562545.0,1115347729.00
20221018,3.66,3.66,3.65,3.66,1533382.0,666628309.00
20221019,3.65,3.66,3.65,3.65,1679226.0,730221419.00
20221020,3.66,3.66,3.65,3.66,1712898.0,745032525.00
20221021,3.66,3.66,3.65,3.66,1846240.0,802815210.00
20221024,3.66,3.66,3.64,3.66,3982764.0,1731708676.00
20221025,3.66,3.66,3.65,3.65,2059834.0,895581873.00
20221026,3.65,3.66,3.60,3.60,4305151.0,1859606050.00
20221027,3.60,3.61,3.56,3.57,2614570.0,1114168572.00
20221028,3.58,3.59,3.56,3.57,2322386.0,989014765.00
20221031,3.57,3.58,3.48,3.49,3136809.0,1315941980.00
20221101,3.49,3.50,3.37,3.43,6428448.0,2617808617.00
20221102,3.40,3.42,3.37,3.42,3450627.0,1394694899.00
20221103,3.40,3.41,3.40,3.41,1564672.0,634051041.00
20221104,3.40,3.46,3.40,3.44,3380993.0,1382391650.00
20221107,3.44,3.44,3.41,3.43,2420763.0,986337817.00
20221108,3.43,3.44,3.42,3.44,1266710.0,517079540.00
20221109,3.44,3.45,3.43,3.45,1368753.0,560691180.00
20221110,3.44,3.45,3.43,3.45,1423975.0,582648249.00
20221111,3.46,3.50,3.45,3.49,2768353.0,1144895641.00
20221114,3.50,3.52,3.49,3.49,2708151.0,1129702478.00
20221115,3.50,3.51,3.49,3.51,1564140.0,651544034.00
20221116,3.51,3.51,3.50,3.50,1132770.0,472113067.00
20221117,3.50,3.51,3.48,3.51,1681717.0,698816838.00
20221118,3.51,3.52,3.50,3.51,1785481.0,745303163.00
20221121,3.51,3.52,3.49,3.51,1805232.0,753341792.00
20221122,3.51,3.57,3.51,3.56,2702553.0,1140835265.00
20221123,3.56,3.61,3.55,3.58,3210907.0,1369621339.00
20221124,3.59,3.60,3.56,3.57,1413654.0,602139323.00
20221125,3.57,3.64,3.57,3.63,3698254.0,1591516138.00
20221128,3.61,3.61,3.55,3.56,2927271.0,1241390938.00
20221129,3.57,3.65,3.56,3.63,4116956.0,1769804553.00
20221130,3.61,3.64,3.60,3.61,3121823.0,1342258893.00
20221201,3.63,3.64,3.56,3.57,3527084.0,1508271593.00
20221202,3.57,3.58,3.56,3.56,1998981.0,848573118.00
20221205,3.58,3.63,3.57,3.61,3497317.0,1499555627.00
20221206,3.61,3.63,3.61,3.62,2597515.0,1117747056.00
20221207,3.62,3.63,3.60,3.61,2223358.0,956706139.00
20221208,3.61,3.62,3.60,3.61,1966006.0,845283418.00
20221209,3.61,3.63,3.61,3.61,2564904.0,1103145219.00
20221212,3.61,3.61,3.59,3.59,1967081.0,843407173.00
20221213,3.60,3.62,3.59,3.61,1640736.0,704235151.00
20221214,3.61,3.62,3.59,3.61,1975054.0,845926525.00
20221215,3.60,3.61,3.57,3.58,1793039.0,763572928.00
20221216,3.58,3.61,3.56,3.61,1982172.0,846358171.00
20221219,3.60,3.62,3.57,3.58,1647837.0,704842464.00
20221220,3.57,3.59,3.56,3.56,1769707.0,751668831.00
20221221,3.56,3.58,3.56,3.57,1188930.0,504895105.00
20221222,3.58,3.60,3.57,3.59,1296889.0,553757271.00
20221223,3.59,3.59,3.57,3.57,904598.0,385322879.00
20221226,3.58,3.60,3.56,3.58,1470701.0,626352011.00
20221227,3.59,3.62,3.58,3.61,1849633.0,793633877.00
20221228,3.61,3.64,3.61,3.63,1755916.0,757611069.00
20221229,3.62,3.63,3.58,3.61,1885666.0,809605996.00
20221230,3.62,3.66,3.61,3.65,2983387.0,1293431442.00
20230103,3.65,3.65,3.61,3.62,2428810.0,1047725002.00
20230104,3.63,3.66,3.62,3.66,2351477.0,1022070423.00
20230105,3.66,3.68,3.64,3.64,2017798.0,877204366.00
20230106,3.64,3.66,3.62,3.65,1687138.0,731034157.00
20230109,3.66,3.66,3.64,3.64,1666792.0,723302384.00
20230110,3.65,3.65,3.61,3.61,1751259.0,755033290.00
20230111,3.61,3.63,3.61,3.62,1349496.0,581583428.00
20230112,3.62,3.63,3.61,3.61,1095531.0,471371597.00
20230113,3.61,3.65,3.61,3.65,1310556.0,566908490.00
20230116,3.65,3.66,3.64,3.65,2239501.0,972719257.00
20230117,3.65,3.66,3.62,3.64,1348396.0,583427985.00
20230118,3.64,3.66,3.64,3.65,1290402.0,559746084.00
20230119,3.64,3.65,3.62,3.64,1311154.0,566876473.00
20230120,3.64,3.65,3.63,3.64,1423234.0,615310375.00
20230130,3.65,3.66,3.62,3.63,2451084.0,1060660579.00
20230131,3.63,3.64,3.62,3.63,1687635.0,729242572.00
20230201,3.63,3.64,3.61,3.62,1729253.0,745664750.00
20230202,3.63,3.63,3.61,3.61,2020736.0,870185102.00
20230203,3.61,3.62,3.61,3.61,1974191.0,848654204.00
20230206,3.61,3.61,3.60,3.61,2162138.0,926939859.00
20230207,3.61,3.62,3.60,3.61,1583521.0,680140869.00
20230208,3.61,3.62,3.61,3.61,1294928.0,556550720.00
20230209,3.61,3.62,3.61,3.61,1307659.0,562487646.00
20230210,3.62,3.62,3.61,3.62,1202376.0,517287828.00
20230213,3.61,3.62,3.61,3.61,1902540.0,817263325.00
20230214,3.61,3.62,3.61,3.61,1064558.0,457865981.00
20230215,3.61,3.62,3.60,3.61,2040446.0,875087611.00
20230216,3.61,3.61,3.60,3.60,1894247.0,812550640.00
20230217,3.60,3.61,3.60,3.60,1786395.0,766064990.00
20230220,3.61,3.62,3.60,3.62,2339844.0,1004838515.00
20230221,3.61,3.63,3.61,3.63,1678930.0,724398198.00
20230222,3.63,3.63,3.61,3.61,937520.0,404187271.00
20230223,3.62,3.63,3.61,3.61,1215628.0,523722564.00
20230224,3.62,3.62,3.61,3.61,1391183.0,597341180.00
20230227,3.61,3.61,3.60,3.61,1201802.0,515168670.00
20230228,3.61,3.61,3.60,3.61,1580501.0,677615166.00
20230301,3.61,3.62,3.61,3.61,2575567.0,1107847947.00
20230302,3.61,3.63,3.61,3.63,2209294.0,952727208.00
20230303,3.63,3.67,3.63,3.66,3222511.0,1399659368.00
20230306,3.67,3.68,3.65,3.66,3218612.0,1401037315.00
20230307,3.66,3.77,3.65,3.69,6770934.0,2992988030.00
20230308,3.67,3.71,3.66,3.70,2513977.0,1098665504.00
20230309,3.70,3.73,3.68,3.68,2410879.0,1062348001.00
20230310,3.66,3.68,3.65,3.65,2221254.0,968749011.00
20230313,3.65,3.71,3.64,3.70,2491912.0,1092169163.00
20230314,3.69,3.73,3.68,3.71,2542645.0,1122413927.00
20230315,3.72,3.76,3.71,3.75,2896831.0,1288387303.00
20230316,3.74,3.84,3.73,3.80,5873947.0,2655044111.00
20230317,3.81,3.85,3.77,3.80,3428581.0,1553254965.00
20230320,3.80,3.87,3.78,3.79,3386446.0,1541399770.00
20230321,3.80,3.82,3.73,3.74,2735102.0,1222842097.00
20230322,3.75,3.80,3.74,3.80,2218088.0,998009990.00
20230323,3.79,3.81,3.77,3.80,1898473.0,855390079.00
20230324,3.79,3.79,3.76,3.77,1619529.0,726293380.00
20230327,3.76,3.77,3.71,3.75,2126959.0,944911324.00
20230328,3.76,3.78,3.73,3.77,1718591.0,768256378.00
20230329,3.78,3.81,3.75,3.79,2153325.0,969916345.00
20230330,3.79,3.82,3.77,3.80,1810266.0,816555471.00
20230331,3.80,3.80,3.74,3.75,2345625.0,1050304784.00
20230403,3.75,3.76,3.73,3.74,2005186.0,892555875.00
20230404,3.74,3.80,3.73,3.80,3061591.0,1376907554.00
20230406,3.79,3.82,3.77,3.81,1958216.0,884878223.00
20230407,3.80,3.82,3.79,3.81,1247348.0,564750744.00
20230410,3.81,3.83,3.78,3.82,2403449.0,1090106743.00
20230411,3.82,3.84,3.81,3.82,1852177.0,843163088.00
20230412,3.83,3.90,3.82,3.88,3198518.0,1472027339.00
20230413,3.87,3.91,3.85,3.89,2187343.0,1012149962.00
20230414,3.91,3.91,3.88,3.89,1514961.0,701396460.00
20230417,3.89,3.98,3.88,3.98,3556292.0,1666156218.00
20230418,3.98,4.04,3.97,4.01,3952574.0,1882106553.00
20230419,4.01,4.03,3.99,4.00,2699214.0,1288443209.00
20230420,4.00,4.03,3.93,3.98,3180013.0,1502667180.00
20230421,3.98,4.03,3.94,3.95,3158540.0,1496588900.00
20230424,3.95,3.99,3.93,3.97,3062068.0,1443750723.00
20230425,3.96,4.02,3.96,3.99,3915675.0,1857660019.00
20230426,3.98,4.02,3.91,3.99,4009611.0,1891851111.00
20230427,3.98,3.99,3.95,3.99,2657080.0,1256636714.00
20230428,3.98,4.02,3.95,3.97,2503244.0,1185262424.00
20230504,3.95,4.17,3.93,4.16,7289708.0,3541568882.00
20230505,4.15,4.29,4.15,4.19,6828810.0,3428249976.00
20230508,4.22,4.51,4.21,4.46,10488613.0,5490372106.00
20230509,4.51,4.60,4.39,4.43,9334986.0,4986593624.00
20230510,4.39,4.42,4.19,4.23,7516354.0,3815734476.00
20230511,4.23,4.30,4.19,4.20,4037363.0,2028244040.00
20230512,4.19,4.24,4.16,4.19,3651839.0,1822660939.00
20230515,4.19,4.25,4.08,4.24,5121251.0,2529284812.00
20230516,4.24,4.32,4.19,4.21,3238579.0,1638354828.00
20230517,4.19,4.24,4.14,4.19,2615396.0,1303973179.00
20230518,4.20,4.35,4.19,4.30,4402893.0,2247012011.00
20230519,4.30,4.32,4.24,4.24,3082250.0,1566953441.00
20230522,4.24,4.33,4.22,4.26,2578696.0,1312745930.00
20230523,4.25,4.30,4.13,4.14,4411800.0,2195648031.00
20230524,4.16,4.17,3.99,4.00,5227541.0,2512302395.00
20230525,3.98,4.01,3.95,3.98,3461347.0,1637454759.00
20230526,3.98,4.07,3.97,4.03,2346931.0,1123359457.00
20230529,4.04,4.10,4.03,4.08,2980559.0,1441539230.00
20230530,4.07,4.10,4.03,4.05,2689175.0,1298717694.00
20230531,4.04,4.09,4.02,4.06,2513542.0,1215088902.00
20230601,4.05,4.14,4.03,4.09,2708660.0,1316044948.00
20230602,4.09,4.12,4.07,4.10,1594868.0,775899590.00
20230605,4.10,4.19,4.09,4.17,1961820.0,969318119.00
20230606,4.17,4.24,4.15,4.17,2501765.0,1251780679.00
20230607,4.18,4.24,4.18,4.21,2192964.0,1099411845.00
20230608,4.21,4.29,4.19,4.28,2413817.0,1219117768.00
20230609,4.27,4.30,4.25,4.26,2114255.0,1075351684.00
20230612,4.27,4.28,4.16,4.18,2706656.0,1353794292.00
20230613,4.17,4.21,4.16,4.20,1622394.0,809442490.00
20230614,4.19,4.22,4.09,4.09,3504577.0,1728125975.00
20230615,4.12,4.17,4.09,4.13,2252519.0,1105624109.00
20230616,4.13,4.14,4.10,4.10,2177238.0,1066214514.00
20230619,4.10,4.11,4.04,4.06,2294115.0,1110369621.00
20230620,4.06,4.09,4.03,4.06,1754803.0,847809825.00
20230621,4.05,4.14,4.04,4.08,2736088.0,1333802300.00
20230626,4.08,4.09,3.99,4.01,2989838.0,1430494631.00
20230627,4.01,4.05,3.98,4.04,2129214.0,1020036538.00
20230628,4.03,4.07,4.02,4.05,1914026.0,921642614.00
20230629,4.04,4.05,4.02,4.02,1768647.0,848123797.00
20230630,4.03,4.07,4.03,4.05,1789394.0,861972305.00
20230703,4.07,4.11,4.03,4.10,2885172.0,1401397653.00
20230704,4.09,4.10,4.05,4.06,2236081.0,1083994704.00
20230705,4.06,4.08,4.03,4.05,1650508.0,795131316.00
20230706,4.03,4.06,4.00,4.01,2402678.0,1150747048.00
20230707,4.00,4.04,3.99,4.00,2204643.0,1052383642.00
20230710,4.01,4.03,3.99,4.01,1259393.0,600869277.00
20230711,4.03,4.07,4.02,4.06,1810361.0,872812383.00
20230712,4.06,4.09,4.03,4.04,1862673.0,899237410.00
20230713,4.05,4.11,4.05,4.09,2581133.0,1252501956.00
20230714,4.10,4.12,4.07,4.09,3056800.0,1490328854.00
20230717,4.12,4.13,4.08,4.09,2872926.0,1313140480.00
20230718,4.09,4.10,4.05,4.07,2104103.0,955282786.00
20230719,4.06,4.09,4.05,4.08,1451547.0,659323287.00
20230720,4.09,4.12,4.08,4.10,1444105.0,661920422.00
20230721,4.09,4.11,4.08,4.10,1303226.0,596118856.00
20230724,4.09,4.11,4.07,4.09,1158906.0,528908860.00
20230725,4.11,4.15,4.10,4.14,1924508.0,887398435.00
20230726,4.14,4.16,4.12,4.15,1154338.0,533491432.00
20230727,4.15,4.25,4.15,4.21,2404241.0,1130511654.00
20230728,4.19,4.30,4.18,4.29,2585045.0,1229649771.00
20230731,4.30,4.35,4.25,4.27,2822097.0,1351064410.00
20230801,4.27,4.30,4.25,4.28,1849948.0,883177021.00
20230802,4.25,4.26,4.17,4.18,3016436.0,1414477098.00
20230803,4.18,4.25,4.16,4.23,2110533.0,991496643.00
20230804,4.25,4.28,4.21,4.25,2359551.0,1118833388.00
20230807,4.24,4.24,4.18,4.22,1899890.0,892038939.00
20230808,4.21,4.22,4.18,4.19,1292975.0,605700032.00
20230809,4.18,4.22,4.18,4.22,1275892.0,599028493.00
20230810,4.21,4.22,4.18,4.20,1251263.0,586262307.00
20230811,4.20,4.20,4.13,4.13,2065554.0,958427435.00
20230814,4.11,4.11,4.07,4.08,2062904.0,940677037.00
20230815,4.09,4.17,4.08,4.16,1901957.0,876696048.00
20230816,4.14,4.17,4.12,4.16,1319587.0,610777724.00
20230817,4.15,4.15,4.09,4.12,1777380.0,816332096.00
20230818,4.11,4.18,4.10,4.13,2106844.0,975878346.00
20230821,4.13,4.15,4.08,4.08,2008060.0,919967016.00
20230822,4.09,4.16,4.08,4.14,2591201.0,1189461330.00
20230823,4.13,4.19,4.11,4.16,2519849.0,1170788998.00
20230824,4.17,4.17,4.11,4.11,2117788.0,976867240.00
20230825,4.10,4.19,4.10,4.17,2670932.0,1238221614.00
20230828,4.30,4.30,4.19,4.24,4335474.0,2047848272.00
20230829,4.22,4.23,4.13,4.15,3805807.0,1766953944.00
20230830,4.15,4.15,4.09,4.11,3254211.0,1492263143.00
20230831,4.10,4.16,4.08,4.14,2894279.0,1328761084.00
20230901,4.11,4.13,4.08,4.09,2968284.0,1357727426.00
20230904,4.10,4.13,4.08,4.12,2511760.0,1153387625.00
20230905,4.11,4.12,4.10,4.11,1665329.0,764627604.00
20230906,4.10,4.14,4.10,4.13,1565622.0,721190246.00
20230907,4.13,4.16,4.12,4.14,2110285.0,975710530.00
20230908,4.14,4.14,4.10,4.11,1228219.0,563775965.00
20230911,4.11,4.13,4.10,4.11,1734104.0,796563541.00
20230912,4.11,4.12,4.10,4.12,1260715.0,578873994.00
20230913,4.12,4.15,4.11,4.14,2062879.0,951230236.00
20230914,4.15,4.19,4.14,4.19,3511707.0,1638629281.00
20230915,4.19,4.21,4.15,4.15,2397324.0,1116627267.00
20230918,4.16,4.17,4.13,4.16,1661258.0,768769281.00
20230919,4.16,4.19,4.15,4.19,2066133.0,963619723.00
20230920,4.18,4.22,4.17,4.20,2844159.0,1334624084.00
20230921,4.20,4.25,4.19,4.20,2981619.0,1401644984.00
20230922,4.20,4.25,4.18,4.25,3099886.0,1460209787.00
20230925,4.25,4.26,4.23,4.24,2372227.0,1124713307.00
20230926,4.25,4.25,4.19,4.21,2148475.0,1011746717.00
20230927,4.21,4.22,4.17,4.17,2258029.0,1054101377.00
20230928,4.18,4.21,4.17,4.19,1569717.0,734762892.00
20231009,4.17,4.21,4.15,4.18,2148066.0,1002756576.00
20231010,4.20,4.23,4.18,4.19,1860356.0,873180320.00
20231011,4.20,4.24,4.20,4.23,2692050.0,1269006831.00
20231012,4.30,4.34,4.28,4.34,5677658.0,2734640605.00
20231013,4.31,4.43,4.30,4.38,4282273.0,2094706164.00
20231016,4.37,4.43,4.34,4.41,2823495.0,1381506632.00
20231017,4.40,4.42,4.38,4.41,1900439.0,932409040.00
20231018,4.40,4.46,4.39,4.42,2757790.0,1360530618.00
20231019,4.40,4.41,4.31,4.33,3631634.0,1759426129.00
20231020,4.30,4.34,4.26,4.29,2747825.0,1317398881.00
20231023,4.28,4.34,4.27,4.32,2687135.0,1295265514.00
20231024,4.32,4.33,4.24,4.26,3355483.0,1596617824.00
20231025,4.27,4.29,4.22,4.22,3489260.0,1648499684.00
20231026,4.22,4.30,4.22,4.29,3065313.0,1460187893.00
20231027,4.30,4.33,4.25,4.27,2929633.0,1401153452.00
20231030,4.25,4.26,4.17,4.20,4686115.0,2199149845.00
20231031,4.20,4.25,4.18,4.24,2411116.0,1136787730.00
20231101,4.25,4.28,4.21,4.27,2166782.0,1029343589.00
20231102,4.28,4.32,4.27,4.28,2132217.0,1023208913.00
20231103,4.28,4.29,4.24,4.25,1995544.0,948809749.00
20231106,4.25,4.26,4.21,4.22,3155536.0,1487054517.00
20231107,4.22,4.25,4.20,4.23,1762681.0,831535432.00
20231108,4.22,4.25,4.20,4.22,2307978.0,1088088168.00
20231109,4.21,4.29,4.21,4.28,2774644.0,1319361414.00
20231110,4.27,4.32,4.25,4.28,2157019.0,1030812616.00
20231113,4.28,4.28,4.23,4.26,1784472.0,845699968.00
20231114,4.25,4.29,4.24,4.29,2065393.0,983406086.00
20231115,4.28,4.30,4.27,4.29,1510145.0,722371077.00
20231116,4.28,4.32,4.27,4.30,1783049.0,856430948.00
20231117,4.30,4.31,4.26,4.28,1733745.0,828856950.00
20231120,4.28,4.32,4.27,4.31,1737244.0,833340523.00
20231121,4.31,4.34,4.30,4.31,1855786.0,893722004.00
20231122,4.30,4.33,4.29,4.30,1426233.0,685928359.00
20231123,4.31,4.31,4.27,4.30,1713015.0,820169689.00
20231124,4.30,4.32,4.29,4.30,1862324.0,895099924.00
20231127,4.29,4.30,4.25,4.28,2183710.0,1041992127.00
20231128,4.28,4.30,4.27,4.29,1333511.0,638025597.00
20231129,4.28,4.29,4.26,4.27,1608007.0,767506443.00
20231130,4.27,4.31,4.26,4.31,2146403.0,1027384354.00
20231201,4.30,4.33,4.29,4.31,2500467.0,1202312573.00
20231204,4.31,4.33,4.30,4.30,1531861.0,736651082.00
20231205,4.30,4.31,4.26,4.26,1981989.0,948472230.00
20231206,4.26,4.26,4.21,4.21,2952965.0,1394679540.00
20231207,4.21,4.25,4.19,4.24,2347758.0,1108498604.00
20231208,4.25,4.27,4.23,4.24,1983784.0,940179674.00
20231211,4.23,4.25,4.17,4.24,2796162.0,1313136708.00
20231212,4.23,4.30,4.21,4.29,2769037.0,1320664344.00
20231213,4.29,4.31,4.27,4.29,2490304.0,1194973334.00
20231214,4.29,4.31,4.26,4.27,1521738.0,727096831.00
20231215,4.27,4.29,4.24,4.24,1953905.0,929151541.00
20231218,4.24,4.30,4.22,4.27,2380762.0,1134338057.00
20231219,4.27,4.30,4.26,4.29,1753940.0,840048362.00
20231220,4.30,4.33,4.27,4.29,2219820.0,1066878030.00
20231221,4.28,4.30,4.24,4.29,2465345.0,1174701829.00
20231222,4.29,4.30,4.26,4.28,2218556.0,1060976699.00
20231225,4.27,4.31,4.27,4.30,1094809.0,524989286.00
20231226,4.30,4.32,4.29,4.32,1487372.0,715555035.00
20231227,4.32,4.34,4.28,4.33,1843188.0,886215652.00
20231228,4.33,4.34,4.27,4.27,3465162.0,1664753044.00
20231229,4.28,4.30,4.27,4.28,1800478.0,861564197.00
20240102,4.28,4.33,4.27,4.29,2071811.0,995101442.00
20240103,4.29,4.34,4.28,4.34,2488954.0,1201719346.00
20240104,4.34,4.39,4.33,4.38,2865676.0,1396443521.00
20240105,4.38,4.43,4.35,4.36,2860747.0,1403610998.00
20240108,4.36,4.40,4.34,4.37,3252257.0,1588242673.00
20240109,4.37,4.38,4.33,4.37,2257345.0,1097994737.00
20240110,4.36,4.40,4.33,4.34,2342435.0,1138531555.00
20240111,4.34,4.34,4.27,4.28,3306669.0,1587950047.00
20240112,4.27,4.33,4.26,4.31,2300665.0,1105695049.00
20240115,4.30,4.35,4.29,4.35,1810483.0,874409887.00
20240116,4.34,4.39,4.34,4.38,2480399.0,1207827031.00
20240117,4.37,4.39,4.34,4.34,2766317.0,1349034066.00
20240118,4.33,4.37,4.23,4.34,5232773.0,2503424284.00
20240119,4.33,4.38,4.29,4.38,3867215.0,1875529373.00
20240122,4.36,4.43,4.35,4.38,4420635.0,2173336065.00
20240123,4.38,4.41,4.34,4.38,3107488.0,1515560674.00
20240124,4.39,4.46,4.37,4.45,3348475.0,1650534905.00
20240125,4.46,4.52,4.45,4.49,3437584.0,1721285077.00
20240126,4.49,4.58,4.47,4.56,3899368.0,1970826387.00
20240129,4.55,4.66,4.55,4.62,3844041.0,1981081369.00
20240130,4.60,4.64,4.56,4.60,2914817.0,1498554326.00
20240131,4.59,4.65,4.57,4.63,2963859.0,1525456799.00
20240201,4.61,4.66,4.60,4.60,2993715.0,1544401622.00
20240202,4.60,4.66,4.56,4.63,4075978.0,2103998356.00
20240205,4.63,4.75,4.62,4.74,6159388.0,3242203982.00
20240206,4.74,4.82,4.72,4.77,5649137.0,3006603608.00
20240207,4.76,4.76,4.55,4.68,7753355.0,4010563947.00
20240208,4.62,4.63,4.56,4.62,4653693.0,2383629316.00
20240219,4.62,4.73,4.57,4.72,4797144.0,2503180356.00
20240220,4.72,4.80,4.68,4.79,3059781.0,1626681256.00
20240221,4.78,4.90,4.77,4.85,3467349.0,1875270274.00
20240222,4.84,4.86,4.80,4.86,2231279.0,1204599969.00
20240223,4.85,4.94,4.85,4.91,3583185.0,1967299035.00
20240226,4.91,4.91,4.75,4.77,3677179.0,1977747711.00
20240227,4.75,4.80,4.70,4.75,2940999.0,1560959829.00
20240228,4.75,4.81,4.68,4.77,3806094.0,2021720033.00
20240229,4.76,4.80,4.75,4.77,2520778.0,1342717318.00
20240301,4.77,4.79,4.74,4.78,2477511.0,1317310136.00
20240304,4.77,4.78,4.73,4.77,2557573.0,1359409110.00
20240305,4.77,4.91,4.75,4.89,4298467.0,2323265996.00
20240306,4.88,4.92,4.79,4.79,3527872.0,1910626811.00
20240307,4.79,4.84,4.78,4.82,3074594.0,1650760690.00
20240308,4.81,4.84,4.78,4.83,2472004.0,1328152980.00
20240311,4.82,4.83,4.77,4.81,2243026.0,1200710433.00
20240312,4.80,4.80,4.65,4.66,5117148.0,2688688960.00
20240313,4.65,4.67,4.60,4.63,3003607.0,1555083541.00
20240314,4.62,4.68,4.60,4.65,2413114.0,1253072994.00
20240315,4.65,4.69,4.65,4.67,2258614.0,1177297474.00
20240318,4.67,4.68,4.63,4.64,1911735.0,991424880.00
20240319,4.64,4.66,4.61,4.61,2028046.0,1048062766.00
20240320,4.61,4.68,4.59,4.66,2453976.0,1270999033.00
20240321,4.66,4.69,4.64,4.68,2051063.0,1069468123.00
20240322,4.68,4.72,4.64,4.70,2657844.0,1390667475.00
20240325,4.70,4.74,4.69,4.74,2374081.0,1252612475.00
20240326,4.74,4.77,4.71,4.77,2433596.0,1289061751.00
20240327,4.77,4.83,4.75,4.80,2907079.0,1558334370.00
20240328,4.78,4.79,4.68,4.70,3978898.0,2091220999.00
20240329,4.70,4.77,4.68,4.73,2298123.0,1217142787.00
20240401,4.73,4.77,4.72,4.74,2019199.0,1069899178.00
20240402,4.74,4.80,4.73,4.78,3142501.0,1675629707.00
20240403,4.78,4.80,4.75,4.77,2182241.0,1164487633.00
20240408,4.77,4.85,4.76,4.84,3070469.0,1649825520.00
20240409,4.84,4.87,4.77,4.77,3139150.0,1683877064.00
20240410,4.78,4.83,4.77,4.78,2449472.0,1311190477.00
20240411,4.77,4.78,4.72,4.77,2002638.0,1064148840.00
20240412,4.77,4.79,4.74,4.77,2483944.0,1321908574.00
20240415,4.77,4.86,4.77,4.86,4012439.0,2162688286.00
20240416,4.86,4.93,4.82,4.90,4000693.0,2183179673.00
20240417,4.88,4.94,4.83,4.93,3322042.0,1811875417.00
20240418,4.92,5.04,4.91,4.94,3879728.0,2153809249.00
20240419,4.93,5.01,4.93,4.97,2559406.0,1421250834.00
20240422,4.99,5.05,4.90,4.91,3275212.0,1813431120.00
20240423,4.92,5.00,4.89,4.93,3309130.0,1827802629.00
20240424,4.93,4.94,4.89,4.90,2360260.0,1292875949.00
20240425,4.91,4.93,4.88,4.92,1650746.0,903595424.00
20240426,4.92,4.96,4.83,4.84,4710331.0,2563059300.00
20240429,4.83,4.87,4.78,4.82,3490151.0,1882123563.00
20240430,4.81,4.88,4.80,4.86,2601744.0,1410153799.00
20240506,4.88,4.90,4.80,4.81,4058714.0,2189241442.00
20240507,4.81,4.85,4.79,4.84,2781631.0,1495708240.00
20240508,4.84,4.88,4.82,4.85,2967672.0,1608594647.00
20240509,4.84,4.85,4.81,4.82,2401956.0,1293993946.00
20240510,4.83,4.86,4.82,4.84,2646861.0,1429642027.00
20240513,4.84,4.86,4.80,4.85,2390940.0,1289851740.00
20240514,4.85,4.85,4.80,4.81,2578667.0,1387229378.00
20240515,4.81,4.83,4.80,4.82,1427081.0,766846437.00
20240516,4.81,4.86,4.80,4.85,2971889.0,1603335346.00
20240517,4.85,4.90,4.83,4.90,3830016.0,2079470080.00
20240520,4.90,4.95,4.87,4.89,3318203.0,1817190584.00
20240521,4.89,4.94,4.87,4.93,2736760.0,1498524386.00
20240522,4.93,4.96,4.92,4.94,2458441.0,1356650240.00
20240523,4.94,4.95,4.90,4.92,2241625.0,1231956387.00
20240524,4.92,4.94,4.87,4.87,2261861.0,1238699584.00
20240527,4.88,4.92,4.87,4.91,2155682.0,1178996874.00
20240528,4.91,4.94,4.89,4.92,1957240.0,1074148916.00
20240529,4.92,4.94,4.88,4.90,2277199.0,1247889692.00
20240530,4.90,4.91,4.86,4.87,2239851.0,1219754897.00
20240531,4.88,4.90,4.86,4.86,2037423.0,1110323552.00
20240603,4.86,4.88,4.85,4.87,2157727.0,1171716314.00
20240604,4.87,4.90,4.87,4.90,1756288.0,958146651.00
20240605,4.90,4.91,4.88,4.89,1889975.0,1031778716.00
20240606,4.89,4.92,4.88,4.89,2375214.0,1298076591.00
20240607,4.89,4.94,4.88,4.94,2972943.0,1633744047.00
20240611,4.94,4.96,4.87,4.87,3337614.0,1829863373.00
20240612,4.87,4.88,4.80,4.84,3234762.0,1745522080.00
20240613,4.84,4.87,4.83,4.86,1804745.0,977764799.00
20240614,4.86,4.94,4.86,4.93,3698141.0,2027587055.00
20240617,4.92,4.93,4.84,4.86,2737858.0,1489815818.00
20240618,4.86,4.89,4.83,4.88,2010650.0,1091725781.00
20240619,4.87,4.93,4.87,4.93,2479370.0,1360484560.00
20240620,4.93,4.94,4.91,4.94,2133767.0,1175329569.00
20240621,4.94,4.95,4.91,4.94,2248274.0,1239151678.00
20240624,4.94,5.00,4.93,4.99,3317211.0,1839293338.00
20240625,4.98,5.03,4.97,5.02,2924741.0,1633949389.00
20240626,5.02,5.07,5.01,5.04,2524705.0,1420409162.00
20240627,5.03,5.11,5.02,5.11,3156536.0,1788966261.00
20240628,5.10,5.12,5.06,5.11,2685533.0,1525746420.00
20240701,5.10,5.24,5.09,5.21,3202846.0,1854826332.00
20240702,5.21,5.36,5.20,5.35,3770405.0,2234061030.00
20240703,5.34,5.36,5.24,5.28,2743719.0,1619018146.00
20240704,5.28,5.36,5.27,5.34,2618980.0,1556909212.00
20240705,5.34,5.37,5.20,5.22,3993120.0,2341435825.00
20240708,5.21,5.32,5.20,5.28,2883649.0,1699967172.00
20240709,5.28,5.32,5.24,5.32,2955343.0,1746477244.00
20240710,5.32,5.38,5.32,5.37,2876301.0,1720936653.00
20240711,5.37,5.37,5.25,5.31,3767985.0,2229396343.00
20240712,5.30,5.46,5.29,5.45,4009673.0,2418946581.00
20240715,5.46,5.59,5.43,5.55,4289583.0,2640918177.00
20240716,5.58,5.63,5.50,5.55,5035591.0,2966243649.00
20240717,5.54,5.60,5.51,5.57,3218992.0,1898464088.00
20240718,5.56,5.58,5.53,5.57,2553864.0,1505808655.00
20240719,5.56,5.58,5.49,5.57,3601440.0,2112440788.00
20240722,5.54,5.55,5.43,5.51,3230607.0,1879506552.00
20240723,5.49,5.71,5.48,5.67,5081438.0,3034821327.00
20240724,5.66,5.76,5.65,5.71,3184498.0,1929595589.00
20240725,5.70,5.77,5.63,5.71,4114787.0,2488088460.00
20240726,5.70,5.72,5.53,5.59,4159456.0,2462785200.00
20240729,5.58,5.64,5.51,5.64,2618931.0,1555917031.00
20240730,5.63,5.69,5.57,5.65,2495335.0,1490211571.00
20240731,5.64,5.67,5.50,5.52,4614730.0,2712777024.00
20240801,5.50,5.57,5.40,5.54,3731394.0,2178941279.00
20240802,5.52,5.58,5.50,5.54,2814158.0,1655728285.00
20240805,5.54,5.61,5.50,5.53,3195446.0,1883504218.00
20240806,5.54,5.55,5.45,5.47,2754700.0,1604677490.00
20240807,5.49,5.54,5.47,5.49,2270152.0,1326499665.00
20240808,5.50,5.54,5.48,5.53,1871759.0,1095813858.00
20240809,5.53,5.59,5.51,5.58,1850788.0,1091650499.00
20240812,5.58,5.68,5.57,5.65,2258478.0,1350053507.00
20240813,5.65,5.73,5.59,5.66,2404187.0,1445004523.00
20240814,5.64,5.70,5.63,5.68,1880448.0,1129757322.00
20240815,5.68,5.71,5.66,5.70,2067401.0,1247677390.00
20240816,5.70,5.80,5.69,5.79,2701940.0,1647386714.00
20240819,5.79,5.93,5.75,5.91,3388635.0,2104346757.00
20240820,5.90,6.03,5.89,6.03,3995974.0,2534261642.00
20240821,5.99,6.00,5.89,5.94,3315883.0,2088630842.00
20240822,5.93,6.07,5.93,6.05,3502302.0,2236501392.00
20240823,6.05,6.11,5.99,6.09,2656574.0,1706372380.00
20240826,6.07,6.10,5.99,6.06,2673111.0,1712684370.00
20240827,6.05,6.18,6.04,6.16,3232496.0,2103729870.00
20240828,6.16,6.19,6.07,6.12,3147225.0,2043853154.00
20240829,6.11,6.12,5.85,5.86,5573147.0,3505246234.00
20240830,5.83,5.88,5.62,5.64,8807823.0,5320880799.00
20240902,5.56,5.66,5.54,5.60,5682402.0,3379236044.00
20240903,5.59,5.61,5.36,5.43,6486401.0,3742967424.00
20240904,5.39,5.45,5.34,5.38,3923314.0,2240822277.00
20240905,5.37,5.40,5.28,5.31,3835308.0,2163978358.00
20240906,5.31,5.40,5.30,5.32,2906968.0,1651910319.00
20240909,5.31,5.33,5.20,5.29,2821267.0,1576623851.00
20240910,5.29,5.39,5.28,5.35,3683432.0,2088218472.00
20240911,5.34,5.35,5.19,5.22,3597634.0,1999982571.00
20240912,5.20,5.24,5.14,5.22,2868536.0,1582711061.00
20240913,5.22,5.26,5.20,5.24,2340487.0,1301691997.00
20240918,5.25,5.36,5.25,5.36,2468394.0,1391412407.00
20240919,5.37,5.38,5.26,5.33,2809968.0,1583072175.00
20240920,5.34,5.37,5.30,5.35,2828323.0,1602117689.00
20240923,5.34,5.41,5.30,5.39,2270377.0,1292978895.00
20240924,5.42,5.66,5.40,5.66,6052049.0,3559231107.00
20240925,5.74,5.86,5.63,5.70,6298208.0,3830867833.00
20240926,5.70,5.86,5.66,5.85,5216744.0,3190823779.00
20240927,5.89,5.98,5.58,5.67,6872093.0,4133669632.00
20240930,5.67,5.95,5.50,5.83,16161742.0,9720369051.00
20241008,6.13,6.28,5.70,5.77,16882262.0,10602986873.00
20241009,5.71,5.82,5.64,5.70,10090718.0,6133595303.00
20241010,5.70,6.03,5.70,5.91,10915281.0,6791738966.00
20241011,5.89,6.03,5.85,5.91,5299528.0,3337751104.00
20241014,5.96,6.13,5.96,6.10,7899211.0,5078881017.00
20241015,6.06,6.08,5.90,5.90,4927692.0,3131385265.00
20241016,5.87,6.03,5.86,6.00,4146146.0,2634359939.00
20241017,5.99,6.03,5.93,5.93,3280813.0,2079129206.00
20241018,5.93,6.00,5.86,5.96,5144522.0,3236239707.00
20241021,5.93,5.93,5.79,5.81,5684649.0,3510955375.00
20241022,5.82,5.86,5.76,5.79,4312715.0,2648200619.00
20241023,5.79,5.81,5.76,5.79,3068545.0,1883772583.00
20241024,5.78,5.85,5.77,5.81,2887895.0,1778302541.00
20241025,5.80,5.82,5.75,5.77,2845290.0,1742297128.00
20241028,5.76,5.76,5.69,5.72,3295364.0,1995022237.00
20241029,5.72,5.76,5.70,5.71,2938607.0,1785953207.00
20241030,5.70,5.73,5.66,5.67,3054120.0,1839999984.00
20241031,5.70,5.75,5.67,5.70,3052880.0,1844805160.00
20241101,5.70,5.80,5.69,5.80,4512379.0,2760339812.00
20241104,5.80,5.80,5.70,5.78,3180605.0,1937583730.00
20241105,5.75,5.80,5.74,5.80,3125108.0,1914855699.00
20241106,5.78,5.80,5.72,5.74,3450231.0,2106283782.00
20241107,5.73,5.80,5.71,5.80,3794488.0,2318559913.00
20241108,5.80,5.82,5.75,5.76,3300424.0,2021389761.00
20241111,5.73,5.74,5.68,5.70,3987302.0,2410772377.00
20241112,5.70,5.72,5.66,5.66,3292742.0,1984275396.00
20241113,5.66,5.72,5.64,5.70,3438858.0,2075207458.00
20241114,5.69,5.75,5.67,5.72,3735265.0,2271181110.00
20241115,5.71,5.76,5.69,5.70,3845233.0,2337086119.00
20241118,5.73,5.88,5.72,5.84,6932425.0,4282442406.00
20241119,5.83,5.86,5.72,5.80,4294987.0,2648795351.00
20241120,5.78,5.83,5.77,5.79,2682421.0,1649596256.00
20241121,5.78,5.80,5.76,5.78,1809107.0,1107466761.00
20241122,5.79,5.80,5.70,5.70,2978203.0,1814510786.00
20241125,5.71,5.78,5.70,5.72,2903722.0,1770698664.00
20241126,5.72,5.83,5.70,5.81,3300041.0,2021400613.00
20241127,5.80,5.86,5.79,5.85,2883174.0,1783808194.00
20241128,5.84,5.86,5.80,5.84,2018400.0,1248696415.00
20241129,5.84,5.87,5.79,5.80,2906465.0,1796519084.00
20241202,5.81,5.81,5.75,5.78,2417480.0,1480654066.00
20241203,5.78,5.86,5.77,5.86,3385172.0,2090169390.00
20241204,5.86,5.92,5.82,5.90,3572315.0,2228037037.00
20241205,5.89,5.97,5.87,5.90,2645283.0,1659231378.00
20241206,5.90,5.98,5.89,5.96,3119630.0,1968098515.00
20241209,5.94,6.01,5.92,5.96,3127433.0,1982868640.00
20241210,5.99,6.08,5.97,6.05,4372946.0,2792561332.00
20241211,6.03,6.08,5.94,5.95,3870003.0,2461585210.00
20241212,5.96,6.05,5.95,6.05,2901845.0,1851706028.00
20241213,6.03,6.08,6.00,6.03,3890984.0,2494595254.00
20241216,6.03,6.20,6.02,6.16,4715726.0,3074595963.00
20241217,6.15,6.21,6.14,6.14,3138477.0,2053036753.00
20241218,6.17,6.27,6.16,6.21,3489425.0,2301576369.00
20241219,6.19,6.23,6.11,6.12,3615285.0,2360581313.00
20241220,6.13,6.23,6.13,6.16,3765488.0,2467195131.00
20241223,6.16,6.37,6.16,6.32,4871100.0,3253676275.00
20241224,6.33,6.40,6.27,6.39,4641474.0,3126875531.00
20241225,6.38,6.64,6.37,6.54,6360901.0,4411842457.00
20241226,6.54,6.54,6.40,6.53,4872523.0,3343500772.00
20241227,6.50,6.54,6.37,6.52,5107041.0,3503590982.00
20241230,6.49,6.60,6.48,6.55,4823303.0,3342787449.00
20241231,6.54,6.63,6.51,6.52,5209802.0,3632600718.00
20250102,6.52,6.58,6.37,6.41,5314825.0,3636887200.00
20250103,6.42,6.44,6.24,6.33,5210740.0,3493034297.00
20250106,6.33,6.39,6.21,6.36,4742247.0,3180308148.00
20250107,6.36,6.46,6.32,6.44,3820218.0,2534162279.00
20250108,6.44,6.59,6.42,6.51,3996843.0,2703647491.00
20250109,6.51,6.52,6.41,6.46,2367234.0,1589593952.00
20250110,6.47,6.49,6.35,6.42,2620258.0,1748468963.00
20250113,6.41,6.42,6.25,6.35,3306033.0,2177310840.00
20250114,6.35,6.40,6.32,6.36,3418853.0,2259932309.00
20250115,6.35,6.48,6.34,6.38,3075983.0,2046662181.00
20250116,6.39,6.44,6.33,6.43,2674681.0,1778119565.00
20250117,6.42,6.45,6.35,6.36,2781346.0,1846159116.00
20250120,6.37,6.38,6.32,6.33,2273623.0,1498234582.00
20250121,6.34,6.36,6.28,6.31,2157435.0,1417436127.00
20250122,6.30,6.32,6.16,6.20,4111694.0,2658494738.00
20250123,6.24,6.44,6.24,6.41,5446820.0,3602828423.00
20250124,6.42,6.47,6.33,6.42,3282052.0,2189475262.00
20250127,6.43,6.60,6.43,6.57,3718662.0,2529075691.00
20250205,6.57,6.59,6.43,6.44,3305406.0,2222211104.00
20250206,6.45,6.51,6.40,6.44,2644237.0,1768795001.00
20250207,6.42,6.44,6.36,6.44,3676439.0,2445156829.00
20250210,6.41,6.49,6.39,6.42,3119268.0,2088870492.00
20250211,6.43,6.57,6.43,6.57,3941954.0,2664073222.00
20250212,6.56,6.66,6.48,6.64,3257811.0,2231545258.00
20250213,6.63,6.73,6.61,6.70,2945244.0,2045526566.00
20250214,6.70,6.74,6.64,6.73,2531578.0,1759162064.00
20250217,6.72,6.74,6.65,6.70,2713460.0,1885698489.00
20250218,6.69,6.87,6.68,6.83,3975121.0,2808344232.00
20250219,6.82,6.86,6.77,6.79,3220723.0,2274371586.00
20250220,6.78,6.83,6.74,6.82,2513267.0,1772394388.00
20250221,6.80,6.81,6.65,6.67,5772098.0,4021172959.00
20250224,6.64,6.68,6.57,6.63,4373310.0,3008552845.00
20250225,6.63,6.67,6.58,6.61,3139845.0,2159709477.00
20250226,6.61,6.68,6.59,6.62,3293700.0,2269557031.00
20250227,6.61,6.69,6.51,6.67,4391902.0,3015352621.00
20250228,6.64,6.72,6.61,6.61,4315896.0,2985870129.00
20250303,6.61,6.63,6.53,6.60,3964019.0,2705652927.00
20250304,6.57,6.59,6.53,6.53,3436562.0,2336781175.00
20250305,6.52,6.64,6.48,6.61,4599124.0,3147082337.00
20250306,6.60,6.61,6.54,6.58,3656712.0,2495349517.00
20250307,6.58,6.60,6.54,6.55,3223756.0,2195284348.00
20250310,6.54,6.55,6.47,6.49,3242116.0,2186689995.00
20250311,6.47,6.53,6.47,6.53,2680002.0,1809114543.00
20250312,6.51,6.52,6.45,6.47,3177702.0,2135384159.00
20250313,6.47,6.52,6.45,6.48,2572950.0,1734795847.00
20250314,6.47,6.56,6.47,6.50,4890721.0,3311312294.00
20250317,6.50,6.58,6.49,6.56,3586198.0,2436756611.00
20250318,6.58,6.59,6.52,6.55,2369528.0,1611444863.00
20250319,6.56,6.62,6.55,6.61,3032694.0,2077764026.00
20250320,6.61,6.66,6.56,6.59,3008452.0,2058985286.00
20250321,6.57,6.60,6.50,6.51,3087991.0,2096634446.00
20250324,6.51,6.60,6.51,6.57,3060402.0,2084392843.00
20250325,6.58,6.61,6.56,6.60,2318057.0,1587419428.00
20250326,6.61,6.62,6.56,6.58,2337801.0,1598912190.00
20250327,6.57,6.63,6.57,6.61,2580278.0,1771784348.00
20250328,6.61,6.62,6.58,6.62,2128381.0,1458086737.00
20250331,6.62,6.68,6.55,6.63,4071338.0,2804461039.00
20250401,6.61,6.64,6.53,6.55,4284291.0,2917602553.00
20250402,6.54,6.61,6.53,6.60,3099744.0,2116421300.00
20250403,6.57,6.64,6.57,6.63,3061669.0,2102242324.00
20250407,6.55,6.57,6.35,6.51,8491567.0,5702039106.00
20250408,6.45,6.59,6.43,6.57,6712678.0,4544166472.00
20250409,6.54,6.63,6.49,6.55,5661688.0,3844424813.00
20250410,6.55,6.55,6.48,6.50,4013375.0,2710599655.00
20250411,6.51,6.55,6.47,6.55,3475545.0,2348002468.00
20250414,6.53,6.64,6.52,6.61,4394042.0,3007411465.00
20250415,6.61,6.71,6.61,6.70,3841790.0,2662998736.00
20250416,6.70,6.80,6.67,6.80,4132402.0,2892689930.00
20250417,6.79,6.82,6.70,6.79,2639188.0,1851782419.00
20250418,6.78,6.90,6.77,6.87,3884345.0,2766835232.00
20250421,6.87,6.98,6.79,6.79,3742984.0,2668689810.00
20250422,6.79,6.89,6.78,6.88,2997871.0,2134511557.00
20250423,6.87,6.90,6.81,6.85,2569773.0,1828680838.00
20250424,6.83,7.02,6.83,6.97,3576109.0,2578423054.00
20250425,6.98,7.04,6.90,6.94,2326020.0,1680542606.00
20250428,6.95,7.07,6.95,7.02,2853766.0,2081021042.00
20250429,7.03,7.06,6.97,7.00,2179738.0,1585106865.00
20250430,6.95,6.96,6.71,6.75,6449971.0,4547350160.00
20250506,6.75,6.77,6.67,6.72,3663741.0,2553328289.00
20250507,6.75,6.85,6.71,6.85,4336456.0,3063562852.00
20250508,6.83,6.90,6.82,6.85,2837121.0,2017330424.00
20250509,6.84,6.96,6.84,6.90,3121965.0,2237795766.00
20250512,6.88,6.91,6.85,6.89,2702770.0,1932351708.00
20250513,6.89,6.98,6.86,6.96,2767459.0,1994786847.00
20250514,6.96,7.01,6.93,6.96,2868697.0,2076209237.00
20250515,6.96,7.02,6.95,7.00,2702621.0,1961219204.00
20250516,6.99,7.03,6.86,6.89,3935141.0,2821005777.00
20250519,6.89,6.93,6.85,6.86,2566691.0,1835179445.00
20250520,6.87,6.89,6.84,6.87,1976912.0,1409121067.00
20250521,6.87,6.92,6.85,6.87,2540713.0,1817575023.00
20250522,6.88,6.89,6.84,6.86,2940759.0,2095825511.00
20250523,6.86,6.88,6.81,6.82,3169188.0,2250187441.00
20250526,6.82,6.84,6.77,6.79,2876450.0,2031163197.00
20250527,6.79,6.83,6.78,6.80,1825202.0,1290694507.00
20250528,6.80,6.82,6.76,6.79,1710175.0,1204153102.00
20250529,6.79,6.81,6.76,6.78,1934699.0,1361048215.00
20250530,6.79,6.86,6.76,6.81,3467599.0,2453474445.00
20250603,6.79,6.87,6.78,6.85,2728118.0,1935871377.00
20250604,6.85,6.86,6.80,6.82,2118976.0,1501300431.00
20250605,6.82,6.86,6.81,6.83,2255742.0,1598752218.00
20250606,6.84,6.86,6.81,6.84,1870300.0,1326482212.00
20250609,6.84,6.85,6.78,6.82,2913685.0,2060159019.00
20250610,6.82,6.92,6.81,6.84,4161322.0,2968939276.00
20250611,6.84,6.88,6.83,6.86,2247734.0,1600489311.00
20250612,6.86,6.87,6.83,6.85,2318336.0,1647893541.00
20250613,6.85,6.87,6.82,6.83,2808948.0,1993391253.00
20250616,6.82,6.87,6.76,6.87,2786040.0,1973414702.00
20250617,6.87,6.90,6.86,6.90,2279383.0,1631206054.00
20250618,6.90,6.98,6.89,6.98,3321323.0,2399282240.00
20250619,6.97,7.03,6.93,7.03,2841780.0,2063441901.00
20250620,7.02,7.11,7.01,7.10,3106928.0,2278784786.00
20250623,7.09,7.28,7.06,7.24,3897378.0,2904803935.00
20250624,7.23,7.36,7.22,7.35,3560199.0,2697370670.00
20250625,7.33,7.42,7.24,7.39,3495452.0,2670562941.00
20250626,7.38,7.46,7.34,7.43,2931890.0,2256598292.00
20250627,7.43,7.47,7.20,7.22,4820511.0,3654638053.00
20250630,7.20,7.33,7.14,7.31,3061472.0,2307954197.00
20250701,7.31,7.45,7.30,7.38,2683319.0,2061516556.00
20250702,7.39,7.42,7.37,7.39,2068291.0,1588904790.00
20250703,7.39,7.43,7.32,7.36,2256541.0,1727134627.00
20250704,7.36,7.49,7.35,7.46,2890571.0,2231478827.00
20250707,7.45,7.48,7.41,7.44,1948834.0,1507334339.00
20250708,7.44,7.49,7.41,7.47,1983420.0,1536668535.00
20250709,7.47,7.64,7.46,7.56,2898276.0,2281970067.00
20250710,7.58,7.83,7.58,7.78,5870466.0,4723382454.00
20250711,7.82,8.05,7.71,7.71,8885956.0,7287115483.00
20250714,7.76,7.84,7.70,7.70,4706935.0,3718881121.00
20250715,7.72,7.74,7.62,7.66,3186881.0,2491230676.00
20250716,7.63,7.66,7.57,7.66,3524988.0,2727111481.00
20250717,7.65,7.67,7.58,7.61,2793217.0,2165167688.00
20250718,7.60,7.68,7.57,7.63,2727850.0,2118707043.00
20250721,7.62,7.63,7.54,7.57,3135466.0,2416554043.00
20250722,7.54,7.55,7.43,7.47,4778345.0,3631140814.00
20250723,7.46,7.59,7.43,7.52,4891056.0,3743744906.00
20250724,7.52,7.54,7.40,7.42,4623948.0,3497603345.00
20250725,7.40,7.45,7.35,7.36,3308917.0,2491086128.00
20250728,7.36,7.41,7.33,7.36,2734227.0,2051369273.00
20250729,7.36,7.39,7.30,7.30,2922719.0,2182949359.00
20250730,7.30,7.42,7.27,7.36,3907271.0,2927215141.00
20250731,7.36,7.46,7.29,7.43,4809696.0,3614613287.00
20250801,7.43,7.54,7.35,7.49,5145900.0,3907516134.00
20250804,7.50,7.64,7.49,7.55,4482751.0,3454575647.00
20250805,7.55,7.62,7.50,7.62,3403182.0,2621498587.00
20250806,7.61,7.66,7.58,7.62,2967782.0,2301147116.00
20250807,7.61,7.73,7.57,7.70,3789821.0,2960611114.00
20250808,7.70,7.76,7.63,7.65,2739258.0,2144008142.00
20250811,7.64,7.66,7.55,7.57,3368392.0,2599658649.00
20250812,7.56,7.67,7.54,7.64,3183981.0,2474883100.00
20250813,7.63,7.68,7.57,7.57,3360197.0,2601354456.00
20250814,7.57,7.62,7.54,7.56,2834873.0,2187318596.00
20250815,7.57,7.58,7.35,7.42,6480058.0,4882339779.00
20250818,7.38,7.41,7.33,7.40,4072372.0,3054805757.00
20250819,7.40,7.47,7.38,7.44,3385247.0,2560802995.00
20250820,7.45,7.49,7.43,7.44,3315206.0,2515293333.00
20250821,7.44,7.49,7.38,7.47,3443028.0,2609843959.00
20250822,7.47,7.50,7.40,7.50,3837728.0,2908481745.00
20250825,7.47,7.48,7.42,7.46,4131598.0,3129154376.00
20250826,7.45,7.49,7.41,7.42,2998328.0,2268338335.00
20250827,7.41,7.41,7.28,7.28,5157248.0,3852879694.00
20250828,7.28,7.31,7.19,7.25,4654689.0,3436054969.00
20250829,7.25,7.40,7.25,7.30,5196151.0,3876595173.00
20250901,7.30,7.32,7.23,7.25,3845436.0,2842147961.00
20250902,7.24,7.44,7.22,7.44,7690652.0,5756720401.00
20250903,7.44,7.45,7.29,7.31,4919771.0,3687104656.00
20250904,7.27,7.47,7.13,7.41,8760059.0,6522723401.00
20250905,7.39,7.41,7.27,7.31,4417093.0,3294733880.00
20250908,7.28,7.31,7.24,7.27,3542760.0,2623331822.00
20250909,7.26,7.33,7.25,7.30,2662794.0,1977586299.00
20250910,7.31,7.35,7.25,7.34,2886560.0,2148056693.00
20250911,7.33,7.45,7.26,7.38,5415159.0,4047763814.00
20250912,7.36,7.41,7.32,7.35,2992825.0,2242324705.00
20250915,7.32,7.38,7.27,7.30,3295819.0,2450259696.00
20250916,7.28,7.36,7.28,7.32,2893476.0,2156214466.00
20250917,7.29,7.33,7.27,7.33,2475842.0,1840577293.00
20250918,7.32,7.33,7.15,7.16,5297807.0,3898308494.00
20250919,7.15,7.15,7.00,7.07,4807098.0,3461205358.00
20250922,7.07,7.12,7.02,7.05,2750891.0,1981415047.00
20250923,7.03,7.28,7.01,7.27,6288256.0,4616426036.00
20250924,7.26,7.40,7.24,7.34,5142069.0,3831987701.00
20250925,7.31,7.33,7.18,7.25,3237228.0,2381142340.00
20250926,7.22,7.30,7.17,7.28,2733593.0,2015436918.00
20250929,7.25,7.27,7.13,7.20,4050039.0,2967071849.00
20250930,7.18,7.20,7.13,7.17,2445676.0,1784123669.00
20251009,7.12,7.19,7.07,7.18,2977411.0,2160546979.00
20251010,7.16,7.23,7.15,7.18,3048697.0,2232583779.00
20251013,7.19,7.23,7.10,7.14,3957386.0,2882595178.00
20251014,7.13,7.37,7.09,7.37,6938781.0,5134528488.00
20251015,7.34,7.41,7.29,7.33,4075993.0,3046378594.00
20251016,7.30,7.52,7.30,7.50,4956233.0,3749953456.00
20251017,7.50,7.58,7.44,7.49,4087002.0,3125404222.00
20251020,7.46,7.52,7.34,7.48,3919786.0,2960246448.00
20251021,7.45,7.52,7.41,7.51,3441139.0,2616075703.00
20251022,7.50,7.65,7.49,7.62,3815866.0,2942641849.00
20251023,7.62,7.75,7.58,7.70,4326614.0,3378223696.00
20251024,7.66,7.75,7.62,7.70,3263623.0,2556166917.00
20251027,7.66,7.80,7.60,7.77,3919947.0,3079616600.00
20251028,7.76,7.88,7.71,7.85,3320408.0,2640150337.00
20251029,7.84,7.85,7.66,7.69,3683044.0,2902412947.00
20251030,7.69,7.76,7.64,7.70,2787161.0,2186887580.00
20251031,7.73,7.73,7.54,7.64,3693253.0,2861703073.00
20251103,7.65,7.80,7.64,7.76,3420734.0,2696886643.00
20251104,7.75,8.00,7.75,7.99,4410976.0,3556070089.00
20251105,8.03,8.07,7.95,8.00,3941536.0,3216874938.00
20251106,7.98,8.01,7.92,7.95,3009758.0,2437052281.00
20251107,7.95,8.02,7.88,7.91,2801614.0,2259074574.00
20251110,7.88,7.99,7.84,7.98,2232913.0,1801106446.00
20251111,7.96,8.03,7.93,8.02,1917401.0,1558044146.00
20251112,8.02,8.17,8.01,8.05,3592898.0,2963066407.00
20251113,8.07,8.10,7.94,8.07,2901379.0,2369679711.00
20251114,8.09,8.23,8.08,8.11,3063351.0,2542717457.00
20251117,8.11,8.12,7.97,8.03,2582768.0,2109115127.00
20251118,8.00,8.11,7.97,8.06,2175960.0,1780723631.00
20251119,8.06,8.17,8.03,8.09,2344283.0,1935987517.00
20251120,8.07,8.25,8.04,8.13,3594877.0,2984350151.00
20251121,8.14,8.23,8.08,8.11,4644447.0,3850244346.00
20251124,8.06,8.12,7.98,8.06,3489190.0,2859936700.00
20251125,8.04,8.17,7.99,8.16,3055430.0,2518475878.00
20251126,8.16,8.23,8.01,8.02,3310420.0,2718206391.00
20251127,8.01,8.05,7.92,8.02,2344122.0,1906028130.00
20251128,8.01,8.03,7.94,7.97,2084016.0,1692569484.00
20251201,7.91,7.97,7.88,7.95,2652609.0,2138449352.00
20251202,7.95,7.98,7.88,7.95,2145190.0,1731677085.00
20251203,7.92,8.01,7.89,7.91,2212585.0,1789483343.00
20251204,7.93,7.95,7.88,7.91,1491012.0,1200193245.00
20251205,7.90,7.96,7.81,7.85,2461473.0,1971460420.00
20251208,7.85,7.90,7.81,7.85,2130820.0,1705238074.00
20251209,7.87,8.01,7.84,7.96,2654901.0,2142465662.00
20251210,7.95,7.98,7.78,7.80,3084176.0,2463322811.00
20251211,7.81,7.86,7.76,7.86,2621760.0,2082812281.00
20251212,7.83,7.84,7.70,7.83,5191105.0,4108578951.00
20251215,7.82,7.86,7.77,7.81,2509713.0,1963049713.00
20251216,7.81,7.83,7.73,7.79,1934389.0,1505170841.00
20251217,7.78,7.87,7.75,7.81,2206861.0,1727882118.00
20251218,7.81,8.00,7.79,7.99,2417484.0,1913173479.00
20251219,7.96,7.98,7.86,7.88,2355882.0,1863589555.00
20251222,7.86,7.91,7.83,7.89,1668915.0,1312853939.00
20251223,7.89,7.95,7.87,7.92,2000570.0,1583859587.00
20251224,7.92,7.96,7.88,7.91,1736671.0,1375070939.00
20251225,7.90,7.91,7.83,7.86,1655190.0,1301798781.00
20251226,7.84,7.86,7.79,7.81,1500697.0,1173341228.00
20251229,7.81,7.90,7.77,7.87,2706386.0,2123332197.00
20251230,7.84,7.87,7.79,7.85,2087546.0,1634489989.00
20251231,7.83,7.96,7.83,7.93,2866528.0,2264103770.00
20260105,7.91,7.94,7.76,7.82,4254145.0,3323770772.00
20260106,7.81,7.81,7.76,7.80,2595770.0,2020831027.00
20260107,7.78,7.79,7.70,7.75,3297896.0,2553204798.00
20260108,7.74,7.74,7.65,7.69,2919140.0,2241434646.00
20260109,7.69,7.72,7.64,7.71,2410930.0,1852121116.00
20260112,7.70,7.77,7.65,7.74,2923852.0,2254589840.00
20260113,7.75,7.85,7.74,7.81,3651925.0,2852104728.00
20260114,7.79,7.79,7.68,7.69,3901383.0,3012753360.00
20260115,7.68,7.74,7.66,7.68,2870267.0,2210237336.00
20260116,7.67,7.68,7.58,7.61,3406706.0,2599011574.00
20260119,7.60,7.63,7.50,7.53,3290640.0,2487942468.00
20260120,7.52,7.57,7.50,7.54,3028863.0,2282239426.00
20260121,7.53,7.56,7.34,7.35,4745208.0,3522309900.00
20260122,7.35,7.38,7.25,7.27,3880674.0,2834236296.00
20260123,7.27,7.29,7.17,7.21,3770134.0,2724246964.00
20260126,7.19,7.32,7.15,7.24,4550566.0,3299949684.00
20260127,7.24,7.37,7.21,7.23,4698081.0,3430365917.00
20260128,7.21,7.29,7.16,7.20,4564563.0,3298588943.00
20260129,7.19,7.30,7.16,7.26,4380996.0,3165642865.00
20260130,7.27,7.39,7.22,7.25,4607414.0,3371970034.00
20260202,7.26,7.39,7.25,7.32,5411791.0,3969793200.00
20260203,7.30,7.31,7.15,7.18,4492108.0,3234033720.00
20260204,7.18,7.29,7.17,7.24,3084844.0,2229422896.00
20260205,7.25,7.32,7.23,7.30,3101575.0,2259528658.00
20260206,7.31,7.35,7.22,7.26,2514601.0,1827005074.00
20260209,7.25,7.29,7.21,7.28,2032530.0,1475435014.00
20260210,7.28,7.34,7.26,7.30,1948048.0,1423437348.00
20260211,7.32,7.32,7.27,7.29,1388031.0,1012219596.00
20260212,7.29,7.30,7.17,7.18,3530837.0,2542533950.00
20260213,7.19,7.20,7.11,7.11,3173925.0,2267176686.00
20260224,7.13,7.15,7.05,7.06,2966280.0,2101275787.00
20260225,7.06,7.07,7.03,7.05,2192894.0,1546795850.00
20260226,7.06,7.07,6.93,6.96,3678153.0,2568485976.00
20260227,6.94,6.95,6.91,6.92,2439315.0,1688509137.00
20260302,6.90,6.99,6.85,6.96,3738087.0,2593479400.00
20260303,6.95,7.15,6.91,7.12,5707117.0,4038809573.00
20260304,7.10,7.12,7.01,7.08,3788681.0,2676759814.00
20260305,7.04,7.14,7.03,7.11,2642049.0,1876835995.00
20260306,7.11,7.18,7.07,7.11,2162797.0,1539913741.00
20260309,7.08,7.18,7.07,7.10,3340481.0,2380737355.00
20260310,7.08,7.09,7.02,7.04,2713752.0,1911897927.00
20260311,7.04,7.12,7.02,7.12,2376946.0,1682787742.00
20260312,7.12,7.17,7.09,7.16,2523397.0,1801009650.00
20260313,7.16,7.22,7.11,7.20,3033502.0,2176854052.00
20260316,7.20,7.30,7.18,7.25,3068283.0,2223009072.00
20260317,7.25,7.40,7.24,7.39,3644573.0,2680605162.00
20260318,7.39,7.46,7.33,7.39,3794730.0,2805537752.00
20260319,7.36,7.55,7.35,7.53,5606764.0,4202515705.00
20260320,7.53,7.61,7.48,7.50,3912454.0,2951969564.00
20260323,7.48,7.48,7.20,7.25,5023229.0,3666480862.00
20260324,7.26,7.39,7.25,7.32,3767729.0,2753885368.00
20260325,7.33,7.35,7.19,7.34,3375945.0,2456869163.00
20260326,7.31,7.44,7.30,7.42,2634708.0,1944436803.00
20260327,7.41,7.47,7.37,7.40,2790676.0,2068413455.00
20260330,7.37,7.58,7.36,7.57,3715876.0,2788815657.00
20260331,7.57,7.69,7.55,7.64,3914735.0,2988015499.00
20260401,7.60,7.71,7.54,7.58,3308704.0,2520186947.00
20260402,7.57,7.69,7.56,7.63,2757483.0,2103575352.00
20260403,7.62,7.64,7.48,7.50,2452990.0,1845798122.00
20260407,7.51,7.52,7.36,7.40,2415504.0,1791682941.00
20260408,7.37,7.38,7.20,7.32,4532728.0,3302757147.00
20260409,7.32,7.35,7.26,7.33,2530525.0,1847689325.00
20260410,7.31,7.34,7.28,7.31,1992449.0,1456347538.00
20260413,7.31,7.39,7.27,7.37,2292809.0,1682915591.00
20260414,7.35,7.48,7.33,7.46,2225027.0,1649575630.00
20260415,7.45,7.52,7.42,7.50,2239976.0,1678471122.00
