timetag,open,high,low,close,volumn,amount
20120528,2.007,2.051,2.001,2.049,12775187.0,3285755320.00
20120529,2.047,2.093,2.047,2.080,7149490.0,1875593354.00
20120530,2.079,2.082,2.071,2.074,2658871.0,701725789.00
20120531,2.062,2.081,2.056,2.069,1781559.0,468193104.00
20120601,2.068,2.093,2.061,2.069,1793500.0,473477195.00
20120604,2.046,2.049,2.010,2.012,5460742.0,1413413525.00
20120605,2.016,2.023,2.011,2.015,1271674.0,326150601.00
20120606,2.016,2.025,2.005,2.013,1369227.0,350839411.00
20120607,2.028,2.032,1.995,2.001,3364240.0,860028328.00
20120608,2.012,2.014,1.990,1.994,2101822.0,534630030.00
20120611,2.001,2.027,1.995,2.017,2254555.0,576327103.00
20120612,2.006,2.016,1.997,2.005,1577237.0,401878820.00
20120613,2.014,2.036,2.006,2.034,1881335.0,483872804.00
20120614,2.030,2.044,2.023,2.025,1525546.0,394044038.00
20120615,2.031,2.041,2.012,2.033,1598352.0,411542174.00
20120618,2.037,2.052,2.036,2.039,1321265.0,342959058.00
20120619,2.038,2.038,2.023,2.024,1050116.0,270933104.00
20120620,2.030,2.035,2.022,2.022,1192773.0,307520556.00
20120621,2.016,2.017,1.980,1.990,1792241.0,453655580.00
20120625,1.988,1.988,1.948,1.951,2314811.0,579443696.00
20120626,1.945,1.955,1.937,1.951,1852289.0,458451961.00
20120627,1.949,1.961,1.943,1.944,1513657.0,375457752.00
20120628,1.951,1.956,1.931,1.933,1695739.0,418670239.00
20120629,1.928,1.957,1.926,1.955,1972042.0,486289905.00
20120702,1.963,1.963,1.948,1.955,1862222.0,463059443.00
20120703,1.957,1.979,1.953,1.958,1469031.0,367051138.00
20120704,1.962,1.970,1.954,1.958,1103364.0,275036931.00
20120705,1.950,1.950,1.929,1.936,2087739.0,513592301.00
20120706,1.940,1.976,1.929,1.968,1757978.0,436554831.00
20120709,1.958,1.966,1.926,1.928,1648643.0,408098778.00
20120710,1.927,1.930,1.918,1.920,2041959.0,499158637.00
20120711,1.918,1.934,1.916,1.929,1692976.0,414092857.00
20120712,1.924,1.957,1.917,1.946,2660444.0,655043267.00
20120713,1.946,1.964,1.944,1.949,1778904.0,441479099.00
20120716,1.952,1.953,1.917,1.918,2273611.0,556372742.00
20120717,1.917,1.927,1.913,1.922,2585328.0,630134240.00
20120718,1.920,1.928,1.893,1.922,3152959.0,766719579.00
20120719,1.920,1.946,1.917,1.928,3380439.0,830268783.00
20120720,1.924,1.928,1.909,1.914,2702978.0,659710351.00
20120723,1.897,1.897,1.882,1.890,1856885.0,445845218.00
20120724,1.886,1.906,1.884,1.894,2304236.0,554385067.00
20120725,1.888,1.899,1.880,1.883,1389067.0,333627584.00
20120726,1.884,1.894,1.872,1.874,2548959.0,610152261.00
20120727,1.879,1.885,1.870,1.876,3724685.0,888581778.00
20120730,1.879,1.887,1.866,1.870,2303206.0,549167623.00
20120731,1.871,1.876,1.861,1.865,4214983.0,1001090738.00
20120801,1.866,1.889,1.866,1.879,2615555.0,624664260.00
20120802,1.877,1.879,1.856,1.865,2087258.0,495894114.00
20120803,1.868,1.877,1.863,1.876,1737366.0,412710948.00
20120806,1.875,1.904,1.874,1.901,3144257.0,755432645.00
20120807,1.900,1.905,1.898,1.903,2584403.0,624693716.00
20120808,1.906,1.916,1.901,1.905,2329502.0,564756029.00
20120809,1.905,1.926,1.898,1.924,2010003.0,488752019.00
20120810,1.925,1.925,1.914,1.918,1118701.0,273056082.00
20120813,1.913,1.913,1.879,1.882,2959366.0,713474273.00
20120814,1.883,1.885,1.857,1.879,3226022.0,767577944.00
20120815,1.875,1.875,1.860,1.861,1910109.0,453117708.00
20120816,1.862,1.865,1.854,1.856,1228662.0,290402422.00
20120817,1.856,1.857,1.837,1.848,1757265.0,412189237.00
20120820,1.835,1.843,1.764,1.838,1705061.0,396240929.00
20120821,1.838,1.862,1.835,1.845,2348894.0,552081888.00
20120822,1.846,1.848,1.828,1.831,1298019.0,302900817.00
20120823,1.835,1.847,1.827,1.840,1670546.0,390070494.00
20120824,1.833,1.835,1.820,1.822,1584418.0,367720684.00
20120827,1.813,1.813,1.783,1.784,3143233.0,716814677.00
20120828,1.782,1.797,1.778,1.784,2176241.0,493740043.00
20120829,1.780,1.789,1.770,1.772,2133281.0,482331412.00
20120830,1.767,1.774,1.751,1.765,2326744.0,521648616.00
20120831,1.762,1.771,1.761,1.765,2031862.0,456087329.00
20120903,1.761,1.786,1.757,1.776,2388425.0,538901338.00
20120904,1.779,1.783,1.756,1.757,2247647.0,506401971.00
20120905,1.757,1.763,1.749,1.756,2181559.0,486821063.00
20120906,1.758,1.773,1.756,1.773,1696507.0,380480259.00
20120907,1.783,1.876,1.783,1.854,5589337.0,1308147825.00
20120910,1.857,1.865,1.851,1.861,2390915.0,564596260.00
20120911,1.848,1.849,1.834,1.846,2863742.0,670007779.00
20120912,1.861,1.871,1.836,1.856,2773826.0,652823793.00
20120913,1.850,1.859,1.837,1.838,2056526.0,483482351.00
20120914,1.852,1.865,1.837,1.850,3237676.0,762010302.00
20120917,1.846,1.847,1.806,1.807,2706171.0,628467027.00
20120918,1.795,1.799,1.780,1.785,2229305.0,507931997.00
20120919,1.785,1.797,1.780,1.792,2784850.0,632625616.00
20120920,1.788,1.788,1.751,1.754,4082695.0,918380882.00
20120921,1.747,1.770,1.746,1.753,2770521.0,618928591.00
20120924,1.742,1.780,1.734,1.769,3142901.0,701343622.00
20120925,1.763,1.776,1.758,1.766,1721810.0,386972275.00
20120926,1.765,1.772,1.745,1.747,1629607.0,363710512.00
20120927,1.750,1.838,1.750,1.798,4791727.0,1089681314.00
20120928,1.787,1.840,1.782,1.839,5021109.0,1158247609.00
20121008,1.837,1.840,1.802,1.812,1904078.0,440638937.00
20121009,1.821,1.863,1.821,1.854,3686399.0,866502519.00
20121010,1.846,1.857,1.840,1.854,1927380.0,453337654.00
20121011,1.847,1.854,1.837,1.841,2362345.0,553800263.00
20121012,1.847,1.863,1.826,1.839,2837152.0,665542699.00
20121015,1.844,1.844,1.821,1.833,1733319.0,403148814.00
20121016,1.832,1.850,1.826,1.834,3033133.0,709483994.00
20121017,1.843,1.847,1.823,1.841,2331499.0,544501175.00
20121018,1.845,1.869,1.844,1.864,2827927.0,667742679.00
20121019,1.861,1.868,1.859,1.864,1633135.0,386981333.00
20121022,1.856,1.876,1.850,1.871,2331994.0,551873077.00
20121023,1.870,1.872,1.848,1.850,2618563.0,618942681.00
20121024,1.845,1.856,1.842,1.846,2154703.0,505998006.00
20121025,1.846,1.854,1.831,1.831,2435806.0,570138479.00
20121026,1.832,1.835,1.784,1.791,3059710.0,701312998.00
20121029,1.787,1.793,1.776,1.782,2383104.0,540850432.00
20121030,1.784,1.801,1.780,1.786,3304971.0,750876413.00
20121031,1.787,1.800,1.782,1.798,2433534.0,554099080.00
20121101,1.802,1.844,1.799,1.836,3381281.0,785933185.00
20121102,1.836,1.843,1.824,1.840,2662089.0,620991736.00
20121105,1.839,1.854,1.828,1.835,2417404.0,564524913.00
20121106,1.839,1.841,1.802,1.828,3118478.0,721092974.00
20121107,1.825,1.839,1.817,1.827,3100630.0,719763291.00
20121108,1.815,1.817,1.793,1.794,3506991.0,805645246.00
20121109,1.791,1.798,1.785,1.789,3025110.0,688809239.00
20121112,1.791,1.801,1.781,1.795,3249623.0,740234171.00
20121113,1.795,1.795,1.764,1.768,3892473.0,878118527.00
20121114,1.770,1.775,1.765,1.772,3216383.0,723166484.00
20121115,1.765,1.774,1.750,1.751,4147741.0,929461173.00
20121116,1.749,1.750,1.728,1.735,4158326.0,917425292.00
20121119,1.734,1.736,1.717,1.735,3386253.0,744459640.00
20121120,1.739,1.743,1.727,1.730,3023697.0,667054250.00
20121121,1.731,1.754,1.720,1.751,4892438.0,1080560498.00
20121122,1.740,1.744,1.731,1.741,2998818.0,662953420.00
20121123,1.744,1.758,1.742,1.750,4164643.0,925710016.00
20121126,1.747,1.748,1.733,1.739,3380703.0,748807817.00
20121127,1.732,1.735,1.720,1.721,3698311.0,812727447.00
20121128,1.717,1.717,1.699,1.702,3551281.0,770908119.00
20121129,1.706,1.710,1.695,1.695,3790226.0,820276322.00
20121130,1.691,1.709,1.689,1.703,4168374.0,899064508.00
20121203,1.706,1.715,1.686,1.688,3061587.0,663143487.00
20121204,1.684,1.704,1.682,1.701,3993001.0,857559413.00
20121205,1.700,1.772,1.698,1.761,6195195.0,1371643814.00
20121206,1.761,1.767,1.751,1.758,4236821.0,947438519.00
20121207,1.758,1.799,1.757,1.794,5774855.0,1305741576.00
20121210,1.804,1.815,1.798,1.810,4975709.0,1141330177.00
20121211,1.803,1.814,1.800,1.805,3256954.0,747541519.00
20121212,1.806,1.814,1.798,1.809,4694800.0,1076884260.00
20121213,1.802,1.807,1.793,1.794,3332026.0,761751487.00
20121214,1.793,1.888,1.793,1.885,5740475.0,1348512304.00
20121217,1.887,1.894,1.882,1.890,4750981.0,1141079039.00
20121218,1.895,1.925,1.879,1.892,4463113.0,1060453203.00
20121219,1.891,1.909,1.887,1.897,3245530.0,769414111.00
20121220,1.891,1.918,1.881,1.910,4912790.0,1163009008.00
20121221,1.916,1.930,1.892,1.902,4193594.0,1001019650.00
20121224,1.901,1.918,1.897,1.903,5083167.0,1211686278.00
20121225,1.897,1.967,1.894,1.956,4771781.0,1154822664.00
20121226,1.953,1.963,1.952,1.962,3720029.0,910876806.00
20121227,1.971,1.984,1.957,1.958,4017302.0,986785752.00
20121228,1.963,1.988,1.958,1.987,5157085.0,1269570130.00
20121231,1.993,2.023,1.993,2.019,7702944.0,1934472774.00
20130104,2.043,2.047,1.999,2.023,5364707.0,1358421981.00
20130107,2.017,2.035,2.012,2.027,4148279.0,1048573711.00
20130108,2.026,2.031,2.002,2.018,4000972.0,1008486882.00
20130109,2.015,2.027,2.003,2.016,4399883.0,1109167575.00
20130110,2.017,2.042,2.007,2.021,4556250.0,1153669810.00
20130111,2.027,2.031,1.982,1.991,5847044.0,1466409444.00
20130114,1.991,2.070,1.985,2.061,7471833.0,1894441213.00
20130115,2.063,2.082,2.062,2.073,4902077.0,1268348566.00
20130116,2.072,2.076,2.028,2.058,4960657.0,1272410239.00
20130117,2.055,2.059,2.029,2.045,4390935.0,1123009535.00
20130118,2.058,2.087,2.041,2.075,4614400.0,1191041031.00
20130121,2.079,2.087,2.063,2.083,4112879.0,1068176066.00
20130122,2.079,2.092,2.061,2.079,7695141.0,2002372346.00
20130123,2.079,2.087,2.063,2.083,4179259.0,1084472566.00
20130124,2.083,2.132,2.054,2.070,7873514.0,2056159924.00
20130125,2.070,2.072,2.058,2.060,5722447.0,1476636530.00
20130128,2.066,2.117,2.066,2.116,5635543.0,1476431209.00
20130129,2.119,2.143,2.115,2.132,7826804.0,2081586927.00
20130130,2.138,2.146,2.128,2.144,5385049.0,1440600309.00
20130131,2.153,2.157,2.135,2.150,6927571.0,1856557770.00
20130201,2.143,2.195,2.136,2.191,5398153.0,1458735972.00
20130204,2.198,2.210,2.185,2.195,4247564.0,1167276490.00
20130205,2.185,2.223,2.183,2.211,7356517.0,2027097936.00
20130206,2.213,2.223,2.211,2.218,4626880.0,1281889007.00
20130207,2.215,2.218,2.179,2.207,6087426.0,1675465189.00
20130208,2.213,2.229,2.199,2.215,6296267.0,1743742744.00
20130218,2.219,2.222,2.177,2.182,6967875.0,1916816549.00
20130219,2.183,2.187,2.136,2.147,5411521.0,1458203207.00
20130220,2.147,2.157,2.134,2.156,4610176.0,1236732016.00
20130221,2.135,2.135,2.060,2.079,7321565.0,1916687191.00
20130222,2.082,2.088,2.069,2.073,4107547.0,1069329850.00
20130225,2.079,2.100,2.065,2.076,5475509.0,1423529867.00
20130226,2.063,2.099,2.042,2.046,7929723.0,2059004731.00
20130227,2.055,2.087,2.051,2.065,4683230.0,1210049094.00
20130228,2.084,2.138,2.071,2.135,6133326.0,1613396370.00
20130301,2.135,2.141,2.095,2.132,4276796.0,1133952013.00
20130304,2.105,2.107,2.021,2.031,7400084.0,1910709787.00
20130305,2.035,2.092,2.032,2.090,5414035.0,1393273915.00
20130306,2.104,2.126,2.091,2.112,5958096.0,1569376890.00
20130307,2.103,2.119,2.067,2.087,7909465.0,2078437329.00
20130308,2.099,2.103,2.078,2.083,5495201.0,1435194390.00
20130311,2.069,2.085,2.053,2.069,3553997.0,919683613.00
20130312,2.069,2.091,2.019,2.039,5303135.0,1365783892.00
20130313,2.036,2.039,2.007,2.017,4421041.0,1118845743.00
20130314,2.007,2.033,2.003,2.021,4439762.0,1121465887.00
20130315,2.026,2.083,1.999,2.023,5027987.0,1278782973.00
20130318,2.017,2.035,1.999,2.001,4252109.0,1069712559.00
20130319,2.004,2.025,1.991,2.019,4337150.0,1088743435.00
20130320,2.019,2.082,2.019,2.080,5888569.0,1511969742.00
20130321,2.085,2.097,2.076,2.086,3606871.0,941534688.00
20130322,2.087,2.099,2.078,2.091,3630827.0,947921616.00
20130325,2.099,2.110,2.079,2.088,3428520.0,896857829.00
20130326,2.078,2.082,2.035,2.054,5746422.0,1475459040.00
20130327,2.055,2.087,2.047,2.059,4445452.0,1148263798.00
20130328,2.029,2.029,1.991,1.995,4066694.0,1018776723.00
20130329,2.001,2.005,1.983,1.989,3232432.0,806035552.00
20130401,1.982,2.003,1.981,1.986,3309090.0,823004666.00
20130402,1.991,2.018,1.975,1.989,3725639.0,928741508.00
20130403,1.995,2.007,1.977,1.985,3168155.0,788828351.00
20130408,1.959,1.979,1.946,1.975,3319435.0,814316335.00
20130409,1.981,2.007,1.981,1.987,4870228.0,1213062462.00
20130410,1.987,1.992,1.975,1.987,2322471.0,576536595.00
20130411,2.006,2.009,1.978,1.979,2170251.0,540065913.00
20130412,1.980,1.987,1.970,1.972,2090345.0,516829586.00
20130415,1.967,1.971,1.946,1.952,2735599.0,667778045.00
20130416,1.943,1.967,1.936,1.964,4082437.0,993056445.00
20130417,1.963,1.971,1.951,1.969,4156771.0,1018533278.00
20130418,1.951,1.988,1.950,1.973,4113051.0,1012514426.00
20130419,1.976,2.038,1.975,2.029,5905394.0,1481482908.00
20130422,2.027,2.033,2.015,2.023,2310740.0,584348880.00
20130423,2.023,2.023,1.957,1.961,3106698.0,768642717.00
20130424,1.962,2.011,1.957,1.995,3133921.0,777134481.00
20130425,1.986,2.007,1.963,1.974,2978324.0,738931466.00
20130426,1.983,1.990,1.947,1.955,1865287.0,459050667.00
20130502,1.941,1.959,1.934,1.957,2140702.0,521417056.00
20130503,1.966,2.019,1.962,1.992,3344747.0,834387244.00
20130506,1.999,2.026,1.999,2.015,2359820.0,594058097.00
20130507,2.014,2.030,2.002,2.020,2855262.0,719952425.00
20130508,2.034,2.053,2.024,2.033,2997252.0,763095484.00
20130509,2.030,2.035,2.006,2.023,1895550.0,478844414.00
20130510,2.014,2.037,2.013,2.031,2832553.0,716622932.00
20130513,2.032,2.039,2.010,2.023,1987403.0,502329909.00
20130514,2.019,2.022,1.978,1.993,2646563.0,660115201.00
20130515,1.994,2.003,1.991,2.003,1927893.0,481307164.00
20130516,1.999,2.044,1.989,2.043,4129314.0,1042569861.00
20130517,2.043,2.082,2.037,2.079,4774811.0,1228780434.00
20130520,2.084,2.105,2.076,2.091,2825607.0,737865834.00
20130521,2.091,2.095,2.079,2.091,2034481.0,530951399.00
20130522,2.093,2.103,2.085,2.093,1936315.0,507000634.00
20130523,2.080,2.102,2.063,2.071,2900756.0,755195521.00
20130524,2.079,2.094,2.056,2.082,4073632.0,1057177195.00
20130527,2.077,2.089,2.069,2.077,2916019.0,758056880.00
20130528,2.078,2.121,2.068,2.120,3491582.0,911112710.00
20130529,2.125,2.133,2.112,2.113,3895438.0,1034408878.00
20130530,2.113,2.117,2.098,2.107,5674699.0,1496917863.00
20130531,2.108,2.115,2.079,2.083,5440863.0,1429483613.00
20130603,2.087,2.105,2.081,2.087,3199071.0,836355643.00
20130604,2.085,2.086,2.051,2.057,4436294.0,1145987081.00
20130605,2.056,2.061,2.044,2.051,2254500.0,578718159.00
20130606,2.045,2.054,2.030,2.031,2638058.0,673739615.00
20130607,2.032,2.038,1.985,1.995,3947621.0,989801063.00
20130613,1.965,1.965,1.912,1.933,6174687.0,1488974523.00
20130614,1.939,1.952,1.928,1.947,3912454.0,950012500.00
20130617,1.954,1.957,1.931,1.935,3077433.0,746798449.00
20130618,1.939,1.953,1.926,1.947,3738954.0,907946401.00
20130619,1.939,1.939,1.907,1.936,2864449.0,689411560.00
20130620,1.923,1.925,1.871,1.875,3712644.0,883962883.00
20130621,1.844,1.878,1.835,1.867,3579532.0,832415323.00
20130624,1.856,1.858,1.746,1.752,7667555.0,1715836844.00
20130625,1.731,1.755,1.632,1.753,9678250.0,2076047521.00
20130626,1.753,1.759,1.721,1.749,5090008.0,1106983861.00
20130627,1.761,1.779,1.745,1.750,4750804.0,1045183330.00
20130628,1.764,1.809,1.735,1.782,4976379.0,1102861244.00
20130701,1.763,1.793,1.751,1.789,2225312.0,493576354.00
20130702,1.788,1.799,1.771,1.795,4514809.0,1008709304.00
20130703,1.790,1.791,1.756,1.791,3017410.0,670289901.00
20130704,1.777,1.823,1.766,1.803,2991884.0,671172411.00
20130705,1.807,1.828,1.803,1.810,1874797.0,425156218.00
20130708,1.785,1.793,1.756,1.761,1660162.0,367617162.00
20130709,1.759,1.768,1.751,1.757,4259903.0,937165031.00
20130710,1.757,1.807,1.752,1.806,2528365.0,564145262.00
20130711,1.823,1.928,1.819,1.896,4163258.0,977406622.00
20130712,1.894,1.901,1.848,1.849,5941637.0,1400016785.00
20130715,1.861,1.905,1.851,1.875,4048451.0,949315634.00
20130716,1.868,1.887,1.855,1.887,4723110.0,1103431710.00
20130717,1.881,1.896,1.855,1.859,3068787.0,718581829.00
20130718,1.852,1.858,1.822,1.830,3601863.0,827790488.00
20130719,1.831,1.841,1.779,1.779,4124883.0,935501475.00
20130722,1.759,1.795,1.745,1.791,3737519.0,831492752.00
20130723,1.797,1.860,1.797,1.847,3892940.0,893371627.00
20130724,1.843,1.845,1.805,1.833,3726980.0,851700312.00
20130725,1.843,1.855,1.816,1.828,3240231.0,743760061.00
20130726,1.815,1.827,1.800,1.811,2351804.0,533143734.00
20130729,1.795,1.795,1.771,1.776,3077217.0,685757565.00
20130730,1.790,1.816,1.769,1.787,2436356.0,544952120.00
20130731,1.802,1.828,1.785,1.791,2474481.0,557573473.00
20130801,1.807,1.839,1.799,1.838,3144439.0,716302025.00
20130802,1.858,1.863,1.831,1.835,2824115.0,651723965.00
20130805,1.839,1.863,1.829,1.861,2275330.0,524892165.00
20130806,1.852,1.883,1.839,1.873,3002480.0,697988412.00
20130807,1.871,1.891,1.856,1.860,2567649.0,602110172.00
20130808,1.861,1.879,1.851,1.861,3007778.0,700958935.00
20130809,1.870,1.882,1.841,1.869,2875774.0,670552251.00
20130812,1.887,1.927,1.875,1.925,5206173.0,1235941966.00
20130813,1.924,1.927,1.911,1.925,3349543.0,804325968.00
20130814,1.928,1.951,1.911,1.921,3988343.0,963290960.00
20130815,1.919,1.928,1.895,1.899,2973782.0,712161450.00
20130816,1.893,1.963,1.873,1.885,6019936.0,1438879737.00
20130819,1.878,1.914,1.867,1.901,3923917.0,925169374.00
20130820,1.899,1.921,1.879,1.887,4416315.0,1048835093.00
20130821,1.895,1.900,1.869,1.887,2680073.0,631195649.00
20130822,1.883,1.905,1.879,1.881,3156205.0,746448009.00
20130823,1.891,1.898,1.840,1.869,4276942.0,1004016906.00
20130826,1.873,1.911,1.867,1.911,4385999.0,1037622734.00
20130827,1.907,1.915,1.895,1.911,4062534.0,967557818.00
20130828,1.897,1.917,1.882,1.902,3317215.0,787662499.00
20130829,1.911,1.915,1.884,1.896,2969749.0,704722499.00
20130830,1.891,1.907,1.879,1.893,3279187.0,776630630.00
20130902,1.897,1.903,1.879,1.895,3840557.0,908253353.00
20130903,1.899,1.923,1.899,1.923,3079873.0,736481136.00
20130904,1.920,1.925,1.917,1.923,3695617.0,887658076.00
20130905,1.922,1.922,1.907,1.915,2763756.0,661631490.00
20130906,1.911,1.929,1.911,1.926,3928209.0,942252862.00
20130909,1.935,2.002,1.935,1.997,4642993.0,1141745072.00
20130910,1.997,2.027,1.993,2.023,3997592.0,1000413265.00
20130911,2.035,2.043,2.023,2.032,3801874.0,967497540.00
20130912,2.030,2.067,2.023,2.052,4560582.0,1163333046.00
20130913,2.049,2.055,2.031,2.037,2681877.0,684978617.00
20130916,2.047,2.050,2.019,2.027,3715187.0,943221800.00
20130917,2.026,2.027,1.985,1.987,3053840.0,766213779.00
20130918,1.987,1.992,1.967,1.989,2512067.0,623254262.00
20130923,1.992,2.023,1.992,2.017,3926610.0,985237519.00
20130924,2.017,2.017,1.975,1.998,3125181.0,779963440.00
20130925,1.996,2.007,1.983,1.986,2211582.0,552023970.00
20130926,1.979,1.980,1.949,1.953,2794751.0,685861122.00
20130927,1.950,1.963,1.947,1.960,2248896.0,550046169.00
20130930,1.966,1.989,1.961,1.973,2088410.0,513976871.00
20131008,1.953,2.003,1.953,2.001,3137910.0,777114915.00
20131009,1.991,2.003,1.987,2.003,2725497.0,680222972.00
20131010,2.007,2.007,1.982,1.986,2755380.0,687043910.00
20131011,1.995,2.023,1.993,2.018,3498972.0,879173069.00
20131014,2.022,2.027,2.012,2.019,3536378.0,892681757.00
20131015,2.022,2.023,2.001,2.016,2412414.0,607784754.00
20131016,2.008,2.011,1.973,1.981,2719204.0,675035725.00
20131017,1.991,1.994,1.970,1.971,1984921.0,491967771.00
20131018,1.971,1.990,1.970,1.980,2550712.0,631434173.00
20131021,1.984,2.025,1.978,2.023,3419880.0,855379655.00
20131022,2.022,2.022,1.993,2.000,2876840.0,721430490.00
20131023,2.003,2.023,1.972,1.979,3043314.0,758582949.00
20131024,1.976,1.981,1.959,1.963,2305747.0,567791421.00
20131025,1.963,1.971,1.920,1.931,2488843.0,605720744.00
20131028,1.938,1.943,1.923,1.934,2092769.0,505785892.00
20131029,1.937,1.967,1.905,1.936,4750693.0,1149568485.00
20131030,1.939,1.965,1.932,1.963,3245840.0,790962181.00
20131031,1.959,1.959,1.937,1.944,1753139.0,426820599.00
20131101,1.946,1.959,1.936,1.952,2826247.0,687485066.00
20131104,1.960,1.968,1.942,1.947,2000607.0,488222544.00
20131105,1.939,1.951,1.917,1.947,2825303.0,684486056.00
20131106,1.940,1.947,1.921,1.924,2289483.0,553821266.00
20131107,1.924,1.926,1.906,1.916,2052677.0,491768807.00
20131108,1.911,1.916,1.883,1.887,2656413.0,630850987.00
20131111,1.885,1.897,1.874,1.890,2122232.0,500440743.00
20131112,1.896,1.914,1.891,1.909,2565124.0,610545902.00
20131113,1.899,1.899,1.872,1.873,2478247.0,583338018.00
20131114,1.873,1.881,1.865,1.879,2382375.0,558115488.00
20131115,1.887,1.943,1.885,1.918,5462143.0,1306770713.00
20131118,1.933,1.982,1.926,1.981,3787733.0,924018941.00
20131119,1.978,1.983,1.968,1.972,2654410.0,655037630.00
20131120,1.987,1.991,1.966,1.981,3702883.0,913976580.00
20131121,1.972,1.976,1.950,1.971,3391181.0,831607461.00
20131122,1.974,1.979,1.955,1.960,3555561.0,874881401.00
20131125,1.950,1.977,1.943,1.950,3914382.0,959349313.00
20131126,1.951,1.959,1.943,1.949,2609521.0,637084155.00
20131127,1.948,1.983,1.944,1.971,4380607.0,1075627197.00
20131128,1.977,2.013,1.975,1.992,4348594.0,1085311299.00
20131129,1.995,1.999,1.987,1.994,2455758.0,612023757.00
20131202,1.987,2.012,1.959,1.975,5338789.0,1323278289.00
20131203,1.972,2.000,1.969,1.993,3994628.0,990420089.00
20131204,1.996,2.031,1.991,2.019,5593421.0,1410762832.00
20131205,2.019,2.024,2.011,2.019,3567310.0,900666039.00
20131206,2.015,2.016,1.999,2.005,4617587.0,1158253932.00
20131209,2.014,2.019,1.999,2.004,3990465.0,1000869923.00
20131210,2.006,2.015,1.999,2.003,3323144.0,833138972.00
20131211,1.994,1.994,1.960,1.972,4144818.0,1025348385.00
20131212,1.971,1.978,1.966,1.968,2974763.0,733177135.00
20131213,1.951,1.976,1.946,1.967,3112769.0,764172818.00
20131216,1.969,1.972,1.933,1.935,3608669.0,880155255.00
20131217,1.935,1.937,1.920,1.923,3966720.0,957011894.00
20131218,1.925,1.933,1.922,1.925,3015111.0,726410725.00
20131219,1.931,1.935,1.906,1.907,4290503.0,1030390654.00
20131220,1.908,1.909,1.861,1.866,4594765.0,1081160749.00
20131223,1.866,1.875,1.845,1.866,2598022.0,605010435.00
20131224,1.872,1.891,1.850,1.868,2634764.0,616659414.00
20131225,1.871,1.885,1.863,1.878,3246848.0,760168631.00
20131226,1.875,1.877,1.847,1.852,1922186.0,447136578.00
20131227,1.853,1.892,1.852,1.877,3564712.0,834400434.00
20131230,1.887,1.887,1.871,1.879,1999413.0,469649357.00
20131231,1.867,1.903,1.863,1.900,3527363.0,831355104.00
20140102,1.895,1.899,1.884,1.894,1877797.0,444109566.00
20140103,1.886,1.887,1.860,1.873,4404445.0,1030051291.00
20140106,1.867,1.867,1.823,1.828,4834089.0,1106968667.00
20140107,1.815,1.835,1.811,1.829,1525888.0,348214906.00
20140108,1.829,1.847,1.817,1.827,2050543.0,469652278.00
20140109,1.823,1.844,1.815,1.816,3371288.0,769178854.00
20140110,1.815,1.818,1.799,1.803,3701781.0,834948901.00
20140113,1.803,1.814,1.783,1.791,4884821.0,1095835588.00
20140114,1.791,1.808,1.779,1.803,2509259.0,562495465.00
20140115,1.802,1.805,1.787,1.803,3339884.0,750456441.00
20140116,1.799,1.816,1.795,1.803,2001024.0,451540757.00
20140117,1.798,1.801,1.777,1.778,2523919.0,563263757.00
20140120,1.777,1.780,1.760,1.769,2296621.0,508466678.00
20140121,1.770,1.790,1.767,1.780,2902637.0,633712020.00
20140122,1.782,1.829,1.781,1.828,3794402.0,843228384.00
20140123,1.826,1.828,1.815,1.819,2536862.0,566386375.00
20140124,1.812,1.839,1.811,1.828,2700642.0,604352000.00
20140127,1.815,1.817,1.798,1.805,2731127.0,604898595.00
20140128,1.811,1.820,1.796,1.806,2401396.0,531613310.00
20140129,1.811,1.815,1.806,1.812,1701587.0,377868540.00
20140130,1.809,1.812,1.786,1.787,2744494.0,604906044.00
20140207,1.772,1.799,1.769,1.798,3417277.0,745821656.00
20140210,1.806,1.852,1.806,1.850,6386221.0,1439529454.00
20140211,1.847,1.868,1.841,1.859,2883879.0,654990740.00
20140212,1.860,1.868,1.854,1.863,2525284.0,575696114.00
20140213,1.859,1.874,1.855,1.858,2815558.0,643169089.00
20140214,1.859,1.865,1.854,1.864,1647132.0,375423869.00
20140217,1.882,1.886,1.867,1.877,1971993.0,453309571.00
20140218,1.878,1.878,1.850,1.855,2936986.0,670554640.00
20140219,1.854,1.886,1.851,1.880,3371678.0,772723559.00
20140220,1.884,1.898,1.862,1.864,2017748.0,465146931.00
20140221,1.863,1.867,1.834,1.842,2603374.0,590099435.00
20140224,1.819,1.824,1.784,1.801,2691035.0,594375666.00
20140225,1.802,1.810,1.751,1.754,3435203.0,749344447.00
20140226,1.746,1.758,1.740,1.757,4173650.0,895412229.00
20140227,1.762,1.770,1.751,1.753,3264826.0,704614436.00
20140228,1.752,1.776,1.732,1.771,3394211.0,729654578.00
20140303,1.768,1.786,1.761,1.777,2663613.0,579375743.00
20140304,1.773,1.777,1.760,1.773,1879749.0,407738094.00
20140305,1.778,1.780,1.755,1.758,3938169.0,853328136.00
20140306,1.756,1.772,1.736,1.766,4127699.0,889208671.00
20140307,1.766,1.778,1.758,1.761,2439539.0,528828362.00
20140310,1.744,1.744,1.704,1.706,2703461.0,572028434.00
20140311,1.705,1.727,1.700,1.713,2862876.0,600469397.00
20140312,1.707,1.731,1.704,1.715,2646605.0,556321891.00
20140313,1.722,1.746,1.718,1.742,2247717.0,477755042.00
20140314,1.730,1.738,1.719,1.727,1126162.0,238786341.00
20140317,1.741,1.744,1.725,1.740,1372904.0,292134403.00
20140318,1.742,1.749,1.737,1.739,946710.0,202272096.00
20140319,1.733,1.733,1.711,1.728,1518427.0,320463110.00
20140320,1.728,1.740,1.697,1.698,2852527.0,601873113.00
20140321,1.696,1.763,1.691,1.761,4046807.0,857354353.00
20140324,1.758,1.778,1.749,1.769,3081317.0,665984650.00
20140325,1.763,1.784,1.760,1.766,2641547.0,573663272.00
20140326,1.772,1.776,1.761,1.766,1587732.0,344269055.00
20140327,1.762,1.780,1.745,1.754,3566803.0,769053406.00
20140328,1.754,1.767,1.744,1.753,2004820.0,431701738.00
20140331,1.758,1.764,1.734,1.746,2376535.0,510111315.00
20140401,1.744,1.769,1.741,1.756,1706956.0,367242347.00
20140402,1.758,1.775,1.757,1.770,1623971.0,351622805.00
20140403,1.778,1.785,1.757,1.758,3269472.0,711761592.00
20140404,1.755,1.779,1.752,1.779,1885587.0,408046057.00
20140408,1.774,1.827,1.771,1.821,3717930.0,822435035.00
20140409,1.824,1.828,1.813,1.818,2688656.0,600207668.00
20140410,1.821,1.865,1.811,1.847,4754513.0,1067702271.00
20140411,1.850,1.855,1.837,1.846,3067077.0,694358105.00
20140414,1.846,1.851,1.836,1.846,2134907.0,482261582.00
20140415,1.837,1.837,1.809,1.813,2262150.0,505649912.00
20140416,1.813,1.828,1.805,1.813,3070273.0,683803095.00
20140417,1.818,1.823,1.806,1.810,1966073.0,437056075.00
20140418,1.802,1.814,1.787,1.806,3439955.0,758780421.00
20140421,1.794,1.815,1.773,1.774,3798473.0,838967065.00
20140422,1.774,1.788,1.760,1.786,4551193.0,990477065.00
20140423,1.779,1.789,1.775,1.781,3426667.0,748980706.00
20140424,1.781,1.797,1.779,1.784,3374683.0,739068784.00
20140425,1.789,1.790,1.762,1.762,4353856.0,949030897.00
20140428,1.762,1.767,1.736,1.738,5070553.0,1085750096.00
20140429,1.738,1.758,1.735,1.753,4387669.0,937664879.00
20140430,1.752,1.757,1.748,1.753,2976963.0,639550468.00
20140505,1.747,1.761,1.730,1.753,4780497.0,1020314760.00
20140506,1.752,1.769,1.745,1.751,4025842.0,866970238.00
20140507,1.747,1.751,1.738,1.740,2808434.0,600756264.00
20140508,1.737,1.767,1.734,1.736,3038288.0,650736443.00
20140509,1.742,1.744,1.727,1.735,3148898.0,670368295.00
20140512,1.747,1.776,1.740,1.771,3896263.0,841487798.00
20140513,1.771,1.775,1.761,1.766,2396768.0,519898257.00
20140514,1.766,1.776,1.764,1.766,2676012.0,580350980.00
20140515,1.765,1.766,1.746,1.746,3704599.0,798054123.00
20140516,1.745,1.753,1.738,1.745,5072993.0,1086209992.00
20140519,1.742,1.742,1.713,1.722,5314496.0,1121742537.00
20140520,1.729,1.735,1.717,1.720,2911718.0,616297525.00
20140521,1.716,1.740,1.706,1.736,5292158.0,1119750248.00
20140522,1.737,1.762,1.731,1.731,4562228.0,977132780.00
20140523,1.735,1.753,1.733,1.751,3598523.0,767787850.00
20140526,1.761,1.770,1.747,1.757,4659010.0,1002771461.00
20140527,1.755,1.762,1.749,1.751,3877246.0,834619879.00
20140528,1.752,1.770,1.743,1.769,4454642.0,958595127.00
20140529,1.771,1.775,1.758,1.758,3954068.0,856821100.00
20140530,1.758,1.767,1.750,1.757,4536523.0,978272647.00
20140603,1.759,1.766,1.751,1.751,3880030.0,837596880.00
20140604,1.751,1.751,1.727,1.735,4080484.0,868859175.00
20140605,1.735,1.757,1.734,1.756,4302066.0,918605755.00
20140606,1.754,1.755,1.730,1.741,4490880.0,959412772.00
20140609,1.736,1.759,1.733,1.740,4674114.0,1000180783.00
20140610,1.747,1.764,1.740,1.763,6639836.0,1427574234.00
20140611,1.760,1.763,1.753,1.760,3218439.0,694289629.00
20140612,1.756,1.764,1.754,1.758,2515414.0,542378417.00
20140613,1.758,1.784,1.756,1.778,6213266.0,1350450393.00
20140616,1.779,1.797,1.778,1.789,6881177.0,1506529020.00
20140617,1.785,1.785,1.775,1.775,6756314.0,1473704890.00
20140618,1.775,1.779,1.766,1.766,7097536.0,1542334926.00
20140619,1.767,1.771,1.735,1.741,6884162.0,1481160057.00
20140620,1.742,1.751,1.739,1.748,6533089.0,1398361067.00
20140623,1.749,1.759,1.744,1.745,5523417.0,1185837339.00
20140624,1.745,1.761,1.745,1.760,4436853.0,953056804.00
20140625,1.758,1.758,1.745,1.754,3202631.0,687503140.00
20140626,1.755,1.767,1.755,1.762,4077076.0,881282900.00
20140627,1.759,1.777,1.756,1.766,4702265.0,1016373189.00
20140630,1.771,1.784,1.771,1.777,5286535.0,1151883720.00
20140701,1.784,1.786,1.771,1.778,2669586.0,581758996.00
20140702,1.779,1.786,1.771,1.786,3432223.0,748954002.00
20140703,1.786,1.799,1.782,1.793,3632747.0,797733525.00
20140704,1.793,1.796,1.787,1.793,3259942.0,716074745.00
20140707,1.791,1.798,1.786,1.791,3058048.0,671829283.00
20140708,1.787,1.793,1.781,1.793,3291169.0,721526060.00
20140709,1.793,1.794,1.769,1.771,3637034.0,795522848.00
20140710,1.771,1.774,1.765,1.769,3337756.0,724524498.00
20140711,1.769,1.782,1.767,1.774,3890224.0,846748597.00
20140714,1.778,1.799,1.774,1.798,5707724.0,1248086866.00
20140715,1.795,1.798,1.791,1.796,3536152.0,778543806.00
20140716,1.797,1.805,1.794,1.795,4748280.0,1047415813.00
20140717,1.795,1.796,1.780,1.788,3624173.0,794468413.00
20140718,1.785,1.805,1.784,1.797,3685581.0,811405197.00
20140721,1.797,1.800,1.790,1.796,3228193.0,710655357.00
20140722,1.794,1.825,1.791,1.817,6256008.0,1390346230.00
20140723,1.818,1.833,1.815,1.820,5186599.0,1159109501.00
20140724,1.824,1.860,1.824,1.859,5738975.0,1299845135.00
20140725,1.864,1.882,1.859,1.881,4877040.0,1115493798.00
20140728,1.884,1.942,1.884,1.931,8375148.0,1973371427.00
20140729,1.932,1.948,1.924,1.936,4265830.0,1011495433.00
20140730,1.928,1.944,1.927,1.930,6079403.0,1441953148.00
20140731,1.930,1.957,1.926,1.956,4861899.0,1154963095.00
20140801,1.951,1.974,1.931,1.932,7790077.0,1866413153.00
20140804,1.941,1.975,1.939,1.974,6360271.0,1526931040.00
20140805,1.974,1.976,1.955,1.968,6128304.0,1476141959.00
20140806,1.954,1.966,1.937,1.956,6313654.0,1511187144.00
20140807,1.961,1.964,1.932,1.934,5575378.0,1332550655.00
20140808,1.935,1.945,1.929,1.935,4976759.0,1181841580.00
20140811,1.944,1.967,1.939,1.962,4944974.0,1185674748.00
20140812,1.957,1.957,1.945,1.954,5253015.0,1256878742.00
20140813,1.959,1.967,1.939,1.960,5660159.0,1354455768.00
20140814,1.958,1.962,1.936,1.936,5364936.0,1282770158.00
20140815,1.939,1.970,1.938,1.961,5759061.0,1379086776.00
20140818,1.962,1.975,1.958,1.967,6385631.0,1538919579.00
20140819,1.970,1.972,1.955,1.969,4951745.0,1194388399.00
20140820,1.968,1.971,1.959,1.961,5345229.0,1287131821.00
20140821,1.961,1.964,1.942,1.954,5065403.0,1211641781.00
20140822,1.953,1.967,1.952,1.964,4913119.0,1179554780.00
20140825,1.966,1.967,1.943,1.947,4375767.0,1047611134.00
20140826,1.941,1.952,1.926,1.934,4553470.0,1083990885.00
20140827,1.933,1.940,1.931,1.934,4512459.0,1071312448.00
20140828,1.934,1.938,1.922,1.925,5478509.0,1296932600.00
20140829,1.925,1.945,1.925,1.943,4426938.0,1048873434.00
20140901,1.943,1.954,1.941,1.952,5255470.0,1254769952.00
20140902,1.954,1.987,1.949,1.982,7328855.0,1761457427.00
20140903,1.988,2.007,1.987,2.001,5170650.0,1267476863.00
20140904,2.003,2.020,1.998,2.019,4312598.0,1061497579.00
20140905,2.026,2.042,2.020,2.039,6407412.0,1595146469.00
20140909,2.040,2.041,2.027,2.034,3962325.0,988107843.00
20140910,2.020,2.023,2.011,2.021,5310511.0,1314486433.00
20140911,2.021,2.050,2.004,2.010,7222657.0,1792262749.00
20140912,2.010,2.026,2.002,2.026,5116385.0,1262555864.00
20140915,2.014,2.024,2.007,2.020,6564734.0,1622379514.00
20140916,2.027,2.031,1.983,1.985,6259853.0,1546780005.00
20140917,1.994,1.997,1.980,1.992,5165643.0,1260590974.00
20140918,1.990,2.004,1.983,2.000,8462794.0,2070466545.00
20140919,2.000,2.023,1.997,2.016,7218656.0,1776588036.00
20140922,2.010,2.010,1.970,1.974,6310351.0,1538269159.00
20140923,1.976,1.997,1.976,1.994,6642956.0,1618846701.00
20140924,1.986,2.036,1.980,2.032,10530459.0,2600157346.00
20140925,2.039,2.050,2.016,2.022,11766577.0,2937912956.00
20140926,2.022,2.027,2.008,2.023,7014042.0,1736331365.00
20140929,2.022,2.033,2.018,2.032,7302410.0,1814938048.00
20140930,2.031,2.038,2.024,2.032,5853168.0,1458106791.00
20141008,2.037,2.055,2.026,2.054,8155297.0,2039983998.00
20141009,2.057,2.063,2.043,2.054,6124161.0,1543374971.00
20141010,2.044,2.056,2.036,2.045,6974427.0,1750510080.00
20141013,2.036,2.038,2.012,2.033,6893526.0,1710794498.00
20141014,2.032,2.043,2.021,2.026,7137540.0,1779253568.00
20141015,2.025,2.043,2.015,2.039,5035690.0,1252644973.00
20141016,2.030,2.054,2.023,2.032,5907807.0,1476957154.00
20141017,2.032,2.036,2.003,2.023,7260138.0,1798229146.00
20141020,2.027,2.032,2.022,2.032,5267683.0,1310533030.00
20141021,2.032,2.037,2.017,2.018,5479022.0,1361900228.00
20141022,2.018,2.027,2.006,2.007,6098876.0,1508038966.00
20141023,2.006,2.010,1.985,1.986,7750311.0,1900925506.00
20141024,1.987,1.993,1.982,1.984,5816379.0,1417553996.00
20141027,1.976,1.976,1.957,1.965,6444636.0,1553008715.00
20141028,1.970,2.005,1.968,2.005,7081639.0,1721206307.00
20141029,2.009,2.042,2.002,2.030,9098717.0,2248880880.00
20141030,2.030,2.047,2.026,2.042,8426431.0,2102347962.00
20141031,2.048,2.085,2.046,2.083,7323906.0,1854248065.00
20141103,2.084,2.089,2.073,2.079,6135850.0,1567749185.00
20141104,2.074,2.081,2.070,2.077,5776701.0,1470642854.00
20141105,2.083,2.088,2.069,2.075,5502652.0,1400953468.00
20141106,2.077,2.081,2.056,2.076,7252257.0,1843076703.00
20141107,2.076,2.106,2.061,2.072,8261054.0,2108778568.00
20141110,2.080,2.130,2.080,2.129,6772235.0,1742567025.00
20141111,2.133,2.151,2.099,2.116,8693650.0,2271677281.00
20141112,2.113,2.147,2.107,2.147,5575938.0,1450145046.00
20141113,2.146,2.153,2.127,2.134,11701384.0,3068184439.00
20141114,2.129,2.137,2.118,2.137,5247875.0,1368618633.00
20141117,2.161,2.167,2.128,2.128,6877927.0,1806762178.00
20141118,2.127,2.127,2.100,2.105,5918560.0,1533084636.00
20141119,2.104,2.109,2.094,2.098,6915317.0,1782400743.00
20141120,2.093,2.106,2.084,2.102,5993677.0,1539629491.00
20141121,2.102,2.144,2.094,2.142,10309707.0,2672090483.00
20141124,2.161,2.218,2.158,2.203,13277666.0,3558361667.00
20141125,2.200,2.230,2.195,2.226,12741722.0,3453210771.00
20141126,2.229,2.251,2.229,2.250,11842240.0,3250517978.00
20141127,2.257,2.272,2.248,2.271,14180399.0,3926209672.00
20141128,2.263,2.341,2.262,2.324,13651346.0,3811497440.00
20141201,2.332,2.348,2.320,2.327,8192861.0,2347291964.00
20141202,2.324,2.447,2.315,2.419,14079458.0,4100692041.00
20141203,2.425,2.500,2.407,2.445,18562139.0,5585140409.00
20141204,2.470,2.596,2.453,2.593,17863904.0,5501004464.00
20141205,2.602,2.642,2.495,2.578,19759233.0,6227736556.00
20141208,2.557,2.710,2.536,2.702,16625137.0,5362135332.00
20141209,2.660,2.801,2.447,2.553,16196280.0,5348207091.00
20141210,2.607,2.670,2.523,2.645,23570021.0,7474615082.00
20141211,2.610,2.673,2.589,2.616,19211225.0,6202198689.00
20141212,2.630,2.673,2.606,2.624,13442354.0,4359288196.00
20141215,2.624,2.665,2.591,2.655,11291791.0,3626937570.00
20141216,2.653,2.722,2.642,2.717,16418864.0,5381309978.00
20141217,2.727,2.769,2.699,2.763,20043030.0,6730894013.00
20141218,2.765,2.801,2.744,2.760,22410690.0,7618953290.00
20141219,2.762,2.808,2.700,2.801,21429541.0,7257019606.00
20141222,2.801,2.840,2.772,2.781,18691135.0,6434036851.00
20141223,2.761,2.817,2.717,2.725,19073574.0,6475316799.00
20141224,2.725,2.747,2.611,2.649,20900443.0,6880308770.00
20141225,2.665,2.748,2.661,2.745,17610132.0,5812237741.00
20141226,2.747,2.859,2.740,2.852,17964517.0,6177881022.00
20141229,2.912,2.932,2.795,2.838,24745093.0,8721863695.00
20141230,2.841,2.876,2.814,2.838,13477504.0,4693485207.00
20141231,2.845,2.924,2.841,2.915,14748614.0,5217474169.00
20150105,2.939,3.046,2.927,3.008,30758984.0,11300578265.00
20150106,2.989,3.024,2.946,2.987,16023424.0,5869771044.00
20150107,2.973,3.009,2.956,2.987,17043221.0,6243527347.00
20150108,2.995,3.003,2.912,2.921,12361365.0,4461717117.00
20150109,2.913,3.038,2.889,2.900,20780562.0,7508849872.00
20150112,2.901,2.920,2.844,2.891,13826504.0,4895407726.00
20150113,2.889,2.916,2.864,2.885,9697400.0,3440029382.00
20150114,2.891,2.914,2.846,2.879,9631631.0,3410790325.00
20150115,2.879,2.965,2.858,2.960,13119280.0,4667964822.00
20150116,2.971,3.005,2.963,2.987,13133958.0,4802719176.00
20150119,2.829,2.854,2.688,2.688,12765272.0,4374566506.00
20150120,2.725,2.811,2.719,2.785,17005137.0,5718203367.00
20150121,2.795,2.928,2.792,2.912,13881855.0,4796846412.00
20150122,2.917,2.938,2.883,2.917,9941913.0,3519047039.00
20150123,2.938,2.975,2.907,2.931,9745623.0,3483961889.00
20150126,2.948,2.964,2.916,2.959,8802064.0,3141158254.00
20150127,2.966,2.970,2.870,2.930,12312449.0,4364745837.00
20150128,2.907,2.939,2.873,2.883,9584008.0,3377022678.00
20150129,2.845,2.872,2.826,2.852,9530566.0,3303736479.00
20150130,2.869,2.884,2.804,2.817,11179817.0,3856952113.00
20150202,2.767,2.799,2.744,2.753,8583404.0,2885463709.00
20150203,2.786,2.828,2.761,2.818,8725036.0,2952260340.00
20150204,2.832,2.857,2.783,2.786,10930569.0,3754964874.00
20150205,2.861,2.865,2.750,2.753,14647722.0,5016368644.00
20150206,2.753,2.767,2.692,2.712,13323765.0,4433202592.00
20150209,2.712,2.775,2.709,2.744,12518566.0,4161309851.00
20150210,2.747,2.800,2.744,2.799,13935345.0,4692324621.00
20150211,2.802,2.828,2.801,2.817,11911260.0,4072350319.00
20150212,2.817,2.837,2.794,2.828,7785122.0,2662860155.00
20150213,2.835,2.884,2.835,2.846,10813775.0,3752357196.00
20150216,2.846,2.878,2.842,2.870,8421547.0,2922890507.00
20150217,2.883,2.906,2.882,2.896,8973060.0,3155300457.00
20150225,2.893,2.893,2.836,2.851,13779805.0,4794796604.00
20150226,2.849,2.939,2.837,2.936,12517040.0,4392817112.00
20150227,2.935,2.952,2.916,2.930,10331788.0,3683288825.00
20150302,2.950,2.963,2.924,2.953,11512422.0,4115162821.00
20150303,2.934,2.934,2.870,2.873,11965033.0,4216664811.00
20150304,2.883,2.908,2.864,2.897,8696866.0,3049939829.00
20150305,2.879,2.887,2.842,2.872,10619007.0,3692919673.00
20150306,2.870,2.883,2.846,2.854,9184233.0,3197044440.00
20150309,2.826,2.918,2.800,2.910,14989497.0,5181077873.00
20150310,2.899,2.912,2.879,2.889,10614478.0,3729284939.00
20150311,2.890,2.935,2.878,2.893,14136149.0,4990033278.00
20150312,2.913,2.962,2.903,2.946,14385133.0,5121790510.00
20150313,2.953,2.985,2.942,2.963,9200028.0,3312797664.00
20150316,2.981,3.042,2.965,3.036,12419541.0,4527500478.00
20150317,3.059,3.081,3.047,3.075,13772577.0,5121293799.00
20150318,3.081,3.161,3.081,3.156,13322043.0,5037976352.00
20150319,3.142,3.155,3.123,3.140,13747984.0,5245857586.00
20150320,3.149,3.208,3.137,3.184,12711220.0,4883603658.00
20150323,3.217,3.277,3.213,3.248,9506119.0,3736073657.00
20150324,3.253,3.262,3.185,3.245,16266947.0,6375751760.00
20150325,3.233,3.253,3.196,3.225,12189714.0,4781120246.00
20150326,3.211,3.266,3.178,3.228,12752408.0,4992388131.00
20150327,3.233,3.270,3.219,3.252,8845228.0,3479800392.00
20150330,3.280,3.368,3.273,3.356,12802761.0,5176868805.00
20150331,3.404,3.417,3.273,3.319,27410138.0,11212696565.00
20150401,3.322,3.396,3.317,3.373,14824100.0,6043660820.00
20150402,3.398,3.408,3.322,3.368,20198227.0,8235441310.00
20150403,3.362,3.427,3.354,3.423,10549230.0,4336932434.00
20150407,3.444,3.483,3.422,3.483,12398463.0,5197239263.00
20150408,3.491,3.522,3.446,3.511,9368158.0,3965108711.00
20150409,3.526,3.539,3.452,3.485,11668331.0,4952893209.00
20150410,3.485,3.573,3.469,3.567,10284434.0,4405115375.00
20150413,3.587,3.642,3.574,3.626,8257742.0,3608508411.00
20150414,3.619,3.671,3.598,3.628,9848463.0,4330542209.00
20150415,3.628,3.664,3.593,3.597,11917793.0,5249948100.00
20150416,3.597,3.719,3.559,3.715,10711659.0,4736441700.00
20150417,3.730,3.813,3.729,3.779,12126834.0,5540718313.00
20150420,3.779,3.828,3.681,3.697,12638763.0,5762100556.00
20150421,3.699,3.778,3.694,3.775,13299154.0,6030545029.00
20150422,3.788,3.884,3.788,3.878,12169515.0,5674757621.00
20150423,3.900,3.910,3.842,3.874,9725637.0,4586792638.00
20150424,3.845,3.870,3.781,3.860,8708712.0,4049351138.00
20150427,3.900,3.948,3.872,3.940,11266967.0,5353433481.00
20150428,3.927,3.956,3.853,3.889,12519068.0,5953969684.00
20150429,3.889,3.932,3.854,3.910,8027906.0,3794297628.00
20150430,3.919,3.950,3.900,3.902,7658200.0,3652174922.00
20150504,3.902,3.928,3.860,3.923,7988415.0,3780818886.00
20150505,3.919,3.919,3.749,3.774,9813952.0,4587563034.00
20150506,3.779,3.852,3.703,3.735,18782493.0,8636284065.00
20150507,3.714,3.728,3.657,3.670,25005675.0,11223533648.00
20150508,3.697,3.730,3.639,3.727,13094727.0,5873287654.00
20150511,3.746,3.853,3.712,3.849,27020156.0,12360263655.00
20150512,3.849,3.895,3.822,3.894,7819125.0,3658799316.00
20150513,3.899,3.899,3.834,3.858,6823684.0,3211349610.00
20150514,3.858,3.876,3.831,3.849,6155977.0,2879906291.00
20150515,3.844,3.845,3.760,3.778,8241200.0,3802627676.00
20150518,3.765,3.785,3.732,3.750,7372686.0,3374658938.00
20150519,3.750,3.892,3.744,3.879,15114416.0,7043775897.00
20150520,3.900,3.979,3.867,3.897,20741770.0,9894178931.00
20150521,3.907,3.979,3.896,3.977,11635718.0,5558786152.00
20150522,4.006,4.066,3.993,4.063,12159245.0,5944489222.00
20150525,4.058,4.193,4.053,4.191,11365784.0,5710572960.00
20150526,4.199,4.265,4.149,4.253,11309206.0,5782825184.00
20150527,4.269,4.290,4.197,4.253,15048546.0,7762775626.00
20150528,4.248,4.265,3.915,3.965,15097912.0,7610282076.00
20150529,3.977,4.031,3.821,3.967,20550189.0,9838144077.00
20150601,3.967,4.183,3.953,4.175,17542104.0,8685471395.00
20150602,4.175,4.250,4.119,4.245,15123215.0,7672665809.00
20150603,4.245,4.254,4.138,4.210,14301795.0,7299557514.00
20150604,4.212,4.265,3.877,4.258,21827335.0,10946362054.00
20150605,4.282,4.323,4.159,4.264,14405085.0,7453938491.00
20150608,4.277,4.405,4.226,4.369,25233080.0,13131363944.00
20150609,4.376,4.383,4.278,4.333,17623198.0,9287378574.00
20150610,4.310,4.403,4.278,4.329,7031789.0,3702360691.00
20150611,4.329,4.364,4.287,4.330,7340937.0,3854687482.00
20150612,4.348,4.387,4.310,4.362,8205332.0,4335710070.00
20150615,4.375,4.389,4.247,4.258,8778392.0,4609475740.00
20150616,4.240,4.254,4.100,4.146,9127585.0,4640656712.00
20150617,4.147,4.231,4.063,4.208,10940242.0,5492839152.00
20150618,4.182,4.191,4.030,4.042,8722978.0,4378607959.00
20150619,3.988,4.026,3.780,3.790,10840079.0,5187811575.00
20150623,3.801,3.939,3.661,3.924,17606865.0,8199907823.00
20150624,3.944,4.016,3.853,4.011,13416412.0,6445209706.00
20150625,4.028,4.047,3.839,3.867,6760862.0,3271482098.00
20150626,3.779,3.835,3.482,3.578,9893036.0,4430493516.00
20150629,3.658,3.660,3.261,3.443,17347939.0,7391458850.00
20150630,3.450,3.693,3.290,3.692,27653175.0,11729333490.00
20150701,3.634,3.732,3.434,3.456,13863663.0,6149233954.00
20150702,3.524,3.559,3.261,3.382,22616373.0,9438253216.00
20150703,3.382,3.446,3.117,3.227,35819537.0,14236856008.00
20150706,3.547,3.547,3.154,3.314,49183037.0,19912432421.00
20150707,3.228,3.279,3.103,3.168,33833890.0,13128635187.00
20150708,2.923,3.047,2.851,2.851,16586074.0,5895770507.00
20150709,2.816,3.136,2.808,3.136,13925565.0,5089642671.00
20150710,3.236,3.450,3.180,3.449,12497600.0,5136731548.00
20150713,3.417,3.554,3.376,3.486,10322504.0,4339159945.00
20150714,3.429,3.538,3.369,3.420,9097319.0,3809522965.00
20150715,3.369,3.408,3.211,3.248,6006835.0,2404061461.00
20150716,3.236,3.378,3.203,3.323,6337549.0,2542514322.00
20150717,3.351,3.483,3.312,3.458,7336477.0,3034018931.00
20150720,3.444,3.503,3.404,3.448,6895961.0,2891973773.00
20150721,3.404,3.494,3.380,3.470,4712593.0,1976835746.00
20150722,3.458,3.479,3.406,3.453,3665737.0,1537754927.00
20150723,3.457,3.557,3.443,3.547,5204889.0,2217880716.00
20150724,3.542,3.570,3.452,3.473,4200409.0,1801340003.00
20150727,3.406,3.455,3.126,3.131,5086913.0,2052935219.00
20150728,3.065,3.228,3.019,3.168,7616118.0,2880899924.00
20150729,3.196,3.290,3.137,3.284,5245456.0,2022710467.00
20150730,3.252,3.303,3.161,3.171,3901715.0,1544667140.00
20150731,3.163,3.219,3.133,3.171,3505091.0,1350562942.00
20150803,3.124,3.178,3.100,3.172,2193440.0,835974327.00
20150804,3.179,3.303,3.161,3.298,2827401.0,1111271118.00
20150805,3.283,3.289,3.192,3.224,3735916.0,1472703872.00
20150806,3.175,3.236,3.160,3.189,2958714.0,1150671715.00
20150807,3.212,3.277,3.211,3.255,6858932.0,2705637706.00
20150810,3.277,3.429,3.261,3.415,3991595.0,1618145565.00
20150811,3.405,3.415,3.360,3.375,3004252.0,1238087893.00
20150812,3.341,3.399,3.333,3.340,3885215.0,1587147009.00
20150813,3.341,3.390,3.294,3.386,4652587.0,1892387093.00
20150814,3.398,3.413,3.368,3.378,5458428.0,2250593513.00
20150817,3.359,3.389,3.331,3.383,3455986.0,1409200780.00
20150818,3.384,3.405,3.145,3.151,4606012.0,1844399266.00
20150819,3.125,3.240,3.047,3.224,5919634.0,2256707950.00
20150820,3.190,3.222,3.130,3.141,2333264.0,901579322.00
20150821,3.129,3.140,2.977,2.985,6931379.0,2581531245.00
20150824,2.890,2.893,2.687,2.687,5422396.0,1823944953.00
20150825,2.557,2.660,2.449,2.456,7105358.0,2219017290.00
20150826,2.528,2.652,2.459,2.525,7356206.0,2287585040.00
20150827,2.571,2.692,2.525,2.682,7086962.0,2222078411.00
20150828,2.698,2.816,2.664,2.801,5682560.0,1881063908.00
20150831,2.734,2.801,2.672,2.795,3136290.0,1038036446.00
20150901,2.718,2.798,2.650,2.785,2274113.0,757897777.00
20150902,2.700,2.816,2.660,2.776,2444088.0,821052345.00
20150907,2.775,2.859,2.698,2.708,1785874.0,605459202.00
20150908,2.676,2.795,2.627,2.781,2032500.0,667680121.00
20150909,2.798,2.856,2.777,2.834,1883864.0,644982528.00
20150910,2.797,2.839,2.780,2.784,1016279.0,345908492.00
20150911,2.790,2.834,2.766,2.790,2550799.0,868424190.00
20150914,2.798,2.805,2.635,2.692,1980071.0,650565772.00
20150915,2.666,2.698,2.604,2.613,2166237.0,694110622.00
20150916,2.621,2.795,2.602,2.754,5723573.0,1856030502.00
20150917,2.720,2.784,2.696,2.701,4197731.0,1400918770.00
20150918,2.717,2.728,2.684,2.700,2581483.0,848541013.00
20150921,2.677,2.767,2.660,2.749,2525744.0,832870113.00
20150922,2.748,2.810,2.741,2.771,2116112.0,712112568.00
20150923,2.717,2.758,2.701,2.706,873019.0,288875761.00
20150924,2.734,2.744,2.701,2.730,772058.0,255551647.00
20150925,2.720,2.729,2.654,2.670,1123987.0,366955037.00
20150928,2.675,2.696,2.655,2.686,1018359.0,331322710.00
20150929,2.655,2.662,2.618,2.634,732166.0,234741281.00
20150930,2.645,2.676,2.643,2.652,502082.0,161905220.00
20151008,2.762,2.768,2.747,2.748,1102589.0,369034636.00
20151009,2.742,2.799,2.742,2.782,972618.0,326881857.00
20151012,2.783,2.919,2.783,2.898,1969043.0,685890490.00
20151013,2.868,2.886,2.851,2.878,1443107.0,503192823.00
20151014,2.864,2.888,2.845,2.846,1138425.0,396439496.00
20151015,2.839,2.921,2.832,2.920,1263222.0,443506439.00
20151016,2.931,2.963,2.919,2.960,2075699.0,742938878.00
20151019,2.962,2.984,2.934,2.955,1203407.0,432133734.00
20151020,2.953,2.997,2.935,2.994,795328.0,285474679.00
20151021,2.997,3.003,2.859,2.904,1658596.0,592576963.00
20151022,2.882,2.947,2.880,2.941,973251.0,343982970.00
20151023,2.942,2.998,2.938,2.993,1197798.0,430869158.00
20151026,3.019,3.023,2.980,2.998,1803183.0,658806960.00
20151027,2.991,3.013,2.913,3.000,1322360.0,475940222.00
20151028,2.983,3.002,2.938,2.947,1744483.0,631290182.00
20151029,2.949,2.981,2.930,2.951,1213244.0,435133940.00
20151030,2.945,2.986,2.919,2.952,995648.0,356856861.00
20151102,2.926,2.959,2.893,2.902,2680803.0,952078777.00
20151103,2.907,2.915,2.865,2.880,2212780.0,778391910.00
20151104,2.888,3.059,2.888,3.053,2712068.0,977551741.00
20151105,3.043,3.174,3.023,3.102,2727443.0,1025950678.00
20151106,3.101,3.184,3.092,3.176,2646076.0,1009144243.00
20151109,3.170,3.244,3.170,3.209,2517805.0,983571983.00
20151110,3.178,3.230,3.177,3.200,1401064.0,544369799.00
20151111,3.199,3.207,3.154,3.196,1765150.0,681401999.00
20151112,3.199,3.203,3.140,3.163,1444702.0,556205423.00
20151113,3.142,3.163,3.114,3.132,1474506.0,562264717.00
20151116,3.094,3.154,3.079,3.150,1374760.0,520044672.00
20151117,3.164,3.226,3.129,3.139,1486758.0,573675494.00
20151118,3.140,3.152,3.046,3.112,1370454.0,518943673.00
20151119,3.113,3.160,3.101,3.159,1001048.0,379709095.00
20151120,3.158,3.169,3.138,3.149,1190018.0,456082374.00
20151123,3.145,3.180,3.129,3.134,877202.0,336171196.00
20151124,3.124,3.137,3.088,3.136,1253068.0,474458307.00
20151125,3.131,3.159,3.118,3.155,1485888.0,566591305.00
20151126,3.175,3.176,3.131,3.140,1267994.0,486306839.00
20151127,3.129,3.129,2.953,2.971,1851805.0,684370608.00
20151130,2.977,2.995,2.890,2.972,2035672.0,728916223.00
20151201,2.967,3.016,2.948,2.995,2790143.0,1011698201.00
20151202,2.992,3.129,2.979,3.123,1869803.0,692873206.00
20151203,3.115,3.142,3.087,3.130,1456643.0,550680644.00
20151204,3.115,3.115,3.058,3.070,1394298.0,522056076.00
20151207,3.073,3.096,3.052,3.075,785126.0,293026111.00
20151208,3.056,3.061,3.016,3.031,949081.0,350102623.00
20151209,3.029,3.053,3.014,3.035,942590.0,347389833.00
20151210,3.043,3.075,3.010,3.029,2103556.0,778783653.00
20151211,3.014,3.037,2.993,3.014,1507339.0,550808869.00
20151214,2.996,3.108,2.988,3.107,1989950.0,735628586.00
20151215,3.104,3.106,3.068,3.077,1409126.0,529036979.00
20151216,3.089,3.103,3.072,3.078,971984.0,364722086.00
20151217,3.095,3.145,3.095,3.135,1571513.0,596617979.00
20151218,3.135,3.175,3.126,3.147,1489845.0,569504272.00
20151221,3.137,3.252,3.129,3.229,1594825.0,620696316.00
20151222,3.234,3.238,3.197,3.233,1541484.0,603217075.00
20151223,3.234,3.277,3.221,3.229,2892636.0,1139663311.00
20151224,3.224,3.229,3.164,3.191,1982188.0,768152157.00
20151225,3.199,3.210,3.179,3.207,1475444.0,572968428.00
20151228,3.198,3.210,3.107,3.111,1661648.0,638347630.00
20151229,3.105,3.140,3.101,3.140,1529129.0,579206624.00
20151230,3.140,3.144,3.113,3.139,1391575.0,528767931.00
20151231,3.130,3.153,3.109,3.111,1270700.0,482833516.00
20160104,3.109,3.109,2.905,2.911,3108539.0,1137173590.00
20160105,2.855,2.946,2.823,2.904,4268877.0,1497174452.00
20160106,2.902,2.958,2.898,2.949,1752465.0,622444909.00
20160107,2.914,2.914,2.802,2.869,750405.0,260993448.00
20160108,2.870,2.870,2.709,2.806,4083360.0,1387037113.00
20160111,2.754,2.789,2.660,2.662,4612187.0,1533396223.00
20160112,2.684,2.713,2.652,2.681,2766902.0,902582530.00
20160113,2.703,2.718,2.627,2.644,2500409.0,815542532.00
20160114,2.581,2.694,2.576,2.688,3469088.0,1107232395.00
20160115,2.672,2.683,2.590,2.609,3014651.0,966523075.00
20160118,2.576,2.641,2.569,2.611,3142912.0,995915221.00
20160119,2.610,2.697,2.600,2.686,2523184.0,815841813.00
20160120,2.669,2.682,2.623,2.643,2565343.0,815923963.00
20160121,2.617,2.668,2.561,2.567,2733316.0,858371429.00
20160122,2.595,2.610,2.544,2.592,2439672.0,754819446.00
20160125,2.615,2.624,2.579,2.602,1795483.0,560271257.00
20160126,2.564,2.588,2.444,2.455,2987120.0,902898748.00
20160127,2.460,2.485,2.367,2.429,5350877.0,1555167656.00
20160128,2.418,2.446,2.364,2.376,2435148.0,704307095.00
20160129,2.377,2.469,2.374,2.444,3053497.0,887994285.00
20160201,2.442,2.450,2.385,2.417,1669836.0,485387638.00
20160202,2.412,2.474,2.412,2.469,2210159.0,650514919.00
20160203,2.444,2.462,2.420,2.457,2278307.0,665970636.00
20160204,2.464,2.497,2.462,2.489,4273606.0,1270882184.00
20160205,2.488,2.488,2.459,2.460,4766111.0,1414850238.00
20160215,2.418,2.464,2.406,2.451,2216572.0,645516477.00
20160216,2.461,2.529,2.460,2.520,2719884.0,817548445.00
20160217,2.521,2.550,2.514,2.546,2351820.0,714641656.00
20160218,2.564,2.577,2.537,2.543,2211639.0,678382026.00
20160219,2.541,2.557,2.523,2.536,2113775.0,643254118.00
20160222,2.575,2.599,2.554,2.589,7328682.0,2263230940.00
20160223,2.587,2.590,2.545,2.569,2300797.0,709597975.00
20160224,2.562,2.591,2.538,2.588,2805922.0,862853078.00
20160225,2.584,2.584,2.406,2.423,3757682.0,1125399586.00
20160226,2.440,2.464,2.418,2.446,4618957.0,1354173923.00
20160229,2.436,2.443,2.344,2.389,3940303.0,1123408226.00
20160301,2.394,2.452,2.343,2.434,2345625.0,679926886.00
20160302,2.436,2.549,2.436,2.543,4514134.0,1350518122.00
20160303,2.542,2.574,2.529,2.537,2388758.0,729281996.00
20160304,2.535,2.581,2.519,2.568,4606083.0,1411889934.00
20160307,2.579,2.650,2.560,2.588,3423065.0,1062124021.00
20160308,2.574,2.582,2.501,2.579,2890422.0,876806225.00
20160309,2.538,2.546,2.507,2.540,2647694.0,803040606.00
20160310,2.537,2.560,2.503,2.506,1373433.0,417118402.00
20160311,2.485,2.517,2.468,2.501,1589932.0,475963053.00
20160314,2.524,2.590,2.524,2.555,5780534.0,1778753112.00
20160315,2.550,2.556,2.517,2.547,2931010.0,892527467.00
20160316,2.536,2.585,2.536,2.564,2877220.0,885143667.00
20160317,2.567,2.627,2.554,2.605,4099649.0,1276388468.00
20160318,2.606,2.667,2.605,2.642,9687665.0,3073815207.00
20160321,2.661,2.720,2.661,2.700,3885501.0,1256109013.00
20160322,2.684,2.702,2.678,2.682,1688627.0,544804991.00
20160323,2.680,2.700,2.660,2.687,2526467.0,812332861.00
20160324,2.670,2.679,2.644,2.645,3537115.0,1128611604.00
20160325,2.647,2.669,2.640,2.656,2554327.0,812493930.00
20160328,2.666,2.691,2.627,2.631,2537084.0,809289995.00
20160329,2.634,2.642,2.595,2.610,5106344.0,1600486312.00
20160330,2.626,2.684,2.626,2.681,3213459.0,1023688965.00
20160331,2.690,2.695,2.664,2.676,2677769.0,860786486.00
20160401,2.669,2.685,2.630,2.685,2554756.0,815859427.00
20160405,2.672,2.726,2.665,2.710,3410879.0,1105926644.00
20160406,2.700,2.715,2.695,2.705,2822235.0,915319379.00
20160407,2.713,2.722,2.665,2.672,2359795.0,760739370.00
20160408,2.652,2.672,2.627,2.650,2876953.0,911962836.00
20160411,2.671,2.709,2.671,2.679,2939344.0,949251599.00
20160412,2.680,2.685,2.659,2.675,4237926.0,1355859601.00
20160413,2.690,2.744,2.690,2.710,6647237.0,2175119947.00
20160414,2.720,2.731,2.703,2.720,1963763.0,640055611.00
20160415,2.725,2.730,2.710,2.722,1908464.0,621949248.00
20160418,2.704,2.704,2.677,2.684,2255223.0,726682573.00
20160419,2.693,2.706,2.676,2.687,2768542.0,891538328.00
20160420,2.698,2.700,2.577,2.640,4679624.0,1477267984.00
20160421,2.625,2.665,2.615,2.628,2547429.0,806651994.00
20160422,2.620,2.643,2.610,2.640,1534014.0,483590303.00
20160425,2.638,2.638,2.595,2.631,1560969.0,490143680.00
20160426,2.630,2.650,2.617,2.646,1301659.0,411143884.00
20160427,2.646,2.651,2.627,2.634,1447533.0,458068899.00
20160428,2.635,2.640,2.609,2.632,1445679.0,454960936.00
20160429,2.625,2.640,2.620,2.629,1135890.0,358665715.00
20160503,2.633,2.684,2.617,2.680,2341180.0,748201332.00
20160504,2.667,2.684,2.657,2.670,1844622.0,590306513.00
20160505,2.666,2.676,2.658,2.670,1320283.0,422287537.00
20160506,2.671,2.675,2.607,2.609,2155428.0,684329077.00
20160509,2.602,2.602,2.547,2.555,3272033.0,1004431928.00
20160510,2.552,2.565,2.546,2.553,1135479.0,347961925.00
20160511,2.560,2.581,2.551,2.563,994515.0,305936108.00
20160512,2.552,2.576,2.529,2.572,1195078.0,366291994.00
20160513,2.563,2.586,2.551,2.563,908964.0,279919199.00
20160516,2.558,2.575,2.536,2.573,1102906.0,338736028.00
20160517,2.575,2.584,2.554,2.569,961064.0,295797361.00
20160518,2.562,2.563,2.527,2.552,1192441.0,363787909.00
20160519,2.550,2.573,2.544,2.547,1112604.0,341617203.00
20160520,2.542,2.565,2.534,2.564,1390692.0,425379889.00
20160523,2.567,2.585,2.559,2.568,1078091.0,332507465.00
20160524,2.568,2.568,2.542,2.552,967809.0,296006429.00
20160525,2.557,2.574,2.546,2.550,837863.0,257099787.00
20160526,2.550,2.562,2.524,2.550,1424764.0,433670399.00
20160527,2.549,2.559,2.540,2.552,856851.0,261992521.00
20160530,2.549,2.562,2.524,2.554,792382.0,241917771.00
20160531,2.554,2.645,2.554,2.643,4945933.0,1554177036.00
20160601,2.644,2.648,2.629,2.632,1713478.0,541843489.00
20160602,2.634,2.636,2.622,2.635,923857.0,291409483.00
20160603,2.637,2.674,2.633,2.665,1777932.0,564204393.00
20160606,2.661,2.672,2.645,2.650,816479.0,259805697.00
20160607,2.653,2.656,2.645,2.650,576210.0,183029382.00
20160608,2.647,2.654,2.629,2.646,726250.0,229820366.00
20160613,2.627,2.627,2.557,2.559,3299624.0,1026673569.00
20160614,2.556,2.571,2.554,2.570,1750902.0,538000790.00
20160615,2.551,2.629,2.544,2.605,1945951.0,605204882.00
20160616,2.604,2.604,2.581,2.589,877244.0,272860069.00
20160617,2.590,2.619,2.590,2.600,2013080.0,628220777.00
20160620,2.602,2.610,2.583,2.600,821084.0,255483683.00
20160621,2.610,2.642,2.585,2.595,1445445.0,452800477.00
20160622,2.593,2.614,2.583,2.610,1172913.0,366208104.00
20160623,2.610,2.612,2.586,2.602,993872.0,309928173.00
20160624,2.602,2.616,2.535,2.575,1543955.0,478738659.00
20160627,2.569,2.609,2.566,2.607,1355577.0,421471183.00
20160628,2.599,2.623,2.586,2.620,1814889.0,566115620.00
20160629,2.623,2.640,2.622,2.632,1195419.0,376789519.00
20160630,2.633,2.643,2.629,2.636,928512.0,293590840.00
20160701,2.636,2.650,2.631,2.634,937666.0,296840461.00
20160704,2.630,2.690,2.621,2.678,1378107.0,441388873.00
20160705,2.678,2.694,2.675,2.685,1607143.0,517232170.00
20160706,2.682,2.700,2.674,2.698,2780687.0,896513394.00
20160707,2.695,2.710,2.683,2.701,1856771.0,600682507.00
20160708,2.697,2.699,2.687,2.691,1680194.0,542424347.00
20160711,2.695,2.731,2.695,2.698,1079600.0,350916204.00
20160712,2.696,2.768,2.696,2.766,1723628.0,564574968.00
20160713,2.769,2.793,2.765,2.772,2498416.0,832961385.00
20160714,2.772,2.773,2.757,2.768,1304280.0,432771845.00
20160715,2.774,2.777,2.763,2.771,916969.0,304596326.00
20160718,2.767,2.773,2.751,2.761,1384781.0,458828260.00
20160719,2.760,2.763,2.733,2.747,1169010.0,384975531.00
20160720,2.744,2.755,2.738,2.741,648020.0,213343016.00
20160721,2.741,2.772,2.741,2.756,1073903.0,355314941.00
20160722,2.750,2.755,2.730,2.732,1152247.0,378582872.00
20160725,2.730,2.749,2.727,2.731,950112.0,311708019.00
20160726,2.731,2.767,2.731,2.766,1080209.0,356695888.00
20160727,2.767,2.771,2.674,2.715,2287308.0,745666299.00
20160728,2.706,2.739,2.705,2.723,2122106.0,692839988.00
20160729,2.723,2.730,2.705,2.714,1267244.0,413434583.00
20160801,2.706,2.712,2.678,2.691,1333762.0,430354683.00
20160802,2.690,2.709,2.684,2.698,1164915.0,376188247.00
20160803,2.694,2.707,2.690,2.701,2018836.0,653488041.00
20160804,2.700,2.710,2.685,2.710,930974.0,301068101.00
20160805,2.710,2.733,2.705,2.720,1014150.0,330558969.00
20160808,2.720,2.744,2.702,2.743,849697.0,277754509.00
20160809,2.738,2.760,2.735,2.755,2312882.0,763092409.00
20160810,2.755,2.762,2.745,2.747,1765682.0,582763539.00
20160811,2.745,2.775,2.740,2.744,1265069.0,418084133.00
20160812,2.737,2.796,2.736,2.792,2173901.0,720561694.00
20160815,2.798,2.906,2.796,2.875,3925780.0,1347967780.00
20160816,2.883,2.899,2.862,2.866,2741304.0,945310645.00
20160817,2.861,2.876,2.849,2.860,1188311.0,407992203.00
20160818,2.865,2.876,2.841,2.856,953905.0,327156065.00
20160819,2.854,2.858,2.830,2.852,1322039.0,450920918.00
20160822,2.852,2.862,2.830,2.832,1053783.0,358992839.00
20160823,2.832,2.849,2.817,2.834,2416251.0,821466099.00
20160824,2.834,2.837,2.817,2.822,1542670.0,523023613.00
20160825,2.808,2.815,2.781,2.807,1262291.0,423460361.00
20160826,2.809,2.830,2.801,2.804,791422.0,267092367.00
20160829,2.800,2.811,2.795,2.803,778727.0,261703238.00
20160830,2.805,2.824,2.801,2.815,1034445.0,348315005.00
20160831,2.812,2.832,2.801,2.826,1120571.0,378639362.00
20160901,2.826,2.826,2.794,2.796,923902.0,311604981.00
20160902,2.794,2.816,2.794,2.809,988755.0,332709841.00
20160905,2.815,2.837,2.811,2.815,1592257.0,538325910.00
20160906,2.816,2.845,2.796,2.839,1428755.0,483032706.00
20160907,2.841,2.855,2.836,2.841,1969668.0,672253498.00
20160908,2.838,2.841,2.830,2.836,748924.0,254578323.00
20160909,2.836,2.841,2.821,2.822,1204615.0,409027743.00
20160912,2.785,2.788,2.750,2.766,2064725.0,685240743.00
20160913,2.768,2.775,2.760,2.766,954381.0,316642791.00
20160914,2.759,2.764,2.746,2.750,719668.0,237676355.00
20160919,2.750,2.770,2.749,2.767,1007976.0,334221068.00
20160920,2.769,2.772,2.760,2.764,706943.0,234298807.00
20160921,2.764,2.779,2.761,2.775,680127.0,225902307.00
20160922,2.786,2.806,2.781,2.793,989000.0,331304621.00
20160923,2.794,2.798,2.784,2.786,673587.0,225265235.00
20160926,2.783,2.783,2.738,2.740,1633492.0,540512626.00
20160927,2.740,2.755,2.735,2.754,1068961.0,351901550.00
20160928,2.754,2.756,2.745,2.750,471316.0,155394118.00
20160929,2.753,2.769,2.753,2.762,1111320.0,368023390.00
20160930,2.756,2.775,2.756,2.770,1096255.0,363733274.00
20161010,2.777,2.807,2.769,2.802,1563660.0,523323072.00
20161011,2.804,2.811,2.797,2.809,1019210.0,342683149.00
20161012,2.801,2.806,2.795,2.802,689821.0,231631940.00
20161013,2.806,2.811,2.796,2.802,950245.0,319338549.00
20161014,2.801,2.812,2.788,2.811,1169801.0,392571003.00
20161017,2.811,2.813,2.760,2.785,1169468.0,392904897.00
20161018,2.785,2.821,2.781,2.820,1854193.0,623176856.00
20161019,2.821,2.831,2.812,2.818,1334998.0,451465644.00
20161020,2.816,2.821,2.811,2.814,1087664.0,367226558.00
20161021,2.816,2.834,2.808,2.828,1529253.0,517338637.00
20161024,2.828,2.876,2.826,2.862,2065991.0,708239092.00
20161025,2.862,2.863,2.848,2.855,1881782.0,643812663.00
20161026,2.854,2.856,2.842,2.846,1426709.0,487518693.00
20161027,2.844,2.846,2.831,2.842,892224.0,303649117.00
20161028,2.841,2.866,2.837,2.838,1492268.0,510243043.00
20161031,2.837,2.837,2.813,2.832,891945.0,302195855.00
20161101,2.831,2.854,2.829,2.850,866924.0,295386210.00
20161102,2.846,2.846,2.827,2.831,852540.0,289919433.00
20161103,2.821,2.866,2.821,2.852,2258266.0,771607690.00
20161104,2.851,2.864,2.839,2.843,1114074.0,381040628.00
20161107,2.843,2.852,2.837,2.846,1008059.0,344044269.00
20161108,2.851,2.874,2.850,2.861,1422438.0,487640872.00
20161109,2.861,2.861,2.814,2.850,1960762.0,668832774.00
20161110,2.858,2.886,2.858,2.879,1448274.0,499217381.00
20161111,2.876,2.907,2.868,2.904,1734271.0,600639535.00
20161114,2.899,2.927,2.892,2.908,2619852.0,913221114.00
20161115,2.907,2.911,2.895,2.905,1363919.0,474805211.00
20161116,2.906,2.913,2.898,2.906,1439264.0,501424495.00
20161117,2.901,2.913,2.892,2.912,1314599.0,457641863.00
20161118,2.913,2.918,2.898,2.902,1097434.0,382865958.00
20161121,2.898,2.940,2.896,2.916,1362852.0,477608881.00
20161122,2.918,2.946,2.918,2.945,1721437.0,606165664.00
20161123,2.949,2.963,2.942,2.950,911253.0,322725905.00
20161124,2.948,2.976,2.944,2.958,1755186.0,622021452.00
20161125,2.958,2.992,2.936,2.991,1347871.0,480069676.00
20161128,2.997,3.019,2.996,3.004,1483483.0,534775703.00
20161129,2.996,3.042,2.986,3.027,1591360.0,575802838.00
20161130,3.020,3.029,2.995,3.000,1660676.0,598824969.00
20161201,3.002,3.038,3.002,3.028,1128864.0,408535640.00
20161202,3.026,3.026,2.987,2.995,938826.0,337964550.00
20161205,2.956,2.968,2.931,2.935,2228656.0,788857097.00
20161206,2.937,2.948,2.929,2.930,1268854.0,447422124.00
20161207,2.931,2.946,2.920,2.943,1113534.0,391741733.00
20161208,2.951,2.961,2.943,2.950,2079600.0,736364886.00
20161209,2.943,2.976,2.940,2.966,1113083.0,394957333.00
20161212,2.965,2.965,2.886,2.888,1479028.0,516726039.00
20161213,2.879,2.897,2.861,2.884,1611875.0,556255408.00
20161214,2.877,2.891,2.863,2.864,1013558.0,350073302.00
20161215,2.849,2.863,2.820,2.831,2297927.0,783089346.00
20161216,2.828,2.846,2.825,2.831,1422497.0,483458713.00
20161219,2.831,2.834,2.816,2.823,870418.0,294947468.00
20161220,2.819,2.822,2.786,2.802,1674659.0,562356451.00
20161221,2.806,2.834,2.806,2.833,1291631.0,437133425.00
20161222,2.830,2.831,2.816,2.828,1035923.0,350703088.00
20161223,2.821,2.826,2.798,2.806,802605.0,270285946.00
20161226,2.797,2.818,2.773,2.816,1452620.0,486226403.00
20161227,2.811,2.822,2.806,2.811,1132960.0,382302241.00
20161228,2.809,2.814,2.787,2.796,1049116.0,352092182.00
20161229,2.793,2.809,2.785,2.798,848783.0,284718664.00
20161230,2.797,2.809,2.794,2.801,960788.0,322779315.00
20170103,2.804,2.839,2.804,2.832,1058679.0,359017999.00
20170104,2.831,2.858,2.825,2.857,1134839.0,386401179.00
20170105,2.856,2.861,2.845,2.851,656748.0,224689515.00
20170106,2.849,2.855,2.838,2.842,778859.0,265624396.00
20170109,2.838,2.856,2.836,2.852,775128.0,264758569.00
20170110,2.851,2.857,2.841,2.845,697214.0,238188561.00
20170111,2.840,2.854,2.823,2.824,947053.0,322318168.00
20170112,2.824,2.831,2.807,2.810,840009.0,284381828.00
20170113,2.809,2.830,2.804,2.815,974975.0,329078585.00
20170116,2.809,2.813,2.765,2.811,1469151.0,492412441.00
20170117,2.802,2.821,2.793,2.816,864949.0,291327185.00
20170118,2.811,2.843,2.811,2.834,1138662.0,386681352.00
20170119,2.826,2.839,2.819,2.824,1060346.0,359710681.00
20170120,2.819,2.849,2.817,2.848,2063693.0,703729070.00
20170123,2.851,2.873,2.849,2.852,1421798.0,478936401.00
20170124,2.852,2.859,2.845,2.854,842962.0,283122754.00
20170125,2.852,2.864,2.843,2.862,670239.0,225504014.00
20170126,2.862,2.883,2.862,2.874,661762.0,224128556.00
20170203,2.874,2.876,2.849,2.857,1120450.0,377377161.00
20170206,2.858,2.865,2.848,2.857,1011688.0,340453257.00
20170207,2.854,2.861,2.843,2.851,919571.0,308980882.00
20170208,2.851,2.876,2.836,2.871,951701.0,319982375.00
20170209,2.868,2.892,2.867,2.881,983411.0,334000230.00
20170210,2.884,2.902,2.879,2.896,1061427.0,361430904.00
20170213,2.896,2.916,2.896,2.912,1225064.0,419765182.00
20170214,2.912,2.916,2.907,2.915,774969.0,265836733.00
20170215,2.914,2.924,2.899,2.905,1245321.0,427278620.00
20170216,2.905,2.918,2.899,2.918,905007.0,310095292.00
20170217,2.918,2.932,2.900,2.901,1253715.0,430590652.00
20170220,2.901,2.958,2.900,2.948,1382844.0,477381323.00
20170221,2.948,2.959,2.945,2.948,1118515.0,388819576.00
20170222,2.951,2.960,2.945,2.958,951852.0,331353653.00
20170223,2.955,2.960,2.937,2.945,1028588.0,357287094.00
20170224,2.946,2.946,2.931,2.942,897411.0,310748415.00
20170227,2.943,2.943,2.913,2.919,735681.0,253856619.00
20170228,2.916,2.934,2.915,2.924,950733.0,327340268.00
20170301,2.925,2.946,2.920,2.927,1355897.0,468346597.00
20170302,2.932,2.973,2.908,2.917,955485.0,329333173.00
20170303,2.908,2.909,2.891,2.906,778375.0,266094270.00
20170306,2.906,2.923,2.901,2.920,999939.0,343393498.00
20170307,2.918,2.925,2.914,2.924,761854.0,262134060.00
20170308,2.923,2.929,2.918,2.928,1101721.0,379539858.00
20170309,2.923,2.923,2.896,2.901,809001.0,276909945.00
20170310,2.899,2.912,2.899,2.904,825743.0,282727138.00
20170313,2.899,2.937,2.891,2.935,1236681.0,425156076.00
20170314,2.933,2.936,2.925,2.929,680534.0,234993212.00
20170315,2.924,2.936,2.921,2.934,576086.0,198854471.00
20170316,2.941,2.964,2.941,2.952,934775.0,325318442.00
20170317,2.952,2.956,2.916,2.918,1037742.0,359081742.00
20170320,2.919,2.926,2.908,2.920,889350.0,305764003.00
20170321,2.920,2.941,2.917,2.941,1077074.0,371423613.00
20170322,2.929,2.935,2.909,2.925,628258.0,216426259.00
20170323,2.928,2.942,2.913,2.934,853839.0,294742450.00
20170324,2.935,2.970,2.933,2.962,1283551.0,446211837.00
20170327,2.961,2.969,2.945,2.948,867856.0,302554850.00
20170328,2.948,2.954,2.936,2.944,669608.0,232236124.00
20170329,2.944,2.952,2.928,2.938,790107.0,273799428.00
20170330,2.932,2.938,2.901,2.910,1197410.0,411529536.00
20170331,2.910,2.932,2.909,2.931,886199.0,305008271.00
20170405,2.948,2.980,2.946,2.980,1351355.0,472558860.00
20170406,2.978,2.980,2.962,2.976,960783.0,336535704.00
20170407,2.978,2.992,2.971,2.982,755353.0,265254246.00
20170410,2.985,2.986,2.973,2.974,821129.0,288180830.00
20170411,2.974,2.986,2.942,2.982,1057268.0,369694160.00
20170412,2.980,2.986,2.965,2.971,988676.0,346896362.00
20170413,2.968,2.987,2.965,2.982,784438.0,275414679.00
20170414,2.982,2.983,2.952,2.958,860763.0,300482671.00
20170417,2.952,2.954,2.933,2.947,1357762.0,470981564.00
20170418,2.943,2.957,2.940,2.941,832006.0,288999060.00
20170419,2.935,2.935,2.905,2.918,2120401.0,729202650.00
20170420,2.916,2.938,2.915,2.934,1158008.0,399723864.00
20170421,2.936,2.945,2.923,2.936,814365.0,281667351.00
20170424,2.929,2.932,2.890,2.905,1700779.0,582007611.00
20170425,2.911,2.924,2.907,2.914,983835.0,337966324.00
20170426,2.914,2.938,2.914,2.921,876264.0,302137649.00
20170427,2.918,2.928,2.885,2.923,2097326.0,717275570.00
20170428,2.920,2.920,2.899,2.912,715289.0,245193219.00
20170502,2.907,2.911,2.897,2.907,920826.0,315153111.00
20170503,2.904,2.911,2.890,2.893,821768.0,280638583.00
20170504,2.890,2.901,2.879,2.882,1043228.0,354995516.00
20170505,2.878,2.879,2.853,2.863,1465209.0,494947112.00
20170508,2.860,2.863,2.832,2.839,1643938.0,551753639.00
20170509,2.834,2.848,2.825,2.841,1400235.0,467728686.00
20170510,2.842,2.855,2.829,2.831,1670224.0,560475410.00
20170511,2.824,2.852,2.814,2.845,2181884.0,727387609.00
20170512,2.844,2.873,2.840,2.868,1451197.0,488589563.00
20170515,2.876,2.890,2.873,2.880,1024391.0,348045633.00
20170516,2.878,2.915,2.867,2.914,1033131.0,351932708.00
20170517,2.911,2.913,2.894,2.895,1097918.0,375710169.00
20170518,2.885,2.896,2.877,2.882,974236.0,331211738.00
20170519,2.881,2.891,2.881,2.887,715944.0,243482041.00
20170522,2.888,2.904,2.877,2.890,863365.0,294185619.00
20170523,2.889,2.914,2.886,2.902,1514699.0,517643732.00
20170524,2.898,2.903,2.876,2.902,1404383.0,478014233.00
20170525,2.900,2.968,2.894,2.964,2489525.0,861101229.00
20170526,2.959,2.973,2.952,2.959,2032029.0,709039519.00
20170531,2.969,2.986,2.947,2.961,1480334.0,517279009.00
20170601,2.956,2.969,2.953,2.968,907181.0,316723298.00
20170602,2.966,2.969,2.944,2.960,1315412.0,458835033.00
20170605,2.952,2.962,2.938,2.941,1101787.0,382517627.00
20170606,2.941,2.964,2.938,2.963,959068.0,333744289.00
20170607,2.967,3.006,2.963,3.004,1667237.0,588224310.00
20170608,3.002,3.030,2.998,3.025,1460939.0,518490291.00
20170609,3.025,3.052,3.024,3.044,1512315.0,541579944.00
20170612,3.038,3.061,3.030,3.038,1240740.0,445107822.00
20170613,3.030,3.051,3.029,3.044,1316253.0,471603241.00
20170614,3.042,3.042,3.008,3.014,1425761.0,508242894.00
20170615,3.013,3.022,2.991,3.003,1208419.0,427918147.00
20170616,3.003,3.017,2.994,2.998,1023956.0,362702880.00
20170619,3.000,3.035,3.000,3.032,1413142.0,503221278.00
20170620,3.035,3.041,3.016,3.023,1298320.0,462757488.00
20170621,3.042,3.062,3.023,3.061,2026660.0,726053671.00
20170622,3.055,3.099,3.053,3.064,1900073.0,689630291.00
20170623,3.062,3.096,3.048,3.094,979933.0,354015578.00
20170626,3.094,3.135,3.094,3.132,1073945.0,395226720.00
20170627,3.131,3.139,3.115,3.134,806651.0,297031207.00
20170628,3.131,3.131,3.109,3.113,792487.0,291471786.00
20170629,3.114,3.136,3.113,3.131,868377.0,319708765.00
20170630,3.121,3.136,3.111,3.126,824750.0,303289203.00
20170703,3.127,3.130,3.100,3.113,965188.0,354075693.00
20170704,3.112,3.113,3.081,3.087,1352154.0,492446683.00
20170705,3.086,3.133,3.086,3.127,1333338.0,488489676.00
20170706,3.127,3.131,3.103,3.125,1618320.0,595546773.00
20170707,3.120,3.127,3.107,3.123,826426.0,303788034.00
20170710,3.122,3.140,3.119,3.126,950921.0,350798538.00
20170711,3.123,3.176,3.122,3.152,1314196.0,488047743.00
20170712,3.147,3.164,3.120,3.133,1174760.0,435484089.00
20170713,3.134,3.168,3.134,3.165,1112379.0,413674310.00
20170714,3.166,3.190,3.157,3.187,855766.0,319746137.00
20170717,3.184,3.192,3.120,3.143,1942105.0,721614615.00
20170718,3.138,3.149,3.116,3.145,1608456.0,594672822.00
20170719,3.144,3.215,3.141,3.210,1741180.0,651901900.00
20170720,3.208,3.227,3.203,3.226,976975.0,369859503.00
20170721,3.217,3.228,3.199,3.210,977614.0,370647639.00
20170724,3.206,3.232,3.200,3.226,642642.0,243903316.00
20170725,3.225,3.227,3.195,3.201,969983.0,367104728.00
20170726,3.201,3.215,3.170,3.183,1542540.0,579533892.00
20170727,3.184,3.200,3.162,3.193,1463574.0,548556299.00
20170728,3.188,3.208,3.182,3.204,741486.0,279473445.00
20170731,3.204,3.228,3.197,3.216,1194636.0,452022175.00
20170801,3.216,3.245,3.215,3.242,1224510.0,466016813.00
20170802,3.243,3.259,3.237,3.242,1180979.0,451860536.00
20170803,3.237,3.244,3.203,3.210,1072928.0,407643789.00
20170804,3.210,3.221,3.189,3.190,1040716.0,393420957.00
20170807,3.184,3.215,3.182,3.210,1062490.0,400289016.00
20170808,3.211,3.217,3.201,3.210,1211295.0,458104572.00
20170809,3.208,3.218,3.197,3.208,961916.0,363926510.00
20170810,3.202,3.226,3.177,3.201,1386799.0,523518863.00
20170811,3.181,3.187,3.136,3.140,1816643.0,676532342.00
20170814,3.141,3.185,3.141,3.179,1489558.0,556588431.00
20170815,3.180,3.200,3.176,3.187,2386280.0,896629433.00
20170816,3.184,3.188,3.165,3.182,881399.0,330127586.00
20170817,3.187,3.208,3.186,3.207,703318.0,264849652.00
20170818,3.197,3.216,3.187,3.209,724997.0,273300464.00
20170821,3.217,3.230,3.210,3.222,490788.0,186243891.00
20170822,3.221,3.234,3.213,3.227,723347.0,274716419.00
20170823,3.227,3.249,3.222,3.236,563945.0,215028427.00
20170824,3.236,3.243,3.215,3.219,764001.0,290507256.00
20170825,3.218,3.276,3.217,3.275,2023895.0,777247449.00
20170828,3.277,3.333,3.277,3.312,2297449.0,897023272.00
20170829,3.313,3.316,3.300,3.305,1218355.0,474880037.00
20170830,3.305,3.320,3.300,3.302,837834.0,326837100.00
20170831,3.302,3.311,3.277,3.296,1166771.0,452601022.00
20170901,3.296,3.311,3.288,3.300,900118.0,350147397.00
20170904,3.300,3.315,3.284,3.312,1280226.0,498484877.00
20170905,3.312,3.330,3.310,3.324,703198.0,275197292.00
20170906,3.316,3.325,3.302,3.314,787843.0,307521821.00
20170907,3.316,3.327,3.299,3.300,513055.0,200326578.00
20170908,3.301,3.313,3.283,3.296,586515.0,228110193.00
20170911,3.300,3.324,3.294,3.301,760060.0,295901109.00
20170912,3.310,3.321,3.296,3.310,623236.0,242811422.00
20170913,3.311,3.316,3.297,3.312,593111.0,231145733.00
20170914,3.311,3.322,3.294,3.301,625454.0,243709475.00
20170915,3.300,3.311,3.290,3.306,926836.0,360429126.00
20170918,3.304,3.335,3.301,3.319,1107037.0,433280766.00
20170919,3.320,3.322,3.286,3.298,887575.0,345678308.00
20170920,3.296,3.317,3.294,3.313,697777.0,271873425.00
20170921,3.313,3.323,3.302,3.314,1208402.0,471686526.00
20170922,3.301,3.309,3.289,3.305,747234.0,290348466.00
20170925,3.300,3.302,3.284,3.291,845460.0,327969280.00
20170926,3.287,3.294,3.285,3.293,605663.0,234783027.00
20170927,3.292,3.305,3.288,3.295,548811.0,213162344.00
20170928,3.295,3.304,3.287,3.300,496638.0,192874070.00
20170929,3.300,3.326,3.300,3.311,887625.0,346351779.00
20171009,3.371,3.382,3.344,3.346,1653136.0,655239548.00
20171010,3.344,3.358,3.327,3.350,1417638.0,558063646.00
20171011,3.350,3.368,3.344,3.363,1082136.0,428214368.00
20171012,3.362,3.378,3.357,3.378,1102176.0,437032183.00
20171013,3.370,3.385,3.370,3.384,548574.0,218430412.00
20171016,3.384,3.397,3.372,3.372,1052853.0,419997107.00
20171017,3.372,3.379,3.363,3.371,734482.0,291842255.00
20171018,3.370,3.395,3.370,3.391,955523.0,380778417.00
20171019,3.393,3.393,3.378,3.382,956388.0,381387925.00
20171020,3.379,3.384,3.372,3.380,516507.0,205545192.00
20171023,3.384,3.393,3.374,3.390,884069.0,352641372.00
20171024,3.383,3.413,3.381,3.412,939317.0,376229856.00
20171025,3.407,3.428,3.404,3.423,640827.0,258041081.00
20171026,3.424,3.460,3.417,3.448,1403180.0,569599034.00
20171027,3.444,3.466,3.442,3.465,699861.0,284877590.00
20171030,3.468,3.471,3.411,3.450,1557691.0,631582012.00
20171031,3.439,3.451,3.430,3.447,676835.0,274321225.00
20171101,3.446,3.469,3.432,3.435,1298294.0,528341303.00
20171102,3.435,3.442,3.421,3.441,982106.0,396901127.00
20171103,3.438,3.445,3.410,3.432,1125905.0,454646222.00
20171106,3.427,3.464,3.421,3.462,608521.0,246647548.00
20171107,3.462,3.505,3.460,3.496,1032092.0,423893334.00
20171108,3.493,3.526,3.482,3.489,994467.0,410490252.00
20171109,3.485,3.516,3.481,3.515,1217573.0,501131323.00
20171110,3.508,3.552,3.501,3.546,1260335.0,524278190.00
20171113,3.547,3.564,3.545,3.554,889665.0,372765992.00
20171114,3.556,3.558,3.524,3.527,1327241.0,552965529.00
20171115,3.521,3.529,3.496,3.501,2554123.0,1056078422.00
20171116,3.501,3.538,3.497,3.535,1933054.0,800920002.00
20171117,3.529,3.543,3.515,3.539,1888910.0,785716570.00
20171120,3.529,3.568,3.500,3.567,1403474.0,582537825.00
20171121,3.562,3.639,3.556,3.637,1728882.0,735785939.00
20171122,3.638,3.670,3.607,3.636,1549476.0,665099896.00
20171123,3.631,3.631,3.513,3.521,2992733.0,1263614871.00
20171124,3.513,3.541,3.493,3.524,2160149.0,895477111.00
20171127,3.513,3.519,3.465,3.468,2731052.0,1119758002.00
20171128,3.463,3.488,3.454,3.484,1048320.0,429268915.00
20171129,3.487,3.496,3.438,3.480,1191682.0,487608676.00
20171130,3.477,3.485,3.432,3.440,1176151.0,479533342.00
20171201,3.440,3.467,3.429,3.443,847132.0,343851087.00
20171204,3.440,3.472,3.425,3.457,778886.0,317184942.00
20171205,3.449,3.485,3.448,3.479,818564.0,335054289.00
20171206,3.471,3.471,3.417,3.452,908335.0,369190696.00
20171207,3.448,3.459,3.401,3.413,897478.0,362413810.00
20171208,3.413,3.456,3.409,3.446,941707.0,381443852.00
20171211,3.445,3.505,3.445,3.503,921277.0,377600248.00
20171212,3.500,3.500,3.446,3.448,1094854.0,448726510.00
20171213,3.448,3.480,3.442,3.473,1159791.0,472838973.00
20171214,3.473,3.483,3.448,3.462,1559101.0,636128736.00
20171215,3.452,3.454,3.412,3.416,925487.0,374175030.00
20171218,3.418,3.443,3.406,3.417,1028030.0,414628236.00
20171219,3.420,3.463,3.420,3.462,1052969.0,427717906.00
20171220,3.459,3.469,3.446,3.454,930046.0,378936961.00
20171221,3.447,3.508,3.445,3.496,2415533.0,993428001.00
20171222,3.495,3.499,3.477,3.480,1297648.0,533563762.00
20171225,3.483,3.510,3.456,3.464,1702341.0,698948632.00
20171226,3.467,3.483,3.450,3.474,2089951.0,854166367.00
20171227,3.475,3.478,3.413,3.417,2084858.0,845669698.00
20171228,3.421,3.461,3.412,3.448,1939509.0,786210867.00
20171229,3.451,3.465,3.440,3.459,1083159.0,440609295.00
20180102,3.468,3.512,3.466,3.510,1688765.0,695160731.00
20180103,3.510,3.552,3.507,3.529,1267933.0,527466330.00
20180104,3.529,3.547,3.522,3.540,922207.0,384082441.00
20180105,3.546,3.562,3.535,3.553,1271316.0,531271769.00
20180108,3.552,3.576,3.541,3.568,1056967.0,443371348.00
20180109,3.568,3.599,3.562,3.597,1079460.0,455234072.00
20180110,3.593,3.615,3.582,3.612,1449656.0,614504153.00
20180111,3.606,3.612,3.591,3.607,984750.0,417892590.00
20180112,3.607,3.630,3.602,3.626,1035749.0,441244227.00
20180115,3.626,3.658,3.616,3.619,1573647.0,674167930.00
20180116,3.619,3.658,3.615,3.656,1231839.0,528244298.00
20180117,3.657,3.672,3.633,3.645,1589397.0,684342130.00
20180118,3.650,3.680,3.647,3.669,1250863.0,540068089.00
20180119,3.670,3.704,3.668,3.679,2185064.0,948695894.00
20180122,3.668,3.728,3.668,3.726,1398733.0,609570930.00
20180123,3.736,3.767,3.734,3.766,1584662.0,692085166.00
20180124,3.766,3.777,3.739,3.769,1613457.0,707011909.00
20180125,3.766,3.768,3.726,3.745,1548719.0,675877088.00
20180126,3.734,3.789,3.729,3.764,984131.0,431465307.00
20180129,3.772,3.777,3.683,3.693,2140531.0,928592912.00
20180130,3.684,3.699,3.652,3.655,1616871.0,692033502.00
20180131,3.644,3.679,3.639,3.666,1667368.0,710282987.00
20180201,3.665,3.680,3.619,3.640,4390735.0,1861964695.00
20180202,3.614,3.668,3.595,3.662,2127961.0,900347625.00
20180205,3.630,3.663,3.614,3.659,2308395.0,979154068.00
20180206,3.605,3.616,3.550,3.556,3131731.0,1306561662.00
20180207,3.605,3.613,3.467,3.472,3395178.0,1400842660.00
20180208,3.468,3.495,3.417,3.444,3123485.0,1257459010.00
20180209,3.352,3.365,3.231,3.285,4168371.0,1597192107.00
20180212,3.293,3.352,3.282,3.332,1935588.0,749100613.00
20180213,3.362,3.417,3.362,3.372,1624624.0,641207460.00
20180214,3.383,3.408,3.371,3.402,930356.0,367327722.00
20180222,3.447,3.479,3.435,3.473,1890640.0,762189665.00
20180223,3.480,3.500,3.462,3.492,1576572.0,639724875.00
20180226,3.517,3.547,3.476,3.536,2027722.0,830732992.00
20180227,3.543,3.544,3.481,3.486,2118232.0,865489044.00
20180228,3.457,3.481,3.429,3.450,2392245.0,962934464.00
20180301,3.433,3.491,3.427,3.475,1186369.0,479103432.00
20180302,3.450,3.470,3.440,3.452,906146.0,364642458.00
20180305,3.455,3.475,3.425,3.444,960124.0,385767882.00
20180306,3.469,3.497,3.431,3.496,1335938.0,539875126.00
20180307,3.493,3.513,3.460,3.468,1397285.0,568031944.00
20180308,3.469,3.505,3.460,3.503,932075.0,378638988.00
20180309,3.509,3.534,3.497,3.529,1116871.0,457659735.00
20180312,3.546,3.560,3.534,3.539,2949891.0,1217400451.00
20180313,3.536,3.542,3.499,3.501,1435127.0,588518518.00
20180314,3.493,3.506,3.486,3.489,1209033.0,492145660.00
20180315,3.485,3.517,3.478,3.515,1000794.0,408458351.00
20180316,3.511,3.523,3.475,3.476,883232.0,360428554.00
20180319,3.475,3.498,3.458,3.495,809020.0,328421749.00
20180320,3.484,3.504,3.462,3.493,754936.0,306450965.00
20180321,3.507,3.531,3.468,3.475,1291002.0,527036025.00
20180322,3.481,3.493,3.436,3.444,984440.0,396821608.00
20180323,3.347,3.367,3.283,3.342,2789760.0,1086361137.00
20180326,3.316,3.335,3.285,3.327,2339575.0,902528341.00
20180327,3.365,3.373,3.335,3.357,1437933.0,562269231.00
20180328,3.325,3.351,3.287,3.289,1350991.0,521665681.00
20180329,3.302,3.364,3.256,3.349,1934539.0,746819665.00
20180330,3.350,3.360,3.329,3.344,923031.0,359636705.00
20180402,3.345,3.378,3.330,3.333,1775059.0,693287261.00
20180403,3.312,3.329,3.293,3.311,1409852.0,543351694.00
20180404,3.319,3.344,3.299,3.303,1028784.0,398759731.00
20180409,3.306,3.326,3.286,3.307,1191991.0,459331572.00
20180410,3.311,3.372,3.307,3.372,1590734.0,618424471.00
20180411,3.380,3.396,3.370,3.376,1364955.0,537937545.00
20180412,3.375,3.380,3.340,3.341,967303.0,378606246.00
20180413,3.360,3.371,3.311,3.317,1212467.0,470493231.00
20180416,3.311,3.322,3.254,3.265,1141596.0,436296437.00
20180417,3.275,3.279,3.214,3.217,1382998.0,523630373.00
20180418,3.245,3.257,3.184,3.224,2125676.0,796578445.00
20180419,3.232,3.278,3.231,3.269,1714951.0,651728801.00
20180420,3.259,3.270,3.213,3.219,1631785.0,615887355.00
20180423,3.213,3.252,3.202,3.232,1064099.0,399919034.00
20180424,3.239,3.309,3.239,3.300,1794867.0,687344861.00
20180425,3.287,3.293,3.273,3.281,1072139.0,410074478.00
20180426,3.285,3.291,3.210,3.215,1279568.0,482929627.00
20180427,3.232,3.235,3.186,3.222,1178761.0,441623030.00
20180502,3.236,3.252,3.211,3.232,1130980.0,425241655.00
20180503,3.224,3.263,3.202,3.251,1500874.0,565842658.00
20180504,3.250,3.261,3.231,3.236,1112293.0,420677781.00
20180507,3.241,3.292,3.236,3.288,1519752.0,579308584.00
20180508,3.292,3.340,3.287,3.331,1882643.0,728175015.00
20180509,3.330,3.331,3.307,3.322,872673.0,337422352.00
20180510,3.331,3.346,3.315,3.344,994891.0,386259701.00
20180511,3.350,3.356,3.321,3.324,850967.0,330549504.00
20180514,3.331,3.361,3.331,3.353,1809287.0,706411152.00
20180515,3.360,3.366,3.334,3.366,1444888.0,563948808.00
20180516,3.354,3.362,3.332,3.339,878034.0,342418772.00
20180517,3.341,3.345,3.310,3.311,835910.0,323714464.00
20180518,3.315,3.351,3.299,3.347,1916792.0,742237810.00
20180521,3.369,3.384,3.353,3.363,1582573.0,620802680.00
20180522,3.363,3.363,3.329,3.349,846887.0,330057427.00
20180523,3.341,3.341,3.305,3.305,1100044.0,425876946.00
20180524,3.305,3.313,3.275,3.279,1216399.0,466989765.00
20180525,3.278,3.295,3.262,3.271,1031684.0,394358878.00
20180528,3.278,3.305,3.262,3.292,916134.0,350526730.00
20180529,3.287,3.296,3.259,3.261,1263855.0,482554985.00
20180530,3.229,3.233,3.198,3.199,1440322.0,539595347.00
20180531,3.217,3.267,3.212,3.264,1701936.0,641624945.00
20180601,3.250,3.261,3.227,3.242,1210254.0,457363166.00
20180604,3.259,3.277,3.248,3.274,1260796.0,479680888.00
20180605,3.270,3.305,3.264,3.301,1048859.0,401237872.00
20180606,3.297,3.304,3.288,3.295,835028.0,320637990.00
20180607,3.307,3.321,3.288,3.294,1098143.0,422900700.00
20180608,3.287,3.287,3.234,3.250,1353332.0,513530040.00
20180611,3.237,3.266,3.236,3.259,768349.0,291013492.00
20180612,3.260,3.303,3.244,3.292,1221683.0,467011537.00
20180613,3.281,3.285,3.253,3.258,1148816.0,437627116.00
20180614,3.249,3.280,3.241,3.250,1372525.0,520482488.00
20180615,3.244,3.263,3.227,3.244,1303403.0,492809287.00
20180619,3.223,3.223,3.099,3.133,3515761.0,1292738873.00
20180620,3.122,3.147,3.094,3.133,2490302.0,904915505.00
20180621,3.135,3.172,3.102,3.107,3337199.0,1221213656.00
20180622,3.099,3.122,3.066,3.121,1542609.0,556599130.00
20180625,3.131,3.136,3.076,3.077,1154244.0,417813385.00
20180626,3.048,3.065,3.010,3.047,2023401.0,716286616.00
20180627,3.050,3.056,2.967,2.975,2008945.0,702852611.00
20180628,2.961,3.003,2.953,2.958,1625310.0,564116635.00
20180629,2.960,3.041,2.960,3.036,1706049.0,597021733.00
20180702,3.031,3.034,2.923,2.955,2121981.0,735873210.00
20180703,2.954,2.964,2.875,2.944,3615524.0,1233354151.00
20180704,2.938,2.953,2.909,2.913,1268908.0,433275639.00
20180705,2.914,2.941,2.884,2.889,1726212.0,584959041.00
20180706,2.894,2.945,2.858,2.914,2354378.0,795708989.00
20180709,2.927,3.002,2.927,2.999,2299572.0,795175061.00
20180710,3.004,3.010,2.978,3.007,1457344.0,508628683.00
20180711,2.953,2.970,2.917,2.957,1954317.0,670565340.00
20180712,2.955,3.044,2.953,3.028,2089339.0,731987741.00
20180713,3.029,3.041,3.019,3.033,1327475.0,468721618.00
20180716,3.031,3.055,3.009,3.020,1265179.0,445644461.00
20180717,3.017,3.020,2.978,3.002,1215373.0,424438862.00
20180718,3.006,3.034,2.987,2.988,1276136.0,447725445.00
20180719,3.003,3.023,2.977,2.990,1419531.0,496040524.00
20180720,2.988,3.060,2.965,3.047,1934021.0,678380244.00
20180723,3.030,3.075,3.021,3.067,1737761.0,617794895.00
20180724,3.074,3.139,3.074,3.123,2602805.0,946219415.00
20180725,3.124,3.129,3.108,3.123,2022573.0,734740073.00
20180726,3.120,3.132,3.075,3.082,1554862.0,560786022.00
20180727,3.078,3.093,3.064,3.075,876624.0,314271002.00
20180730,3.074,3.096,3.042,3.057,1599820.0,571061221.00
20180731,3.053,3.085,3.050,3.069,1057737.0,377612133.00
20180801,3.086,3.098,2.999,3.000,2696107.0,955861968.00
20180802,2.990,2.993,2.899,2.933,2706062.0,928219556.00
20180803,2.932,2.944,2.891,2.892,1675735.0,570042885.00
20180806,2.892,2.918,2.844,2.862,2222049.0,745138907.00
20180807,2.867,2.943,2.852,2.941,2250980.0,760035075.00
20180808,2.936,2.937,2.887,2.899,1975636.0,671015987.00
20180809,2.897,2.978,2.887,2.968,2292219.0,786909755.00
20180810,2.964,2.989,2.949,2.973,1376743.0,476328436.00
20180813,2.944,2.968,2.911,2.960,1707540.0,585048476.00
20180814,2.958,2.962,2.929,2.947,971810.0,333235953.00
20180815,2.946,2.947,2.871,2.877,1514897.0,511733358.00
20180816,2.858,2.899,2.826,2.865,2077489.0,693606301.00
20180817,2.886,2.889,2.814,2.821,1801104.0,599148758.00
20180820,2.828,2.854,2.807,2.851,2046795.0,675291675.00
20180821,2.850,2.915,2.850,2.900,2322492.0,782217697.00
20180822,2.905,2.905,2.881,2.895,1165533.0,392672642.00
20180823,2.897,2.921,2.871,2.904,2450655.0,828514161.00
20180824,2.899,2.932,2.875,2.908,2031330.0,686112193.00
20180827,2.914,2.982,2.914,2.981,2241291.0,771738584.00
20180828,2.982,2.990,2.964,2.972,1432062.0,496834087.00
20180829,2.969,2.972,2.953,2.961,1323573.0,456314437.00
20180830,2.961,2.977,2.927,2.932,1629236.0,559016733.00
20180831,2.920,2.939,2.894,2.910,1491240.0,506223122.00
20180903,2.906,2.914,2.876,2.904,1405627.0,474050719.00
20180904,2.903,2.951,2.893,2.938,1749978.0,596721022.00
20180905,2.927,2.932,2.877,2.878,1952639.0,661947227.00
20180906,2.876,2.899,2.844,2.853,2133340.0,713999170.00
20180907,2.862,2.905,2.844,2.872,1850577.0,620163732.00
20180910,2.861,2.869,2.827,2.831,1603305.0,530067963.00
20180911,2.832,2.844,2.810,2.820,2253782.0,741946471.00
20180912,2.820,2.825,2.797,2.801,2061822.0,675164145.00
20180913,2.829,2.845,2.796,2.831,2597714.0,853411395.00
20180914,2.834,2.845,2.822,2.835,1756240.0,579892804.00
20180917,2.820,2.825,2.802,2.808,1156508.0,378852956.00
20180918,2.799,2.866,2.798,2.863,2367468.0,781592571.00
20180919,2.858,2.924,2.852,2.901,4463292.0,1506129693.00
20180920,2.901,2.929,2.893,2.899,2440904.0,825539581.00
20180921,2.908,2.992,2.899,2.990,4773660.0,1638859067.00
20180925,2.959,2.968,2.944,2.960,2089806.0,720037973.00
20180926,2.961,3.018,2.960,2.993,3015784.0,1051659669.00
20180927,2.983,2.993,2.970,2.980,2312028.0,802583651.00
20180928,2.984,3.014,2.981,3.011,3022668.0,1056783601.00
20181008,2.945,2.947,2.867,2.868,4299047.0,1455777086.00
20181009,2.874,2.893,2.863,2.874,1965700.0,659150601.00
20181010,2.876,2.899,2.844,2.872,2636640.0,882335127.00
20181011,2.790,2.808,2.704,2.724,6675568.0,2150656828.00
20181012,2.728,2.789,2.713,2.775,5007325.0,1602829891.00
20181015,2.780,2.783,2.732,2.735,2926292.0,939523911.00
20181016,2.738,2.771,2.706,2.717,4938840.0,1573220157.00
20181017,2.751,2.760,2.682,2.726,6437365.0,2044127833.00
20181018,2.708,2.717,2.665,2.666,5932914.0,1856470334.00
20181019,2.652,2.747,2.638,2.734,6731053.0,2107742152.00
20181022,2.790,2.893,2.747,2.878,9341863.0,3089534699.00
20181023,2.875,2.877,2.766,2.781,8599759.0,2826511885.00
20181024,2.778,2.840,2.772,2.785,5306689.0,1729656791.00
20181025,2.721,2.803,2.713,2.799,5283845.0,1694329466.00
20181026,2.805,2.820,2.749,2.771,4499657.0,1458792282.00
20181029,2.763,2.769,2.669,2.687,4083248.0,1289984523.00
20181030,2.679,2.748,2.668,2.719,5465880.0,1725356929.00
20181031,2.725,2.775,2.716,2.751,3798124.0,1215577185.00
20181101,2.782,2.815,2.766,2.771,5178410.0,1684628650.00
20181102,2.875,2.899,2.818,2.887,8571833.0,2850227373.00
20181105,2.867,2.870,2.820,2.850,4511809.0,1498256838.00
20181106,2.839,2.845,2.804,2.832,3370718.0,1109603464.00
20181107,2.834,2.863,2.806,2.808,3920487.0,1293442439.00
20181108,2.836,2.843,2.802,2.806,3121866.0,1026631712.00
20181109,2.790,2.792,2.769,2.771,3006413.0,974269058.00
20181112,2.764,2.806,2.760,2.802,3474718.0,1126558732.00
20181113,2.771,2.847,2.766,2.831,4499381.0,1469919911.00
20181114,2.822,2.830,2.790,2.796,3412692.0,1117143888.00
20181115,2.796,2.834,2.794,2.833,3344245.0,1098160730.00
20181116,2.838,2.870,2.814,2.842,4153067.0,1376601906.00
20181119,2.841,2.875,2.835,2.874,3650422.0,1215420373.00
20181120,2.855,2.862,2.802,2.811,3825191.0,1261365697.00
20181121,2.785,2.820,2.784,2.814,2891170.0,945423662.00
20181122,2.820,2.821,2.786,2.806,3222327.0,1052449859.00
20181123,2.801,2.803,2.729,2.733,3672487.0,1182063370.00
20181126,2.741,2.764,2.724,2.737,4260560.0,1361422638.00
20181127,2.747,2.758,2.726,2.735,2798289.0,894557364.00
20181128,2.735,2.779,2.729,2.776,2517277.0,809476316.00
20181129,2.790,2.798,2.747,2.748,2037879.0,659013720.00
20181130,2.747,2.778,2.739,2.777,2691270.0,865231833.00
20181203,2.856,2.866,2.826,2.849,5925490.0,1967884136.00
20181204,2.844,2.857,2.834,2.853,2204018.0,730675740.00
20181205,2.822,2.857,2.819,2.840,2694282.0,890764781.00
20181206,2.816,2.816,2.778,2.783,4354709.0,1417004889.00
20181207,2.784,2.790,2.776,2.777,1924266.0,624489237.00
20181210,2.758,2.772,2.740,2.751,2601286.0,835086526.00
20181211,2.758,2.765,2.747,2.762,1518318.0,487594880.00
20181212,2.777,2.786,2.761,2.772,2090476.0,675103349.00
20181213,2.777,2.832,2.772,2.819,4177232.0,1369000784.00
20181214,2.809,2.810,2.767,2.770,3001484.0,974869576.00
20181217,2.765,2.775,2.744,2.766,3507314.0,1128489162.00
20181218,2.753,2.772,2.721,2.732,3278632.0,1047493725.00
20181219,2.735,2.741,2.698,2.704,2910277.0,922374195.00
20181220,2.698,2.709,2.663,2.684,3465180.0,1083554506.00
20181221,2.677,2.679,2.633,2.651,3864981.0,1192539194.00
20181224,2.641,2.659,2.632,2.657,2414407.0,745420761.00
20181225,2.632,2.652,2.597,2.640,4031315.0,1230561366.00
20181226,2.632,2.648,2.619,2.626,2164598.0,663819224.00
20181227,2.658,2.663,2.614,2.620,2353475.0,724428292.00
20181228,2.625,2.650,2.614,2.626,3892666.0,1192574438.00
20190102,2.635,2.635,2.583,2.590,3509348.0,1062967158.00
20190103,2.589,2.627,2.584,2.590,2681762.0,811656819.00
20190104,2.576,2.657,2.572,2.656,4798477.0,1465170852.00
20190107,2.669,2.676,2.653,2.667,4168316.0,1293817436.00
20190108,2.667,2.669,2.656,2.667,1970848.0,611718745.00
20190109,2.677,2.729,2.676,2.687,4396881.0,1385615363.00
20190110,2.686,2.707,2.673,2.689,2476923.0,776376036.00
20190111,2.687,2.717,2.686,2.709,2513682.0,791053147.00
20190114,2.708,2.708,2.680,2.686,2039120.0,638696708.00
20190115,2.689,2.738,2.683,2.736,3518301.0,1112566271.00
20190116,2.740,2.741,2.725,2.739,1877281.0,586525234.00
20190117,2.739,2.753,2.722,2.724,2381766.0,744200059.00
20190118,2.732,2.779,2.732,2.771,3889859.0,1226138122.00
20190121,2.771,2.801,2.768,2.786,2851848.0,908445491.00
20190122,2.781,2.781,2.744,2.751,2543107.0,801998520.00
20190123,2.744,2.767,2.737,2.744,2255126.0,708959829.00
20190124,2.747,2.772,2.729,2.765,2543769.0,800011755.00
20190125,2.767,2.803,2.767,2.786,2722859.0,867447674.00
20190128,2.798,2.826,2.775,2.782,2966955.0,950568916.00
20190129,2.776,2.803,2.757,2.795,3587900.0,1139850227.00
20190130,2.781,2.803,2.774,2.776,2129268.0,677812070.00
20190131,2.787,2.815,2.781,2.802,3342948.0,1068335725.00
20190201,2.817,2.851,2.802,2.849,3512648.0,1134007540.00
20190211,2.840,2.893,2.829,2.888,3872537.0,1267715658.00
20190212,2.887,2.915,2.883,2.909,3728810.0,1235580870.00
20190213,2.914,2.984,2.908,2.970,4278016.0,1439016760.00
20190214,2.966,2.988,2.958,2.973,3797560.0,1288823469.00
20190215,2.959,2.971,2.920,2.924,4479468.0,1507132013.00
20190218,2.943,3.011,2.943,3.009,4711063.0,1605204751.00
20190219,3.015,3.038,2.985,3.001,6782305.0,2336311876.00
20190220,3.008,3.022,2.989,3.009,6116144.0,2102498557.00
20190221,3.010,3.053,2.991,3.005,6352929.0,2191410162.00
20190222,3.001,3.088,2.984,3.086,5921217.0,2046074090.00
20190225,3.133,3.308,3.116,3.304,11513198.0,4191233265.00
20190226,3.277,3.289,3.215,3.230,7820035.0,2911479206.00
20190227,3.229,3.258,3.177,3.212,5994358.0,2212624245.00
20190228,3.211,3.227,3.188,3.206,4628979.0,1697133454.00
20190301,3.230,3.281,3.201,3.272,6527375.0,2409031109.00
20190304,3.300,3.394,3.282,3.306,6603305.0,2509089921.00
20190305,3.303,3.338,3.292,3.334,4431034.0,1677260192.00
20190306,3.334,3.370,3.303,3.356,5804959.0,2208529318.00
20190307,3.352,3.356,3.293,3.320,6184209.0,2349302237.00
20190308,3.251,3.291,3.195,3.204,5360776.0,1984438722.00
20190311,3.204,3.258,3.192,3.247,4523059.0,1666485417.00
20190312,3.272,3.320,3.245,3.269,5307450.0,1992691909.00
20190313,3.272,3.280,3.232,3.250,4832336.0,1796583884.00
20190314,3.243,3.265,3.210,3.226,3621079.0,1340665788.00
20190315,3.235,3.307,3.235,3.269,3870055.0,1445462172.00
20190318,3.270,3.371,3.260,3.370,5714156.0,2172220321.00
20190319,3.371,3.380,3.330,3.345,3970864.0,1523709159.00
20190320,3.342,3.366,3.308,3.345,3278933.0,1250007722.00
20190321,3.349,3.373,3.335,3.347,3800127.0,1456872033.00
20190322,3.346,3.358,3.301,3.351,3023844.0,1152049537.00
20190325,3.298,3.322,3.262,3.268,4359508.0,1639701920.00
20190326,3.280,3.289,3.219,3.234,3201400.0,1190190240.00
20190327,3.246,3.272,3.239,3.262,3507393.0,1304048305.00
20190328,3.251,3.277,3.237,3.253,2568844.0,955866280.00
20190329,3.260,3.394,3.260,3.386,6344016.0,2426004332.00
20190401,3.408,3.477,3.408,3.474,6910356.0,2731589887.00
20190402,3.475,3.490,3.454,3.468,3839400.0,1522890283.00
20190403,3.448,3.526,3.444,3.514,5420179.0,2161151180.00
20190404,3.524,3.564,3.507,3.555,5213701.0,2110326811.00
20190408,3.587,3.613,3.502,3.532,7639483.0,3102817036.00
20190409,3.538,3.567,3.519,3.553,3712237.0,1502839356.00
20190410,3.538,3.594,3.515,3.559,3859946.0,1562381804.00
20190411,3.559,3.574,3.477,3.497,5021041.0,2018585322.00
20190412,3.486,3.499,3.460,3.485,2823988.0,1122866512.00
20190415,3.539,3.566,3.462,3.463,7225803.0,2903101545.00
20190416,3.447,3.570,3.443,3.568,6690852.0,2686061416.00
20190417,3.567,3.586,3.538,3.559,4181515.0,1701577295.00
20190418,3.559,3.572,3.541,3.553,3569518.0,1451119731.00
20190419,3.556,3.606,3.526,3.606,4578385.0,1866441120.00
20190422,3.606,3.606,3.501,3.516,5775086.0,2339510346.00
20190423,3.505,3.545,3.496,3.510,3532000.0,1418835091.00
20190424,3.517,3.529,3.460,3.515,4631226.0,1854784689.00
20190425,3.501,3.510,3.440,3.442,3785555.0,1504043079.00
20190426,3.430,3.447,3.388,3.395,6288098.0,2457759245.00
20190429,3.403,3.453,3.388,3.408,5593755.0,2184244009.00
20190430,3.403,3.423,3.394,3.410,3992608.0,1554463815.00
20190506,3.307,3.317,3.186,3.215,12145227.0,4499823765.00
20190507,3.228,3.265,3.209,3.244,4835996.0,1790820380.00
20190508,3.201,3.253,3.188,3.202,4753727.0,1745381560.00
20190509,3.181,3.196,3.124,3.157,5540530.0,2001315075.00
20190510,3.181,3.263,3.127,3.256,6719964.0,2468212416.00
20190513,3.225,3.228,3.187,3.196,4257770.0,1560795956.00
20190514,3.177,3.218,3.171,3.180,2900685.0,1060006491.00
20190515,3.205,3.273,3.205,3.249,3575137.0,1320562727.00
20190516,3.244,3.269,3.230,3.265,2474374.0,919412280.00
20190517,3.265,3.268,3.177,3.191,3153907.0,1158993573.00
20190520,3.180,3.189,3.130,3.156,3882247.0,1400009998.00
20190521,3.155,3.225,3.154,3.195,3503829.0,1278867495.00
20190522,3.198,3.206,3.168,3.187,2835080.0,1032358158.00
20190523,3.173,3.179,3.131,3.137,3106083.0,1116377298.00
20190524,3.138,3.171,3.127,3.142,2994092.0,1076879362.00
20190527,3.143,3.194,3.110,3.180,4351010.0,1566298427.00
20190528,3.175,3.219,3.173,3.194,3850672.0,1405784020.00
20190529,3.186,3.230,3.179,3.196,2928526.0,1070983408.00
20190530,3.191,3.198,3.157,3.194,3054263.0,1107801233.00
20190531,3.187,3.216,3.176,3.179,2760300.0,1007992259.00
20190603,3.190,3.223,3.162,3.186,3308130.0,1205594361.00
20190604,3.183,3.190,3.144,3.157,3263229.0,1177428523.00
20190605,3.179,3.186,3.147,3.150,3285644.0,1189233603.00
20190606,3.150,3.158,3.122,3.123,3660674.0,1312429002.00
20190610,3.133,3.181,3.131,3.163,3354975.0,1210624406.00
20190611,3.168,3.270,3.168,3.262,4667963.0,1721944270.00
20190612,3.258,3.258,3.230,3.237,2597249.0,961944225.00
20190613,3.234,3.248,3.203,3.231,3012291.0,1109255185.00
20190614,3.233,3.253,3.202,3.212,3445139.0,1270771660.00
20190617,3.207,3.237,3.203,3.215,2352061.0,865085583.00
20190618,3.219,3.231,3.192,3.222,2653705.0,975436690.00
20190619,3.301,3.332,3.266,3.269,6289014.0,2366152485.00
20190620,3.268,3.391,3.266,3.363,6609284.0,2522649388.00
20190621,3.374,3.396,3.355,3.370,4219551.0,1626602097.00
20190624,3.374,3.386,3.354,3.375,3074540.0,1184601126.00
20190625,3.374,3.374,3.300,3.341,5057034.0,1926078216.00
20190626,3.321,3.352,3.317,3.342,2402084.0,915875695.00
20190627,3.343,3.396,3.343,3.378,4730768.0,1825070981.00
20190628,3.378,3.378,3.351,3.377,3862690.0,1485096138.00
20190701,3.433,3.470,3.422,3.461,5102660.0,2012117160.00
20190702,3.461,3.471,3.446,3.466,3338435.0,1319955759.00
20190703,3.458,3.458,3.424,3.437,2518385.0,989488521.00
20190704,3.431,3.447,3.393,3.414,3860217.0,1509568953.00
20190705,3.413,3.439,3.403,3.432,2362039.0,924064389.00
20190708,3.416,3.416,3.326,3.353,4225313.0,1625813687.00
20190709,3.357,3.364,3.331,3.345,2183460.0,835183233.00
20190710,3.356,3.368,3.335,3.346,1744793.0,667520298.00
20190711,3.359,3.389,3.335,3.347,2345244.0,900919956.00
20190712,3.344,3.387,3.342,3.374,2460107.0,947469653.00
20190715,3.362,3.414,3.317,3.386,4484611.0,1725285115.00
20190716,3.381,3.392,3.365,3.372,1828874.0,705319206.00
20190717,3.363,3.384,3.350,3.367,2199668.0,847318549.00
20190718,3.356,3.360,3.343,3.345,2305494.0,882753326.00
20190719,3.354,3.398,3.354,3.380,3199381.0,1235677324.00
20190722,3.380,3.389,3.335,3.354,3088632.0,1186817430.00
20190723,3.357,3.365,3.345,3.362,1670290.0,640637075.00
20190724,3.373,3.413,3.371,3.389,2974453.0,1154191782.00
20190725,3.388,3.420,3.384,3.419,2336295.0,908142115.00
20190726,3.405,3.432,3.402,3.424,2857908.0,1115742690.00
20190729,3.422,3.426,3.406,3.419,2471021.0,964260317.00
20190730,3.422,3.456,3.421,3.434,2396548.0,941746113.00
20190731,3.423,3.426,3.402,3.410,2164228.0,843556613.00
20190801,3.395,3.403,3.365,3.378,3124656.0,1206953804.00
20190802,3.317,3.335,3.302,3.327,4906139.0,1859709599.00
20190805,3.313,3.318,3.265,3.269,3542146.0,1331928152.00
20190806,3.217,3.242,3.183,3.235,5837026.0,2140168125.00
20190807,3.243,3.248,3.210,3.214,2785811.0,1029304079.00
20190808,3.235,3.265,3.235,3.261,2809849.0,1042883478.00
20190809,3.272,3.278,3.229,3.236,2109639.0,783418416.00
20190812,3.245,3.289,3.239,3.287,1801155.0,670864658.00
20190813,3.262,3.273,3.249,3.259,1553489.0,578461083.00
20190814,3.299,3.303,3.271,3.272,1937005.0,727773776.00
20190815,3.221,3.290,3.217,3.285,2443061.0,907979338.00
20190816,3.283,3.321,3.274,3.299,2574125.0,971656245.00
20190819,3.324,3.378,3.308,3.377,3279432.0,1254127715.00
20190820,3.370,3.383,3.362,3.363,2069120.0,796970858.00
20190821,3.362,3.371,3.357,3.363,2422452.0,931096029.00
20190822,3.371,3.374,3.352,3.370,2647785.0,1017422996.00
20190823,3.372,3.406,3.363,3.393,2856820.0,1106705439.00
20190826,3.346,3.366,3.340,3.356,2674902.0,1024561340.00
20190827,3.369,3.426,3.367,3.391,3661760.0,1423007683.00
20190828,3.390,3.398,3.372,3.380,1739579.0,672483875.00
20190829,3.384,3.386,3.350,3.370,2339282.0,899467510.00
20190830,3.392,3.411,3.357,3.379,2762817.0,1068497906.00
20190902,3.377,3.433,3.377,3.417,3019441.0,1177245792.00
20190903,3.422,3.426,3.407,3.420,2313452.0,903328007.00
20190904,3.421,3.465,3.420,3.463,2937605.0,1154462918.00
20190905,3.475,3.543,3.475,3.496,5274016.0,2116380664.00
20190906,3.507,3.521,3.494,3.519,2640293.0,1057696400.00
20190909,3.543,3.551,3.516,3.533,2828454.0,1140490057.00
20190910,3.531,3.536,3.505,3.524,1686928.0,678146853.00
20190911,3.534,3.536,3.496,3.498,3041955.0,1218851127.00
20190912,3.510,3.543,3.504,3.534,2172055.0,873683977.00
20190916,3.541,3.542,3.504,3.522,1818498.0,731512753.00
20190917,3.517,3.517,3.447,3.458,3810790.0,1515230655.00
20190918,3.471,3.488,3.465,3.473,2010310.0,798496633.00
20190919,3.487,3.490,3.462,3.489,2421778.0,962786617.00
20190920,3.496,3.504,3.488,3.495,2325043.0,928123393.00
20190923,3.485,3.486,3.445,3.464,2898921.0,1144938516.00
20190924,3.466,3.498,3.461,3.467,2114820.0,840079465.00
20190925,3.461,3.464,3.441,3.443,2349764.0,927174175.00
20190926,3.456,3.464,3.417,3.419,3170949.0,1245839973.00
20190927,3.425,3.433,3.413,3.427,2677340.0,1047443010.00
20190930,3.422,3.430,3.382,3.386,2632883.0,1025545904.00
20191008,3.391,3.432,3.391,3.408,3234238.0,1261877855.00
20191009,3.400,3.419,3.381,3.418,2507896.0,975532606.00
20191010,3.416,3.448,3.404,3.442,2363352.0,925785530.00
20191011,3.449,3.495,3.437,3.484,3060200.0,1211436364.00
20191014,3.503,3.545,3.499,3.510,3956546.0,1591550456.00
20191015,3.509,3.513,3.496,3.498,2950005.0,1180542819.00
20191016,3.503,3.528,3.483,3.486,3143663.0,1257411220.00
20191017,3.489,3.503,3.481,3.491,1936427.0,772383216.00
20191018,3.493,3.506,3.432,3.440,3081430.0,1219432835.00
20191021,3.433,3.451,3.428,3.448,1849392.0,727143485.00
20191022,3.455,3.469,3.440,3.461,1641342.0,647323688.00
20191023,3.462,3.467,3.433,3.443,1478262.0,582892945.00
20191024,3.444,3.461,3.425,3.447,2021671.0,795479683.00
20191025,3.442,3.473,3.421,3.468,2502907.0,985865186.00
20191028,3.475,3.494,3.468,3.489,2674342.0,1063994683.00
20191029,3.491,3.491,3.474,3.477,2095535.0,833722136.00
20191030,3.471,3.475,3.447,3.454,2628461.0,1038323004.00
20191031,3.462,3.470,3.445,3.453,1927827.0,762011573.00
20191101,3.448,3.524,3.443,3.524,3206513.0,1281238312.00
20191104,3.523,3.542,3.521,3.535,2359682.0,952642394.00
20191105,3.535,3.589,3.529,3.555,3529356.0,1435062389.00
20191106,3.553,3.559,3.530,3.540,2059389.0,835011380.00
20191107,3.540,3.566,3.530,3.545,2377225.0,963751239.00
20191108,3.571,3.574,3.527,3.531,2972162.0,1205845626.00
20191111,3.512,3.512,3.466,3.472,3470689.0,1383687075.00
20191112,3.468,3.482,3.447,3.468,3300546.0,1306746070.00
20191113,3.463,3.470,3.450,3.465,2020165.0,798607025.00
20191114,3.465,3.480,3.459,3.468,2385877.0,945812675.00
20191115,3.468,3.482,3.448,3.451,1877914.0,742722417.00
20191118,3.449,3.482,3.441,3.475,2408752.0,953614221.00
20191119,3.474,3.512,3.468,3.510,2378889.0,950390311.00
20191120,3.510,3.510,3.465,3.475,2166102.0,863321145.00
20191121,3.466,3.472,3.446,3.457,2448406.0,967498735.00
20191122,3.465,3.489,3.408,3.420,3547071.0,1395855015.00
20191125,3.426,3.446,3.416,3.445,2524576.0,990424084.00
20191126,3.454,3.462,3.434,3.450,2858215.0,1126251532.00
20191127,3.448,3.461,3.432,3.445,2112391.0,831877049.00
20191128,3.445,3.459,3.428,3.440,1694809.0,666322581.00
20191129,3.433,3.438,3.385,3.402,3029171.0,1180162224.00
20191202,3.405,3.423,3.402,3.409,1743557.0,680076866.00
20191203,3.401,3.425,3.387,3.423,1985519.0,772475070.00
20191204,3.413,3.426,3.403,3.425,1589396.0,620313854.00
20191205,3.432,3.456,3.431,3.450,2192064.0,862802158.00
20191206,3.452,3.472,3.447,3.471,2130769.0,841690001.00
20191209,3.471,3.479,3.450,3.460,2322208.0,918540389.00
20191210,3.454,3.467,3.449,3.462,1869954.0,738991639.00
20191211,3.466,3.468,3.450,3.465,1704989.0,663923736.00
20191212,3.466,3.468,3.451,3.455,1371519.0,533964092.00
20191213,3.486,3.531,3.485,3.525,4360829.0,1721558479.00
20191216,3.524,3.543,3.510,3.536,3028483.0,1201480497.00
20191217,3.534,3.614,3.530,3.591,5256304.0,2117785566.00
20191218,3.592,3.604,3.573,3.578,3631176.0,1467298741.00
20191219,3.580,3.583,3.564,3.571,2641920.0,1062562557.00
20191220,3.570,3.594,3.566,3.568,3287798.0,1323871265.00
20191223,3.567,3.582,3.520,3.522,4471447.0,1788105548.00
20191224,3.522,3.547,3.522,3.540,3127921.0,1244533039.00
20191225,3.540,3.551,3.530,3.546,3105784.0,1237399739.00
20191226,3.544,3.577,3.542,3.572,3322559.0,1331523237.00
20191227,3.576,3.614,3.568,3.569,4368130.0,1766178612.00
20191230,3.559,3.632,3.554,3.620,5423814.0,2198624414.00
20191231,3.615,3.642,3.609,3.639,3521859.0,1437559663.00
20200102,3.660,3.708,3.658,3.686,6276236.0,2603983236.00
20200103,3.692,3.697,3.672,3.677,4696737.0,1948030083.00
20200106,3.665,3.705,3.637,3.663,6665047.0,2760524448.00
20200107,3.673,3.696,3.667,3.691,4649595.0,1927362283.00
20200108,3.673,3.686,3.640,3.655,5628520.0,2321782204.00
20200109,3.676,3.700,3.673,3.694,3944317.0,1636905845.00
20200110,3.700,3.710,3.681,3.693,3795550.0,1576677929.00
20200113,3.692,3.736,3.679,3.733,3736391.0,1558366390.00
20200114,3.733,3.751,3.713,3.717,4099628.0,1723090045.00
20200115,3.717,3.722,3.682,3.689,3196074.0,1330016015.00
20200116,3.695,3.698,3.673,3.683,4162978.0,1726422321.00
20200117,3.689,3.709,3.675,3.688,3216273.0,1335598763.00
20200120,3.692,3.716,3.680,3.714,3534882.0,1472153087.00
20200121,3.698,3.698,3.642,3.647,6182946.0,2548564521.00
20200122,3.633,3.672,3.584,3.659,9073932.0,3709564742.00
20200123,3.626,3.634,3.514,3.550,7535834.0,3042046038.00
20200203,3.314,3.319,3.230,3.251,14710757.0,5431562760.00
20200204,3.243,3.355,3.242,3.349,7358437.0,2749866008.00
20200205,3.362,3.425,3.347,3.382,5532874.0,2109910834.00
20200206,3.396,3.476,3.373,3.462,5279652.0,2038967051.00
20200207,3.438,3.458,3.415,3.454,3469890.0,1340754089.00
20200210,3.436,3.474,3.421,3.466,3985191.0,1549146625.00
20200211,3.473,3.518,3.471,3.503,4222588.0,1663318182.00
20200212,3.499,3.533,3.491,3.528,2907834.0,1150842638.00
20200213,3.527,3.540,3.498,3.509,3259610.0,1290560943.00
20200214,3.505,3.549,3.503,3.533,3139793.0,1247221633.00
20200217,3.541,3.616,3.541,3.610,5811400.0,2345003457.00
20200218,3.604,3.609,3.564,3.588,7099509.0,2867046795.00
20200219,3.586,3.615,3.579,3.589,4403772.0,1783390983.00
20200220,3.602,3.681,3.588,3.670,6052410.0,2472181763.00
20200221,3.663,3.712,3.657,3.682,4444701.0,1839049777.00
20200224,3.663,3.674,3.626,3.653,3727272.0,1532512765.00
20200225,3.599,3.657,3.564,3.646,6038307.0,2459159332.00
20200226,3.610,3.658,3.596,3.616,6417933.0,2617010934.00
20200227,3.627,3.640,3.608,3.617,4753305.0,1938047426.00
20200228,3.562,3.570,3.486,3.494,5600710.0,2224760713.00
20200302,3.507,3.634,3.507,3.621,4266837.0,1721101323.00
20200303,3.657,3.677,3.602,3.618,4087760.0,1677225022.00
20200304,3.611,3.646,3.596,3.644,2954532.0,1204615735.00
20200305,3.688,3.738,3.652,3.731,5478312.0,2282136998.00
20200306,3.702,3.704,3.657,3.661,2499877.0,1035853463.00
20200309,3.614,3.614,3.537,3.545,4236423.0,1701717888.00
20200310,3.546,3.632,3.503,3.623,8596481.0,3457073174.00
20200311,3.623,3.623,3.562,3.563,7032693.0,2845979722.00
20200312,3.530,3.531,3.482,3.507,3881192.0,1531041364.00
20200313,3.405,3.491,3.331,3.455,7178928.0,2753021876.00
20200316,3.451,3.451,3.301,3.310,5710800.0,2168080979.00
20200317,3.339,3.365,3.212,3.281,9852558.0,3645999364.00
20200318,3.292,3.343,3.221,3.226,7833047.0,2903199190.00
20200319,3.228,3.240,3.102,3.195,12481638.0,4456146356.00
20200320,3.209,3.249,3.182,3.237,6786895.0,2456318768.00
20200323,3.145,3.182,3.121,3.132,8072780.0,2858519648.00
20200324,3.188,3.219,3.141,3.208,8328985.0,2993488749.00
20200325,3.281,3.306,3.260,3.292,10100836.0,3732548148.00
20200326,3.272,3.307,3.260,3.272,3556541.0,1314493551.00
20200327,3.313,3.335,3.285,3.287,4915442.0,1829774379.00
20200330,3.251,3.274,3.225,3.257,4971344.0,1817215400.00
20200331,3.290,3.292,3.252,3.260,3740030.0,1377646905.00
20200401,3.255,3.307,3.246,3.263,3554388.0,1309936605.00
20200402,3.250,3.312,3.235,3.307,4630489.0,1702317215.00
20200403,3.296,3.308,3.272,3.284,3247170.0,1202415071.00
20200407,3.340,3.370,3.339,3.358,5467405.0,2064202707.00
20200408,3.346,3.357,3.333,3.345,2219174.0,835369077.00
20200409,3.359,3.365,3.349,3.355,3285436.0,1241868021.00
20200410,3.355,3.387,3.328,3.344,4642471.0,1752635038.00
20200413,3.331,3.339,3.315,3.325,2466969.0,923357829.00
20200414,3.340,3.383,3.336,3.380,3761247.0,1423412717.00
20200415,3.380,3.388,3.359,3.361,2392008.0,907994642.00
20200416,3.349,3.373,3.346,3.363,2273172.0,859202032.00
20200417,3.388,3.416,3.385,3.393,5704808.0,2183824470.00
20200420,3.399,3.408,3.387,3.407,3822960.0,1463235135.00
20200421,3.394,3.398,3.349,3.371,2927572.0,1110170605.00
20200422,3.357,3.403,3.351,3.402,3456710.0,1313936907.00
20200423,3.404,3.413,3.387,3.395,2015207.0,771450450.00
20200424,3.382,3.387,3.356,3.367,3058295.0,1159836790.00
20200427,3.369,3.405,3.364,3.382,3094609.0,1180911446.00
20200428,3.394,3.415,3.337,3.403,4228655.0,1614577806.00
20200429,3.399,3.434,3.396,3.421,2778349.0,1069637523.00
20200430,3.434,3.479,3.432,3.472,5279981.0,2059990936.00
20200506,3.434,3.488,3.429,3.481,3834535.0,1490004472.00
20200507,3.481,3.487,3.464,3.474,2746388.0,1073971198.00
20200508,3.490,3.529,3.489,3.512,3706743.0,1464209061.00
20200511,3.517,3.546,3.496,3.506,4123096.0,1634097108.00
20200512,3.506,3.518,3.480,3.505,5866052.0,2310845675.00
20200513,3.494,3.518,3.482,3.513,2783969.0,1096626960.00
20200514,3.500,3.500,3.480,3.483,3001796.0,1178568299.00
20200515,3.490,3.500,3.466,3.466,5435703.0,2129155229.00
20200518,3.466,3.498,3.458,3.477,3020530.0,1184460537.00
20200519,3.509,3.515,3.493,3.503,2781211.0,1096942157.00
20200520,3.500,3.504,3.482,3.489,1975618.0,777073054.00
20200521,3.494,3.500,3.464,3.466,2365234.0,926829388.00
20200522,3.463,3.463,3.387,3.389,5328616.0,2048425731.00
20200525,3.387,3.402,3.373,3.391,2505597.0,955690447.00
20200526,3.406,3.435,3.406,3.432,4751108.0,1829472410.00
20200527,3.432,3.433,3.405,3.416,2311996.0,889357448.00
20200528,3.418,3.451,3.389,3.420,2840731.0,1093611518.00
20200529,3.403,3.437,3.396,3.435,2509198.0,966708845.00
20200601,3.463,3.532,3.460,3.525,3509289.0,1385589758.00
20200602,3.525,3.544,3.518,3.535,1628382.0,647069165.00
20200603,3.552,3.571,3.532,3.534,3657525.0,1461404414.00
20200604,3.546,3.549,3.522,3.536,2813844.0,1119665735.00
20200605,3.535,3.557,3.522,3.556,2013596.0,801832963.00
20200608,3.571,3.595,3.564,3.573,2856037.0,1149881973.00
20200609,3.575,3.598,3.565,3.597,2944925.0,1189397524.00
20200610,3.594,3.594,3.578,3.589,3183572.0,1285096270.00
20200611,3.583,3.598,3.539,3.556,3051933.0,1226496439.00
20200612,3.520,3.574,3.502,3.565,3090733.0,1230613931.00
20200615,3.538,3.562,3.514,3.514,2805261.0,1117257834.00
20200616,3.549,3.570,3.546,3.570,2476953.0,992947046.00
20200617,3.571,3.574,3.550,3.573,2790256.0,1118948762.00
20200618,3.565,3.602,3.558,3.601,3430027.0,1385004401.00
20200619,3.598,3.665,3.598,3.647,3695636.0,1514130381.00
20200622,3.647,3.678,3.640,3.650,5212442.0,2146227183.00
20200623,3.642,3.672,3.630,3.667,3981678.0,1638145515.00
20200624,3.676,3.702,3.674,3.699,4579422.0,1899221459.00
20200629,3.687,3.696,3.648,3.667,2126550.0,876863744.00
20200630,3.685,3.724,3.683,3.712,5424685.0,2264019132.00
20200701,3.720,3.799,3.716,3.795,5740641.0,2425293927.00
20200702,3.793,3.887,3.787,3.882,5504378.0,2380221137.00
20200703,3.896,3.966,3.881,3.960,5867687.0,2583513174.00
20200706,4.022,4.263,4.005,4.250,9293175.0,4319345422.00
20200707,4.283,4.309,4.197,4.207,10745019.0,5140703744.00
20200708,4.206,4.298,4.183,4.262,9034869.0,4300342496.00
20200709,4.261,4.339,4.229,4.328,6424342.0,3104867386.00
20200710,4.298,4.315,4.231,4.251,5644168.0,2719824197.00
20200713,4.248,4.377,4.244,4.340,8243783.0,4008141929.00
20200714,4.333,4.352,4.233,4.302,7376414.0,3569719095.00
20200715,4.318,4.349,4.233,4.250,6624029.0,3200591192.00
20200716,4.255,4.289,4.042,4.048,12899181.0,6024138887.00
20200717,4.060,4.135,4.034,4.091,9042923.0,4154619226.00
20200720,4.128,4.211,4.073,4.199,7249762.0,3384863206.00
20200721,4.219,4.232,4.185,4.210,4653507.0,2204859169.00
20200722,4.204,4.314,4.200,4.257,7054372.0,3385495850.00
20200723,4.213,4.254,4.142,4.234,4305771.0,2037385931.00
20200724,4.199,4.213,4.022,4.046,6482820.0,3002698170.00
20200727,4.071,4.101,4.031,4.071,3111014.0,1424772722.00
20200728,4.100,4.123,4.075,4.102,3742573.0,1726997386.00
20200729,4.091,4.223,4.086,4.219,4883854.0,2295204610.00
20200730,4.220,4.226,4.183,4.188,2974744.0,1407409977.00
20200731,4.184,4.272,4.151,4.220,5185247.0,2461206603.00
20200803,4.255,4.290,4.239,4.286,4343933.0,2085189584.00
20200804,4.308,4.320,4.268,4.290,3114025.0,1504562149.00
20200805,4.284,4.304,4.230,4.292,3006974.0,1444229400.00
20200806,4.292,4.310,4.217,4.276,2246670.0,1078135870.00
20200807,4.267,4.269,4.175,4.233,3430551.0,1633338710.00
20200810,4.205,4.280,4.171,4.247,2404258.0,1145210281.00
20200811,4.251,4.310,4.199,4.206,2480529.0,1192172419.00
20200812,4.198,4.211,4.106,4.177,4240605.0,1982239077.00
20200813,4.189,4.197,4.156,4.164,1978058.0,929510040.00
20200814,4.165,4.247,4.149,4.245,4221856.0,2003224521.00
20200817,4.262,4.362,4.249,4.333,5634750.0,2736783499.00
20200818,4.337,4.346,4.303,4.326,3493118.0,1701347304.00
20200819,4.324,4.327,4.256,4.259,4058191.0,1960455849.00
20200820,4.238,4.247,4.196,4.214,3442808.0,1635643695.00
20200821,4.235,4.270,4.215,4.249,2893291.0,1383398799.00
20200824,4.269,4.292,4.245,4.276,4159345.0,2001903982.00
20200825,4.287,4.326,4.267,4.284,2161333.0,1045169798.00
20200826,4.281,4.308,4.217,4.231,3349817.0,1602850783.00
20200827,4.237,4.265,4.211,4.263,2074315.0,990307792.00
20200828,4.258,4.375,4.245,4.368,5549965.0,2700358154.00
20200831,4.393,4.414,4.326,4.330,4886972.0,2411052931.00
20200901,4.323,4.362,4.318,4.360,2405330.0,1174549249.00
20200902,4.370,4.375,4.312,4.357,3859047.0,1888805896.00
20200903,4.351,4.389,4.318,4.339,2298303.0,1126381241.00
20200904,4.273,4.306,4.256,4.290,3751025.0,1805338853.00
20200907,4.282,4.313,4.184,4.204,4457466.0,2132974128.00
20200908,4.211,4.238,4.179,4.225,4858203.0,2301096971.00
20200909,4.175,4.184,4.100,4.127,5154947.0,2407141145.00
20200910,4.161,4.181,4.117,4.130,4235369.0,1982854311.00
20200911,4.113,4.169,4.111,4.162,2799463.0,1305435223.00
20200914,4.182,4.197,4.162,4.186,2635947.0,1240126300.00
20200915,4.180,4.224,4.170,4.217,2928606.0,1384217308.00
20200916,4.215,4.219,4.177,4.192,1889127.0,893325907.00
20200917,4.178,4.207,4.146,4.167,4081454.0,1916736898.00
20200918,4.171,4.276,4.169,4.274,8735178.0,4159028072.00
20200921,4.278,4.309,4.220,4.225,3816204.0,1825584796.00
20200922,4.198,4.243,4.157,4.175,5785134.0,2730884257.00
20200923,4.178,4.201,4.161,4.187,4660062.0,2194437868.00
20200924,4.162,4.172,4.109,4.119,3445023.0,1602695301.00
20200925,4.125,4.145,4.105,4.121,3253692.0,1509949944.00
20200928,4.124,4.159,4.118,4.130,3046796.0,1418157832.00
20200929,4.149,4.164,4.133,4.140,3158810.0,1474785387.00
20200930,4.151,4.171,4.104,4.127,4549102.0,2117459399.00
20201009,4.194,4.233,4.193,4.210,3596667.0,1703741731.00
20201012,4.233,4.347,4.231,4.342,3609528.0,1747762574.00
20201013,4.342,4.366,4.318,4.356,3200439.0,1562011927.00
20201014,4.344,4.350,4.320,4.334,2789483.0,1360025596.00
20201015,4.330,4.354,4.316,4.324,3305283.0,1611849494.00
20201016,4.321,4.346,4.286,4.311,2835707.0,1379059690.00
20201019,4.335,4.371,4.268,4.284,6019252.0,2924978826.00
20201020,4.274,4.312,4.270,4.310,2739130.0,1322702077.00
20201021,4.313,4.321,4.280,4.316,3488947.0,1690610422.00
20201022,4.303,4.317,4.257,4.302,2571483.0,1239996905.00
20201023,4.293,4.324,4.247,4.252,7768057.0,3742156537.00
20201026,4.226,4.243,4.181,4.220,5071474.0,2405937650.00
20201027,4.208,4.238,4.205,4.232,2993488.0,1423170547.00
20201028,4.231,4.280,4.217,4.268,4828291.0,2308480718.00
20201029,4.228,4.327,4.222,4.307,3710248.0,1788027264.00
20201030,4.298,4.306,4.218,4.226,3845878.0,1841396295.00
20201102,4.228,4.268,4.228,4.251,2001660.0,957490285.00
20201103,4.264,4.320,4.264,4.296,3561129.0,1720609438.00
20201104,4.304,4.349,4.291,4.329,3447388.0,1675789715.00
20201105,4.371,4.400,4.353,4.397,3758944.0,1854962369.00
20201106,4.405,4.408,4.360,4.398,3541237.0,1747900635.00
20201109,4.424,4.508,4.424,4.485,5979880.0,3010717306.00
20201110,4.495,4.498,4.435,4.461,3847847.0,1934778678.00
20201111,4.449,4.467,4.414,4.419,3940726.0,1969353182.00
20201112,4.424,4.437,4.403,4.416,2580329.0,1283521965.00
20201113,4.398,4.400,4.342,4.371,4329279.0,2124647713.00
20201116,4.393,4.420,4.363,4.418,2851087.0,1409715394.00
20201117,4.413,4.415,4.383,4.410,2987696.0,1479905275.00
20201118,4.406,4.426,4.383,4.404,3606987.0,1790609652.00
20201119,4.394,4.453,4.387,4.441,2700795.0,1345193263.00
20201120,4.442,4.460,4.430,4.454,2845033.0,1423546309.00
20201123,4.469,4.535,4.450,4.506,5211471.0,2636959456.00
20201124,4.503,4.509,4.469,4.477,3461421.0,1747429494.00
20201125,4.491,4.510,4.421,4.422,4251960.0,2134951326.00
20201126,4.421,4.433,4.386,4.429,3958386.0,1966293317.00
20201127,4.429,4.495,4.422,4.492,3787808.0,1897536955.00
20201130,4.503,4.557,4.467,4.469,5351157.0,2720233205.00
20201201,4.466,4.575,4.465,4.568,4752837.0,2427406342.00
20201202,4.571,4.589,4.538,4.558,2929469.0,1504583763.00
20201203,4.554,4.573,4.533,4.557,2489868.0,1276108539.00
20201204,4.549,4.573,4.513,4.566,3301548.0,1690672152.00
20201207,4.566,4.568,4.510,4.527,3593753.0,1833454989.00
20201208,4.527,4.549,4.506,4.513,3612519.0,1839851218.00
20201209,4.526,4.537,4.452,4.460,5685506.0,2876485547.00
20201210,4.451,4.470,4.435,4.451,3189474.0,1598596517.00
20201211,4.460,4.473,4.369,4.401,4030120.0,2000650455.00
20201214,4.406,4.444,4.396,4.440,2518877.0,1254112959.00
20201215,4.440,4.460,4.412,4.453,2844127.0,1419141947.00
20201216,4.460,4.469,4.445,4.462,2840815.0,1425691988.00
20201217,4.461,4.529,4.454,4.525,4662309.0,2356909280.00
20201218,4.522,4.526,4.480,4.500,4607113.0,2334924963.00
20201221,4.497,4.549,4.473,4.540,4458961.0,2272522629.00
20201222,4.530,4.546,4.465,4.471,5153970.0,2620513199.00
20201223,4.477,4.529,4.475,4.508,3386872.0,1715172080.00
20201224,4.508,4.528,4.486,4.508,3833767.0,1946157074.00
20201225,4.490,4.548,4.480,4.545,4033561.0,2053182584.00
20201228,4.541,4.584,4.533,4.557,4471300.0,2291869850.00
20201229,4.565,4.577,4.536,4.543,3427179.0,1756155512.00
20201230,4.540,4.602,4.537,4.600,3406715.0,1756760313.00
20201231,4.609,4.702,4.607,4.697,8617992.0,4531294876.00
20210104,4.691,4.767,4.673,4.739,5067056.0,2697192786.00
20210105,4.727,4.837,4.713,4.827,6228308.0,3349890567.00
20210106,4.839,4.899,4.812,4.870,3749451.0,2048972312.00
20210107,4.877,4.975,4.871,4.974,4706592.0,2604546536.00
20210108,4.982,5.003,4.903,4.949,6975648.0,3884322786.00
20210111,4.950,4.993,4.866,4.893,6359652.0,3536919284.00
20210112,4.883,5.039,4.879,5.035,5962808.0,3327361995.00
20210113,5.050,5.077,4.984,5.016,5524344.0,3129878571.00
20210114,5.016,5.016,4.920,4.924,6960480.0,3885747946.00
20210115,4.924,4.954,4.851,4.909,7090492.0,3916989378.00
20210118,4.914,5.001,4.882,4.970,3967686.0,2176480901.00
20210119,4.975,4.985,4.883,4.902,4170097.0,2282323327.00
20210120,4.901,4.954,4.895,4.930,4223858.0,2307751582.00
20210121,4.943,5.038,4.943,5.014,5116203.0,2833318057.00
20210122,5.010,5.021,4.964,5.017,5543093.0,3074483607.00
20210125,5.016,5.093,4.986,5.076,4501772.0,2518875353.00
20210126,5.055,5.058,4.961,4.968,3927450.0,2175771665.00
20210127,4.963,4.987,4.913,4.977,5915416.0,3252544454.00
20210128,4.922,4.922,4.836,4.855,4699518.0,2541914763.00
20210129,4.875,4.889,4.762,4.821,6221139.0,3343269149.00
20210201,4.821,4.881,4.820,4.878,4362881.0,2352426025.00
20210202,4.886,4.953,4.878,4.950,5731569.0,3133181944.00
20210203,4.950,4.981,4.926,4.945,2819695.0,1549207312.00
20210204,4.922,4.967,4.883,4.935,3000842.0,1639395452.00
20210205,4.946,5.001,4.937,4.942,5600005.0,3085296672.00
20210208,4.976,5.024,4.942,5.007,4750134.0,2628084266.00
20210209,5.026,5.133,5.003,5.131,4182998.0,2349537935.00
20210210,5.144,5.259,5.136,5.235,3419099.0,1973984357.00
20210218,5.340,5.349,5.182,5.196,4707657.0,2747359954.00
20210219,5.177,5.230,5.113,5.225,7090647.0,4060011755.00
20210222,5.215,5.216,5.034,5.039,7760760.0,4399449170.00
20210223,5.003,5.082,5.001,5.025,5912504.0,3308715193.00
20210224,5.038,5.049,4.842,4.893,10112690.0,5539235696.00
20210225,4.941,4.979,4.906,4.939,6693054.0,3670095572.00
20210226,4.858,4.886,4.797,4.804,8370703.0,4486159732.00
20210301,4.851,4.886,4.821,4.884,5582085.0,3007992810.00
20210302,4.910,4.914,4.784,4.822,4338598.0,2338148826.00
20210303,4.808,4.920,4.792,4.917,3611546.0,1950248200.00
20210304,4.868,4.868,4.740,4.766,6449816.0,3428246550.00
20210305,4.690,4.788,4.669,4.747,5936329.0,3111411979.00
20210308,4.778,4.801,4.571,4.580,5637220.0,2929014217.00
20210309,4.577,4.593,4.441,4.489,9317191.0,4677125840.00
20210310,4.541,4.563,4.492,4.508,6365358.0,3197285817.00
20210311,4.529,4.627,4.521,4.624,6206769.0,3161968866.00
20210312,4.638,4.645,4.580,4.636,4482015.0,2295113622.00
20210315,4.614,4.615,4.501,4.544,3865724.0,1952657088.00
20210316,4.545,4.585,4.518,4.573,3232361.0,1635219630.00
20210317,4.561,4.617,4.519,4.594,3062946.0,1554332781.00
20210318,4.605,4.651,4.603,4.630,3196101.0,1639545016.00
20210319,4.573,4.587,4.492,4.505,4921956.0,2478004771.00
20210322,4.503,4.573,4.499,4.556,4234868.0,2132916087.00
20210323,4.552,4.560,4.478,4.516,4916388.0,2459560323.00
20210324,4.497,4.535,4.428,4.447,7550529.0,3741109719.00
20210325,4.423,4.463,4.407,4.444,2849086.0,1402397542.00
20210326,4.463,4.558,4.459,4.537,5565350.0,2790146481.00
20210329,4.548,4.580,4.512,4.546,6392568.0,3229920086.00
20210330,4.544,4.601,4.535,4.586,2682839.0,1361536031.00
20210331,4.582,4.583,4.519,4.553,2308127.0,1163103562.00
20210401,4.558,4.616,4.554,4.609,3229964.0,1641836114.00
20210402,4.625,4.657,4.606,4.653,2803346.0,1440678165.00
20210406,4.664,4.667,4.616,4.627,2346355.0,1206265186.00
20210407,4.632,4.634,4.568,4.596,1752173.0,891976442.00
20210408,4.581,4.625,4.559,4.606,1407559.0,718026030.00
20210409,4.593,4.593,4.530,4.542,2223298.0,1122455291.00
20210412,4.531,4.552,4.451,4.466,6639382.0,3300299232.00
20210413,4.459,4.502,4.444,4.460,4535452.0,2247446204.00
20210414,4.464,4.498,4.456,4.485,5271842.0,2620909273.00
20210415,4.472,4.476,4.412,4.460,4935407.0,2431754041.00
20210416,4.471,4.485,4.434,4.474,4998940.0,2476638366.00
20210419,4.471,4.595,4.450,4.588,5673692.0,2864077168.00
20210420,4.572,4.612,4.563,4.581,3698516.0,1882537197.00
20210421,4.552,4.605,4.550,4.591,4143214.0,2104768796.00
20210422,4.599,4.614,4.566,4.588,4483992.0,2279984129.00
20210423,4.581,4.643,4.581,4.634,3229926.0,1656258286.00
20210426,4.644,4.680,4.572,4.576,5380616.0,2762169537.00
20210427,4.580,4.596,4.555,4.588,3177926.0,1612968576.00
20210428,4.572,4.625,4.558,4.622,3012460.0,1535175286.00
20210429,4.623,4.670,4.616,4.664,3809845.0,1964024088.00
20210430,4.653,4.663,4.592,4.623,4042413.0,2075946585.00
20210506,4.606,4.636,4.539,4.563,4075746.0,2073197356.00
20210507,4.573,4.595,4.504,4.508,3382892.0,1705351377.00
20210510,4.511,4.530,4.467,4.507,3691991.0,1843018242.00
20210511,4.478,4.547,4.446,4.530,3979265.0,1985720797.00
20210512,4.520,4.564,4.504,4.558,2539712.0,1277881517.00
20210513,4.522,4.532,4.486,4.508,4725439.0,2363024820.00
20210514,4.526,4.624,4.500,4.622,8489630.0,4316323603.00
20210517,4.618,4.701,4.613,4.677,6672555.0,3464215782.00
20210518,4.687,4.699,4.658,4.679,2834588.0,1469848173.00
20210519,4.670,4.684,4.646,4.666,3933595.0,2034732842.00
20210520,4.663,4.693,4.645,4.679,2701391.0,1400149094.00
20210521,4.685,4.712,4.618,4.629,5410635.0,2791300042.00
20210524,4.629,4.655,4.594,4.655,3496128.0,1796637071.00
20210525,4.655,4.812,4.655,4.802,15361601.0,8133780760.00
20210526,4.806,4.826,4.792,4.803,4868611.0,2596720927.00
20210527,4.796,4.863,4.774,4.820,5307535.0,2835202994.00
20210528,4.820,4.844,4.778,4.807,3456219.0,1843452031.00
20210531,4.804,4.813,4.769,4.812,3286030.0,1745986740.00
20210601,4.808,4.823,4.752,4.820,4544228.0,2415673323.00
20210602,4.824,4.829,4.756,4.781,5776071.0,3069526940.00
20210603,4.778,4.799,4.742,4.744,4432764.0,2344157011.00
20210604,4.733,4.825,4.718,4.774,5581178.0,2951205181.00
20210607,4.774,4.776,4.734,4.768,2652774.0,1399803061.00
20210608,4.768,4.814,4.700,4.730,4542037.0,2392039783.00
20210609,4.718,4.747,4.716,4.737,2595132.0,1362104027.00
20210610,4.732,4.800,4.731,4.768,4041126.0,2139819984.00
20210611,4.772,4.784,4.720,4.724,3375558.0,1774141747.00
20210615,4.724,4.733,4.646,4.671,4312366.0,2237735909.00
20210616,4.665,4.673,4.592,4.607,5573017.0,2861614500.00
20210617,4.598,4.637,4.595,4.617,3422105.0,1752532813.00
20210618,4.616,4.647,4.588,4.621,5237657.0,2681620828.00
20210621,4.605,4.647,4.586,4.615,4492631.0,2297972209.00
20210622,4.634,4.644,4.608,4.638,6783142.0,3481237670.00
20210623,4.645,4.691,4.630,4.666,5864652.0,3034353444.00
20210624,4.670,4.679,4.647,4.678,2175097.0,1125515428.00
20210625,4.682,4.768,4.680,4.751,6192587.0,3253306021.00
20210628,4.758,4.769,4.739,4.759,4454965.0,2349760661.00
20210629,4.759,4.759,4.701,4.710,2901856.0,1520211071.00
20210630,4.711,4.748,4.710,4.738,3711710.0,1948238474.00
20210701,4.754,4.764,4.708,4.737,5643739.0,2964560981.00
20210702,4.706,4.708,4.608,4.609,4422360.0,2278045477.00
20210705,4.609,4.627,4.589,4.616,2575703.0,1316062244.00
20210706,4.616,4.625,4.572,4.622,3816887.0,1946038944.00
20210707,4.602,4.690,4.595,4.670,3494651.0,1802156519.00
20210708,4.678,4.684,4.617,4.630,3280350.0,1689688923.00
20210709,4.616,4.623,4.558,4.609,4262319.0,2174685021.00
20210712,4.643,4.696,4.618,4.670,5966929.0,3088418555.00
20210713,4.669,4.701,4.659,4.684,3464404.0,1798359498.00
20210714,4.680,4.680,4.623,4.633,3824693.0,1970051836.00
20210715,4.626,4.701,4.619,4.694,3552867.0,1839020775.00
20210716,4.688,4.692,4.645,4.648,3702351.0,1916254592.00
20210719,4.640,4.677,4.603,4.668,3320462.0,1709347745.00
20210720,4.634,4.669,4.626,4.656,3066793.0,1581145200.00
20210721,4.670,4.710,4.663,4.692,5784303.0,3011038370.00
20210722,4.692,4.718,4.686,4.696,2696841.0,1405906247.00
20210723,4.697,4.698,4.638,4.649,2681441.0,1384583057.00
20210726,4.631,4.632,4.438,4.491,9152734.0,4590557872.00
20210727,4.489,4.508,4.330,4.335,8072052.0,3972490920.00
20210728,4.330,4.366,4.269,4.344,9133473.0,4378815460.00
20210729,4.417,4.433,4.380,4.423,6402064.0,3130337228.00
20210730,4.402,4.403,4.346,4.392,2258702.0,1097220227.00
20210802,4.378,4.511,4.349,4.501,3752039.0,1853444876.00
20210803,4.481,4.525,4.467,4.503,2330098.0,1161609447.00
20210804,4.493,4.544,4.491,4.543,2486453.0,1248682987.00
20210805,4.511,4.560,4.490,4.516,2098716.0,1053873943.00
20210806,4.508,4.512,4.473,4.501,1126992.0,561475942.00
20210809,4.481,4.568,4.464,4.551,2290906.0,1151898657.00
20210810,4.540,4.605,4.509,4.602,3241224.0,1635519300.00
20210811,4.596,4.619,4.575,4.578,2391296.0,1219614186.00
20210812,4.562,4.581,4.540,4.549,1339717.0,677135203.00
20210813,4.537,4.567,4.499,4.525,2025664.0,1017354166.00
20210816,4.519,4.547,4.508,4.522,1862036.0,934436575.00
20210817,4.517,4.545,4.413,4.421,3523009.0,1751144106.00
20210818,4.421,4.495,4.410,4.469,3847710.0,1901295854.00
20210819,4.454,4.469,4.418,4.438,2403110.0,1185219027.00
20210820,4.428,4.429,4.316,4.357,4184413.0,2023086385.00
20210823,4.366,4.427,4.363,4.422,3529613.0,1724629446.00
20210824,4.426,4.488,4.426,4.469,3177054.0,1571638429.00
20210825,4.476,4.483,4.452,4.481,2076564.0,1029752682.00
20210826,4.479,4.480,4.390,4.405,1948403.0,956302469.00
20210827,4.399,4.457,4.396,4.417,2322364.0,1140911545.00
20210830,4.427,4.437,4.380,4.400,2155322.0,1052155091.00
20210831,4.401,4.415,4.336,4.399,2450326.0,1190430817.00
20210901,4.399,4.497,4.363,4.462,3865183.0,1903964598.00
20210902,4.472,4.479,4.435,4.458,2240048.0,1107121906.00
20210903,4.458,4.480,4.426,4.434,3483673.0,1718509769.00
20210906,4.434,4.522,4.430,4.509,4945359.0,2468976363.00
20210907,4.508,4.588,4.495,4.566,4574956.0,2304933623.00
20210908,4.570,4.591,4.533,4.547,2369431.0,1198609525.00
20210909,4.536,4.546,4.509,4.545,1825452.0,917262214.00
20210910,4.541,4.622,4.538,4.590,3893350.0,1982110598.00
20210913,4.584,4.606,4.539,4.565,3200157.0,1620670961.00
20210914,4.566,4.582,4.487,4.506,3277120.0,1645687915.00
20210915,4.499,4.499,4.433,4.458,2707359.0,1340902838.00
20210916,4.458,4.467,4.400,4.408,4293484.0,2106848912.00
20210917,4.407,4.448,4.389,4.443,5139927.0,2520613347.00
20210922,4.381,4.428,4.374,4.413,4916296.0,2399574657.00
20210923,4.433,4.467,4.423,4.439,2869733.0,1413518503.00
20210924,4.443,4.485,4.434,4.445,4647712.0,2299464435.00
20210927,4.458,4.506,4.436,4.474,3598936.0,1786172115.00
20210928,4.467,4.490,4.441,4.466,2636353.0,1306079041.00
20210929,4.437,4.462,4.398,4.436,5922611.0,2909490209.00
20210930,4.438,4.465,4.436,4.449,3129597.0,1544835059.00
20211008,4.488,4.521,4.481,4.513,2446241.0,1222701431.00
20211011,4.520,4.562,4.508,4.512,2603224.0,1309512481.00
20211012,4.496,4.506,4.429,4.465,3306068.0,1639579407.00
20211013,4.458,4.530,4.456,4.516,2535737.0,1264333991.00
20211014,4.510,4.533,4.481,4.491,1998087.0,998317197.00
20211015,4.489,4.523,4.472,4.513,2179701.0,1089703600.00
20211018,4.510,4.511,4.432,4.461,2512605.0,1241208468.00
20211019,4.454,4.508,4.451,4.503,2884698.0,1436191679.00
20211020,4.508,4.527,4.481,4.490,1566963.0,782001177.00
20211021,4.490,4.532,4.473,4.510,2240855.0,1119219633.00
20211022,4.517,4.573,4.517,4.540,3345973.0,1686635694.00
20211025,4.527,4.563,4.518,4.555,2653745.0,1336929143.00
20211026,4.557,4.587,4.528,4.540,2479095.0,1251852282.00
20211027,4.529,4.529,4.470,4.481,2781043.0,1385676615.00
20211028,4.472,4.487,4.441,4.462,4413412.0,2185194500.00
20211029,4.459,4.491,4.448,4.490,4264847.0,2114092670.00
20211101,4.469,4.497,4.453,4.476,1950023.0,967955364.00
20211102,4.473,4.503,4.394,4.429,4294135.0,2119278887.00
20211103,4.426,4.450,4.399,4.411,3406351.0,1671068454.00
20211104,4.429,4.463,4.428,4.454,2844233.0,1403738125.00
20211105,4.444,4.478,4.437,4.438,2656008.0,1312374545.00
20211108,4.435,4.461,4.419,4.435,3124852.0,1539084826.00
20211109,4.449,4.464,4.410,4.433,2628400.0,1292760723.00
20211110,4.429,4.429,4.351,4.410,4894264.0,2379856064.00
20211111,4.401,4.485,4.399,4.482,3523650.0,1740182227.00
20211112,4.486,4.499,4.466,4.481,2729067.0,1355972393.00
20211115,4.484,4.499,4.456,4.475,3359154.0,1667408825.00
20211116,4.477,4.504,4.463,4.472,3518703.0,1750476662.00
20211117,4.465,4.484,4.454,4.471,2269818.0,1125215664.00
20211118,4.460,4.464,4.419,4.431,3606012.0,1774308236.00
20211119,4.426,4.486,4.422,4.481,2759206.0,1365616714.00
20211122,4.484,4.503,4.478,4.492,3536475.0,1761554915.00
20211123,4.486,4.508,4.477,4.495,3172672.0,1582334509.00
20211124,4.495,4.522,4.484,4.505,1785947.0,891904463.00
20211125,4.506,4.507,4.481,4.488,1372600.0,683495479.00
20211126,4.476,4.477,4.442,4.450,2046378.0,1011650370.00
20211129,4.417,4.452,4.417,4.444,2338560.0,1151391533.00
20211130,4.446,4.462,4.407,4.427,1836800.0,903625434.00
20211201,4.427,4.444,4.424,4.439,2116262.0,1040600306.00
20211202,4.435,4.458,4.420,4.448,1610351.0,794007121.00
20211203,4.448,4.490,4.441,4.489,2196321.0,1087954879.00
20211206,4.491,4.522,4.480,4.484,3328991.0,1663482019.00
20211207,4.503,4.516,4.488,4.509,2124268.0,1060624162.00
20211208,4.514,4.579,4.498,4.574,3411917.0,1721655415.00
20211209,4.578,4.692,4.576,4.650,6332212.0,3267970660.00
20211210,4.637,4.643,4.618,4.637,3961260.0,2035800619.00
20211213,4.658,4.712,4.642,4.648,4290338.0,2227870764.00
20211214,4.631,4.647,4.611,4.620,3626878.0,1860581410.00
20211215,4.616,4.630,4.575,4.579,2035832.0,1038757245.00
20211216,4.582,4.604,4.566,4.603,3773043.0,1919332421.00
20211217,4.596,4.599,4.536,4.537,6226189.0,3145885077.00
20211220,4.525,4.553,4.460,4.470,8518253.0,4250322969.00
20211221,4.465,4.500,4.462,4.489,5171335.0,2572582597.00
20211222,4.500,4.511,4.481,4.491,6660462.0,3320651900.00
20211223,4.501,4.531,4.488,4.526,3023053.0,1512949495.00
20211224,4.531,4.536,4.488,4.505,2603961.0,1301806385.00
20211227,4.505,4.524,4.481,4.508,5044913.0,2520394801.00
20211228,4.508,4.541,4.500,4.532,6399142.0,3209575435.00
20211229,4.530,4.536,4.471,4.472,4038656.0,2011288440.00
20211230,4.472,4.523,4.467,4.504,4744980.0,2369943644.00
20211231,4.517,4.534,4.502,4.515,3514166.0,1760912797.00
20220104,4.530,4.532,4.455,4.499,4863553.0,2417587490.00
20220105,4.489,4.500,4.440,4.456,4640731.0,2300116660.00
20220106,4.438,4.447,4.379,4.406,5172728.0,2530768429.00
20220107,4.417,4.444,4.411,4.417,4785197.0,2349400429.00
20220110,4.407,4.438,4.380,4.428,4911223.0,2406258642.00
20220111,4.428,4.439,4.385,4.388,4122189.0,2014962361.00
20220112,4.403,4.447,4.403,4.435,5113326.0,2511098388.00
20220113,4.444,4.446,4.360,4.362,4882723.0,2379000209.00
20220114,4.350,4.363,4.319,4.322,4100290.0,1972987305.00
20220117,4.325,4.373,4.325,4.359,4983491.0,2407274463.00
20220118,4.356,4.415,4.341,4.400,6241671.0,3038466592.00
20220119,4.409,4.431,4.355,4.377,5224393.0,2501399275.00
20220120,4.373,4.439,4.372,4.412,5412785.0,2608626685.00
20220121,4.405,4.409,4.363,4.381,7814370.0,3739337873.00
20220124,4.359,4.395,4.348,4.383,4605740.0,2197609279.00
20220125,4.361,4.375,4.282,4.286,5952709.0,2814468229.00
20220126,4.300,4.314,4.258,4.310,5218421.0,2449571754.00
20220127,4.298,4.303,4.227,4.235,6076217.0,2827030197.00
20220128,4.246,4.267,4.167,4.170,8583917.0,3950302957.00
20220207,4.235,4.270,4.218,4.236,4845868.0,2243165816.00
20220208,4.236,4.236,4.135,4.216,4481413.0,2050015387.00
20220209,4.218,4.261,4.203,4.252,4589381.0,2124086971.00
20220210,4.258,4.261,4.218,4.242,4953831.0,2291737788.00
20220211,4.225,4.266,4.206,4.209,4617436.0,2134586499.00
20220214,4.194,4.207,4.145,4.164,3299679.0,1503834184.00
20220215,4.165,4.206,4.163,4.203,6043144.0,2765515057.00
20220216,4.222,4.244,4.211,4.222,4498005.0,2076275356.00
20220217,4.217,4.253,4.212,4.231,6290407.0,2909007334.00
20220218,4.213,4.254,4.208,4.253,3041052.0,1405440367.00
20220221,4.246,4.246,4.217,4.237,3241951.0,1497429121.00
20220222,4.203,4.210,4.166,4.182,3153168.0,1438664973.00
20220223,4.194,4.229,4.186,4.226,4469039.0,2054646294.00
20220224,4.203,4.214,4.111,4.148,5912365.0,2683234005.00
20220225,4.170,4.223,4.170,4.181,3844661.0,1760979832.00
20220228,4.178,4.188,4.141,4.186,2693171.0,1225032615.00
20220301,4.202,4.228,4.188,4.221,3261629.0,1499507431.00
20220302,4.203,4.203,4.169,4.189,1946013.0,889476591.00
20220303,4.203,4.213,4.153,4.162,2006899.0,914647557.00
20220304,4.126,4.152,4.103,4.116,4053766.0,1823719304.00
20220307,4.083,4.083,3.964,3.980,5831130.0,2553534379.00
20220308,3.981,4.003,3.890,3.905,6917081.0,2976687582.00
20220309,3.912,3.932,3.727,3.868,7867488.0,3301655736.00
20220310,3.938,3.962,3.921,3.923,5528465.0,2377355398.00
20220311,3.872,3.954,3.823,3.949,3973422.0,1687296407.00
20220314,3.892,3.914,3.820,3.821,4331004.0,1828943108.00
20220315,3.787,3.813,3.634,3.638,10444778.0,4244938233.00
20220316,3.695,3.819,3.610,3.797,13251385.0,5383854367.00
20220317,3.867,3.932,3.851,3.874,11475616.0,4866876953.00
20220318,3.855,3.916,3.836,3.899,4030217.0,1703858645.00
20220321,3.904,3.920,3.857,3.894,3720164.0,1581985311.00
20220322,3.876,3.921,3.875,3.890,2504225.0,1064168279.00
20220323,3.899,3.925,3.883,3.913,3082447.0,1314097169.00
20220324,3.892,3.910,3.858,3.888,2206418.0,935511944.00
20220325,3.887,3.896,3.816,3.818,3568083.0,1499894627.00
20220328,3.786,3.822,3.739,3.795,4155938.0,1715993645.00
20220329,3.805,3.822,3.772,3.779,2310331.0,957679748.00
20220330,3.804,3.894,3.804,3.891,5002575.0,2107747773.00
20220331,3.882,3.887,3.855,3.863,4242790.0,1791950308.00
20220401,3.834,3.928,3.833,3.909,3752472.0,1594296080.00
20220406,3.886,3.909,3.872,3.898,3398938.0,1443714218.00
20220407,3.880,3.909,3.848,3.851,2783984.0,1177384174.00
20220408,3.854,3.879,3.823,3.877,3202713.0,1349449555.00
20220411,3.851,3.852,3.744,3.756,5800585.0,2391596005.00
20220412,3.757,3.824,3.733,3.820,8064759.0,3334403949.00
20220413,3.801,3.834,3.787,3.790,3872602.0,1609161765.00
20220414,3.824,3.857,3.803,3.831,5736892.0,2400662553.00
20220415,3.810,3.852,3.800,3.829,5322380.0,2224422362.00
20220418,3.796,3.813,3.770,3.811,2797093.0,1159501389.00
20220419,3.810,3.833,3.764,3.786,3139962.0,1301465627.00
20220420,3.784,3.790,3.716,3.722,3903434.0,1596762869.00
20220421,3.711,3.737,3.640,3.659,7925085.0,3193817666.00
20220422,3.631,3.697,3.619,3.669,6173784.0,2469379279.00
20220425,3.613,3.626,3.486,3.492,16542843.0,6447291622.00
20220426,3.495,3.547,3.456,3.464,15437597.0,5888627373.00
20220427,3.453,3.563,3.443,3.561,13725839.0,5260465092.00
20220428,3.546,3.604,3.543,3.585,10729261.0,4183266934.00
20220429,3.598,3.681,3.565,3.677,7631212.0,3024738240.00
20220505,3.645,3.692,3.636,3.663,7360954.0,2950065279.00
20220506,3.594,3.611,3.572,3.574,5206697.0,2042557049.00
20220509,3.551,3.577,3.526,3.545,3187006.0,1234844481.00
20220510,3.510,3.602,3.487,3.586,5474672.0,2129935211.00
20220511,3.580,3.687,3.580,3.637,6290116.0,2502148839.00
20220512,3.622,3.644,3.602,3.618,3071058.0,1215316563.00
20220513,3.652,3.662,3.619,3.647,2799732.0,1113468054.00
20220516,3.663,3.676,3.608,3.618,4425843.0,1755248936.00
20220517,3.626,3.664,3.616,3.663,3008496.0,1197703803.00
20220518,3.670,3.679,3.626,3.650,2640173.0,1052734331.00
20220519,3.615,3.660,3.605,3.659,3249620.0,1289180789.00
20220520,3.681,3.736,3.672,3.735,6004614.0,2434115747.00
20220523,3.735,3.735,3.682,3.706,5120913.0,2070370273.00
20220524,3.705,3.708,3.626,3.631,4156645.0,1664349497.00
20220525,3.626,3.648,3.616,3.647,4576841.0,1814584625.00
20220526,3.648,3.681,3.601,3.656,4816141.0,1914318710.00
20220527,3.683,3.715,3.649,3.665,5532972.0,2228537581.00
20220530,3.681,3.703,3.670,3.686,4505319.0,1813277775.00
20220531,3.686,3.757,3.678,3.745,4522581.0,1836840908.00
20220601,3.745,3.751,3.718,3.739,3774345.0,1540652770.00
20220602,3.724,3.753,3.716,3.749,2901326.0,1183803267.00
20220606,3.747,3.825,3.723,3.824,4238359.0,1751273369.00
20220607,3.811,3.848,3.805,3.830,3808642.0,1592929720.00
20220608,3.833,3.874,3.814,3.868,4272911.0,1796493323.00
20220609,3.860,3.877,3.822,3.837,2916148.0,1226358662.00
20220610,3.809,3.901,3.808,3.890,6480691.0,2738650040.00
20220613,3.855,3.867,3.819,3.843,5799002.0,2431783718.00
20220614,3.814,3.883,3.768,3.879,6249026.0,2613833381.00
20220615,3.877,3.996,3.877,3.924,11218852.0,4834544988.00
20220616,3.936,3.953,3.891,3.899,5075120.0,2175195322.00
20220617,3.884,3.972,3.878,3.957,7156474.0,3070562903.00
20220620,3.966,4.018,3.945,3.976,7324345.0,3177526646.00
20220621,3.976,4.009,3.942,3.974,4224015.0,1833860937.00
20220622,3.974,3.981,3.921,3.929,3619643.0,1560986297.00
20220623,3.930,3.999,3.923,3.997,4056939.0,1755177553.00
20220624,4.007,4.053,3.996,4.041,4148338.0,1823076990.00
20220627,4.056,4.120,4.056,4.085,4559811.0,2036731655.00
20220628,4.084,4.145,4.060,4.133,3748824.0,1678987256.00
20220629,4.119,4.146,4.069,4.083,5448356.0,2437464367.00
20220630,4.079,4.162,4.078,4.128,5680516.0,2558737770.00
20220701,4.139,4.144,4.097,4.115,4455712.0,2004084502.00
20220704,4.101,4.142,4.074,4.140,3874217.0,1742756113.00
20220705,4.145,4.181,4.086,4.131,3921158.0,1764375389.00
20220706,4.121,4.130,4.051,4.077,3189627.0,1422718113.00
20220707,4.071,4.110,4.050,4.092,4030459.0,1799540021.00
20220708,4.113,4.133,4.082,4.088,2082490.0,933514536.00
20220711,4.072,4.072,4.002,4.018,4522075.0,1985923670.00
20220712,4.013,4.036,3.973,3.985,3435392.0,1500811278.00
20220713,3.988,4.010,3.964,3.992,2956003.0,1286893961.00
20220714,3.988,4.019,3.971,3.993,3264143.0,1423957223.00
20220715,3.984,4.029,3.931,3.933,7373071.0,3198511730.00
20220718,3.949,3.992,3.914,3.975,3891151.0,1680718462.00
20220719,3.972,3.972,3.924,3.955,3535270.0,1526690226.00
20220720,3.974,3.993,3.954,3.966,2998384.0,1301780820.00
20220721,3.952,3.973,3.924,3.925,3104926.0,1336941254.00
20220722,3.939,3.970,3.900,3.928,3147688.0,1353688808.00
20220725,3.924,3.927,3.895,3.911,2516761.0,1074518097.00
20220726,3.917,3.956,3.914,3.938,3762545.0,1616765933.00
20220727,3.929,3.935,3.909,3.916,2571786.0,1100930340.00
20220728,3.931,3.965,3.915,3.919,3695810.0,1591342846.00
20220729,3.922,3.942,3.856,3.865,4712654.0,2000643545.00
20220801,3.852,3.890,3.829,3.881,2983915.0,1259938955.00
20220802,3.855,3.855,3.784,3.816,5439733.0,2264729834.00
20220803,3.828,3.855,3.765,3.775,3766628.0,1569163066.00
20220804,3.790,3.811,3.775,3.803,2617509.0,1084601677.00
20220805,3.806,3.868,3.803,3.863,3933852.0,1643679831.00
20220808,3.847,3.864,3.840,3.850,1572824.0,661606877.00
20220809,3.848,3.864,3.837,3.856,2418244.0,1017515521.00
20220810,3.848,3.861,3.799,3.815,2037632.0,851095724.00
20220811,3.831,3.901,3.824,3.896,3480503.0,1469915003.00
20220812,3.894,3.907,3.881,3.897,2055898.0,874286490.00
20220815,3.885,3.925,3.881,3.887,2328228.0,991661294.00
20220816,3.892,3.912,3.871,3.878,1684834.0,715599992.00
20220817,3.879,3.926,3.856,3.916,2810228.0,1196207108.00
20220818,3.910,3.914,3.877,3.882,1999681.0,849821038.00
20220819,3.878,3.893,3.853,3.855,2894411.0,1223343184.00
20220822,3.846,3.890,3.843,3.879,3109324.0,1316161171.00
20220823,3.877,3.892,3.849,3.866,2758776.0,1164226234.00
20220824,3.877,3.881,3.788,3.796,4031611.0,1683776031.00
20220825,3.803,3.833,3.777,3.829,3325107.0,1381245566.00
20220826,3.827,3.847,3.817,3.823,2268554.0,949304012.00
20220829,3.792,3.811,3.778,3.800,2345945.0,972243824.00
20220830,3.804,3.806,3.760,3.792,2320948.0,958534782.00
20220831,3.777,3.830,3.767,3.792,5552796.0,2299526279.00
20220901,3.782,3.803,3.753,3.761,3202516.0,1320917293.00
20220902,3.764,3.772,3.722,3.740,2637374.0,1078568286.00
20220905,3.732,3.739,3.700,3.738,2158650.0,876596965.00
20220906,3.750,3.769,3.731,3.765,2641015.0,1081646065.00
20220907,3.752,3.783,3.749,3.772,1835728.0,755009708.00
20220908,3.776,3.783,3.755,3.756,1716322.0,705978922.00
20220909,3.761,3.816,3.760,3.809,3929759.0,1630730745.00
20220913,3.815,3.842,3.811,3.822,3274312.0,1368323051.00
20220914,3.786,3.805,3.768,3.779,4299139.0,1777685334.00
20220915,3.786,3.798,3.723,3.746,5888444.0,2414072683.00
20220916,3.734,3.743,3.659,3.663,7257809.0,2929005272.00
20220919,3.658,3.677,3.640,3.653,3977904.0,1588020723.00
20220920,3.669,3.684,3.645,3.655,3015150.0,1206397489.00
20220921,3.645,3.654,3.611,3.627,3634886.0,1441702412.00
20220922,3.613,3.630,3.590,3.601,2798468.0,1101764633.00
20220923,3.601,3.618,3.564,3.594,5202490.0,2042024440.00
20220926,3.572,3.625,3.566,3.571,7560336.0,2966154628.00
20220927,3.581,3.624,3.564,3.616,5191603.0,2035835677.00
20220928,3.604,3.606,3.562,3.565,5300816.0,2073607923.00
20220929,3.586,3.605,3.547,3.566,5060836.0,1977736758.00
20220930,3.567,3.585,3.539,3.542,6383788.0,2480624616.00
20221010,3.541,3.544,3.459,3.470,6841092.0,2614912261.00
20221011,3.472,3.484,3.452,3.467,4913807.0,1861116627.00
20221012,3.468,3.527,3.406,3.524,7315130.0,2765038458.00
20221013,3.495,3.523,3.485,3.494,3451403.0,1318777601.00
20221014,3.528,3.593,3.519,3.574,7496291.0,2913802969.00
20221017,3.567,3.577,3.543,3.573,3887601.0,1512958472.00
20221018,3.594,3.599,3.560,3.567,4311344.0,1683477555.00
20221019,3.562,3.573,3.511,3.513,2881623.0,1112398864.00
20221020,3.498,3.550,3.472,3.502,3723050.0,1422560648.00
20221021,3.514,3.516,3.465,3.482,3275721.0,1248398834.00
20221024,3.479,3.510,3.376,3.392,6297940.0,2356237577.00
20221025,3.381,3.424,3.353,3.377,8235170.0,3041126027.00
20221026,3.379,3.451,3.378,3.403,6862870.0,2555494776.00
20221027,3.424,3.434,3.378,3.379,5123971.0,1906381171.00
20221028,3.367,3.373,3.292,3.300,7381372.0,2686507817.00
20221031,3.278,3.311,3.253,3.265,5976564.0,2139122276.00
20221101,3.283,3.393,3.278,3.391,10691572.0,3904744293.00
20221102,3.375,3.450,3.368,3.422,7516463.0,2800488062.00
20221103,3.404,3.418,3.378,3.395,4881107.0,1811025929.00
20221104,3.393,3.527,3.392,3.511,11292457.0,4301093449.00
20221107,3.489,3.530,3.488,3.511,5340734.0,2046292254.00
20221108,3.511,3.519,3.468,3.490,8012579.0,3048899191.00
20221109,3.490,3.502,3.450,3.453,5209240.0,1973017696.00
20221110,3.434,3.449,3.413,3.434,5064964.0,1895277956.00
20221111,3.518,3.570,3.489,3.524,13767023.0,5298752150.00
20221114,3.570,3.589,3.517,3.526,8509669.0,3301268208.00
20221115,3.518,3.603,3.512,3.594,7671835.0,2991368782.00
20221116,3.588,3.606,3.563,3.568,5377972.0,2102969876.00
20221117,3.559,3.559,3.512,3.552,7916228.0,3054875919.00
20221118,3.555,3.573,3.534,3.540,6491949.0,2516386318.00
20221121,3.514,3.514,3.471,3.510,5182489.0,1975747610.00
20221122,3.505,3.545,3.485,3.508,6490256.0,2485266857.00
20221123,3.498,3.531,3.493,3.511,5487916.0,2103792365.00
20221124,3.526,3.542,3.489,3.495,4821489.0,1848016848.00
20221125,3.497,3.529,3.485,3.514,5492158.0,2105975532.00
20221128,3.454,3.479,3.416,3.473,6260914.0,2355441433.00
20221129,3.493,3.587,3.493,3.579,7207068.0,2792262749.00
20221130,3.570,3.596,3.567,3.582,4594858.0,1796654800.00
20221201,3.645,3.672,3.622,3.623,6354126.0,2528610659.00
20221202,3.622,3.630,3.600,3.602,10304210.0,4066062110.00
20221205,3.639,3.670,3.624,3.667,8761771.0,3492977853.00
20221206,3.656,3.709,3.652,3.688,7658073.0,3081714196.00
20221207,3.681,3.724,3.663,3.677,6820751.0,2745026152.00
20221208,3.677,3.693,3.666,3.685,5094095.0,2047176131.00
20221209,3.684,3.726,3.670,3.716,6474552.0,2613255569.00
20221212,3.704,3.704,3.674,3.678,4668575.0,1880206884.00
20221213,3.680,3.689,3.663,3.668,3636743.0,1459236500.00
20221214,3.672,3.693,3.659,3.677,6219074.0,2495651006.00
20221215,3.678,3.686,3.652,3.675,5307513.0,2126027806.00
20221216,3.673,3.687,3.656,3.679,9083687.0,3639862008.00
20221219,3.683,3.693,3.610,3.626,7451965.0,2965759177.00
20221220,3.613,3.616,3.547,3.568,8155655.0,3188456650.00
20221221,3.572,3.582,3.555,3.565,5230558.0,2038360701.00
20221222,3.586,3.612,3.554,3.572,6878210.0,2690306339.00
20221223,3.557,3.583,3.546,3.563,10847910.0,4222061973.00
20221226,3.562,3.590,3.561,3.572,6511937.0,2542745278.00
20221227,3.608,3.620,3.589,3.615,5820488.0,2292894562.00
20221228,3.607,3.613,3.587,3.603,6492690.0,2553573421.00
20221229,3.589,3.602,3.568,3.592,7212710.0,2825957366.00
20221230,3.605,3.618,3.603,3.606,6302286.0,2485143924.00
20230103,3.605,3.627,3.562,3.616,6563108.0,2576087718.00
20230104,3.616,3.631,3.600,3.621,9807997.0,3874438388.00
20230105,3.640,3.695,3.637,3.690,7745023.0,3108571448.00
20230106,3.691,3.720,3.687,3.704,5410808.0,2187353311.00
20230109,3.723,3.742,3.711,3.727,7809599.0,3178181433.00
20230110,3.725,3.747,3.720,3.733,7442622.0,3033001135.00
20230111,3.734,3.759,3.726,3.733,5715114.0,2334923330.00
20230112,3.739,3.750,3.725,3.738,3255872.0,1328948654.00
20230113,3.745,3.799,3.745,3.795,6559090.0,2702284069.00
20230116,3.807,3.899,3.805,3.861,17163759.0,7109168359.00
20230117,3.861,3.869,3.841,3.857,6015131.0,2488168863.00
20230118,3.864,3.869,3.845,3.849,4456901.0,1843406131.00
20230119,3.840,3.877,3.823,3.875,6074324.0,2513066753.00
20230120,3.889,3.908,3.881,3.896,5700822.0,2382114372.00
20230130,3.970,3.976,3.912,3.919,8013471.0,3386449597.00
20230131,3.921,3.930,3.869,3.876,11392222.0,4761842944.00
20230201,3.880,3.906,3.851,3.905,7156520.0,2981748341.00
20230202,3.916,3.919,3.879,3.895,10018528.0,4188623374.00
20230203,3.871,3.874,3.822,3.855,9600521.0,3961301299.00
20230206,3.823,3.824,3.782,3.802,7314597.0,2982940562.00
20230207,3.808,3.822,3.793,3.811,5539881.0,2263547380.00
20230208,3.813,3.829,3.788,3.796,4628713.0,1889787993.00
20230209,3.790,3.850,3.786,3.846,5958886.0,2450554135.00
20230210,3.847,3.847,3.808,3.823,5205224.0,2135893097.00
20230213,3.811,3.859,3.805,3.853,8280101.0,3415190764.00
20230214,3.859,3.864,3.838,3.862,3326324.0,1374345788.00
20230215,3.859,3.871,3.828,3.836,6455068.0,2658512888.00
20230216,3.839,3.884,3.785,3.809,7925101.0,3275079466.00
20230217,3.807,3.822,3.751,3.755,7433949.0,3025278809.00
20230220,3.759,3.855,3.754,3.852,10495255.0,4282521265.00
20230221,3.852,3.867,3.834,3.857,5609025.0,2318009475.00
20230222,3.842,3.852,3.813,3.820,4529454.0,1861371777.00
20230223,3.823,3.844,3.803,3.820,4655595.0,1908740957.00
20230224,3.819,3.819,3.765,3.783,8087762.0,3282777176.00
20230227,3.765,3.786,3.754,3.769,4569575.0,1848791378.00
20230228,3.781,3.798,3.746,3.794,4845454.0,1963458643.00
20230301,3.790,3.854,3.783,3.839,11804810.0,4856375177.00
20230302,3.830,3.852,3.827,3.835,4391329.0,1808866224.00
20230303,3.845,3.854,3.815,3.843,4201757.0,1730990673.00
20230306,3.844,3.846,3.802,3.820,9293025.0,3808515076.00
20230307,3.816,3.837,3.764,3.767,6746494.0,2756431261.00
20230308,3.755,3.760,3.737,3.752,4313154.0,1735039806.00
20230309,3.757,3.761,3.720,3.742,4079365.0,1639051249.00
20230310,3.718,3.731,3.689,3.691,4981129.0,1982846712.00
20230313,3.691,3.735,3.691,3.732,4674529.0,1865984620.00
20230314,3.727,3.727,3.676,3.709,4635416.0,1842611053.00
20230315,3.733,3.742,3.707,3.708,3933011.0,1571377024.00
20230316,3.690,3.708,3.662,3.665,4331438.0,1713141943.00
20230317,3.690,3.731,3.667,3.685,11235012.0,4453754362.00
20230320,3.685,3.705,3.659,3.664,5709548.0,2258210593.00
20230321,3.674,3.708,3.673,3.704,5567437.0,2206195773.00
20230322,3.714,3.736,3.708,3.721,5817562.0,2323803781.00
20230323,3.709,3.757,3.707,3.756,5344729.0,2143951550.00
20230324,3.749,3.759,3.741,3.752,2548953.0,1025007603.00
20230327,3.751,3.751,3.713,3.732,4912547.0,1966086521.00
20230328,3.733,3.744,3.718,3.725,5072061.0,2029086627.00
20230329,3.744,3.745,3.719,3.725,6163363.0,2467227537.00
20230330,3.726,3.766,3.710,3.765,5572070.0,2238129589.00
20230331,3.769,3.786,3.764,3.774,6711625.0,2718176592.00
20230403,3.774,3.812,3.769,3.802,5513397.0,2243377317.00
20230404,3.802,3.823,3.795,3.821,4803087.0,1960368642.00
20230406,3.807,3.814,3.796,3.809,3782868.0,1544679079.00
20230407,3.809,3.848,3.808,3.837,3295857.0,1355999026.00
20230410,3.847,3.848,3.819,3.823,4743616.0,1948356331.00
20230411,3.825,3.832,3.800,3.813,5359550.0,2195224021.00
20230412,3.814,3.819,3.802,3.809,3358337.0,1373120380.00
20230413,3.801,3.807,3.781,3.786,4021907.0,1635782613.00
20230414,3.797,3.815,3.794,3.806,4560326.0,1860596353.00
20230417,3.803,3.864,3.802,3.863,6325480.0,2605868198.00
20230418,3.862,3.879,3.854,3.869,4160543.0,1726660642.00
20230419,3.871,3.871,3.835,3.838,4085730.0,1688498846.00
20230420,3.837,3.841,3.811,3.823,6073086.0,2491260807.00
20230421,3.823,3.826,3.750,3.755,6836486.0,2776624903.00
20230424,3.755,3.757,3.693,3.708,5940937.0,2372492823.00
20230425,3.709,3.716,3.657,3.690,9664268.0,3820424644.00
20230426,3.688,3.700,3.666,3.682,9034653.0,3570141037.00
20230427,3.679,3.727,3.672,3.714,4677697.0,1857891159.00
20230428,3.725,3.755,3.719,3.751,4518062.0,1813115078.00
20230504,3.740,3.753,3.724,3.751,3378611.0,1356998397.00
20230505,3.752,3.763,3.717,3.736,3379499.0,1355979468.00
20230508,3.742,3.787,3.738,3.778,6848152.0,2769137971.00
20230509,3.782,3.807,3.745,3.745,5668907.0,2299963548.00
20230510,3.743,3.745,3.709,3.716,9165933.0,3663507046.00
20230511,3.726,3.735,3.709,3.712,3216150.0,1284651681.00
20230512,3.711,3.724,3.662,3.664,5187745.0,2053102560.00
20230515,3.666,3.724,3.656,3.723,8107574.0,3203031252.00
20230516,3.722,3.727,3.692,3.707,4068203.0,1620578488.00
20230517,3.700,3.711,3.673,3.682,6405805.0,2535368771.00
20230518,3.688,3.707,3.663,3.681,7006002.0,2770097587.00
20230519,3.672,3.696,3.655,3.675,3417126.0,1347166083.00
20230522,3.674,3.714,3.662,3.694,5003757.0,1981482735.00
20230523,3.697,3.700,3.640,3.641,6117573.0,2405349012.00
20230524,3.636,3.637,3.590,3.591,7672776.0,2973586312.00
20230525,3.586,3.595,3.552,3.583,4918567.0,1888723116.00
20230526,3.581,3.598,3.553,3.588,4462037.0,1713952910.00
20230529,3.595,3.606,3.559,3.573,4030135.0,1546653526.00
20230530,3.565,3.585,3.532,3.577,5720979.0,2186287405.00
20230531,3.567,3.567,3.527,3.543,7338757.0,2792006056.00
20230601,3.540,3.578,3.536,3.550,6749757.0,2579669883.00
20230602,3.569,3.609,3.569,3.600,6929781.0,2672332967.00
20230605,3.594,3.598,3.574,3.583,3611549.0,1389909743.00
20230606,3.584,3.610,3.545,3.549,4115697.0,1579493947.00
20230607,3.560,3.566,3.525,3.537,3721767.0,1416641429.00
20230608,3.537,3.581,3.525,3.567,3834889.0,1462204388.00
20230609,3.568,3.585,3.562,3.582,5270689.0,2021624139.00
20230612,3.578,3.606,3.564,3.586,4596593.0,1768357700.00
20230613,3.578,3.616,3.576,3.613,3503880.0,1353181342.00
20230614,3.615,3.638,3.611,3.613,4441136.0,1727523754.00
20230615,3.621,3.674,3.616,3.673,5084305.0,1990297387.00
20230616,3.680,3.716,3.680,3.708,6021488.0,2389873017.00
20230619,3.708,3.708,3.675,3.680,4003074.0,1583693179.00
20230620,3.673,3.689,3.668,3.673,3538923.0,1396571289.00
20230621,3.667,3.671,3.620,3.622,4893537.0,1915610962.00
20230626,3.603,3.606,3.570,3.581,6404956.0,2462685974.00
20230627,3.580,3.615,3.574,3.605,3971021.0,1532293882.00
20230628,3.600,3.614,3.576,3.613,4627456.0,1786039957.00
20230629,3.613,3.615,3.585,3.596,3002626.0,1159259690.00
20230630,3.595,3.634,3.591,3.618,5299183.0,2058017000.00
20230703,3.625,3.671,3.623,3.659,4739097.0,1857984546.00
20230704,3.658,3.668,3.652,3.666,2521213.0,990312869.00
20230705,3.660,3.666,3.635,3.641,2712152.0,1061461518.00
20230706,3.634,3.653,3.610,3.615,3467439.0,1349288877.00
20230707,3.611,3.619,3.596,3.604,3022777.0,1170006594.00
20230710,3.621,3.644,3.608,3.619,4284868.0,1668025659.00
20230711,3.632,3.648,3.622,3.644,5874389.0,2292218456.00
20230712,3.647,3.653,3.617,3.626,3894108.0,1520311053.00
20230713,3.644,3.687,3.644,3.685,5722866.0,2254997240.00
20230714,3.690,3.694,3.681,3.683,3632621.0,1437431006.00
20230717,3.677,3.677,3.642,3.657,4486126.0,1757874089.00
20230718,3.658,3.664,3.639,3.651,2666707.0,1044528809.00
20230719,3.644,3.657,3.630,3.649,5012407.0,1958620837.00
20230720,3.656,3.673,3.617,3.623,8715071.0,3409059171.00
20230721,3.623,3.650,3.611,3.625,7272501.0,2831069309.00
20230724,3.606,3.632,3.601,3.609,4549820.0,1762582928.00
20230725,3.653,3.714,3.653,3.714,11409824.0,4516702930.00
20230726,3.709,3.711,3.691,3.705,5880386.0,2336248742.00
20230727,3.714,3.726,3.690,3.701,6024658.0,2399970524.00
20230728,3.684,3.797,3.684,3.791,14964884.0,6045486970.00
20230731,3.821,3.859,3.796,3.806,17906350.0,7347223022.00
20230801,3.802,3.825,3.779,3.789,11359816.0,4628166309.00
20230802,3.782,3.802,3.752,3.762,7894398.0,3195405068.00
20230803,3.756,3.797,3.756,3.796,7379311.0,2990984772.00
20230804,3.835,3.850,3.802,3.815,14223575.0,5844695555.00
20230807,3.798,3.798,3.773,3.786,12814224.0,5203107906.00
20230808,3.772,3.797,3.760,3.772,11165791.0,4524172048.00
20230809,3.763,3.779,3.759,3.765,13325079.0,5388159549.00
20230810,3.763,3.774,3.741,3.769,9382509.0,3788454446.00
20230811,3.769,3.772,3.679,3.681,12885598.0,5137860063.00
20230814,3.652,3.664,3.619,3.656,10386003.0,4062406138.00
20230815,3.659,3.667,3.617,3.652,8165194.0,3193418408.00
20230816,3.636,3.655,3.622,3.624,8558495.0,3338499228.00
20230817,3.607,3.643,3.592,3.636,11561183.0,4488757418.00
20230818,3.638,3.647,3.589,3.590,12755465.0,4949895035.00
20230821,3.581,3.591,3.538,3.541,11009244.0,4211773045.00
20230822,3.558,3.579,3.515,3.563,13315289.0,5068251898.00
20230823,3.550,3.561,3.503,3.511,10824197.0,4103294099.00
20230824,3.518,3.560,3.515,3.533,9526548.0,3613485225.00
20230825,3.519,3.550,3.511,3.526,11745355.0,4441349667.00
20230828,3.738,3.738,3.550,3.576,28220118.0,10967426433.00
20230829,3.560,3.623,3.558,3.596,21940525.0,8447914072.00
20230830,3.601,3.619,3.588,3.595,10361323.0,4005949852.00
20230831,3.595,3.602,3.569,3.577,8384688.0,3223625329.00
20230901,3.594,3.616,3.588,3.599,7926925.0,3061777815.00
20230904,3.625,3.662,3.610,3.653,11855233.0,4631839161.00
20230905,3.644,3.645,3.620,3.628,6297701.0,2454185740.00
20230906,3.616,3.628,3.603,3.618,7151761.0,2772119111.00
20230907,3.611,3.612,3.565,3.569,9410350.0,3620025670.00
20230908,3.555,3.567,3.537,3.550,8186358.0,3117927088.00
20230911,3.550,3.598,3.544,3.576,8166508.0,3130054721.00
20230912,3.573,3.584,3.564,3.571,5949369.0,2280742952.00
20230913,3.570,3.580,3.529,3.548,10321331.0,3927790358.00
20230914,3.547,3.558,3.527,3.545,9282830.0,3527433204.00
20230915,3.551,3.558,3.512,3.529,11906221.0,4515384978.00
20230918,3.521,3.551,3.508,3.541,9859264.0,3740921119.00
20230919,3.537,3.539,3.515,3.536,7270063.0,2752539515.00
20230920,3.527,3.535,3.520,3.520,6341355.0,2399486875.00
20230921,3.512,3.525,3.486,3.487,8991970.0,3378417953.00
20230922,3.481,3.558,3.481,3.557,12471166.0,4719058010.00
20230925,3.547,3.550,3.524,3.531,7009057.0,2656946227.00
20230926,3.528,3.538,3.509,3.511,8629085.0,3257834057.00
20230927,3.510,3.546,3.509,3.521,10780540.0,4074752971.00
20230928,3.527,3.533,3.500,3.508,11206124.0,4221645459.00
20231009,3.501,3.511,3.460,3.498,8752131.0,3273783140.00
20231010,3.509,3.521,3.470,3.473,9279324.0,3475885457.00
20231011,3.490,3.506,3.473,3.481,8934987.0,3346389864.00
20231012,3.513,3.527,3.496,3.514,9335216.0,3516113484.00
20231013,3.495,3.495,3.470,3.481,11350953.0,4239502340.00
20231016,3.481,3.483,3.431,3.441,11389806.0,4217878506.00
20231017,3.448,3.460,3.436,3.453,8880603.0,3286594496.00
20231018,3.447,3.451,3.425,3.426,8102706.0,2986654336.00
20231019,3.411,3.411,3.350,3.355,16903688.0,6128588638.00
20231020,3.339,3.355,3.322,3.338,17404462.0,6233727376.00
20231023,3.325,3.327,3.273,3.303,27102417.0,9591980200.00
20231024,3.311,3.320,3.280,3.307,15350130.0,5440874384.00
20231025,3.344,3.358,3.324,3.326,13833516.0,4957392955.00
20231026,3.313,3.342,3.306,3.338,11436095.0,4074940755.00
20231027,3.331,3.400,3.322,3.388,16476624.0,5952697550.00
20231030,3.375,3.413,3.373,3.403,9614014.0,3503763582.00
20231031,3.397,3.401,3.375,3.396,8396600.0,3053046237.00
20231101,3.429,3.429,3.385,3.394,8119834.0,2960433483.00
20231102,3.399,3.419,3.377,3.378,10753816.0,3915900772.00
20231103,3.384,3.418,3.383,3.404,10578227.0,3863396873.00
20231106,3.425,3.453,3.424,3.449,11766496.0,4344615629.00
20231107,3.440,3.449,3.426,3.439,6575291.0,2424393951.00
20231108,3.432,3.444,3.409,3.428,11353212.0,4175672871.00
20231109,3.421,3.443,3.419,3.431,8185694.0,3012831353.00
20231110,3.418,3.418,3.395,3.406,7841768.0,2864208754.00
20231113,3.410,3.416,3.383,3.401,6744633.0,2456900620.00
20231114,3.405,3.420,3.387,3.401,7533172.0,2750944509.00
20231115,3.429,3.440,3.413,3.425,9940631.0,3654308894.00
20231116,3.420,3.423,3.389,3.391,8815567.0,3216526669.00
20231117,3.383,3.390,3.366,3.386,11984509.0,4344183851.00
20231120,3.389,3.408,3.364,3.397,8584304.0,3119864711.00
20231121,3.406,3.435,3.392,3.401,9316055.0,3414862520.00
20231122,3.393,3.398,3.364,3.365,7622027.0,2765607794.00
20231123,3.363,3.385,3.350,3.383,7749718.0,2800813039.00
20231124,3.379,3.380,3.353,3.359,7434533.0,2684275512.00
20231127,3.358,3.358,3.315,3.337,7762956.0,2773819650.00
20231128,3.331,3.345,3.323,3.341,7274837.0,2603222024.00
20231129,3.342,3.344,3.303,3.316,7590570.0,2702123586.00
20231130,3.312,3.329,3.305,3.319,6678101.0,2377329010.00
20231201,3.318,3.324,3.279,3.306,8604681.0,3046328676.00
20231204,3.309,3.312,3.283,3.284,6925230.0,2448340185.00
20231205,3.279,3.279,3.221,3.222,10087896.0,3519764103.00
20231206,3.219,3.246,3.209,3.227,10019449.0,3471511576.00
20231207,3.225,3.232,3.197,3.219,9345058.0,3222732043.00
20231208,3.220,3.236,3.215,3.225,7091986.0,2456531937.00
20231211,3.206,3.259,3.182,3.248,9982478.0,3440612626.00
20231212,3.239,3.257,3.236,3.255,6407242.0,2232549949.00
20231213,3.245,3.249,3.198,3.201,7088152.0,2449237490.00
20231214,3.216,3.229,3.181,3.186,7415331.0,2548257393.00
20231215,3.196,3.219,3.173,3.180,8999768.0,3083345817.00
20231218,3.167,3.186,3.150,3.167,8473038.0,2880805451.00
20231219,3.166,3.181,3.150,3.168,10985366.0,3728059629.00
20231220,3.172,3.177,3.136,3.139,10347176.0,3505163477.00
20231221,3.126,3.179,3.124,3.168,15924481.0,5392955427.00
20231222,3.166,3.196,3.152,3.174,20765265.0,7076759645.00
20231225,3.173,3.187,3.169,3.182,10041465.0,3425066434.00
20231226,3.180,3.180,3.154,3.164,7771693.0,2637394901.00
20231227,3.165,3.179,3.148,3.173,8361725.0,2840693989.00
20231228,3.169,3.260,3.168,3.251,23832992.0,8259924175.00
20231229,3.250,3.266,3.245,3.261,25188735.0,8806298908.00
20240102,3.263,3.263,3.216,3.218,9429306.0,3269676679.00
20240103,3.211,3.224,3.194,3.208,10617503.0,3654757871.00
20240104,3.208,3.208,3.156,3.180,16661525.0,5674869534.00
20240105,3.172,3.205,3.147,3.165,16996697.0,5796964474.00
20240108,3.158,3.171,3.118,3.121,17304244.0,5816612453.00
20240109,3.123,3.141,3.112,3.128,11312178.0,3794394933.00
20240110,3.122,3.151,3.105,3.113,9582541.0,3211385597.00
20240111,3.113,3.150,3.107,3.131,12662372.0,4254642485.00
20240112,3.123,3.147,3.118,3.121,8413273.0,2826380699.00
20240115,3.103,3.145,3.098,3.117,9055706.0,3030920178.00
20240116,3.112,3.139,3.099,3.138,17689524.0,5925099758.00
20240117,3.128,3.128,3.066,3.068,12862152.0,4278633103.00
20240118,3.059,3.113,3.010,3.107,47543511.0,15257021704.00
20240119,3.089,3.123,3.082,3.113,36944521.0,12079016731.00
20240122,3.104,3.113,3.035,3.048,46470565.0,15113081733.00
20240123,3.041,3.087,3.029,3.069,13924804.0,4481443569.00
20240124,3.079,3.118,3.031,3.117,22789369.0,7373901841.00
20240125,3.109,3.175,3.100,3.170,16487014.0,5449682868.00
20240126,3.164,3.185,3.148,3.165,21833051.0,7273329362.00
20240129,3.167,3.180,3.135,3.136,10113930.0,3358335864.00
20240130,3.119,3.135,3.081,3.083,18892623.0,6186331951.00
20240131,3.073,3.089,3.039,3.063,19090997.0,6157214385.00
20240201,3.042,3.088,3.032,3.059,18909976.0,6091552414.00
20240202,3.059,3.072,2.949,3.031,25386942.0,8074716502.00
20240205,3.002,3.074,2.957,3.050,26601787.0,8439536816.00
20240206,3.028,3.150,3.025,3.147,20089182.0,6562526022.00
20240207,3.147,3.177,3.125,3.175,34658147.0,11514587248.00
20240208,3.186,3.200,3.168,3.196,23942620.0,8019665628.00
20240219,3.207,3.224,3.189,3.222,14861876.0,5016056179.00
20240220,3.216,3.237,3.205,3.233,9801668.0,3322077448.00
20240221,3.221,3.323,3.215,3.279,16009581.0,5528334980.00
20240222,3.277,3.305,3.271,3.303,9446351.0,3270537309.00
20240223,3.303,3.324,3.293,3.306,10908774.0,3794512188.00
20240226,3.304,3.310,3.267,3.273,11172368.0,3865703825.00
20240227,3.265,3.314,3.263,3.312,10468849.0,3620336718.00
20240228,3.315,3.340,3.276,3.278,28549979.0,9926190298.00
20240229,3.270,3.334,3.267,3.330,14835850.0,5163736038.00
20240301,3.328,3.365,3.322,3.356,12256393.0,4311480716.00
20240304,3.352,3.362,3.335,3.353,10146550.0,3576642516.00
20240305,3.341,3.390,3.335,3.380,27991019.0,9924986737.00
20240306,3.376,3.396,3.363,3.367,12995274.0,4612496593.00
20240307,3.366,3.384,3.341,3.349,10589480.0,3740550492.00
20240308,3.351,3.365,3.331,3.359,8621877.0,3038389403.00
20240311,3.357,3.407,3.356,3.404,11207615.0,3980306235.00
20240312,3.406,3.421,3.392,3.409,11058396.0,3962320648.00
20240313,3.408,3.408,3.379,3.389,6858706.0,2448621615.00
20240314,3.384,3.410,3.360,3.377,7018811.0,2499760281.00
20240315,3.367,3.390,3.348,3.385,8490238.0,3005272035.00
20240318,3.385,3.416,3.385,3.415,7873329.0,2817049387.00
20240319,3.409,3.422,3.389,3.393,6548752.0,2344663833.00
20240320,3.385,3.405,3.382,3.396,5379620.0,1920793104.00
20240321,3.403,3.417,3.389,3.394,6197332.0,2218906080.00
20240322,3.391,3.392,3.339,3.364,14506378.0,5127448694.00
20240325,3.356,3.379,3.343,3.346,6305427.0,2227919111.00
20240326,3.346,3.363,3.339,3.357,8791033.0,3098650768.00
20240327,3.352,3.358,3.320,3.321,8746475.0,3074186800.00
20240328,3.319,3.369,3.309,3.337,10319251.0,3626832966.00
20240329,3.334,3.356,3.332,3.352,6511959.0,2290152714.00
20240401,3.365,3.417,3.364,3.407,10932625.0,3911633845.00
20240402,3.406,3.410,3.385,3.396,5831914.0,2083908475.00
20240403,3.394,3.396,3.373,3.382,5983464.0,2129802753.00
20240408,3.375,3.380,3.350,3.355,7099487.0,2511699150.00
20240409,3.353,3.359,3.339,3.349,5345371.0,1882130476.00
20240410,3.350,3.350,3.308,3.324,6816711.0,2385834189.00
20240411,3.309,3.340,3.303,3.321,5391159.0,1884073688.00
20240412,3.321,3.332,3.286,3.295,7405129.0,2575786144.00
20240415,3.295,3.370,3.293,3.364,10999537.0,3869936517.00
20240416,3.350,3.360,3.319,3.334,9132298.0,3210005558.00
20240417,3.334,3.381,3.319,3.378,9964664.0,3514407052.00
20240418,3.369,3.417,3.366,3.383,9302193.0,3319194192.00
20240419,3.370,3.378,3.344,3.357,6442757.0,2277856492.00
20240422,3.356,3.377,3.344,3.350,7251824.0,2562064527.00
20240423,3.350,3.356,3.321,3.326,9428474.0,3302843911.00
20240424,3.332,3.343,3.317,3.340,5942319.0,2081789894.00
20240425,3.330,3.362,3.322,3.349,6647552.0,2337486533.00
20240426,3.350,3.404,3.350,3.397,13743140.0,4889467155.00
20240429,3.400,3.458,3.396,3.437,15303224.0,5523568416.00
20240430,3.436,3.445,3.418,3.420,8231090.0,2971763282.00
20240506,3.460,3.483,3.455,3.468,13090611.0,4778963455.00
20240507,3.465,3.475,3.457,3.470,6860184.0,2503006857.00
20240508,3.463,3.464,3.439,3.442,6387759.0,2318202807.00
20240509,3.441,3.481,3.440,3.475,6502023.0,2372500248.00
20240510,3.482,3.489,3.452,3.477,8650954.0,3157134929.00
20240513,3.457,3.485,3.440,3.475,7411594.0,2701728525.00
20240514,3.475,3.489,3.458,3.469,5876668.0,2144402883.00
20240515,3.467,3.471,3.438,3.444,8559463.0,3109209781.00
20240516,3.451,3.471,3.442,3.455,10511975.0,3822598483.00
20240517,3.455,3.497,3.444,3.494,9320469.0,3401620100.00
20240520,3.500,3.517,3.489,3.502,9365359.0,3450627455.00
20240521,3.497,3.501,3.479,3.491,4969839.0,1824951018.00
20240522,3.489,3.507,3.482,3.498,6766846.0,2488949571.00
20240523,3.490,3.493,3.452,3.463,6988061.0,2548466424.00
20240524,3.453,3.470,3.420,3.424,8412742.0,3048259226.00
20240527,3.427,3.455,3.423,3.453,6696225.0,2421614804.00
20240528,3.452,3.454,3.424,3.431,5317532.0,1923959394.00
20240529,3.430,3.454,3.423,3.432,6152451.0,2225724205.00
20240530,3.425,3.446,3.411,3.418,7779253.0,2801007806.00
20240531,3.424,3.437,3.403,3.405,7232183.0,2602439724.00
20240603,3.403,3.421,3.389,3.410,7075116.0,2533469501.00
20240604,3.408,3.445,3.402,3.434,6817379.0,2455442420.00
20240605,3.435,3.443,3.419,3.421,5839394.0,2108415409.00
20240606,3.428,3.451,3.408,3.421,10266993.0,3703349866.00
20240607,3.424,3.432,3.379,3.399,10281271.0,3679748332.00
20240611,3.391,3.393,3.359,3.376,8799170.0,3120655858.00
20240612,3.369,3.380,3.361,3.372,5698353.0,2021361645.00
20240613,3.379,3.382,3.351,3.359,5488037.0,1942881857.00
20240614,3.353,3.382,3.343,3.378,6741040.0,2384388229.00
20240617,3.362,3.378,3.358,3.369,3930172.0,1393127820.00
20240618,3.374,3.389,3.368,3.379,5490352.0,1951607302.00
20240619,3.381,3.385,3.365,3.370,5308595.0,1883345443.00
20240620,3.368,3.376,3.342,3.348,5546558.0,1957492953.00
20240621,3.343,3.351,3.321,3.342,19658677.0,6909858710.00
20240624,3.329,3.352,3.321,3.326,20875455.0,7315197212.00
20240625,3.322,3.331,3.288,3.306,17384585.0,6057065481.00
20240626,3.299,3.334,3.293,3.326,10454895.0,3639499501.00
20240627,3.318,3.323,3.302,3.308,14337049.0,4995169625.00
20240628,3.302,3.338,3.301,3.315,12755434.0,4457663634.00
20240701,3.315,3.334,3.296,3.328,8536040.0,2977313191.00
20240702,3.321,3.338,3.317,3.323,5992049.0,2097312039.00
20240703,3.321,3.330,3.308,3.318,7914240.0,2761083445.00
20240704,3.321,3.336,3.301,3.303,15599237.0,5436186195.00
20240705,3.299,3.306,3.259,3.287,16363845.0,5643439643.00
20240708,3.281,3.287,3.257,3.264,9426255.0,3240708452.00
20240709,3.260,3.312,3.249,3.300,10688956.0,3689270214.00
20240710,3.293,3.310,3.289,3.292,5792821.0,2010659819.00
20240711,3.318,3.345,3.305,3.336,10524378.0,3685787239.00
20240712,3.338,3.350,3.332,3.345,8723694.0,3066853429.00
20240715,3.338,3.357,3.335,3.352,12550082.0,4423002980.00
20240716,3.346,3.379,3.343,3.376,16125087.0,5710212236.00
20240717,3.374,3.394,3.365,3.380,22565644.0,8028962162.00
20240718,3.366,3.402,3.358,3.400,19611815.0,6976289739.00
20240719,3.389,3.428,3.377,3.422,31696626.0,11368072270.00
20240722,3.417,3.420,3.376,3.395,17163073.0,6131911990.00
20240723,3.390,3.395,3.325,3.328,9195337.0,3244779189.00
20240724,3.322,3.336,3.295,3.307,14910835.0,5196094516.00
20240725,3.293,3.304,3.271,3.288,20455525.0,7073298526.00
20240726,3.289,3.311,3.282,3.302,13579703.0,4708501591.00
20240729,3.299,3.301,3.282,3.283,5949376.0,2058113230.00
20240730,3.276,3.276,3.248,3.262,15250861.0,5228653801.00
20240731,3.262,3.337,3.258,3.335,15389083.0,5353003146.00
20240801,3.329,3.341,3.309,3.311,7965404.0,2783731528.00
20240802,3.289,3.311,3.271,3.277,12997733.0,4492045041.00
20240805,3.262,3.302,3.239,3.240,20183109.0,6920794410.00
20240806,3.259,3.268,3.214,3.240,12936275.0,4403870273.00
20240807,3.233,3.256,3.224,3.233,6125438.0,2088374404.00
20240808,3.228,3.260,3.216,3.237,8541072.0,2910131505.00
20240809,3.247,3.261,3.224,3.225,6040536.0,2060032809.00
20240812,3.224,3.234,3.216,3.222,5102200.0,1730501718.00
20240813,3.224,3.230,3.205,3.226,6958063.0,2355493509.00
20240814,3.227,3.227,3.203,3.204,5610998.0,1895836817.00
20240815,3.199,3.254,3.195,3.240,19046381.0,6477429750.00
20240816,3.236,3.253,3.230,3.242,16407617.0,5598868064.00
20240819,3.241,3.274,3.239,3.250,7478253.0,2564014062.00
20240820,3.255,3.257,3.221,3.235,15944748.0,5419638977.00
20240821,3.224,3.238,3.207,3.221,10553698.0,3580301585.00
20240822,3.223,3.227,3.205,3.212,12504794.0,4229630780.00
20240823,3.205,3.237,3.205,3.225,8203428.0,2781431192.00
20240826,3.227,3.239,3.211,3.226,14006799.0,4747763549.00
20240827,3.220,3.223,3.201,3.210,12142201.0,4098131754.00
20240828,3.204,3.210,3.180,3.191,19955803.0,6698906857.00
20240829,3.184,3.196,3.175,3.182,15082477.0,5052924865.00
20240830,3.177,3.254,3.177,3.224,17858998.0,6055678708.00
20240902,3.214,3.216,3.166,3.167,11333065.0,3798026307.00
20240903,3.166,3.186,3.164,3.179,12935523.0,4323110376.00
20240904,3.167,3.178,3.157,3.159,6803058.0,2264442533.00
20240905,3.162,3.175,3.156,3.166,16005558.0,5326213535.00
20240906,3.170,3.180,3.137,3.139,7933157.0,2635539673.00
20240909,3.129,3.133,3.090,3.100,10188971.0,3333497562.00
20240910,3.102,3.113,3.079,3.100,8666554.0,2821540043.00
20240911,3.092,3.106,3.081,3.093,7808902.0,2540394225.00
20240912,3.098,3.110,3.081,3.083,6423793.0,2090444738.00
20240913,3.085,3.096,3.068,3.069,8504681.0,2758508174.00
20240918,3.068,3.090,3.056,3.078,12254391.0,3961249915.00
20240919,3.083,3.124,3.057,3.104,16348870.0,5332278336.00
20240920,3.097,3.117,3.079,3.112,23065620.0,7514201387.00
20240923,3.108,3.137,3.102,3.121,8973165.0,2948484470.00
20240924,3.150,3.260,3.130,3.258,39185162.0,13212614699.00
20240925,3.317,3.369,3.296,3.302,32373469.0,11342949010.00
20240926,3.297,3.463,3.296,3.460,44429621.0,15792061339.00
20240927,3.517,3.739,3.489,3.678,25594612.0,9610052344.00
20240930,3.809,4.031,3.685,4.024,63702341.0,25799279642.00
20241008,4.426,4.426,4.000,4.194,86298224.0,38303717305.00
20241009,4.073,4.073,3.807,3.823,54091966.0,22450547643.00
20241010,3.869,3.978,3.802,3.884,37790001.0,15473060494.00
20241011,3.857,3.860,3.729,3.781,40900777.0,16347430929.00
20241014,3.790,3.860,3.751,3.840,31049317.0,12444027076.00
20241015,3.816,3.846,3.733,3.737,26138707.0,10426846503.00
20241016,3.699,3.764,3.690,3.713,21611196.0,8450464021.00
20241017,3.736,3.764,3.671,3.672,29354356.0,11450617810.00
20241018,3.667,3.915,3.656,3.818,36209179.0,14349439594.00
20241021,3.819,3.860,3.783,3.818,25293364.0,10167737315.00
20241022,3.804,3.846,3.803,3.840,16669245.0,6711416524.00
20241023,3.840,3.895,3.822,3.855,22666292.0,9196021921.00
20241024,3.839,3.842,3.796,3.813,15982487.0,6418011399.00
20241025,3.814,3.877,3.805,3.840,16852658.0,6801807389.00
20241028,3.836,3.847,3.802,3.846,13963081.0,5622580497.00
20241029,3.850,3.878,3.805,3.815,17946282.0,7237339621.00
20241030,3.803,3.813,3.750,3.775,18128591.0,7210707530.00
20241031,3.773,3.809,3.744,3.775,17636493.0,7004839523.00
20241101,3.768,3.820,3.765,3.783,18177560.0,7259471612.00
20241104,3.785,3.835,3.775,3.833,12493144.0,4997179234.00
20241105,3.825,3.935,3.812,3.933,27630144.0,11308231751.00
20241106,3.933,3.974,3.883,3.908,21734248.0,8976072158.00
20241107,3.879,4.040,3.875,4.038,27887189.0,11598082835.00
20241108,4.071,4.078,3.972,3.987,28080232.0,11867165449.00
20241111,3.947,4.011,3.926,4.007,23043651.0,9617369865.00
20241112,4.002,4.057,3.940,3.963,23041668.0,9698713979.00
20241113,3.945,3.998,3.941,3.988,15727943.0,6569000903.00
20241114,3.981,3.995,3.914,3.920,14438853.0,6015521584.00
20241115,3.911,3.930,3.850,3.855,16769935.0,6875318302.00
20241118,3.870,3.915,3.815,3.839,16100926.0,6552723785.00
20241119,3.840,3.860,3.784,3.858,16705449.0,6731130787.00
20241120,3.846,3.883,3.839,3.867,15485304.0,6285302021.00
20241121,3.860,3.880,3.848,3.872,10454707.0,4249179703.00
20241122,3.870,3.873,3.751,3.758,17571913.0,7058103342.00
20241125,3.760,3.776,3.702,3.737,13590858.0,5349569691.00
20241126,3.721,3.761,3.720,3.729,7847079.0,3086739740.00
20241127,3.723,3.795,3.708,3.790,14519874.0,5739351636.00
20241128,3.787,3.792,3.753,3.763,10724073.0,4256335685.00
20241129,3.764,3.847,3.762,3.803,15297716.0,6126864756.00
20241202,3.800,3.843,3.790,3.832,9816348.0,3948066718.00
20241203,3.831,3.852,3.807,3.836,15244237.0,6140454912.00
20241204,3.831,3.841,3.805,3.816,10069479.0,4047901832.00
20241205,3.808,3.823,3.797,3.809,7595229.0,3042872203.00
20241206,3.809,3.883,3.808,3.857,17762294.0,7198784380.00
20241209,3.854,3.879,3.831,3.854,12464187.0,5050072365.00
20241210,3.973,3.991,3.872,3.883,24827953.0,10257484391.00
20241211,3.877,3.892,3.864,3.874,12587160.0,5136178221.00
20241212,3.876,3.918,3.865,3.914,13601804.0,5577925837.00
20241213,3.890,3.890,3.814,3.821,23465697.0,9490500688.00
20241216,3.820,3.822,3.789,3.799,9893231.0,3956401792.00
20241217,3.796,3.843,3.794,3.809,13646692.0,5482919074.00
20241218,3.821,3.840,3.817,3.825,10236096.0,4121893614.00
20241219,3.802,3.839,3.784,3.831,9903622.0,3977931242.00
20241220,3.825,3.845,3.814,3.820,12230620.0,4921231692.00
20241223,3.819,3.853,3.817,3.823,14247022.0,5749434770.00
20241224,3.825,3.875,3.823,3.868,14563434.0,5907574012.00
20241225,3.871,3.892,3.854,3.871,14181375.0,5775975676.00
20241226,3.871,3.878,3.856,3.872,9470234.0,3855435790.00
20241227,3.875,3.897,3.860,3.866,10869639.0,4428609591.00
20241230,3.865,3.891,3.864,3.884,13119335.0,5359063002.00
20241231,3.885,3.892,3.821,3.823,18436188.0,7479851076.00
20250102,3.821,3.822,3.689,3.716,21729803.0,8582891966.00
20250103,3.716,3.727,3.663,3.678,15930226.0,6191152281.00
20250106,3.674,3.682,3.639,3.663,12986739.0,5000830631.00
20250107,3.655,3.690,3.647,3.688,9689740.0,3741067135.00
20250108,3.679,3.706,3.627,3.683,14097968.0,5440502616.00
20250109,3.672,3.688,3.667,3.675,8060658.0,3119907404.00
20250110,3.674,3.684,3.633,3.634,8265725.0,3179602825.00
20250113,3.613,3.637,3.606,3.620,9493947.0,3613570705.00
20250114,3.627,3.725,3.621,3.713,16445462.0,6369926276.00
20250115,3.704,3.711,3.686,3.691,7420496.0,2886729493.00
20250116,3.704,3.739,3.670,3.693,11090052.0,4322396833.00
20250117,3.684,3.728,3.677,3.706,8476993.0,3304922190.00
20250120,3.727,3.754,3.715,3.724,9202943.0,3619235609.00
20250121,3.743,3.746,3.712,3.728,7439264.0,2916284005.00
20250122,3.723,3.723,3.677,3.694,10996807.0,4270106497.00
20250123,3.722,3.763,3.702,3.705,10385928.0,4075002566.00
20250124,3.697,3.748,3.691,3.735,11436475.0,4485387449.00
20250127,3.742,3.750,3.711,3.714,13053850.0,5123431141.00
20250205,3.736,3.740,3.687,3.695,7515497.0,2927530877.00
20250206,3.692,3.743,3.689,3.738,13886365.0,5435915349.00
20250207,3.739,3.816,3.732,3.791,19306314.0,7669642167.00
20250210,3.792,3.802,3.778,3.795,12672646.0,5055466090.00
20250211,3.800,3.801,3.767,3.780,9990359.0,3973032663.00
20250212,3.778,3.821,3.764,3.816,9789537.0,3903102518.00
20250213,3.811,3.835,3.801,3.806,11758227.0,4719508133.00
20250214,3.802,3.840,3.800,3.835,12924287.0,5196144834.00
20250217,3.844,3.853,3.814,3.841,13341020.0,5380966546.00
20250218,3.836,3.858,3.799,3.814,12465911.0,5027787885.00
20250219,3.807,3.841,3.802,3.834,10190769.0,4102654822.00
20250220,3.830,3.834,3.810,3.822,10186035.0,4094980472.00
20250221,3.833,3.879,3.821,3.874,14372665.0,5834090272.00
20250224,3.869,3.887,3.841,3.861,15385782.0,6256202737.00
20250225,3.836,3.851,3.810,3.822,8924900.0,3596194905.00
20250226,3.829,3.855,3.821,3.854,13456581.0,5430499637.00
20250227,3.856,3.868,3.829,3.866,11285856.0,4570197712.00
20250228,3.849,3.864,3.785,3.797,13293340.0,5343803359.00
20250303,3.798,3.828,3.770,3.784,11457686.0,4581300848.00
20250304,3.764,3.787,3.757,3.781,10121848.0,4019370464.00
20250305,3.783,3.802,3.772,3.797,11919016.0,4748819506.00
20250306,3.817,3.861,3.813,3.849,13710079.0,5540793751.00
20250307,3.840,3.860,3.831,3.840,11559971.0,4671741021.00
20250310,3.838,3.842,3.802,3.824,14427837.0,5792520821.00
20250311,3.797,3.837,3.793,3.836,10029170.0,4027510341.00
20250312,3.839,3.850,3.820,3.826,6092317.0,2456951615.00
20250313,3.825,3.834,3.796,3.807,6410438.0,2572874364.00
20250314,3.814,3.910,3.812,3.903,19037183.0,7767222868.00
20250317,3.915,3.919,3.886,3.892,11330420.0,4647468370.00
20250318,3.905,3.912,3.889,3.900,8114043.0,3329371908.00
20250319,3.896,3.917,3.882,3.906,8798313.0,3609853058.00
20250320,3.906,3.906,3.867,3.875,8751426.0,3573521338.00
20250321,3.862,3.878,3.802,3.812,10149157.0,4092584085.00
20250324,3.811,3.832,3.806,3.828,7912221.0,3179823658.00
20250325,3.829,3.840,3.819,3.830,6115316.0,2463223975.00
20250326,3.826,3.840,3.812,3.815,7742554.0,3114333330.00
20250327,3.813,3.850,3.798,3.828,8015252.0,3224972886.00
20250328,3.828,3.830,3.802,3.810,7043048.0,2826192921.00
20250331,3.806,3.825,3.773,3.787,9021729.0,3600807134.00
20250401,3.791,3.805,3.783,3.785,6150155.0,2452333015.00
20250402,3.786,3.799,3.775,3.783,6291176.0,2505793835.00
20250403,3.753,3.783,3.748,3.763,11143308.0,4411676416.00
20250407,3.612,3.650,3.426,3.513,65609880.0,24314516116.00
20250408,3.515,3.554,3.490,3.546,58535333.0,21668647143.00
20250409,3.513,3.588,3.496,3.580,16982014.0,6334479040.00
20250410,3.629,3.657,3.610,3.640,14296317.0,5465041115.00
20250411,3.622,3.661,3.612,3.650,8619842.0,3298517131.00
20250414,3.668,3.674,3.652,3.658,9415710.0,3627429751.00
20250415,3.654,3.667,3.636,3.661,9817935.0,3773853446.00
20250416,3.651,3.678,3.623,3.669,21771337.0,8373466072.00
20250417,3.652,3.680,3.651,3.672,13873406.0,5357723628.00
20250418,3.667,3.687,3.657,3.682,13780507.0,5327127532.00
20250421,3.674,3.694,3.667,3.684,7126315.0,2762708291.00
20250422,3.684,3.701,3.682,3.686,7520436.0,2919236921.00
20250423,3.700,3.714,3.682,3.690,6155041.0,2391310228.00
20250424,3.690,3.710,3.680,3.690,4873615.0,1894334207.00
20250425,3.695,3.706,3.684,3.690,5771935.0,2243036186.00
20250428,3.691,3.694,3.673,3.685,6247090.0,2421364302.00
20250429,3.683,3.688,3.671,3.678,4947350.0,1914265261.00
20250430,3.679,3.694,3.673,3.675,5004537.0,1937487287.00
20250506,3.694,3.713,3.688,3.710,7178253.0,2795762533.00
20250507,3.755,3.766,3.717,3.733,10470812.0,4110994908.00
20250508,3.725,3.770,3.725,3.755,7820057.0,3087094213.00
20250509,3.751,3.755,3.738,3.750,6933748.0,2734071470.00
20250512,3.767,3.795,3.762,3.793,8365002.0,3327197559.00
20250513,3.813,3.814,3.791,3.797,7934009.0,3170416334.00
20250514,3.798,3.865,3.795,3.845,12147902.0,4893477242.00
20250515,3.839,3.841,3.806,3.813,8177224.0,3287897242.00
20250516,3.804,3.811,3.781,3.792,7302837.0,2913902471.00
20250519,3.787,3.791,3.769,3.786,5562981.0,2212057935.00
20250520,3.787,3.818,3.783,3.805,5499875.0,2198868086.00
20250521,3.806,3.832,3.805,3.821,5606031.0,2253851046.00
20250522,3.820,3.828,3.805,3.819,4919320.0,1975447858.00
20250523,3.814,3.840,3.790,3.791,8450891.0,3391996057.00
20250526,3.785,3.796,3.761,3.771,7404857.0,2939168237.00
20250527,3.769,3.773,3.744,3.751,5782884.0,2285272068.00
20250528,3.752,3.761,3.744,3.747,5399202.0,2130111536.00
20250529,3.750,3.783,3.744,3.770,8910394.0,3531865335.00
20250530,3.763,3.768,3.738,3.763,7370307.0,2910576350.00
20250603,3.751,3.776,3.747,3.762,5967868.0,2361902723.00
20250604,3.763,3.788,3.763,3.778,4645434.0,1846404388.00
20250605,3.782,3.797,3.771,3.787,5319657.0,2116243913.00
20250606,3.790,3.802,3.782,3.789,4888808.0,1948178948.00
20250609,3.792,3.812,3.787,3.798,5810982.0,2322756628.00
20250610,3.800,3.807,3.763,3.776,7710518.0,3069054930.00
20250611,3.778,3.825,3.778,3.806,11035095.0,4422015631.00
20250612,3.801,3.815,3.783,3.808,6900872.0,2758909222.00
20250613,3.801,3.804,3.771,3.783,6980168.0,2779843230.00
20250616,3.778,3.797,3.775,3.793,6493267.0,2586770171.00
20250617,3.794,3.800,3.778,3.792,4828913.0,1925078391.00
20250618,3.802,3.809,3.782,3.803,4808034.0,1874167101.00
20250619,3.797,3.798,3.763,3.773,6007886.0,2331339243.00
20250620,3.772,3.787,3.771,3.778,4230441.0,1641824026.00
20250623,3.769,3.801,3.762,3.790,7492447.0,2908735828.00
20250624,3.795,3.848,3.795,3.834,12245549.0,4815432117.00
20250625,3.837,3.899,3.833,3.897,17241161.0,6841352725.00
20250626,3.892,3.900,3.882,3.883,9379679.0,3745893284.00
20250627,3.887,3.909,3.856,3.860,10696914.0,4258505726.00
20250630,3.858,3.882,3.854,3.879,10819590.0,4300171928.00
20250701,3.877,3.889,3.866,3.885,6406861.0,2551468709.00
20250702,3.882,3.896,3.872,3.889,5188835.0,2069608324.00
20250703,3.891,3.916,3.888,3.911,6863819.0,2748927253.00
20250704,3.907,3.960,3.900,3.928,10525621.0,4241383565.00
20250707,3.922,3.928,3.901,3.910,4022514.0,1614976763.00
20250708,3.912,3.951,3.909,3.943,6122487.0,2473798113.00
20250709,3.943,3.964,3.935,3.940,6476608.0,2626402688.00
20250710,3.940,3.984,3.939,3.960,6323877.0,2569715942.00
20250711,3.961,4.023,3.960,3.973,12648551.0,5184103110.00
20250714,3.972,3.988,3.971,3.972,8205479.0,3351107668.00
20250715,3.976,3.998,3.948,3.972,8074813.0,3292797650.00
20250716,3.973,3.987,3.951,3.964,4791819.0,1951853024.00
20250717,3.964,3.997,3.963,3.996,5978225.0,2443096232.00
20250718,4.002,4.029,3.999,4.025,7131296.0,2940955208.00
20250721,4.030,4.052,4.027,4.049,7674613.0,3184284274.00
20250722,4.051,4.094,4.035,4.092,10821091.0,4516788944.00
20250723,4.095,4.124,4.080,4.090,9947315.0,4188253000.00
20250724,4.086,4.119,4.082,4.116,8852360.0,3729028292.00
20250725,4.116,4.116,4.084,4.094,8200860.0,3452281674.00
20250728,4.094,4.114,4.078,4.105,6027713.0,2535151857.00
20250729,4.099,4.126,4.084,4.125,8059786.0,3395606595.00
20250730,4.118,4.155,4.098,4.122,9502522.0,4023783503.00
20250731,4.112,4.112,4.035,4.047,11229126.0,4687659264.00
20250801,4.041,4.054,4.011,4.026,6115671.0,2531113831.00
20250804,4.015,4.047,4.010,4.045,4355672.0,1801388564.00
20250805,4.047,4.077,4.044,4.075,5480681.0,2282989180.00
20250806,4.073,4.090,4.068,4.085,4089449.0,1713095761.00
20250807,4.087,4.101,4.063,4.084,5339656.0,2236786689.00
20250808,4.080,4.092,4.067,4.075,4230624.0,1771777749.00
20250811,4.075,4.109,4.075,4.093,6881519.0,2891923703.00
20250812,4.091,4.127,4.091,4.119,4824872.0,2036818306.00
20250813,4.124,4.161,4.120,4.153,7588408.0,3227703467.00
20250814,4.155,4.192,4.138,4.146,8879344.0,3797429985.00
20250815,4.132,4.191,4.130,4.184,10718339.0,4584387161.00
20250818,4.187,4.247,4.174,4.215,10092475.0,4362087157.00
20250819,4.214,4.235,4.186,4.194,7743324.0,3347920291.00
20250820,4.184,4.252,4.157,4.251,13784166.0,5938089045.00
20250821,4.255,4.280,4.245,4.265,9130025.0,3997377735.00
20250822,4.262,4.368,4.261,4.363,13602634.0,6031204221.00
20250825,4.385,4.454,4.381,4.447,14560918.0,6599627198.00
20250826,4.436,4.454,4.410,4.423,11142941.0,5068845227.00
20250827,4.423,4.466,4.357,4.359,14126904.0,6408311259.00
20250828,4.353,4.443,4.337,4.441,12764157.0,5746035433.00
20250829,4.432,4.494,4.423,4.482,13550574.0,6208498370.00
20250901,4.488,4.504,4.461,4.497,11939867.0,5495420182.00
20250902,4.494,4.523,4.432,4.471,10344122.0,4755250317.00
20250903,4.473,4.490,4.403,4.431,9188625.0,4187703184.00
20250904,4.428,4.437,4.302,4.341,14208228.0,6352441030.00
20250905,4.335,4.445,4.327,4.436,10603325.0,4780253830.00
20250908,4.436,4.455,4.407,4.437,10340220.0,4701185135.00
20250909,4.427,4.446,4.385,4.411,6803545.0,3084847254.00
20250910,4.409,4.444,4.390,4.421,6086583.0,2761984289.00
20250911,4.410,4.541,4.400,4.539,9783418.0,4504295390.00
20250912,4.541,4.543,4.496,4.501,9158580.0,4251540392.00
20250915,4.502,4.541,4.495,4.509,7211915.0,3346337207.00
20250916,4.512,4.532,4.472,4.500,7889034.0,3642646550.00
20250917,4.496,4.538,4.480,4.533,7154079.0,3315621288.00
20250918,4.535,4.555,4.436,4.475,11873727.0,5488692045.00
20250919,4.471,4.513,4.468,4.485,7316138.0,3369611818.00
20250922,4.485,4.501,4.463,4.499,6292766.0,2896946428.00
20250923,4.507,4.536,4.440,4.502,10550001.0,4859849641.00
20250924,4.478,4.543,4.477,4.542,10044859.0,4656117026.00
20250925,4.542,4.596,4.536,4.574,7713362.0,3614405601.00
20250926,4.556,4.577,4.530,4.531,7153059.0,3344592886.00
20250929,4.528,4.632,4.520,4.606,11954365.0,5620190347.00
20250930,4.611,4.627,4.598,4.618,7403809.0,3508639995.00
20251009,4.631,4.711,4.627,4.691,8970906.0,4308933449.00
20251010,4.663,4.670,4.582,4.597,11746426.0,5581932563.00
20251013,4.479,4.582,4.477,4.571,9658362.0,4499844601.00
20251014,4.603,4.617,4.500,4.525,11619095.0,5445976980.00
20251015,4.528,4.593,4.507,4.584,9974013.0,4649845988.00
20251016,4.568,4.624,4.568,4.599,8124633.0,3835512324.00
20251017,4.593,4.602,4.493,4.504,8400582.0,3909864092.00
20251020,4.531,4.557,4.504,4.520,7644178.0,3554256321.00
20251021,4.536,4.601,4.532,4.588,9598685.0,4511371971.00
20251022,4.569,4.586,4.547,4.574,5544842.0,2601506365.00
20251023,4.566,4.597,4.522,4.591,6993428.0,3267824361.00
20251024,4.606,4.649,4.605,4.647,8653036.0,4110591097.00
20251027,4.684,4.706,4.672,4.701,7585249.0,3652922850.00
20251028,4.690,4.724,4.668,4.678,7259491.0,3497088820.00
20251029,4.686,4.738,4.686,4.736,6792784.0,3284668925.00
20251030,4.732,4.748,4.691,4.698,8164619.0,3955485339.00
20251031,4.694,4.701,4.632,4.633,14325686.0,6851751219.00
20251103,4.629,4.644,4.583,4.640,7759881.0,3674194550.00
20251104,4.637,4.649,4.584,4.607,12015243.0,5708778783.00
20251105,4.571,4.628,4.547,4.612,7633533.0,3599158874.00
20251106,4.619,4.688,4.619,4.681,7326649.0,3506780405.00
20251107,4.666,4.687,4.650,4.671,5392556.0,2584816479.00
20251110,4.673,4.687,4.640,4.683,4483488.0,2146884969.00
20251111,4.689,4.699,4.634,4.640,5651936.0,2702663134.00
20251112,4.631,4.659,4.609,4.642,5236907.0,2491775456.00
20251113,4.634,4.690,4.629,4.687,6459561.0,3096198221.00
20251114,4.661,4.672,4.616,4.618,5936317.0,2832605947.00
20251117,4.608,4.617,4.570,4.588,7524669.0,3545084093.00
20251118,4.578,4.595,4.543,4.562,8568239.0,4018390177.00
20251119,4.557,4.595,4.557,4.575,8569615.0,4026545623.00
20251120,4.602,4.607,4.552,4.555,5619395.0,2644705315.00
20251121,4.525,4.534,4.444,4.446,14964004.0,6884359920.00
20251124,4.461,4.466,4.416,4.439,11557477.0,5269730484.00
20251125,4.461,4.503,4.461,4.478,8959406.0,4120829562.00
20251126,4.481,4.526,4.475,4.506,9140793.0,4228349386.00
20251127,4.509,4.553,4.498,4.502,4793694.0,2226374836.00
20251128,4.501,4.522,4.484,4.515,5192341.0,2403092677.00
20251201,4.526,4.567,4.519,4.566,5783014.0,2698559001.00
20251202,4.565,4.565,4.531,4.545,3834449.0,1790231961.00
20251203,4.544,4.563,4.515,4.525,3950348.0,1840202209.00
20251204,4.528,4.550,4.508,4.536,4026188.0,1871831892.00
20251205,4.536,4.588,4.523,4.576,6872031.0,3217071412.00
20251208,4.589,4.631,4.587,4.610,8263438.0,3908784386.00
20251209,4.605,4.616,4.573,4.586,7001055.0,3302885875.00
20251210,4.578,4.587,4.537,4.580,6207764.0,2903153594.00
20251211,4.586,4.600,4.541,4.547,6199443.0,2910601742.00
20251212,4.557,4.580,4.528,4.573,8671539.0,4057237306.00
20251215,4.553,4.590,4.432,4.546,6917855.0,3241015143.00
20251216,4.539,4.546,4.482,4.500,7693550.0,3559031617.00
20251217,4.499,4.593,4.497,4.577,10856133.0,5079203142.00
20251218,4.562,4.571,4.540,4.547,6780189.0,3169750209.00
20251219,4.559,4.592,4.545,4.567,8317889.0,3901916782.00
20251222,4.580,4.612,4.580,4.608,8371220.0,3956863484.00
20251223,4.612,4.640,4.604,4.617,8083405.0,3833240598.00
20251224,4.617,4.642,4.604,4.634,5334294.0,2531260594.00
20251225,4.627,4.653,4.621,4.643,4272443.0,2033628744.00
20251226,4.643,4.677,4.632,4.660,8160801.0,3902900785.00
20251229,4.656,4.670,4.626,4.640,8529050.0,4069832488.00
20251230,4.623,4.666,4.619,4.649,4772242.0,2275508778.00
20251231,4.653,4.665,4.619,4.630,6668292.0,3175879377.00
20260105,4.659,4.723,4.656,4.719,10171325.0,4902061805.00
20260106,4.724,4.793,4.723,4.792,10523015.0,5141603633.00
20260107,4.793,4.800,4.750,4.774,9334026.0,4578481053.00
20260108,4.762,4.767,4.718,4.737,6827198.0,3324674355.00
20260109,4.731,4.776,4.719,4.759,11348553.0,5535581862.00
20260112,4.766,4.801,4.735,4.786,13330753.0,6529675045.00
20260113,4.795,4.837,4.750,4.769,12717832.0,6249488306.00
20260114,4.769,4.821,4.716,4.740,21367223.0,10465332592.00
20260115,4.724,4.767,4.718,4.749,52171489.0,25390672681.00
20260116,4.778,4.792,4.713,4.733,53201665.0,25922582412.00
20260119,4.737,4.769,4.718,4.738,29134399.0,13792576409.00
20260120,4.735,4.751,4.688,4.724,28867656.0,13613769428.00
20260121,4.709,4.764,4.709,4.730,49039740.0,23207895509.00
20260122,4.741,4.760,4.703,4.727,43163442.0,20376067887.00
20260123,4.732,4.742,4.687,4.704,67693781.0,31834663643.00
20260126,4.712,4.760,4.694,4.712,59398529.0,28002364939.00
20260127,4.712,4.742,4.679,4.710,43391350.0,20450057577.00
20260128,4.725,4.743,4.704,4.725,84977823.0,40100175381.00
20260129,4.724,4.779,4.704,4.768,35456647.0,16773879626.00
20260130,4.736,4.758,4.642,4.711,16702748.0,7860479504.00
20260202,4.680,4.719,4.591,4.600,26511344.0,12299263716.00
20260203,4.640,4.668,4.585,4.664,10529446.0,4881749326.00
20260204,4.652,4.709,4.643,4.707,10525059.0,4914865553.00
20260205,4.680,4.695,4.645,4.679,9339829.0,4364498239.00
20260206,4.643,4.691,4.610,4.649,8816737.0,4106577054.00
20260209,4.695,4.730,4.686,4.727,7011195.0,3304026961.00
20260210,4.733,4.739,4.720,4.733,6804617.0,3219183511.00
20260211,4.727,4.732,4.714,4.723,3720787.0,1757895647.00
20260212,4.729,4.735,4.716,4.727,3980124.0,1881073591.00
20260213,4.714,4.714,4.667,4.671,13673572.0,6405790170.00
20260224,4.725,4.736,4.705,4.716,6242456.0,2946760847.00
20260225,4.717,4.778,4.716,4.750,8734031.0,4148107679.00
20260226,4.751,4.754,4.712,4.735,7663721.0,3624553287.00
20260227,4.720,4.732,4.700,4.725,6062453.0,2859792911.00
20260302,4.694,4.743,4.674,4.739,12423675.0,5860854055.00
20260303,4.741,4.751,4.665,4.678,9665579.0,4550837091.00
20260304,4.640,4.650,4.587,4.610,8292240.0,3830984400.00
20260305,4.647,4.678,4.639,4.654,5684210.0,2646464156.00
20260306,4.640,4.682,4.624,4.667,5043759.0,2349185776.00
20260309,4.623,4.638,4.560,4.629,8380983.0,3854535508.00
20260310,4.642,4.689,4.641,4.683,5460125.0,2550822882.00
20260311,4.686,4.719,4.682,4.711,5937122.0,2792866730.00
20260312,4.711,4.711,4.665,4.694,3433836.0,1610201018.00
20260313,4.672,4.716,4.670,4.677,3251129.0,1526480622.00
20260316,4.675,4.686,4.632,4.680,4038627.0,1881524447.00
20260317,4.686,4.731,4.645,4.646,7233377.0,3388771831.00
20260318,4.652,4.670,4.616,4.662,7702627.0,3575798297.00
20260319,4.621,4.641,4.581,4.599,7722418.0,3558170504.00
20260320,4.598,4.635,4.573,4.576,7612736.0,3509938019.00
20260323,4.528,4.537,4.406,4.430,15234981.0,6799292789.00
20260324,4.463,4.480,4.405,4.479,8504351.0,3784113263.00
20260325,4.510,4.549,4.504,4.544,8677126.0,3932266869.00
20260326,4.536,4.547,4.477,4.488,4742424.0,2139118213.00
20260327,4.450,4.530,4.445,4.508,5626908.0,2529639239.00
20260330,4.462,4.505,4.453,4.500,5439943.0,2434696108.00
20260331,4.501,4.529,4.462,4.463,5305656.0,2385310576.00
20260401,4.520,4.542,4.501,4.534,5012281.0,2267466693.00
20260402,4.521,4.526,4.470,4.489,4663511.0,2098973595.00
20260403,4.495,4.506,4.446,4.454,4261096.0,1903072420.00
20260407,4.455,4.470,4.431,4.446,4285686.0,1908516205.00
20260408,4.519,4.604,4.517,4.602,9968846.0,4550818244.00
20260409,4.573,4.586,4.560,4.572,7049553.0,3223934997.00
20260410,4.588,4.664,4.588,4.642,9063873.0,4203124967.00
20260413,4.629,4.660,4.623,4.652,3928926.0,1825187755.00
20260414,4.679,4.712,4.663,4.712,4276571.0,2005429241.00
20260415,4.732,4.746,4.684,4.694,6759806.0,3185349113.00
