timetag,open,high,low,close,volumn,amount
20070301,15.92,16.23,14.58,14.90,1977633.0,9500302911.00
20070302,14.96,15.10,14.61,14.78,425048.0,1981445189.00
20070305,14.64,14.70,13.86,14.13,419196.0,1880502808.00
20070306,14.01,14.65,13.93,14.41,297727.0,1337719318.00
20070307,14.42,14.93,14.30,14.80,287463.0,1317764044.00
20070308,14.68,14.75,14.54,14.62,130983.0,601904451.00
20070309,14.61,14.68,14.23,14.50,160887.0,729237345.00
20070312,14.42,14.42,14.17,14.24,145353.0,651218161.00
20070313,14.27,14.41,14.21,14.29,102319.0,459295478.00
20070314,14.10,14.36,13.94,14.31,173306.0,767078398.00
20070315,14.49,14.80,14.26,14.32,152521.0,693085265.00
20070316,14.32,14.63,14.14,14.39,227547.0,1025880313.00
20070320,14.90,14.94,14.49,14.58,222026.0,1022520826.00
20070321,14.58,14.65,14.30,14.36,136728.0,618375507.00
20070322,14.47,14.62,14.40,14.44,167509.0,762792451.00
20070323,14.44,14.50,14.24,14.38,139810.0,631651813.00
20070326,14.39,14.71,14.39,14.63,223266.0,1024315888.00
20070327,14.58,14.76,14.53,14.62,139338.0,640740822.00
20070328,14.61,14.93,14.51,14.83,258263.0,1197347468.00
20070329,14.90,15.53,14.80,15.09,461986.0,2209005944.00
20070330,14.95,15.24,14.88,14.98,144617.0,683029951.00
20070402,14.98,15.51,14.98,15.41,231445.0,1118052954.00
20070403,15.42,15.53,15.25,15.35,132712.0,640969005.00
20070404,15.35,15.44,15.14,15.22,122454.0,586499997.00
20070405,15.22,15.28,15.03,15.26,122865.0,584881789.00
20070406,15.18,15.59,15.12,15.29,195208.0,944575927.00
20070409,15.31,16.52,15.19,16.43,462770.0,2312736815.00
20070410,16.24,17.09,16.24,16.82,407823.0,2154172426.00
20070411,16.84,17.57,16.75,17.05,243446.0,1313817488.00
20070412,17.19,18.47,16.86,17.02,159270.0,855188897.00
20070413,17.23,17.97,17.19,17.52,266689.0,1469293102.00
20070416,17.72,18.01,17.72,17.96,146972.0,824203125.00
20070417,17.97,18.15,17.07,17.56,197243.0,1091710060.00
20070418,17.51,17.54,17.00,17.16,130322.0,706209984.00
20070419,17.03,17.29,15.99,16.55,205586.0,1080238617.00
20070420,16.77,17.96,16.67,17.62,185690.0,1010523120.00
20070423,17.63,18.33,17.47,18.14,146934.0,835307845.00
20070424,18.46,18.47,17.75,17.77,160472.0,907541031.00
20070425,17.55,18.37,17.48,18.06,145938.0,823204105.00
20070426,18.01,18.68,18.01,18.63,184961.0,1073286548.00
20070427,18.64,20.49,18.56,20.25,389838.0,2404772081.00
20070430,20.12,21.60,19.86,20.97,204190.0,1323232053.00
20070508,21.59,21.64,20.70,20.93,132325.0,870776142.00
20070509,20.54,21.27,20.06,20.93,111812.0,727121809.00
20070510,20.94,21.01,20.47,20.53,85844.0,557976168.00
20070511,20.22,20.35,19.47,20.00,160592.0,1003287173.00
20070514,19.68,21.23,19.10,20.38,171743.0,1104697676.00
20070515,20.50,20.53,19.57,19.59,111533.0,698693031.00
20070516,19.58,20.05,19.33,19.85,98841.0,610776702.00
20070517,19.85,20.31,19.74,20.01,84327.0,528182974.00
20070518,19.90,20.01,19.43,19.80,111772.0,695617734.00
20070521,19.39,20.57,19.36,20.21,168888.0,1073946037.00
20070522,20.22,20.90,20.21,20.38,124376.0,802527503.00
20070523,20.42,20.70,20.25,20.44,76320.0,492199733.00
20070524,20.38,20.70,19.55,19.87,114201.0,719624114.00
20070525,19.73,20.11,19.62,19.72,85754.0,534340450.00
20070528,19.77,20.57,19.74,20.53,158345.0,1008706502.00
20070529,20.54,20.86,20.44,20.69,97017.0,629290052.00
20070530,19.52,20.50,18.63,18.78,203316.0,1247435798.00
20070531,19.10,19.90,18.64,19.40,142413.0,861871371.00
20070601,19.13,19.90,18.97,19.28,384486.0,2343594693.00
20070604,19.28,19.43,17.77,18.15,219698.0,1281793905.00
20070605,18.02,18.66,17.16,18.15,201583.0,1130197677.00
20070606,18.23,18.81,17.99,18.37,144222.0,834640152.00
20070608,18.95,19.15,18.38,18.84,167923.0,988128111.00
20070611,18.79,20.05,18.79,19.91,183390.0,1135021972.00
20070612,20.00,20.78,19.96,20.50,193908.0,1246109089.00
20070613,20.54,20.88,20.05,20.27,151368.0,971187229.00
20070614,20.47,21.05,20.25,20.51,115152.0,747474620.00
20070615,20.50,20.97,20.40,20.82,93825.0,611347511.00
20070618,21.25,22.90,21.18,22.90,205301.0,1426978778.00
20070619,22.92,23.50,22.45,22.66,144186.0,1040830370.00
20070620,22.61,23.53,22.47,22.50,134554.0,972066732.00
20070621,22.45,24.67,22.45,23.53,198228.0,1473952551.00
20070622,23.56,24.44,23.31,23.88,140628.0,1042675284.00
20070625,24.11,24.77,23.24,23.71,186735.0,1408262705.00
20070626,23.25,23.69,22.87,23.37,166576.0,1211248877.00
20070627,23.38,24.65,23.38,24.33,108954.0,824020168.00
20070628,24.38,24.43,23.32,23.34,88164.0,657443825.00
20070629,22.83,23.31,22.74,22.84,93936.0,675697696.00
20070702,22.67,22.87,21.84,22.25,70236.0,491042222.00
20070703,22.29,23.17,22.29,22.95,45929.0,328909773.00
20070704,22.87,23.15,22.35,22.45,45024.0,323343838.00
20070705,22.35,23.31,22.14,22.40,66118.0,469580503.00
20070706,22.36,23.26,22.31,23.25,66052.0,472405667.00
20070709,23.47,24.26,23.27,24.06,56814.0,425030824.00
20070710,24.26,24.97,24.08,24.69,86853.0,670485894.00
20070711,24.64,24.64,24.08,24.57,33665.0,257358473.00
20070712,24.61,25.98,24.30,25.52,67414.0,537985466.00
20070713,25.68,26.08,25.07,25.39,44066.0,354681949.00
20070716,25.49,27.04,25.49,26.25,98339.0,813658370.00
20070717,26.25,26.25,25.08,26.18,132322.0,1055721504.00
20070718,25.87,26.96,25.71,26.09,107608.0,887783301.00
20070719,25.99,25.99,25.14,25.23,111135.0,882862136.00
20070720,25.48,27.32,25.42,26.88,126833.0,1047423369.00
20070723,26.92,27.05,26.08,26.65,257001.0,2124859243.00
20070724,26.73,26.83,25.98,26.35,235980.0,1946669247.00
20070725,26.35,26.35,25.52,26.26,212895.0,1724532296.00
20070726,26.31,26.38,25.61,25.87,150663.0,1216898629.00
20070727,25.69,25.99,25.23,25.58,130134.0,1042196374.00
20070730,25.59,26.14,25.58,25.97,143462.0,1162535816.00
20070731,25.97,26.75,25.42,26.67,171732.0,1398703578.00
20070801,27.05,27.05,25.54,25.59,165011.0,1359297243.00
20070802,25.99,26.57,25.58,26.13,112760.0,920404475.00
20070803,26.22,28.74,26.22,28.35,256936.0,2188983768.00
20070806,28.42,29.41,27.78,28.82,191168.0,1710026813.00
20070807,28.81,29.03,28.17,28.32,124329.0,1112115105.00
20070808,28.09,28.70,27.78,28.23,98063.0,864527673.00
20070809,28.42,30.98,28.32,30.32,175415.0,1634846303.00
20070810,29.86,31.29,29.40,30.46,122910.0,1170079470.00
20070813,30.40,31.09,29.64,30.17,110833.0,1045588683.00
20070814,30.18,31.40,30.18,31.29,100951.0,978253648.00
20070815,31.29,31.77,30.37,31.29,90172.0,879744788.00
20070816,30.97,31.29,29.22,29.75,159425.0,1494643709.00
20070817,30.66,30.66,28.34,28.48,169571.0,1537406696.00
20070820,29.48,30.08,29.12,29.55,123339.0,1141660864.00
20070821,29.55,30.11,29.37,29.65,115804.0,1079579950.00
20070822,29.38,30.13,29.16,29.65,108622.0,1009474199.00
20070823,29.78,30.13,29.28,29.81,121525.0,1127032305.00
20070824,30.02,31.72,30.02,31.20,118407.0,1154308214.00
20070827,31.52,32.46,31.52,31.70,150392.0,1510194580.00
20070828,31.69,33.88,31.20,33.03,167160.0,1701634406.00
20070829,32.19,32.89,31.62,31.65,109482.0,1102526042.00
20070830,31.95,32.54,31.68,32.22,96898.0,974763888.00
20070831,32.22,32.99,31.87,32.61,79969.0,808894234.00
20070903,32.81,33.81,32.81,32.98,83997.0,878639965.00
20070904,32.95,33.28,31.85,31.88,88448.0,895212116.00
20070905,31.71,32.45,30.97,31.39,61234.0,602385764.00
20070906,31.52,32.16,31.20,31.99,102554.0,1017274094.00
20070907,31.81,32.32,30.93,30.97,116613.0,1150073159.00
20070910,30.71,31.55,30.40,31.35,79457.0,770512332.00
20070911,31.07,32.29,30.56,30.80,117334.0,1159497452.00
20070912,31.04,32.13,31.04,32.07,106949.0,1063524785.00
20070913,32.60,33.47,32.35,33.06,109230.0,1129118039.00
20070914,33.21,33.79,32.83,33.65,93198.0,971562930.00
20070917,33.69,35.17,33.69,34.38,134378.0,1454022105.00
20070918,34.40,34.58,33.33,33.54,65949.0,701250339.00
20070919,34.17,36.50,34.13,36.15,184995.0,2070804533.00
20070920,35.87,39.03,35.84,37.83,118623.0,1388132734.00
20070921,37.69,38.71,37.39,38.24,66459.0,794954585.00
20070924,37.93,39.64,37.44,39.01,75058.0,910152279.00
20070925,39.68,42.81,39.67,41.42,97031.0,1254845760.00
20070926,41.60,43.00,40.00,40.30,77131.0,994526304.00
20070927,40.35,42.17,38.45,42.08,57290.0,732218333.00
20070928,43.68,43.84,42.56,43.18,71186.0,961151100.00
20071008,43.84,46.65,43.32,45.24,91145.0,1280236198.00
20071009,45.12,46.56,44.48,46.06,65847.0,940525822.00
20071010,46.27,46.52,44.83,45.12,80836.0,1151674343.00
20071011,45.12,46.65,44.16,46.12,96470.0,1372878286.00
20071012,46.14,46.14,43.68,45.03,100592.0,1410036852.00
20071015,44.83,45.34,43.68,44.16,107186.0,1479850570.00
20071016,44.16,45.24,43.68,43.84,75411.0,1042070086.00
20071017,43.84,44.57,43.51,43.67,60616.0,831671181.00
20071018,44.48,45.31,43.20,43.59,79096.0,1088839413.00
20071019,44.41,44.44,42.56,43.16,66503.0,897357272.00
20071022,42.40,44.60,42.08,44.45,88047.0,1205542861.00
20071023,44.45,45.35,44.16,45.34,76849.0,1073743175.00
20071024,45.77,47.77,45.44,46.39,91523.0,1342395537.00
20071025,46.40,47.68,44.16,44.80,94618.0,1356843294.00
20071026,43.84,45.60,43.84,44.92,46382.0,650037980.00
20071029,44.64,46.40,43.85,44.98,91252.0,1294334784.00
20071030,44.99,45.72,44.12,45.16,61624.0,860578396.00
20071031,45.82,46.27,44.64,44.75,70453.0,994263217.00
20071101,45.08,45.37,43.73,43.83,76587.0,1059602457.00
20071102,43.36,43.68,42.01,42.14,95075.0,1266023954.00
20071105,41.79,42.44,40.16,40.63,87901.0,1130094006.00
20071106,40.63,41.24,40.00,40.57,48925.0,621556124.00
20071107,40.96,41.12,38.49,39.66,61892.0,767622482.00
20071108,39.68,39.68,37.65,37.81,89238.0,1066854581.00
20071109,37.69,38.72,37.56,38.02,83577.0,999140458.00
20071112,37.12,38.40,36.48,37.50,70261.0,817929597.00
20071113,38.17,39.00,35.95,36.85,89967.0,1066576801.00
20071114,37.95,39.72,37.12,39.68,104406.0,1256596668.00
20071115,39.04,40.85,39.00,39.59,85787.0,1075193095.00
20071116,39.04,39.99,38.27,39.04,54094.0,658277264.00
20071119,39.04,39.29,37.56,37.81,49108.0,585168260.00
20071120,37.44,38.07,36.44,37.86,74698.0,867130515.00
20071121,37.85,38.20,37.05,37.09,29716.0,348596946.00
20071122,36.16,36.64,33.60,34.20,84586.0,930187946.00
20071123,33.60,34.87,33.58,34.75,55368.0,595811951.00
20071126,35.58,35.84,33.65,33.90,40592.0,442202453.00
20071127,33.81,34.08,32.25,32.31,66725.0,686577604.00
20071128,32.37,33.37,32.29,32.75,49848.0,510963844.00
20071129,33.42,35.33,33.09,35.19,99393.0,1065085930.00
20071130,35.20,35.51,34.27,34.79,65984.0,720998063.00
20071203,34.85,36.35,34.40,36.32,64820.0,722276492.00
20071204,36.19,38.46,36.16,37.38,78710.0,920686394.00
20071205,37.28,38.44,37.18,38.10,43168.0,512724374.00
20071206,38.12,38.40,37.76,38.06,45189.0,538069667.00
20071207,37.76,39.09,37.76,38.38,25435.0,307217401.00
20071210,37.82,38.84,37.47,38.72,66689.0,798611836.00
20071211,38.73,38.84,36.64,37.55,104340.0,1218162054.00
20071212,37.12,37.12,35.46,35.55,174867.0,1965043741.00
20071213,35.12,36.00,34.19,34.25,84123.0,926659366.00
20071214,33.92,34.90,33.55,34.71,94043.0,1003706515.00
20071217,34.68,34.69,32.35,32.37,144679.0,1487590524.00
20071218,31.93,33.25,31.84,32.62,86369.0,880964262.00
20071219,33.26,33.77,32.64,33.38,48021.0,499421504.00
20071220,33.65,34.07,32.95,33.72,54012.0,566622512.00
20071221,33.73,35.17,33.73,34.62,68975.0,746881613.00
20071224,35.13,35.93,34.47,35.43,107054.0,1172274814.00
20071225,35.48,35.52,34.01,34.47,113442.0,1226804458.00
20071226,34.46,34.72,32.97,33.79,129516.0,1358776432.00
20071227,33.79,34.72,32.62,34.63,183976.0,1927574220.00
20071228,34.54,34.55,33.53,33.95,145602.0,1543183501.00
20080102,33.85,33.85,32.87,32.95,200760.0,2069966569.00
20080103,32.82,32.86,31.80,32.58,379968.0,3805596238.00
20080104,32.52,33.43,32.00,33.35,180837.0,1864281235.00
20080107,33.12,33.12,32.01,32.76,224284.0,2285519494.00
20080108,32.89,34.35,32.89,33.95,324606.0,3423619777.00
20080109,33.76,34.27,33.53,33.98,154007.0,1629227740.00
20080110,34.08,34.40,33.17,34.26,239537.0,2529584935.00
20080111,34.40,35.38,34.40,35.10,270258.0,2962030971.00
20080114,35.37,36.13,34.88,35.02,154510.0,1710964392.00
20080115,35.04,35.16,33.28,33.61,332476.0,3515459874.00
20080116,32.96,33.11,32.05,32.22,271646.0,2755884772.00
20080117,32.00,32.48,30.97,31.86,223156.0,2212991078.00
20080118,31.85,31.99,30.94,31.42,214061.0,2090141841.00
20080121,31.42,31.42,28.28,28.28,332012.0,3008297368.00
20080122,26.88,26.88,25.45,25.45,328947.0,2656532797.00
20080123,24.96,26.24,24.49,25.75,345617.0,2737490663.00
20080124,26.24,26.30,24.57,25.58,238230.0,1887231756.00
20080125,25.46,26.21,24.93,25.79,256725.0,2052799779.00
20080128,25.28,25.44,23.21,23.21,239765.0,1791142556.00
20080129,24.00,24.29,22.70,23.19,150831.0,1103903293.00
20080130,23.67,23.96,22.07,22.75,218955.0,1569981328.00
20080131,22.64,23.37,22.46,22.98,104764.0,754271321.00
20080201,23.16,23.92,22.82,23.67,213846.0,1572896048.00
20080204,24.30,25.54,24.29,25.33,255250.0,1998071465.00
20080205,25.24,25.24,24.51,24.78,121342.0,940250870.00
20080213,23.68,23.84,22.88,23.01,143035.0,1044104452.00
20080214,23.29,23.93,23.18,23.81,106291.0,783632681.00
20080215,23.52,24.32,23.29,24.31,104584.0,775763157.00
20080218,24.59,24.99,24.41,24.80,111788.0,862670591.00
20080219,24.76,24.76,23.84,24.60,152563.0,1152814175.00
20080220,24.56,24.56,23.67,23.82,106712.0,799007405.00
20080221,23.66,23.66,22.71,23.20,128895.0,928855876.00
20080222,22.77,22.89,22.08,22.21,123990.0,866615302.00
20080225,22.25,22.49,20.80,20.92,123151.0,820838914.00
20080226,22.21,22.44,21.12,21.77,168604.0,1145794554.00
20080227,22.03,23.20,21.76,22.98,199465.0,1414727680.00
20080228,22.72,22.92,22.30,22.40,112574.0,792417163.00
20080229,22.40,23.20,22.19,22.78,123558.0,880921947.00
20080303,22.59,22.95,21.75,22.43,317560.0,2218821125.00
20080304,22.39,22.43,21.44,21.47,274004.0,1869321376.00
20080306,22.39,23.62,21.57,23.16,592802.0,4249580834.00
20080307,22.53,22.53,21.18,21.65,574224.0,3924186161.00
20080310,21.33,21.37,20.56,20.64,270468.0,1757976468.00
20080311,20.50,20.75,20.00,20.43,209385.0,1324324011.00
20080312,21.18,21.27,20.06,20.42,274029.0,1766061350.00
20080313,20.32,20.33,19.79,20.28,244558.0,1539602548.00
20080314,20.24,20.32,19.63,20.17,201078.0,1254243312.00
20080317,19.84,19.87,19.04,19.14,228938.0,1393650589.00
20080318,19.13,19.44,17.72,18.05,300225.0,1725324282.00
20080319,18.64,18.64,17.85,18.22,540636.0,3077069553.00
20080320,16.64,18.37,16.40,17.90,421131.0,2306605027.00
20080321,18.05,18.52,17.59,17.94,334576.0,1892961784.00
20080324,18.06,18.13,16.14,16.18,510761.0,2654029902.00
20080325,15.68,16.86,15.45,16.34,508546.0,2550741649.00
20080326,16.42,17.12,16.16,16.70,398387.0,2083401415.00
20080327,16.12,16.57,15.61,15.68,272417.0,1373622743.00
20080328,15.81,17.11,15.58,17.00,674079.0,3489953506.00
20080331,16.47,17.36,16.35,16.93,446562.0,2372318470.00
20080401,16.80,17.34,16.35,17.07,426326.0,2265401817.00
20080402,17.52,18.78,17.31,18.19,813213.0,4601466554.00
20080403,17.79,18.94,17.66,18.89,396089.0,2280102857.00
20080407,19.16,20.09,18.89,19.90,524241.0,3189365264.00
20080408,19.74,19.93,19.12,19.66,371506.0,2260436193.00
20080409,19.20,19.42,18.20,18.28,301896.0,1777516430.00
20080410,18.15,18.71,17.62,18.68,253040.0,1439484039.00
20080411,18.88,19.13,18.42,18.80,163652.0,961132455.00
20080414,18.20,18.33,17.34,17.56,391067.0,2167218582.00
20080415,17.54,18.11,16.57,17.91,270677.0,1453044798.00
20080416,17.69,18.01,17.34,17.39,120519.0,663965129.00
20080417,17.44,18.36,17.44,18.02,371270.0,2088069874.00
20080418,17.60,18.24,17.35,17.68,362445.0,2023333470.00
20080421,19.42,19.42,17.79,18.24,579710.0,3351476523.00
20080422,17.93,18.72,17.25,18.60,240229.0,1342605302.00
20080423,18.49,19.52,18.24,19.43,438692.0,2623525865.00
20080424,21.28,21.37,20.79,21.37,954565.0,6329122490.00
20080425,21.44,22.33,21.28,21.44,754353.0,5156935057.00
20080428,20.64,21.12,20.45,20.70,307200.0,1992712242.00
20080429,20.54,20.97,20.46,20.81,218923.0,1423186152.00
20080430,21.44,22.33,21.23,22.08,628620.0,4319806880.00
20080505,22.40,22.56,21.66,21.95,357413.0,2462026625.00
20080506,21.76,21.85,21.44,21.61,214954.0,1449960041.00
20080507,21.61,21.76,19.83,19.86,569764.0,3672399706.00
20080508,19.64,20.24,19.36,20.06,284007.0,1757427894.00
20080509,21.05,21.33,20.11,20.50,400655.0,2590587675.00
20080512,19.87,20.57,19.48,20.10,222295.0,1387968756.00
20080514,19.31,20.15,19.31,20.13,411343.0,2535600652.00
20080515,20.25,20.48,19.68,19.74,197671.0,1242758878.00
20080516,19.84,20.22,19.42,19.69,140192.0,867215432.00
20080519,19.70,19.79,18.97,19.27,139247.0,837279560.00
20080520,19.27,19.61,18.21,18.25,203398.0,1198567596.00
20080521,18.23,18.56,17.71,18.55,218184.0,1232098677.00
20080522,18.33,18.33,17.84,17.91,129708.0,731262344.00
20080523,18.02,18.40,17.84,18.01,95297.0,534812104.00
20080526,17.76,17.76,17.05,17.07,175875.0,938855036.00
20080527,17.11,17.47,16.83,17.45,133672.0,715552087.00
20080528,17.53,18.29,17.29,18.02,187574.0,1041060057.00
20080529,17.98,18.05,17.39,17.41,109081.0,600800202.00
20080530,17.60,18.21,17.60,18.18,207212.0,1153410409.00
20080602,18.05,18.57,17.76,18.37,158336.0,897476928.00
20080603,18.23,18.45,17.89,17.99,115573.0,648479361.00
20080604,17.91,18.07,17.39,17.53,126088.0,687008079.00
20080605,17.44,17.78,17.40,17.60,75527.0,411761878.00
20080606,17.71,17.98,17.44,17.62,75632.0,415888690.00
20080610,16.63,16.94,15.98,16.18,242541.0,1240143231.00
20080611,16.09,16.51,15.98,16.27,134014.0,673213103.00
20080612,16.14,16.19,15.60,15.95,164090.0,808472568.00
20080613,15.95,16.21,15.76,15.84,95476.0,470473292.00
20080616,15.91,16.21,15.61,16.12,177529.0,881642709.00
20080617,16.14,16.24,15.69,15.86,122202.0,604973613.00
20080618,15.78,16.63,15.34,16.49,312785.0,1552193438.00
20080619,16.33,16.34,15.37,15.46,203157.0,994999040.00
20080620,15.48,16.82,15.19,16.26,358139.0,1806074982.00
20080623,15.92,16.18,15.66,15.72,137208.0,673843553.00
20080624,15.76,16.30,15.69,16.04,197405.0,980565786.00
20080625,16.04,16.63,15.92,16.46,196437.0,997498080.00
20080626,16.46,16.85,16.40,16.69,193983.0,1001492341.00
20080627,15.87,16.21,15.80,15.83,202573.0,1002115990.00
20080630,15.84,16.16,15.74,15.90,159934.0,788115059.00
20080701,15.98,15.99,15.30,15.44,205411.0,990289817.00
20080702,15.30,15.56,13.90,13.90,458716.0,2067868013.00
20080703,13.23,13.65,12.51,13.09,1095371.0,4407402581.00
20080704,12.85,13.08,12.70,12.97,296279.0,1181362377.00
20080707,12.91,13.69,12.91,13.55,343102.0,1423440824.00
20080708,13.55,13.82,12.85,13.02,493228.0,2027358953.00
20080709,13.29,14.14,13.24,14.13,642236.0,2745157311.00
20080710,13.79,14.31,13.72,13.90,512292.0,2215342203.00
20080711,13.84,14.01,13.51,13.93,275097.0,1170719239.00
20080714,13.74,14.16,13.72,13.95,187203.0,808939004.00
20080715,13.95,14.00,13.08,13.11,301405.0,1254149274.00
20080716,12.91,12.91,12.55,12.72,199447.0,785319057.00
20080718,12.93,13.30,12.59,13.26,281517.0,1134090524.00
20080721,13.08,13.95,13.01,13.86,364586.0,1540210938.00
20080722,13.79,14.01,13.71,13.88,240277.0,1032330898.00
20080723,13.98,14.43,13.97,14.16,381094.0,1673277658.00
20080724,14.40,15.34,14.40,15.17,507272.0,2337915173.00
20080725,14.82,14.99,14.53,14.83,296010.0,1352724855.00
20080728,14.87,15.21,14.37,14.50,308276.0,1406796996.00
20080729,14.17,14.30,14.02,14.22,167795.0,735490692.00
20080730,14.56,14.60,14.07,14.20,119114.0,527780630.00
20080731,14.30,14.32,13.85,13.87,132378.0,573917369.00
20080801,13.78,14.62,13.70,14.46,185083.0,815762581.00
20080804,14.20,14.61,14.14,14.18,112308.0,499604826.00
20080805,14.21,14.57,14.14,14.27,212780.0,948115370.00
20080806,14.43,14.91,14.37,14.77,224187.0,1020126670.00
20080807,14.75,14.86,14.50,14.72,167055.0,757661683.00
20080808,14.61,14.72,13.88,13.93,175456.0,775830743.00
20080811,13.91,14.14,13.30,13.46,180577.0,769307423.00
20080812,13.41,13.72,13.37,13.56,117655.0,494362573.00
20080813,13.40,13.53,13.08,13.22,132485.0,544288668.00
20080814,13.18,13.52,13.08,13.26,86122.0,355685301.00
20080815,13.27,13.71,13.17,13.51,80595.0,337432339.00
20080818,13.53,13.56,12.91,12.92,152816.0,626283508.00
20080819,12.88,13.31,12.75,13.25,117178.0,476825098.00
20080820,13.14,14.58,13.08,14.52,293755.0,1297115678.00
20080821,14.21,14.43,13.91,13.92,178849.0,785409282.00
20080822,13.66,14.03,13.58,13.84,91763.0,391525340.00
20080825,13.88,14.40,13.60,14.03,119314.0,522589791.00
20080826,13.88,14.26,13.76,14.19,118850.0,518001092.00
20080827,14.24,14.68,14.17,14.44,251115.0,1127113734.00
20080828,14.58,15.09,14.58,14.73,203657.0,938047175.00
20080829,14.78,15.07,14.78,14.83,192002.0,888435366.00
20080901,14.69,14.69,14.17,14.40,140840.0,630412727.00
20080902,14.37,14.57,14.20,14.33,104075.0,462708313.00
20080903,14.44,14.54,13.88,14.14,120808.0,532568714.00
20080904,13.97,14.14,13.56,13.89,121915.0,523915839.00
20080905,13.50,13.64,13.37,13.49,122637.0,512722145.00
20080908,13.62,13.92,13.41,13.83,190254.0,809669911.00
20080909,13.88,13.92,13.64,13.79,112911.0,482068708.00
20080910,13.62,14.04,13.46,13.62,124751.0,529134897.00
20080911,13.53,13.72,12.70,12.72,167735.0,678371649.00
20080912,12.82,13.21,12.77,13.00,146856.0,590320953.00
20080916,12.51,12.51,11.70,11.90,317635.0,1169853953.00
20080917,11.78,11.99,10.71,10.84,326249.0,1137282003.00
20080918,10.07,10.62,9.75,9.90,466526.0,1431370483.00
20080919,10.89,10.89,10.74,10.89,210605.0,709932215.00
20080922,11.98,11.98,11.54,11.98,713773.0,2637610629.00
20080923,11.62,11.91,11.49,11.50,509624.0,1845260030.00
20080924,11.30,11.46,11.01,11.44,322493.0,1123851042.00
20080925,11.49,12.58,11.44,11.71,799798.0,2965202298.00
20080926,11.53,11.61,10.53,10.74,1434172.0,4795480748.00
20081006,11.01,11.13,10.65,10.85,828835.0,2797905084.00
20081007,10.08,10.72,10.06,10.37,386758.0,1231665350.00
20081008,9.97,10.17,9.36,9.42,516711.0,1555022150.00
20081009,9.53,9.70,8.90,9.44,485971.0,1389566513.00
20081010,8.90,9.24,8.85,9.02,405175.0,1129276164.00
20081013,9.09,9.76,8.77,9.72,629485.0,1792021403.00
20081014,10.36,10.37,9.56,9.59,691819.0,2140130598.00
20081015,9.10,9.43,9.05,9.31,329401.0,935691840.00
20081016,8.80,8.85,8.45,8.54,348701.0,932908535.00
20081017,8.70,8.74,8.45,8.52,202842.0,537024611.00
20081020,8.41,8.77,8.04,8.69,470914.0,1207342624.00
20081021,8.69,8.74,8.42,8.45,488553.0,1289685106.00
20081022,8.22,8.37,8.09,8.13,349534.0,883032687.00
20081023,7.80,7.96,7.67,7.83,501258.0,1197297590.00
20081024,7.83,7.89,7.33,7.34,636985.0,1479545616.00
20081027,7.09,7.10,6.66,6.78,717096.0,1515008454.00
20081028,6.75,6.96,6.46,6.75,1150363.0,2398967108.00
20081029,6.89,7.27,6.80,6.91,1107373.0,2374509241.00
20081030,6.79,7.60,6.57,7.60,1141256.0,2572545461.00
20081031,7.39,7.65,7.31,7.38,678541.0,1553557558.00
20081103,7.37,7.97,7.34,7.70,587606.0,1403943753.00
20081104,7.60,7.83,7.42,7.72,441623.0,1033909442.00
20081105,7.80,8.49,7.80,8.22,671940.0,1703519141.00
20081106,7.87,8.08,7.78,7.80,431396.0,1048345166.00
20081107,7.57,8.28,7.55,8.17,434256.0,1066507668.00
20081110,8.51,8.80,8.28,8.60,695597.0,1832550084.00
20081111,8.38,8.57,8.29,8.39,471317.0,1219981444.00
20081112,8.27,8.57,8.09,8.30,438804.0,1119910741.00
20081113,8.08,8.67,7.82,8.44,811084.0,2054685988.00
20081114,8.66,8.77,8.45,8.64,749541.0,1993122589.00
20081117,8.57,8.88,8.48,8.83,603542.0,1624659610.00
20081118,8.70,8.93,7.95,7.95,669180.0,1734045473.00
20081119,7.87,8.43,7.48,8.32,847555.0,2075525015.00
20081120,7.93,8.17,7.76,7.84,760420.0,1849636757.00
20081121,7.51,8.15,7.43,7.94,694695.0,1684875579.00
20081124,7.88,7.91,7.54,7.55,368354.0,878121434.00
20081125,7.78,7.80,7.54,7.62,266098.0,628410912.00
20081126,7.53,7.80,7.53,7.69,191141.0,452905301.00
20081127,8.16,8.30,7.74,7.76,625070.0,1542260801.00
20081128,7.67,7.75,7.27,7.30,472365.0,1085367286.00
20081201,7.30,7.39,7.02,7.33,343705.0,762838659.00
20081202,7.05,7.51,7.04,7.32,315704.0,710917136.00
20081203,7.43,7.80,7.41,7.78,469585.0,1104813618.00
20081204,7.99,8.56,7.99,8.36,1195267.0,3090722379.00
20081205,8.33,8.63,8.30,8.53,621197.0,1621431402.00
20081208,8.74,8.97,8.63,8.93,869063.0,2365864751.00
20081209,8.90,9.00,8.60,8.67,558399.0,1520647286.00
20081210,8.57,9.15,8.50,9.04,556390.0,1516758454.00
20081211,8.94,9.30,8.87,8.98,537850.0,1509344199.00
20081212,8.88,8.98,8.28,8.43,466841.0,1231381249.00
20081215,8.64,9.05,8.59,8.76,481639.0,1304257738.00
20081216,8.61,8.87,8.45,8.87,272138.0,727066361.00
20081217,9.01,9.27,8.93,8.96,484226.0,1358975601.00
20081218,8.96,9.62,8.78,9.60,598699.0,1712076822.00
20081219,9.42,10.17,9.39,9.85,644904.0,1937730442.00
20081222,9.77,9.89,9.22,9.33,443510.0,1292491399.00
20081223,9.32,9.32,8.77,8.77,409801.0,1130494213.00
20081224,8.70,8.95,8.67,8.81,293094.0,795832589.00
20081225,8.77,8.86,8.48,8.68,246613.0,656966032.00
20081226,8.58,8.94,8.51,8.71,198413.0,536040641.00
20081229,8.61,8.74,8.41,8.60,213538.0,562137314.00
20081230,8.60,8.75,8.46,8.52,153046.0,405107718.00
20081231,8.55,8.86,8.52,8.64,187663.0,502230338.00
20090105,9.06,9.41,8.96,9.37,351053.0,990720326.00
20090106,9.32,9.86,9.30,9.70,451975.0,1349920975.00
20090107,9.67,9.81,9.53,9.70,306279.0,915325446.00
20090108,9.35,9.44,9.11,9.21,329273.0,939824785.00
20090109,9.18,9.47,9.18,9.23,235815.0,676914662.00
20090112,9.16,9.32,9.03,9.07,323459.0,913120132.00
20090113,8.90,9.21,8.87,8.96,189568.0,529097787.00
20090114,9.09,9.71,9.04,9.70,419314.0,1216318745.00
20090115,9.48,9.66,9.33,9.57,522011.0,1518876867.00
20090116,9.65,10.06,9.42,9.59,491821.0,1496084668.00
20090119,9.74,10.10,9.74,9.85,453985.0,1388320289.00
20090120,9.74,9.93,9.52,9.82,285719.0,858052084.00
20090121,9.58,9.87,9.42,9.51,546236.0,1621465466.00
20090122,9.63,9.77,9.40,9.53,260582.0,767812125.00
20090123,9.45,9.59,9.34,9.37,237239.0,688798765.00
20090202,9.58,9.68,9.43,9.52,154220.0,453144928.00
20090203,9.50,9.86,9.45,9.78,327479.0,978321065.00
20090204,9.84,10.13,9.84,10.08,318624.0,984313773.00
20090205,10.14,10.80,10.12,10.54,646045.0,2104816877.00
20090206,10.62,11.17,10.62,11.03,452228.0,1528707027.00
20090209,11.21,11.42,11.04,11.12,480839.0,1663613187.00
20090210,11.00,11.30,10.92,11.13,244815.0,839229290.00
20090211,10.88,11.37,10.83,11.01,524477.0,1779943017.00
20090212,11.11,11.23,10.69,10.98,308293.0,1034716565.00
20090213,10.98,11.53,10.85,11.40,462439.0,1599429472.00
20090216,11.47,11.92,11.47,11.67,423288.0,1528139312.00
20090217,11.65,11.69,11.04,11.09,379747.0,1332457397.00
20090218,10.76,10.91,10.38,10.48,399275.0,1309500505.00
20090219,10.59,10.75,10.40,10.61,343069.0,1119473359.00
20090220,10.61,10.79,10.46,10.73,234919.0,771266887.00
20090223,10.65,11.14,10.35,11.09,388041.0,1284544369.00
20090224,10.85,10.93,10.33,10.48,492290.0,1606423862.00
20090225,10.65,10.90,10.27,10.81,602421.0,1970692453.00
20090226,10.71,11.08,10.36,10.46,473026.0,1571997983.00
20090227,10.36,10.81,10.17,10.38,431959.0,1398962705.00
20090302,10.37,10.37,9.89,10.16,306124.0,951011643.00
20090303,9.79,9.97,9.69,9.79,392258.0,1181899672.00
20090304,9.89,10.77,9.89,10.77,516460.0,1659377722.00
20090305,11.11,11.40,10.88,11.20,803734.0,2767455459.00
20090306,10.88,11.25,10.86,11.04,426891.0,1459966652.00
20090309,11.17,11.43,10.67,10.70,512191.0,1749593544.00
20090310,10.56,11.30,10.35,11.21,355740.0,1169776019.00
20090311,11.53,11.65,11.04,11.11,553975.0,1945685667.00
20090312,11.08,11.69,10.82,11.68,527052.0,1825583861.00
20090313,11.60,12.02,11.53,11.79,682774.0,2485311287.00
20090316,11.74,11.97,11.43,11.92,377915.0,1366308785.00
20090317,11.94,12.10,11.83,12.01,583655.0,2151754426.00
20090318,12.05,12.12,11.84,11.88,428407.0,1577578714.00
20090319,11.89,12.24,11.76,12.18,436334.0,1612758280.00
20090320,12.15,12.18,11.69,11.80,347875.0,1273903497.00
20090323,11.81,12.57,11.80,12.35,539951.0,2039109163.00
20090324,12.83,12.90,12.44,12.55,455648.0,1774217443.00
20090325,12.39,12.85,12.38,12.47,357641.0,1395847191.00
20090326,12.49,12.89,12.39,12.75,328671.0,1278078336.00
20090327,12.90,13.02,12.54,12.63,363169.0,1429724334.00
20090330,12.57,12.60,12.13,12.18,392137.0,1480134159.00
20090331,11.99,12.99,11.97,12.70,788234.0,3042126849.00
20090401,12.65,12.93,12.50,12.60,537000.0,2105371855.00
20090402,12.68,13.31,12.68,13.00,693878.0,2776737944.00
20090403,13.24,13.27,12.96,13.05,424306.0,1714514876.00
20090407,13.15,13.39,12.89,13.19,242347.0,982372680.00
20090408,13.00,13.19,12.58,12.61,314793.0,1241395807.00
20090409,12.83,13.44,12.80,13.36,567171.0,2293837344.00
20090410,13.51,13.92,13.41,13.77,458163.0,1938420318.00
20090413,13.97,14.18,13.84,13.98,347834.0,1503761376.00
20090414,13.80,13.97,13.76,13.86,370238.0,1579759497.00
20090415,13.79,13.88,13.46,13.80,332536.0,1398521027.00
20090416,13.84,13.96,13.60,13.70,204480.0,867779258.00
20090417,13.58,13.80,13.48,13.51,228823.0,956996060.00
20090420,13.40,13.76,13.32,13.65,272998.0,1137284199.00
20090421,13.45,13.51,13.19,13.31,330335.0,1356314593.00
20090422,13.41,13.61,12.83,12.94,418595.0,1703126903.00
20090423,12.89,13.11,12.86,13.04,220560.0,882443552.00
20090424,13.18,13.24,12.80,12.84,181539.0,727515992.00
20090427,12.87,12.98,12.37,12.66,292738.0,1131212573.00
20090428,12.35,12.55,12.14,12.23,477167.0,1808184122.00
20090429,12.23,12.86,12.23,12.75,337576.0,1309638632.00
20090430,12.83,13.02,12.65,12.89,324591.0,1282697305.00
20090504,12.92,13.33,12.86,13.30,282169.0,1144489179.00
20090505,13.35,13.65,13.22,13.29,255942.0,1057086899.00
20090506,13.25,13.27,12.92,13.22,300808.0,1213573642.00
20090507,13.32,13.65,13.15,13.35,331509.0,1371616305.00
20090508,13.27,13.53,13.13,13.36,289227.0,1183297655.00
20090511,13.51,13.85,13.25,13.27,492632.0,2071931483.00
20090512,13.22,13.41,13.09,13.40,208971.0,851255467.00
20090513,13.41,13.62,13.16,13.48,363230.0,1497741218.00
20090514,13.27,13.37,13.08,13.11,295524.0,1201513310.00
20090515,13.13,13.26,12.89,13.00,242786.0,975901431.00
20090518,12.91,13.09,12.87,13.07,177092.0,708306133.00
20090519,13.28,13.50,13.15,13.35,297740.0,1223928861.00
20090520,13.38,13.48,13.15,13.18,172127.0,702783623.00
20090521,13.06,13.07,12.73,12.80,306373.0,1213215779.00
20090522,12.76,12.88,12.63,12.81,261018.0,1021619890.00
20090525,12.54,12.81,12.46,12.74,226425.0,879908833.00
20090526,12.78,12.80,12.47,12.50,196096.0,762017813.00
20090527,12.61,12.97,12.61,12.87,251496.0,988360510.00
20090601,13.22,14.15,13.19,14.15,1027763.0,4375962636.00
20090602,14.26,14.47,14.13,14.16,594095.0,2612707168.00
20090604,14.56,14.99,14.46,14.65,792797.0,3602120913.00
20090605,14.78,14.81,14.51,14.65,257118.0,1159482718.00
20090615,15.33,15.43,14.60,14.98,883189.0,4066243861.00
20090616,14.67,14.77,14.19,14.24,575257.0,2553742668.00
20090617,14.23,14.43,13.96,14.29,347764.0,1523013197.00
20090618,14.31,14.71,14.23,14.47,357301.0,1597462064.00
20090619,14.48,14.99,14.19,14.67,391400.0,1755244917.00
20090622,14.94,15.51,14.80,15.18,478646.0,2237784120.00
20090623,14.81,15.27,14.74,14.89,411702.0,1901336907.00
20090624,14.98,15.10,14.62,14.86,307106.0,1396377275.00
20090625,14.82,15.48,14.82,15.28,394932.0,1856874312.00
20090626,15.28,15.44,15.10,15.24,220306.0,1036374999.00
20090629,15.23,15.87,15.23,15.65,325047.0,1561986841.00
20090630,15.66,16.57,15.66,16.07,420386.0,2099516933.00
20090701,16.05,17.25,16.01,16.98,307836.0,1594650013.00
20090702,17.06,17.90,17.06,17.86,512903.0,2793985233.00
20090703,17.69,18.14,17.59,18.03,363958.0,1997458149.00
20090706,17.99,18.70,17.97,18.19,365972.0,2062401122.00
20090707,18.03,18.19,17.61,17.73,268437.0,1471384214.00
20090708,17.41,17.75,16.89,17.47,330354.0,1758185933.00
20090709,17.45,18.29,17.24,18.28,430240.0,2357985443.00
20090710,18.28,18.38,17.83,18.13,264345.0,1476147265.00
20090713,17.87,18.35,17.73,17.76,175185.0,969879623.00
20090714,17.93,19.49,17.93,19.35,441717.0,2589687107.00
20090715,19.49,20.14,19.49,19.60,334707.0,2040542797.00
20090716,19.83,20.06,19.45,19.52,205662.0,1245191970.00
20090717,19.51,20.13,19.36,19.46,216227.0,1311214257.00
20090720,19.73,20.02,19.25,19.75,193183.0,1176724652.00
20090721,20.22,20.96,19.98,20.11,316943.0,1997894421.00
20090722,20.10,20.46,19.68,20.16,327139.0,2020885459.00
20090723,20.27,20.30,19.75,20.16,251648.0,1549468995.00
20090724,20.30,20.56,19.84,20.13,217491.0,1353387734.00
20090727,20.29,20.82,19.88,20.77,323703.0,2029285158.00
20090728,20.72,20.77,20.04,20.29,243628.0,1529747383.00
20090729,20.27,20.61,18.29,19.21,354682.0,2154431425.00
20090730,19.49,20.12,18.84,19.37,382200.0,2280162890.00
20090731,19.65,19.96,19.44,19.83,267901.0,1625896926.00
20090803,19.93,20.43,19.58,20.39,310476.0,1924112214.00
20090804,20.50,20.52,19.52,19.75,290880.0,1780347275.00
20090805,19.68,19.68,18.94,18.97,403283.0,2383605317.00
20090806,18.99,18.99,17.92,18.43,465482.0,2631962681.00
20090810,18.25,18.38,17.70,18.07,368164.0,2043332031.00
20090811,18.07,18.18,17.82,18.02,237598.0,1318052220.00
20090812,18.05,18.12,17.20,17.29,399301.0,2155612650.00
20090813,17.28,17.55,17.11,17.48,421402.0,2251058827.00
20090814,17.38,17.64,16.86,17.09,310006.0,1642359352.00
20090817,16.81,17.44,16.33,16.42,544930.0,2848387372.00
20090818,16.34,16.59,15.59,16.27,532897.0,2634992894.00
20090819,16.24,16.45,15.59,15.86,357717.0,1754237080.00
20090820,15.92,17.05,15.69,16.83,508151.0,2577851142.00
20090821,16.83,17.03,16.44,16.72,386700.0,1988400201.00
20090824,16.93,17.02,16.40,16.78,316449.0,1633436286.00
20090825,16.72,16.72,15.55,15.86,476451.0,2340740987.00
20090826,15.82,16.31,15.59,16.12,325364.0,1607130214.00
20090827,15.97,16.20,15.59,15.79,286533.0,1403197674.00
20090828,15.83,15.96,14.95,15.06,535266.0,2513626418.00
20090831,14.88,14.90,13.93,14.06,493670.0,2173038503.00
20090901,14.09,15.01,14.02,14.64,479304.0,2142728949.00
20090902,14.41,15.14,14.34,15.03,355585.0,1626511321.00
20090903,15.03,16.10,14.83,15.96,549877.0,2632926512.00
20090904,15.91,16.30,15.81,16.03,286980.0,1411933711.00
20090907,16.30,16.85,16.20,16.36,448727.0,2269004065.00
20090908,16.26,16.61,15.91,16.60,244237.0,1224784859.00
20090909,16.69,16.96,16.39,16.61,234115.0,1198654771.00
20090910,16.51,16.79,16.41,16.51,176604.0,901176496.00
20090911,16.53,17.30,16.53,17.16,300023.0,1563142457.00
20090914,17.16,17.37,17.05,17.26,209271.0,1104607659.00
20090915,17.27,17.34,16.89,17.10,230440.0,1208375896.00
20090916,16.96,17.07,16.53,16.68,267293.0,1375737450.00
20090917,16.82,17.46,16.82,17.35,280026.0,1481371212.00
20090918,17.27,17.37,16.49,16.61,289957.0,1508465341.00
20090921,16.46,17.00,16.24,16.85,272106.0,1383231268.00
20090922,16.77,17.30,16.42,16.52,266441.0,1383554349.00
20090923,16.68,16.80,16.16,16.23,255004.0,1288535938.00
20090924,16.09,16.80,15.77,16.57,351408.0,1763249314.00
20090925,16.30,17.05,16.30,16.80,281409.0,1444307177.00
20090928,16.82,16.95,15.96,16.09,232883.0,1171521531.00
20090929,16.07,16.46,15.98,16.35,189575.0,946504081.00
20090930,16.45,16.72,16.30,16.53,181838.0,924772175.00
20091009,17.05,17.41,16.90,17.38,305881.0,1614873085.00
20091012,17.39,17.79,17.34,17.34,293742.0,1584031503.00
20091013,17.34,17.76,17.25,17.73,233119.0,1256447088.00
20091014,17.80,18.40,17.68,18.01,353340.0,1964594042.00
20091015,18.38,18.61,18.17,18.32,228094.0,1287087851.00
20091016,18.37,18.63,17.94,18.27,191038.0,1067280998.00
20091019,18.22,18.87,18.15,18.85,259032.0,1484263146.00
20091020,18.87,19.23,18.87,19.19,237314.0,1391879085.00
20091021,19.19,19.39,18.88,18.90,221519.0,1296449703.00
20091022,18.82,19.08,18.62,18.68,186950.0,1075080894.00
20091023,18.74,19.28,18.74,19.07,203408.0,1190500729.00
20091026,19.23,19.56,19.15,19.35,240652.0,1431466505.00
20091027,19.13,19.60,18.88,19.22,247588.0,1469398062.00
20091028,19.17,19.29,18.51,18.79,263132.0,1516726085.00
20091029,18.35,18.60,17.94,18.11,296885.0,1660749491.00
20091030,18.61,18.74,18.21,18.24,211732.0,1203061721.00
20091102,17.83,19.67,17.79,19.46,358420.0,2080859620.00
20091103,19.46,20.02,19.33,19.80,327985.0,1991567969.00
20091104,19.72,19.95,19.41,19.72,184939.0,1117571035.00
20091105,19.72,19.81,19.30,19.55,186030.0,1115581359.00
20091106,19.81,19.92,19.55,19.56,156202.0,946676325.00
20091109,19.61,19.98,19.36,19.97,212367.0,1279726220.00
20091110,20.05,20.52,19.85,19.89,228488.0,1417871929.00
20091111,19.94,20.18,19.82,19.98,198954.0,1218024353.00
20091112,20.14,20.31,19.65,19.84,172489.0,1058510750.00
20091113,19.78,19.83,19.46,19.73,248351.0,1493365972.00
20091116,19.88,20.27,19.84,20.21,247520.0,1524912275.00
20091117,20.40,20.52,20.08,20.19,161135.0,1000058626.00
20091118,20.30,20.30,19.95,20.00,185360.0,1142563891.00
20091119,20.02,20.14,19.59,19.72,301822.0,1830659385.00
20091120,19.71,19.71,19.20,19.43,580336.0,3452108487.00
20091123,19.44,19.44,19.05,19.27,859730.0,5053860593.00
20091124,19.41,19.69,19.03,19.19,718960.0,4285025791.00
20091125,19.20,19.73,19.07,19.70,431937.0,2564403073.00
20091126,19.68,19.88,18.77,18.87,592215.0,3492293154.00
20091127,18.73,18.73,18.02,18.05,563362.0,3152308131.00
20091130,18.25,18.56,18.02,18.52,379356.0,2132779739.00
20091201,18.41,18.76,18.19,18.61,387719.0,2191515790.00
20091202,18.74,18.97,18.73,18.82,310559.0,1796368995.00
20091203,18.77,18.77,18.37,18.53,287062.0,1629666363.00
20091204,18.44,19.75,18.26,19.53,840689.0,4930833837.00
20091207,19.39,19.59,19.20,19.47,386709.0,2309371463.00
20091208,19.53,19.60,18.87,18.98,333352.0,1959188436.00
20091209,18.77,18.77,18.53,18.56,284225.0,1624260112.00
20091210,18.76,18.80,18.39,18.60,230761.0,1315365572.00
20091211,18.61,18.96,18.55,18.59,196740.0,1128878877.00
20091214,18.51,18.87,18.09,18.68,306475.0,1732840144.00
20091215,18.58,18.61,18.25,18.33,238037.0,1345975724.00
20091216,18.32,18.55,18.25,18.28,175852.0,990150306.00
20091217,18.29,18.40,17.73,17.78,306015.0,1687138440.00
20091221,17.14,17.36,16.88,17.11,542788.0,2842259103.00
20091222,17.17,17.24,16.53,16.59,359828.0,1859317175.00
20091223,16.63,16.79,16.38,16.60,347888.0,1770358655.00
20091224,16.56,17.08,16.46,17.04,460332.0,2372930657.00
20091225,16.95,17.14,16.88,16.92,258402.0,1345792900.00
20091228,16.89,17.29,16.89,17.07,426394.0,2242862370.00
20091229,17.14,17.19,16.88,17.06,291442.0,1522089122.00
20091230,17.11,17.94,17.10,17.79,718059.0,3864178939.00
20091231,17.83,18.12,17.73,17.96,404738.0,2232218026.00
20100104,18.09,18.12,17.55,17.56,293640.0,1603219301.00
20100105,17.61,17.99,17.21,17.79,360157.0,1951983400.00
20100106,17.73,17.89,17.37,17.41,332046.0,1791272562.00
20100107,17.41,17.54,16.91,17.09,365418.0,1927019007.00
20100108,17.09,17.09,16.72,16.98,323021.0,1672256054.00
20100111,17.76,17.89,16.93,17.07,501400.0,2670503696.00
20100112,16.95,17.27,16.66,17.23,378249.0,1967296214.00
20100113,16.85,16.95,16.38,16.40,584784.0,2982410724.00
20100114,16.56,16.79,16.26,16.62,369263.0,1864709187.00
20100115,16.62,16.74,16.33,16.65,258192.0,1312113016.00
20100118,16.55,16.55,16.28,16.40,417561.0,2096539352.00
20100119,16.38,16.72,16.38,16.49,340863.0,1728482241.00
20100120,16.53,16.57,15.93,15.96,395865.0,1967789991.00
20100121,16.00,16.43,15.94,16.27,307936.0,1525533255.00
20100122,15.97,16.51,15.81,16.29,437983.0,2168366968.00
20100125,16.10,16.52,16.04,16.22,225152.0,1126487973.00
20100126,16.23,16.29,15.81,15.85,229192.0,1125299581.00
20100127,15.91,15.97,15.48,15.52,241378.0,1161090258.00
20100128,15.54,15.56,15.14,15.25,310264.0,1458396142.00
20100129,15.22,15.48,14.99,15.15,308661.0,1444063444.00
20100201,15.31,15.64,15.18,15.60,533189.0,2517581806.00
20100202,15.65,16.11,15.43,15.47,379894.0,1835316032.00
20100203,15.56,16.25,15.45,16.24,548633.0,2685926550.00
20100204,16.04,16.24,15.93,16.07,266131.0,1312359241.00
20100205,15.73,15.86,15.65,15.67,238614.0,1150527232.00
20100208,15.65,15.87,15.52,15.67,175710.0,847341947.00
20100209,15.72,16.00,15.65,15.88,185027.0,900331181.00
20100210,16.04,16.33,16.04,16.30,316774.0,1579479629.00
20100211,16.29,16.44,16.21,16.26,170187.0,852491378.00
20100212,16.36,16.42,16.25,16.32,156503.0,784373958.00
20100222,16.29,16.29,15.99,16.00,191121.0,947411987.00
20100223,15.61,15.61,14.40,14.58,1633908.0,7326993689.00
20100224,14.41,14.60,14.34,14.54,672238.0,2987057854.00
20100225,14.62,14.85,14.58,14.74,614586.0,2775679972.00
20100226,14.68,14.85,14.61,14.67,487191.0,2200839829.00
20100301,14.99,15.28,14.77,15.22,567013.0,2616181552.00
20100302,15.22,15.31,15.09,15.18,335992.0,1564937643.00
20100303,15.20,15.25,14.97,15.13,260003.0,1200550511.00
20100304,15.14,15.21,14.67,14.69,316422.0,1452330382.00
20100305,14.77,14.90,14.70,14.83,249153.0,1131918722.00
20100308,14.86,15.10,14.80,15.05,226995.0,1045515695.00
20100309,15.06,15.55,14.90,15.34,419128.0,1966560972.00
20100310,15.34,15.56,15.27,15.40,307931.0,1456470568.00
20100311,15.40,15.55,15.17,15.32,218580.0,1027961522.00
20100312,15.31,15.44,15.19,15.21,206614.0,969590492.00
20100315,15.19,15.20,14.75,14.87,264180.0,1206486081.00
20100316,14.86,14.99,14.67,14.88,185284.0,842655216.00
20100317,14.95,15.80,14.93,15.75,542471.0,2572077341.00
20100318,15.65,15.87,15.61,15.65,342503.0,1654213818.00
20100319,15.66,15.81,15.51,15.80,246530.0,1185927248.00
20100322,15.78,15.91,15.68,15.77,229700.0,1114155520.00
20100323,15.82,15.86,15.48,15.54,186492.0,894180177.00
20100324,15.62,15.81,15.54,15.60,174730.0,839938797.00
20100325,15.60,15.60,15.32,15.38,157148.0,743771888.00
20100326,15.36,15.90,15.35,15.72,285246.0,1377169960.00
20100329,15.87,16.52,15.84,16.38,534401.0,2674552882.00
20100330,16.38,16.62,16.33,16.57,340008.0,1723131042.00
20100331,16.51,16.59,16.35,16.43,203797.0,1028863829.00
20100401,16.43,16.82,16.43,16.71,239154.0,1221550156.00
20100402,16.75,16.90,16.62,16.79,176385.0,907552880.00
20100406,16.95,16.99,16.50,16.60,202924.0,1041034328.00
20100407,16.52,16.74,16.40,16.57,163406.0,829878863.00
20100408,16.55,16.55,16.13,16.19,245340.0,1229851543.00
20100409,16.28,16.56,16.20,16.53,215742.0,1084809883.00
20100412,16.53,16.61,16.01,16.27,308654.0,1544584742.00
20100413,16.31,17.01,16.31,16.91,603602.0,3113389101.00
20100414,16.95,17.06,16.79,17.02,296440.0,1543008689.00
20100415,16.95,17.24,16.81,17.12,304848.0,1594987597.00
20100416,17.01,17.06,16.62,16.65,242501.0,1248649221.00
20100419,16.46,16.82,16.02,16.04,500767.0,2519922622.00
20100420,16.23,16.60,16.00,16.50,423726.0,2125985096.00
20100421,16.53,17.07,16.46,16.96,454960.0,2356458276.00
20100422,16.85,17.23,16.72,16.87,432916.0,2257690524.00
20100423,16.97,17.26,16.66,16.87,355425.0,1852355344.00
20100426,16.87,16.98,16.52,16.52,226695.0,1161687001.00
20100427,16.42,16.42,15.81,16.18,385288.0,1896412195.00
20100428,15.94,16.21,15.87,15.97,194854.0,958104408.00
20100429,16.13,16.25,15.78,15.80,183823.0,903803621.00
20100430,15.81,16.15,15.55,16.10,302174.0,1476549044.00
20100504,15.84,16.33,15.79,16.07,217696.0,1076517165.00
20100505,15.99,16.19,15.45,15.90,334527.0,1619772464.00
20100506,15.84,15.84,15.00,15.07,383597.0,1808252940.00
20100507,14.64,15.61,14.64,15.10,377703.0,1758768510.00
20100510,15.35,15.84,15.17,15.71,363700.0,1730791139.00
20100511,16.09,16.09,15.16,15.26,354351.0,1701502569.00
20100512,15.15,15.99,15.07,15.84,634879.0,3062796962.00
20100513,15.97,16.19,15.71,16.09,526301.0,2586801440.00
20100514,15.78,15.95,15.68,15.74,354074.0,1715512888.00
20100517,15.51,15.51,14.79,14.84,384397.0,1778236779.00
20100518,14.95,15.43,14.74,15.22,327975.0,1517786006.00
20100519,15.02,15.34,14.81,15.09,236879.0,1098912266.00
20100520,14.99,15.22,14.60,14.64,307979.0,1401077261.00
20100521,14.33,14.84,14.20,14.73,261199.0,1165840909.00
20100524,15.01,15.43,14.91,15.28,299525.0,1399469935.00
20100525,15.14,15.18,14.73,14.75,263593.0,1203608141.00
20100526,14.93,15.07,14.60,14.80,180371.0,819489543.00
20100527,14.78,15.09,14.54,15.03,245303.0,1120033891.00
20100528,15.21,15.25,14.86,14.98,194391.0,899503415.00
20100531,14.91,15.06,14.74,14.78,196678.0,899346097.00
20100601,14.73,15.12,14.60,14.97,304059.0,1391943396.00
20100602,14.93,14.93,14.60,14.83,206833.0,935642636.00
20100603,14.93,15.09,14.75,14.87,193616.0,887133480.00
20100604,14.77,14.89,14.70,14.85,109497.0,497194663.00
20100607,14.67,14.77,14.36,14.52,198753.0,889302063.00
20100608,14.52,14.62,14.25,14.43,166342.0,736749859.00
20100609,14.50,15.01,14.21,14.89,397462.0,1784266356.00
20100610,14.66,14.77,14.57,14.60,167986.0,755136129.00
20100611,14.76,14.99,14.67,14.77,181728.0,828227643.00
20100617,14.89,14.96,14.62,14.68,169457.0,769475462.00
20100618,14.68,14.91,14.60,14.64,229986.0,1040929333.00
20100621,14.78,15.48,14.77,15.33,629141.0,2941353196.00
20100622,15.33,15.42,15.27,15.35,207679.0,977327930.00
20100623,15.28,15.44,15.04,15.24,211820.0,988957502.00
20100624,15.21,15.56,15.21,15.38,193651.0,914646918.00
20100625,15.29,15.62,15.17,15.49,180985.0,858193868.00
20100628,15.48,15.63,15.22,15.26,203536.0,964185134.00
20100902,15.75,16.20,15.55,15.95,923829.0,4498031937.00
20100903,16.01,16.11,15.76,16.03,395027.0,1922321514.00
20100906,16.24,16.83,16.21,16.75,447383.0,2264538730.00
20100907,16.76,16.77,16.40,16.66,285789.0,1440108047.00
20100908,16.58,16.58,16.26,16.37,267240.0,1333713818.00
20100909,16.45,16.46,15.87,15.95,229864.0,1126863232.00
20100910,16.01,16.24,15.95,16.14,173260.0,847604366.00
20100913,16.16,16.62,16.16,16.33,221649.0,1106541988.00
20100914,16.40,16.70,16.40,16.49,228821.0,1152375394.00
20100915,16.48,16.75,16.22,16.22,239358.0,1202541915.00
20100916,16.22,16.39,15.93,16.10,180357.0,882336315.00
20100917,16.19,16.22,15.94,16.04,133499.0,649613622.00
20100920,16.12,16.71,15.94,16.44,282732.0,1405175232.00
20100921,16.61,16.70,16.43,16.53,167102.0,843371000.00
20100927,16.52,16.97,16.48,16.95,285604.0,1452196499.00
20100928,16.89,17.03,16.68,16.78,176372.0,901276787.00
20100929,16.76,17.02,16.71,16.81,156960.0,804872966.00
20100930,16.71,17.60,16.66,17.40,381395.0,2002691296.00
20101008,17.27,18.26,17.27,18.15,456474.0,2494059989.00
20101011,18.33,19.57,18.33,19.15,700043.0,4059817609.00
20101012,19.04,19.35,18.94,19.25,349516.0,2036211934.00
20101013,19.23,19.59,19.15,19.51,387057.0,2285876061.00
20101014,20.40,20.76,19.97,20.01,702542.0,4354684837.00
20101015,19.91,20.73,19.85,20.63,603689.0,3762361495.00
20101018,20.63,21.12,19.74,19.90,597217.0,3716974364.00
20101019,19.86,20.69,19.84,20.61,341665.0,2111048702.00
20101020,20.61,22.11,20.60,22.04,935111.0,6105907544.00
20101021,22.04,22.04,21.41,21.61,404072.0,2660063223.00
20101022,21.49,21.88,21.19,21.38,309749.0,2025961514.00
20101025,21.38,22.11,20.89,21.99,389993.0,2554247525.00
20101026,21.91,21.91,20.89,21.06,549491.0,3539792591.00
20101027,20.73,20.99,20.07,20.16,600165.0,3723672978.00
20101028,19.84,20.20,19.74,20.01,441111.0,2674745882.00
20101029,20.01,20.07,19.59,19.72,361930.0,2169903198.00
20101102,20.42,20.44,19.83,19.90,530352.0,3237673550.00
20101103,19.84,20.27,19.36,19.89,417023.0,2509020426.00
20101104,19.93,20.49,19.89,20.22,325291.0,2004135744.00
20101105,20.56,20.76,20.37,20.56,317454.0,1986586460.00
20101108,20.56,20.58,20.09,20.28,315756.0,1948900278.00
20101109,20.29,20.29,19.74,19.79,336815.0,2034534276.00
20101110,19.73,20.09,19.44,20.07,340583.0,2054687033.00
20101111,20.20,20.98,19.95,20.56,546121.0,3417606627.00
20101112,20.50,21.12,19.78,19.99,604492.0,3759229627.00
20101115,19.77,19.97,19.08,19.55,425999.0,2525269206.00
20101116,19.48,19.48,18.36,18.64,412861.0,2374218988.00
20101117,18.28,19.17,18.20,18.73,498823.0,2832767814.00
20101118,19.04,19.10,18.53,18.97,308265.0,1767075762.00
20101119,19.13,19.16,18.27,18.99,366334.0,2087955493.00
20101122,18.92,19.58,18.89,19.21,353701.0,2069311741.00
20101123,18.96,19.02,18.37,18.51,307731.0,1744352265.00
20101124,18.57,19.31,18.57,19.18,339886.0,1971102345.00
20101125,19.16,19.41,18.87,19.24,245211.0,1431165500.00
20101126,19.12,19.15,18.70,18.81,213082.0,1224229468.00
20101129,18.76,19.15,18.75,19.00,178628.0,1030556754.00
20101130,18.92,19.11,18.33,18.65,259619.0,1472657617.00
20101201,18.56,18.65,18.36,18.43,141752.0,796698753.00
20101202,18.92,19.10,18.72,18.73,222668.0,1282129654.00
20101203,18.90,19.35,18.85,19.29,336934.0,1966304531.00
20101206,19.24,19.89,19.20,19.67,341577.0,2033742091.00
20101207,19.56,20.02,19.37,19.87,246123.0,1472475440.00
20101208,19.80,19.95,19.46,19.48,182897.0,1094520707.00
20101209,19.38,19.86,19.28,19.47,180810.0,1073767938.00
20101210,19.38,20.10,19.35,20.04,331827.0,1998477961.00
20101213,20.07,20.24,19.83,20.23,390679.0,2378679886.00
20101214,20.07,20.45,20.01,20.05,230333.0,1414462365.00
20101215,20.05,20.14,19.54,19.57,248198.0,1490436740.00
20101216,19.51,19.67,18.97,19.01,343371.0,2008535520.00
20101217,19.08,19.09,18.77,18.93,258785.0,1486898958.00
20101220,19.03,19.07,18.26,18.49,304220.0,1717720575.00
20101221,18.59,19.30,18.51,19.27,327823.0,1884808481.00
20101222,19.25,19.31,18.73,18.85,204956.0,1186543277.00
20101223,18.85,19.13,18.66,18.73,164977.0,943569681.00
20101224,18.64,18.99,18.49,18.75,186128.0,1063026027.00
20101227,19.28,19.41,18.26,18.35,310757.0,1784328805.00
20101228,18.33,18.61,18.10,18.13,219886.0,1226590399.00
20101229,18.20,18.28,18.03,18.27,127281.0,702856126.00
20101230,18.27,18.39,18.05,18.17,181219.0,1002551647.00
20101231,18.26,18.58,18.19,18.48,164760.0,921857602.00
20110104,18.71,18.95,18.59,18.73,245626.0,1400499338.00
20110105,18.62,18.69,18.03,18.05,427554.0,2368305774.00
20110106,18.08,18.08,16.93,17.30,947078.0,4971851955.00
20110107,17.43,17.85,17.04,17.44,659013.0,3494756547.00
20110110,17.41,17.73,17.08,17.12,282919.0,1494174281.00
20110111,17.06,17.29,17.01,17.15,258047.0,1343674168.00
20110112,17.20,17.50,17.11,17.44,225559.0,1189009625.00
20110113,17.51,17.58,17.29,17.43,195120.0,1034239321.00
20110114,17.34,17.41,17.04,17.10,154439.0,806532104.00
20110117,17.03,17.10,16.39,16.40,308565.0,1561578586.00
20110118,16.41,16.63,16.30,16.45,180540.0,901698013.00
20110119,16.45,16.71,16.39,16.68,178341.0,896464529.00
20110120,16.71,16.73,16.04,16.05,221741.0,1106855829.00
20110121,16.08,16.63,15.96,16.26,238048.0,1176531357.00
20110124,16.35,16.35,15.79,15.91,252759.0,1226944337.00
20110125,15.91,16.12,15.76,15.96,200780.0,973316668.00
20110126,15.99,16.24,15.97,16.10,148706.0,727077978.00
20110127,15.96,16.51,15.81,16.43,258096.0,1278763037.00
20110128,16.43,16.50,16.09,16.25,181704.0,897234526.00
20110131,16.23,16.42,16.11,16.35,171980.0,851152074.00
20110201,16.38,16.48,16.28,16.44,140347.0,697707971.00
20110209,16.39,16.70,16.27,16.42,217564.0,1092232093.00
20110210,16.39,16.67,16.24,16.64,249274.0,1244606804.00
20110211,16.52,16.58,16.37,16.44,425115.0,2125527418.00
20110214,16.45,17.27,16.44,17.20,548549.0,2822049324.00
20110215,17.17,17.27,16.98,16.99,336940.0,1753103503.00
20110216,16.95,17.06,16.78,16.94,272510.0,1398832886.00
20110217,16.95,17.08,16.78,16.87,257825.0,1324705092.00
20110218,16.81,16.97,16.70,16.84,249045.0,1275690029.00
20110221,16.77,16.99,16.68,16.96,217624.0,1112791611.00
20110222,16.98,17.01,16.19,16.20,507037.0,2537769280.00
20110223,16.13,16.24,16.00,16.10,284176.0,1389602861.00
20110224,16.09,16.12,15.86,16.08,271321.0,1318826028.00
20110225,16.08,16.41,15.99,16.19,253069.0,1245919723.00
20110228,16.21,16.40,16.05,16.37,256495.0,1267223052.00
20110301,16.38,16.69,16.35,16.53,282299.0,1417131149.00
20110302,16.40,16.62,16.33,16.49,225292.0,1124773542.00
20110303,16.57,17.14,16.56,16.69,658489.0,3369414824.00
20110304,16.77,17.19,16.70,17.15,481229.0,2481548293.00
20110307,17.31,17.67,17.27,17.60,544388.0,2894907743.00
20110308,17.57,17.70,17.31,17.49,302452.0,1610827658.00
20110309,17.60,17.77,17.43,17.58,268171.0,1436572836.00
20110310,17.50,17.50,16.96,16.99,432742.0,2251457091.00
20110311,16.88,16.98,16.64,16.73,304760.0,1558931336.00
20110315,16.78,16.83,15.96,16.27,558216.0,2776165904.00
20110316,16.43,16.65,16.39,16.50,239269.0,1198791009.00
20110317,16.34,16.34,15.99,16.05,395419.0,1938948145.00
20110318,16.17,16.30,16.12,16.13,217790.0,1072152565.00
20110321,16.19,16.38,16.15,16.19,178335.0,880737788.00
20110322,16.29,16.51,16.15,16.48,229230.0,1141356097.00
20110323,16.42,16.67,16.35,16.59,202633.0,1017430945.00
20110324,16.59,16.61,16.42,16.45,157787.0,790142582.00
20110325,16.50,16.81,16.43,16.62,282207.0,1427721207.00
20110328,16.68,16.87,16.45,16.47,311402.0,1577431915.00
20110329,16.48,16.71,16.23,16.41,353005.0,1764101825.00
20110330,16.45,16.61,16.36,16.45,197365.0,989493843.00
20110331,16.49,16.57,16.26,16.27,187467.0,933591009.00
20110401,16.32,16.87,16.30,16.86,305885.0,1541263192.00
20110406,17.06,17.58,17.01,17.51,779886.0,4103732508.00
20110407,17.59,17.59,17.32,17.44,317422.0,1681947267.00
20110408,17.41,17.57,17.29,17.41,220701.0,1167683834.00
20110411,17.44,17.54,17.05,17.07,336488.0,1775014903.00
20110412,17.01,17.18,16.91,17.10,256472.0,1327063086.00
20110413,17.00,17.64,16.97,17.61,345013.0,1812102620.00
20110414,17.56,17.80,17.44,17.49,422949.0,2267672016.00
20110415,17.47,17.88,17.40,17.83,378106.0,2034348741.00
20110418,17.75,18.25,17.70,18.06,515045.0,2829349972.00
20110419,17.89,17.93,17.37,17.37,344427.0,1841998065.00
20110420,17.49,17.56,17.20,17.31,219672.0,1158416562.00
20110421,17.53,17.63,17.40,17.43,174261.0,926247498.00
20110422,17.44,17.44,17.12,17.17,167899.0,880622828.00
20110425,17.17,17.17,16.86,17.00,207586.0,1072991273.00
20110426,16.94,17.15,16.91,16.97,190239.0,982995525.00
20110427,17.07,17.10,16.88,16.98,167602.0,865222886.00
20110428,17.11,17.45,17.11,17.15,373851.0,1961251656.00
20110429,17.09,17.24,16.75,17.19,221706.0,1144894398.00
20110503,17.11,17.33,16.92,17.30,196591.0,1027976860.00
20110504,17.11,17.17,16.65,16.71,303428.0,1557728268.00
20110505,16.68,16.71,16.43,16.55,227055.0,1140945349.00
20110506,16.38,16.62,16.34,16.48,174482.0,873256909.00
20110509,16.54,16.58,16.32,16.36,162473.0,810857012.00
20110510,16.37,16.56,16.37,16.52,109520.0,547966892.00
20110511,16.53,16.63,16.40,16.53,105821.0,531970475.00
20110512,16.38,16.50,16.19,16.19,159404.0,792575496.00
20110513,16.29,16.51,16.18,16.47,164616.0,816278754.00
20110516,16.45,16.50,16.20,16.21,171127.0,849319195.00
20110517,16.21,16.52,16.19,16.39,159673.0,793326232.00
20110518,16.37,16.65,16.30,16.49,190681.0,956027106.00
20110519,16.53,16.61,16.36,16.42,114867.0,574185651.00
20110520,16.39,16.51,16.39,16.44,98703.0,493234065.00
20110523,16.39,16.42,15.81,15.84,275342.0,1341534279.00
20110524,15.84,15.95,15.79,15.87,121461.0,585692451.00
20110525,15.84,15.84,15.71,15.72,139887.0,669703068.00
20110526,15.83,15.89,15.69,15.70,145725.0,697884002.00
20110527,15.70,15.93,15.69,15.78,157783.0,757549340.00
20110530,15.75,15.90,15.71,15.79,133058.0,639592937.00
20110531,15.80,16.05,15.75,16.03,144133.0,696637997.00
20110601,15.96,16.05,15.91,15.95,134985.0,655567547.00
20110602,15.79,15.86,15.41,15.55,217226.0,1029299555.00
20110603,15.56,15.72,15.50,15.69,134132.0,636580906.00
20110607,15.59,15.81,15.52,15.77,110556.0,526357191.00
20110608,15.76,15.76,15.53,15.67,116779.0,553962267.00
20110609,15.65,15.71,15.44,15.47,139353.0,658333982.00
20110610,15.54,15.62,15.43,15.61,115654.0,545290728.00
20110613,15.46,15.47,15.23,15.39,114612.0,533662857.00
20110614,15.38,15.59,15.30,15.49,130822.0,616264122.00
20110615,15.51,15.58,15.25,15.26,127000.0,593268202.00
20110617,15.10,15.17,14.83,14.85,222785.0,1012345032.00
20110620,14.86,14.90,14.46,14.60,204701.0,909820728.00
20110621,14.61,14.71,14.54,14.68,150976.0,671342551.00
20110622,14.74,14.91,14.72,14.78,152402.0,685388896.00
20110623,14.77,15.20,14.65,15.09,173064.0,784718161.00
20110624,15.07,15.76,15.05,15.69,370102.0,1745360749.00
20110627,15.63,15.89,15.57,15.63,134682.0,643107248.00
20110628,15.74,15.76,15.42,15.56,133229.0,629352425.00
20110629,15.62,15.68,15.36,15.38,144644.0,683272911.00
20110630,15.45,16.07,15.42,15.88,298003.0,1434330263.00
20110701,15.92,15.97,15.74,15.84,153785.0,740400818.00
20110704,15.94,16.24,15.94,16.18,219863.0,1079421152.00
20110705,16.16,16.23,15.93,16.02,163092.0,795194706.00
20110706,15.95,16.35,15.72,16.12,216706.0,1047725570.00
20110707,16.32,16.34,15.88,15.99,230480.0,1126324875.00
20110708,16.06,16.16,15.89,15.95,141415.0,687300578.00
20110711,15.84,15.84,15.64,15.77,144563.0,691891461.00
20110712,15.62,15.62,15.31,15.33,216612.0,1016356041.00
20110713,15.39,15.66,15.34,15.60,183346.0,866342489.00
20110714,15.60,15.70,15.50,15.59,146231.0,692705631.00
20110715,15.57,15.83,15.46,15.72,136086.0,648143721.00
20110718,15.76,15.84,15.55,15.61,139543.0,663725250.00
20110719,15.52,15.55,15.40,15.43,117103.0,550558466.00
20110720,15.58,15.62,15.42,15.50,143924.0,678642220.00
20110721,15.58,15.59,15.24,15.26,125644.0,581318174.00
20110722,15.35,15.54,15.27,15.39,129407.0,600454892.00
20110725,15.30,15.30,14.93,15.00,192892.0,878714411.00
20110726,15.00,15.16,14.97,15.13,95047.0,432660875.00
20110727,15.03,15.05,14.82,14.93,231018.0,1038091213.00
20110728,14.79,14.79,14.56,14.62,234260.0,1033934130.00
20110729,14.68,14.97,14.55,14.77,254174.0,1129201860.00
20110801,14.77,14.93,14.72,14.90,129199.0,578054148.00
20110802,14.72,14.73,14.57,14.72,104483.0,461108179.00
20110803,14.60,14.78,14.56,14.62,135518.0,597705226.00
20110804,14.68,14.79,14.60,14.61,122708.0,542172736.00
20110805,14.27,14.30,13.95,14.05,372558.0,1588703740.00
20110808,13.87,14.00,13.51,13.59,319360.0,1320759013.00
20110809,13.23,13.57,13.14,13.50,358450.0,1443504086.00
20110810,13.76,13.80,13.51,13.60,272346.0,1122210974.00
20110811,13.40,13.83,13.32,13.83,285107.0,1171015559.00
20110812,13.93,13.94,13.61,13.70,280361.0,1159061752.00
20110815,13.75,14.16,13.61,14.14,278432.0,1166843919.00
20110816,14.06,14.15,13.87,13.89,188006.0,794229664.00
20110818,14.06,14.10,13.63,13.69,193580.0,809163928.00
20110819,13.42,13.57,13.31,13.38,164683.0,665548653.00
20110822,13.42,13.56,13.27,13.41,129444.0,521686786.00
20110823,13.42,13.61,13.37,13.60,115254.0,469445578.00
20110824,13.69,13.72,13.44,13.48,134289.0,548191080.00
20110825,13.51,14.10,13.51,14.09,362261.0,1519226646.00
20110826,14.00,14.05,13.84,13.94,185792.0,780558557.00
20110829,13.74,13.74,13.50,13.63,187119.0,767337832.00
20110830,13.73,13.91,13.54,13.55,165284.0,684287743.00
20110831,13.52,13.54,13.40,13.52,185422.0,751685532.00
20110901,13.61,13.85,13.55,13.65,203107.0,837405851.00
20110902,13.65,13.82,13.47,13.70,120628.0,492888359.00
20110905,13.56,13.56,13.38,13.41,108050.0,435817138.00
20110906,13.42,13.42,13.23,13.30,148870.0,595236721.00
20110907,13.43,13.56,13.31,13.50,144667.0,583739349.00
20110908,13.54,13.54,13.32,13.33,108584.0,437819518.00
20110909,13.47,13.62,13.32,13.38,133099.0,536379974.00
20110913,13.11,13.25,13.08,13.15,133023.0,524998299.00
20110914,13.25,13.29,12.89,13.15,177584.0,696986787.00
20110915,13.18,13.27,13.08,13.09,115503.0,457742497.00
20110916,13.19,13.33,13.16,13.18,142291.0,566076554.00
20110919,13.07,13.09,12.91,12.92,112332.0,437905902.00
20110920,12.92,13.02,12.86,12.98,80864.0,314189519.00
20110921,13.01,13.48,12.96,13.37,216434.0,864244711.00
20110922,13.24,13.36,12.89,12.95,179434.0,707874400.00
20110923,12.79,12.83,12.39,12.66,293801.0,1113522262.00
20110926,12.49,12.62,11.40,11.45,680825.0,2413100121.00
20110927,11.66,11.75,11.57,11.66,352144.0,1232211972.00
20110928,11.78,11.85,11.51,11.55,187381.0,658505936.00
20110929,11.48,11.48,11.31,11.34,277148.0,946404908.00
20110930,11.41,11.42,11.12,11.18,308178.0,1039951854.00
20111010,11.26,11.38,11.25,11.29,192594.0,653349174.00
20111011,11.69,11.75,11.38,11.44,323973.0,1129032292.00
20111012,11.42,12.09,11.39,12.07,366336.0,1301168648.00
20111013,12.00,12.27,11.97,12.09,313159.0,1142706232.00
20111014,12.08,12.16,11.96,12.13,172489.0,624849932.00
20111017,12.21,12.52,12.17,12.38,238591.0,887419361.00
20111018,12.23,12.28,11.77,11.83,199868.0,722649701.00
20111019,11.90,12.12,11.78,11.85,201571.0,721053180.00
20111020,11.71,11.74,11.44,11.55,184473.0,642057085.00
20111021,11.66,11.81,11.59,11.66,166654.0,585179436.00
20111024,11.86,12.32,11.74,12.27,309054.0,1120171202.00
20111025,12.22,12.49,12.06,12.35,287217.0,1061970003.00
20111026,12.33,12.65,12.32,12.50,305878.0,1149459532.00
20111027,12.36,12.68,12.34,12.65,381175.0,1432252369.00
20111028,12.89,13.24,12.82,12.90,579291.0,2267193036.00
20111031,12.92,13.05,12.80,12.88,239747.0,930186908.00
20111101,12.73,13.38,12.69,13.06,389494.0,1535663205.00
20111102,12.86,13.38,12.79,13.35,336433.0,1320501078.00
20111103,13.38,13.76,13.38,13.45,420911.0,1717410285.00
20111104,13.63,13.72,13.45,13.45,300204.0,1224249189.00
20111107,13.37,13.46,13.22,13.25,185670.0,742311536.00
20111108,13.32,13.46,13.22,13.29,130421.0,522176901.00
20111109,13.39,13.59,13.25,13.50,216268.0,870216548.00
20111110,13.29,13.30,12.93,12.94,285205.0,1120274001.00
20111111,12.98,13.08,12.82,12.93,123525.0,480824690.00
20111114,13.11,13.35,13.11,13.31,182755.0,727625475.00
20111115,13.28,13.30,13.09,13.17,116209.0,459848438.00
20111116,13.12,13.19,12.48,12.57,319763.0,1217798758.00
20111117,12.59,12.63,12.32,12.40,232858.0,869041751.00
20111118,12.28,12.38,12.02,12.12,246108.0,899809250.00
20111121,12.14,12.21,11.97,12.20,164989.0,599002711.00
20111122,12.09,12.26,12.04,12.10,194629.0,708753128.00
20111123,12.12,12.15,11.79,11.86,173781.0,621658054.00
20111124,11.76,12.17,11.73,12.04,183872.0,659478734.00
20111125,11.98,12.05,11.85,11.90,93971.0,336686214.00
20111128,11.99,12.14,11.95,12.00,126119.0,455603261.00
20111129,12.16,12.23,12.03,12.21,180018.0,656216078.00
20111130,12.14,12.17,11.71,11.74,175935.0,628748399.00
20111201,12.36,12.74,12.25,12.38,531499.0,1982210775.00
20111202,12.29,12.38,12.19,12.35,202761.0,748966443.00
20111205,12.48,12.62,12.28,12.35,211295.0,789823985.00
20111206,12.36,12.45,12.16,12.26,145652.0,538068552.00
20111207,12.32,12.64,12.28,12.63,222045.0,834760373.00
20111208,12.53,12.78,12.40,12.65,205142.0,777229208.00
20111209,12.52,12.72,12.49,12.65,133060.0,503597113.00
20111212,12.65,12.69,12.44,12.49,123284.0,465722015.00
20111213,12.32,12.39,11.88,12.00,277952.0,1008888020.00
20111214,11.99,12.06,11.89,11.99,134233.0,483441453.00
20111215,11.89,12.02,11.66,11.73,194602.0,691626975.00
20111216,11.72,12.12,11.72,11.97,161441.0,575893374.00
20111219,11.86,12.06,11.62,12.03,182210.0,647362188.00
20111220,11.94,12.22,11.92,12.10,131827.0,479690861.00
20111221,11.99,12.24,11.44,11.47,333397.0,1185825546.00
20111222,11.45,11.56,11.22,11.32,260175.0,885704477.00
20111223,11.32,11.47,11.14,11.32,217902.0,739791255.00
20111226,11.23,11.41,11.15,11.18,162201.0,547735139.00
20111227,11.17,11.51,11.15,11.25,129192.0,438174390.00
20111228,11.19,11.39,11.14,11.36,135990.0,461081989.00
20111229,11.33,11.42,11.22,11.31,105864.0,360330531.00
20111230,11.36,11.54,11.34,11.47,146454.0,503771923.00
20120104,11.62,11.66,11.26,11.29,145722.0,502236997.00
20120105,11.17,11.52,11.16,11.30,181671.0,617600641.00
20120106,11.28,11.39,11.19,11.27,170816.0,578494656.00
20120109,11.29,11.57,11.11,11.57,331519.0,1130256516.00
20120110,11.59,12.12,11.57,12.09,385120.0,1375248786.00
20120111,12.06,12.14,11.87,11.93,265092.0,952882458.00
20120112,11.92,12.32,11.87,12.11,228282.0,833020382.00
20120113,12.12,12.23,11.86,12.00,188645.0,682191938.00
20120116,11.96,12.12,11.85,11.85,139129.0,500463860.00
20120117,11.92,12.63,11.81,12.60,312293.0,1147221756.00
20120118,12.56,12.82,12.42,12.47,225228.0,852434651.00
20120119,12.49,12.87,12.49,12.83,356225.0,1365518922.00
20120120,12.91,13.15,12.84,13.02,398086.0,1554842791.00
20120130,13.03,13.09,12.81,12.86,220084.0,853106693.00
20120131,12.86,13.02,12.59,12.77,241943.0,933657076.00
20120201,12.73,12.87,12.36,12.46,270209.0,1023052594.00
20120202,12.54,13.22,12.54,13.20,440393.0,1700932067.00
20120203,13.19,13.54,13.11,13.37,441322.0,1768196167.00
20120206,13.40,13.44,13.07,13.20,224209.0,892917027.00
20120207,13.10,13.17,12.82,12.96,263023.0,1024186651.00
20120209,13.35,13.51,13.22,13.28,409753.0,1640170589.00
20120210,13.26,13.56,13.23,13.35,261114.0,1053202388.00
20120213,13.17,13.61,13.14,13.42,205117.0,824582159.00
20120214,13.41,13.41,13.05,13.18,235229.0,933046502.00
20120215,13.14,13.52,13.14,13.40,242261.0,974863896.00
20120216,13.38,13.39,13.13,13.22,172994.0,688168125.00
20120217,13.39,13.43,13.14,13.24,173864.0,693177977.00
20120220,13.42,13.62,13.33,13.35,314414.0,1272813446.00
20120221,13.37,13.57,13.22,13.55,228393.0,917769423.00
20120222,13.51,13.77,13.39,13.69,240660.0,981869377.00
20120223,13.65,13.82,13.59,13.66,186682.0,767904991.00
20120224,13.66,13.89,13.57,13.88,257366.0,1062374627.00
20120227,13.93,14.06,13.80,13.83,283207.0,1189327444.00
20120228,13.85,13.99,13.76,13.89,200162.0,833680243.00
20120229,13.85,13.86,13.53,13.60,256462.0,1049765237.00
20120301,13.56,13.69,13.48,13.51,177499.0,723342446.00
20120302,13.55,13.75,13.55,13.74,212385.0,870860573.00
20120305,13.76,13.81,13.34,13.36,355139.0,1441936110.00
20120306,13.35,13.36,13.07,13.14,401626.0,1586289306.00
20120307,13.02,13.22,13.00,13.04,216500.0,851585765.00
20120308,13.10,13.44,13.10,13.29,268887.0,1073978277.00
20120309,13.40,13.42,13.21,13.35,137758.0,550616240.00
20120312,13.34,13.34,13.02,13.25,241016.0,952032317.00
20120313,13.23,13.54,13.23,13.54,225129.0,908771028.00
20120314,13.66,13.70,13.19,13.24,322638.0,1300735128.00
20120315,13.21,13.39,13.16,13.17,196044.0,781101237.00
20120316,13.20,13.29,12.92,13.17,225820.0,885832232.00
20120319,13.11,13.11,12.89,12.99,252744.0,984345806.00
20120320,12.96,13.11,12.89,12.91,198625.0,775517849.00
20120321,13.02,13.07,12.81,12.97,176090.0,685491666.00
20120322,12.99,13.06,12.83,12.97,136865.0,531861832.00
20120323,12.92,12.92,12.72,12.80,159648.0,612291221.00
20120326,12.76,12.83,12.64,12.74,108792.0,415824921.00
20120327,12.86,12.89,12.66,12.76,190967.0,731417735.00
20120328,12.71,12.73,12.41,12.45,227970.0,858593636.00
20120329,12.36,12.42,12.02,12.07,249791.0,914966080.00
20120330,12.15,12.20,12.03,12.18,194832.0,709942488.00
20120405,12.18,12.66,12.04,12.58,288782.0,1076687188.00
20120406,12.57,12.77,12.52,12.68,192329.0,729717208.00
20120409,12.58,12.69,12.47,12.54,84658.0,319807630.00
20120410,12.50,12.70,12.31,12.68,127567.0,477657130.00
20120411,12.51,12.74,12.49,12.62,148886.0,564269434.00
20120412,12.64,13.05,12.56,13.01,252362.0,973939701.00
20120413,13.06,13.34,13.06,13.24,342894.0,1364083088.00
20120416,13.16,13.26,13.06,13.15,102341.0,404083835.00
20120417,13.14,13.20,12.94,12.95,119963.0,469252637.00
20120418,13.03,13.35,12.98,13.32,218910.0,869351208.00
20120419,13.30,13.82,13.26,13.66,569055.0,2331285875.00
20120420,13.62,13.82,13.60,13.78,352075.0,1453313665.00
20120423,13.77,13.93,13.48,13.53,279378.0,1151790267.00
20120424,13.46,13.92,13.39,13.59,420200.0,1721290950.00
20120425,13.56,13.75,13.47,13.59,224789.0,920170672.00
20120426,13.65,13.86,13.65,13.72,224004.0,924361680.00
20120427,13.72,13.82,13.49,13.56,234195.0,960478859.00
20120502,13.90,14.14,13.80,14.05,363653.0,1527200535.00
20120503,14.05,14.39,14.02,14.35,318633.0,1364940644.00
20120504,14.32,14.44,14.19,14.35,268197.0,1153548700.00
20120507,14.19,14.27,13.89,13.99,332307.0,1400553446.00
20120508,14.05,14.09,13.79,13.85,293732.0,1225945909.00
20120509,13.74,13.88,13.70,13.81,259380.0,1075514907.00
20120510,13.79,13.88,13.76,13.78,182334.0,756210745.00
20120511,13.77,13.94,13.62,13.72,177240.0,732366216.00
20120514,13.83,13.95,13.40,13.59,239248.0,978054314.00
20120515,13.66,14.06,13.66,14.05,470313.0,1967590079.00
20120516,13.99,14.01,13.70,13.73,221806.0,923956724.00
20120517,13.78,14.16,13.74,14.12,295446.0,1239888655.00
20120518,13.98,13.98,13.66,13.79,262366.0,1088505776.00
20120521,13.73,14.01,13.73,13.86,155806.0,648974927.00
20120522,13.92,14.19,13.89,14.18,300483.0,1267586285.00
20120523,14.12,14.16,13.92,14.06,234726.0,991154903.00
20120524,13.99,14.21,13.94,14.00,125274.0,528260838.00
20120525,14.00,14.09,13.46,13.54,226039.0,932505815.00
20120528,13.51,13.72,13.38,13.68,215093.0,875621560.00
20120529,13.69,14.19,13.59,14.06,260238.0,1089682968.00
20120530,14.06,14.18,14.00,14.07,184023.0,778974803.00
20120531,14.02,14.03,13.88,13.95,170147.0,713140321.00
20120601,13.96,14.15,13.95,14.05,142948.0,604801038.00
20120604,13.89,13.97,13.56,13.59,366667.0,1509715039.00
20120605,13.64,13.74,13.50,13.55,213146.0,869045913.00
20120606,13.62,13.78,13.60,13.66,155657.0,640395778.00
20120607,13.82,14.04,13.62,13.68,150635.0,625981312.00
20120608,13.92,13.94,13.64,13.69,266562.0,1102711234.00
20120611,13.80,14.11,13.74,14.10,194083.0,814977369.00
20120612,14.01,14.21,14.01,14.16,198195.0,839561020.00
20120613,14.16,15.14,14.16,15.08,542936.0,2409654610.00
20120614,15.09,15.23,14.97,15.03,348910.0,1583032816.00
20120615,15.07,15.53,15.07,15.34,393239.0,1812596739.00
20120618,15.48,15.55,15.19,15.36,201148.0,928630635.00
20120619,15.32,15.52,15.27,15.31,202791.0,938135164.00
20120620,15.32,15.50,15.30,15.33,138919.0,641604885.00
20120621,15.24,15.24,14.74,14.91,275213.0,1234013462.00
20120625,14.80,14.85,14.48,14.50,189097.0,831236799.00
20120626,14.48,14.80,14.41,14.64,211789.0,932215348.00
20120628,14.65,15.02,14.65,14.87,253444.0,1134927218.00
20120629,14.83,15.46,14.82,15.23,332907.0,1521515776.00
20120702,15.35,15.37,15.09,15.35,185929.0,851036871.00
20120703,15.35,15.59,15.14,15.19,243087.0,1122983250.00
20120704,15.22,15.30,14.95,15.04,110491.0,499825405.00
20120705,14.94,15.25,14.86,15.10,148644.0,668744298.00
20120706,15.24,15.49,15.04,15.40,330381.0,1517030324.00
20120709,15.32,15.60,15.12,15.19,208367.0,962394301.00
20120710,15.19,15.44,15.02,15.16,161024.0,735694463.00
20120711,15.05,15.25,14.98,15.22,143387.0,650864276.00
20120712,15.19,15.19,14.77,14.99,351041.0,1577292030.00
20120713,14.83,15.19,14.83,14.99,148773.0,672160609.00
20120716,15.07,15.07,14.55,14.59,208562.0,915123962.00
20120717,14.57,14.87,14.50,14.83,208013.0,912292976.00
20120718,14.88,15.02,14.50,14.84,166542.0,734187777.00
20120719,14.79,15.57,14.74,15.39,353009.0,1615761269.00
20120720,15.34,15.42,15.21,15.40,187084.0,855906518.00
20120723,15.19,15.19,14.90,15.00,172867.0,776087256.00
20120724,14.88,15.21,14.88,15.05,157409.0,707539023.00
20120725,14.91,15.20,14.90,14.97,112389.0,505485167.00
20120726,15.00,15.30,14.90,14.97,164923.0,742538462.00
20120727,15.09,15.13,14.57,14.90,247192.0,1092836704.00
20120730,14.87,15.03,14.57,14.61,159358.0,700249541.00
20120731,14.61,15.11,14.57,14.82,209829.0,934470070.00
20120801,14.87,15.20,14.84,15.14,154617.0,697046677.00
20120802,15.11,15.20,14.87,15.02,146926.0,659389572.00
20120803,15.02,15.05,14.54,14.75,229890.0,1007850527.00
20120806,14.74,14.96,14.71,14.94,146310.0,648599981.00
20120807,14.90,14.93,14.64,14.71,180692.0,794908672.00
20120808,14.72,14.88,14.66,14.86,127186.0,561573789.00
20120809,14.75,14.97,14.69,14.96,142390.0,630526607.00
20120810,14.90,15.16,14.90,15.02,137099.0,616938583.00
20120813,15.00,15.00,13.95,14.04,414447.0,1780966720.00
20120814,14.04,14.10,13.71,13.93,245762.0,1016208128.00
20120815,13.93,14.05,13.87,13.91,111921.0,466583510.00
20120816,13.90,14.00,13.82,13.91,84905.0,353044801.00
20120817,13.88,13.97,13.73,13.94,142502.0,588279240.00
20120820,13.77,13.87,13.53,13.78,127159.0,518433947.00
20120821,13.80,14.00,13.67,13.75,148397.0,612357737.00
20120822,13.76,13.87,13.54,13.69,146413.0,595758471.00
20120823,13.70,13.81,13.60,13.74,144523.0,592813418.00
20120824,13.78,13.85,13.64,13.69,118785.0,486505159.00
20120827,13.68,13.73,13.01,13.02,245566.0,971097971.00
20120828,13.02,13.23,12.94,13.02,127798.0,498281528.00
20120829,12.96,13.00,12.82,12.87,107503.0,414494394.00
20120830,12.69,13.25,12.69,13.11,225262.0,879957043.00
20120831,13.07,13.33,12.98,13.01,129956.0,509109683.00
20120903,12.90,13.44,12.90,13.35,191676.0,761965764.00
20120904,13.40,13.42,13.15,13.21,100364.0,398083040.00
20120905,13.17,13.36,13.11,13.15,121555.0,478991340.00
20120906,13.22,13.43,13.19,13.34,96156.0,381699358.00
20120907,13.53,14.26,13.53,14.08,402051.0,1671411842.00
20120910,14.10,14.19,13.93,14.06,161953.0,680194673.00
20120911,13.99,13.99,13.71,13.81,139953.0,577353425.00
20120912,13.97,14.10,13.72,13.81,133843.0,554101290.00
20120913,13.81,13.85,13.66,13.67,135444.0,556022063.00
20120914,13.84,14.02,13.66,13.74,199839.0,826302886.00
20120917,13.66,13.84,13.40,13.41,158170.0,641410224.00
20120918,13.31,13.52,13.17,13.41,113933.0,454682163.00
20120919,13.40,13.56,13.36,13.52,104929.0,421523898.00
20120920,13.51,13.51,13.32,13.33,187217.0,748104236.00
20120921,13.29,13.40,13.16,13.26,105097.0,416442280.00
20120924,13.17,13.53,13.07,13.48,104670.0,418219576.00
20120925,13.46,13.81,13.46,13.61,138251.0,563952722.00
20120926,13.56,13.71,13.52,13.56,102482.0,414546092.00
20120927,13.61,14.20,13.61,14.00,254070.0,1052444793.00
20120928,13.87,14.14,13.82,14.10,225460.0,943154563.00
20121008,14.14,14.38,13.90,13.93,120276.0,504857105.00
20121009,14.02,14.34,14.02,14.24,175674.0,744670982.00
20121010,14.19,14.25,14.12,14.19,84831.0,358373315.00
20121011,14.12,14.12,13.93,14.00,95081.0,396414529.00
20121012,14.11,14.28,13.91,13.95,116238.0,485963066.00
20121015,14.05,14.22,13.94,14.02,73058.0,305704465.00
20121016,14.02,14.20,13.96,14.04,93644.0,392888934.00
20121017,14.12,14.12,13.78,13.96,130765.0,542950865.00
20121018,13.95,14.11,13.79,14.05,175185.0,725676930.00
20121019,14.00,14.12,14.00,14.12,91612.0,383862918.00
20121022,14.05,14.21,14.03,14.19,109040.0,459292820.00
20121023,14.24,14.28,13.99,14.04,98355.0,412484950.00
20121024,14.00,14.13,13.94,14.01,89125.0,372150236.00
20121025,14.00,14.09,13.71,13.73,128433.0,529876704.00
20121026,13.74,13.80,13.26,13.36,147482.0,589547513.00
20121029,13.31,13.34,12.64,12.79,340088.0,1310110765.00
20121030,12.84,13.10,12.84,12.94,219171.0,847663569.00
20121031,13.03,13.09,12.91,13.04,101405.0,392339834.00
20121101,13.04,13.38,12.98,13.22,398841.0,1561850926.00
20121102,13.12,13.23,12.99,13.13,281744.0,1097483238.00
20121105,13.11,13.16,12.87,13.03,266093.0,1027489602.00
20121106,13.03,13.19,12.88,13.16,213022.0,826047113.00
20121107,13.16,13.16,13.01,13.08,134196.0,522278932.00
20121108,12.98,13.12,12.95,12.98,167492.0,648981156.00
20121109,12.96,13.03,12.92,12.98,81623.0,314720118.00
20121112,12.99,13.02,12.73,12.84,174851.0,667309196.00
20121113,12.84,12.84,12.61,12.63,127717.0,481633895.00
20121114,12.66,12.79,12.61,12.72,115493.0,437176627.00
20121115,12.67,12.87,12.62,12.70,197798.0,749813686.00
20121116,12.67,12.71,12.35,12.47,160407.0,595121917.00
20121119,12.41,12.45,11.63,12.27,393504.0,1410529885.00
20121120,12.20,12.20,11.80,11.88,281550.0,1000884503.00
20121121,11.87,12.27,11.87,12.25,174756.0,627328831.00
20121122,12.19,12.29,12.11,12.27,110623.0,400940093.00
20121123,12.29,12.72,12.25,12.48,175134.0,652016995.00
20121126,12.45,12.52,12.37,12.44,90989.0,337023692.00
20121127,12.41,12.49,12.15,12.18,133452.0,488331060.00
20121128,12.15,12.16,11.97,12.04,119523.0,428744070.00
20121129,12.00,12.14,11.95,11.99,112715.0,404014375.00
20121130,11.96,12.40,11.96,12.26,131378.0,477398967.00
20121203,12.24,12.67,12.21,12.31,216819.0,804512926.00
20121204,12.34,12.66,12.34,12.57,231924.0,865541778.00
20121205,12.56,13.16,12.56,13.08,378333.0,1460588250.00
20121206,13.07,13.22,12.98,13.08,208837.0,813257082.00
20121207,13.04,13.27,12.92,13.21,281151.0,1101491558.00
20121210,13.28,13.57,13.28,13.44,315659.0,1259664988.00
20121211,13.41,13.51,13.33,13.38,214258.0,854600164.00
20121212,13.38,13.48,13.26,13.41,177110.0,704544642.00
20121213,13.37,13.37,13.03,13.06,233706.0,918412335.00
20121214,13.11,14.19,13.11,14.11,548049.0,2252954479.00
20121217,14.11,14.46,14.08,14.29,370272.0,1570591678.00
20121218,14.25,14.53,14.09,14.18,292155.0,1240044408.00
20121219,14.14,14.29,13.95,14.04,227215.0,954376024.00
20121220,14.00,14.29,13.95,14.21,179182.0,753309745.00
20121221,14.26,14.57,14.15,14.25,216402.0,922664529.00
20121224,13.89,14.21,13.82,14.16,301313.0,1260087780.00
20121225,14.04,14.66,14.02,14.46,451714.0,1938747155.00
20121226,14.46,14.75,14.42,14.61,255462.0,1110470601.00
20121227,14.70,14.79,14.47,14.53,188725.0,817959179.00
20121228,14.62,14.81,14.42,14.73,233856.0,1018806453.00
20121231,14.79,15.41,14.79,15.22,329814.0,1491927959.00
20130104,15.70,16.74,15.60,15.84,587134.0,2794285589.00
20130107,15.84,15.99,15.66,15.87,283284.0,1335455736.00
20130108,15.85,15.90,15.16,15.28,471438.0,2159078541.00
20130109,15.14,15.25,14.94,15.15,408208.0,1833110551.00
20130110,15.18,15.42,15.06,15.12,272372.0,1233105315.00
20130111,15.15,15.24,14.87,14.94,228616.0,1024592045.00
20130114,14.94,15.80,14.89,15.76,388762.0,1779354469.00
20130115,15.76,16.12,15.71,15.79,420068.0,1986075044.00
20130116,15.75,15.75,15.13,15.45,289258.0,1325087546.00
20130117,15.39,15.44,15.06,15.15,247054.0,1117013789.00
20130118,15.25,15.76,15.11,15.61,259875.0,1194583893.00
20130121,15.56,15.61,15.23,15.39,234262.0,1072127124.00
20130122,15.39,15.93,15.31,15.54,404693.0,1888244409.00
20130123,15.53,15.78,15.43,15.61,235135.0,1089687855.00
20130124,15.67,16.13,15.55,15.65,458153.0,2159807626.00
20130125,15.65,15.77,15.13,15.33,265190.0,1216359821.00
20130128,15.26,15.85,15.23,15.69,473759.0,2197146304.00
20130129,15.83,16.02,15.40,15.71,406762.0,1905912377.00
20130130,15.91,16.33,15.79,15.99,555169.0,2660551859.00
20130131,16.06,16.30,15.88,16.21,541760.0,2601389509.00
20130201,16.14,17.17,16.00,17.07,1105899.0,5485863059.00
20130204,17.58,17.91,17.14,17.31,949644.0,4943605455.00
20130205,17.04,17.31,16.75,17.03,427945.0,2167432497.00
20130206,17.11,17.90,17.11,17.74,485988.0,2555428242.00
20130207,17.62,17.84,17.24,17.64,471374.0,2460549222.00
20130208,17.61,17.74,17.12,17.44,308156.0,1599329753.00
20130218,17.50,17.56,16.59,16.65,427487.0,2149762947.00
20130219,16.66,16.72,16.13,16.40,455349.0,2209322026.00
20130220,16.37,16.46,16.15,16.40,261916.0,1268412120.00
20130221,16.15,16.17,15.42,15.71,538227.0,2518578155.00
20130222,15.63,15.70,15.40,15.45,204765.0,946281304.00
20130225,15.56,15.81,15.23,15.40,225126.0,1033440799.00
20130226,15.24,15.57,15.08,15.12,426800.0,1942069450.00
20130227,15.21,15.46,15.13,15.19,313446.0,1424719052.00
20130228,15.38,15.83,15.19,15.82,522860.0,2426699019.00
20130301,15.82,15.85,15.16,15.45,477427.0,2197137935.00
20130304,15.13,15.19,14.15,14.35,805872.0,3487465176.00
20130305,14.44,14.82,14.24,14.77,483190.0,2088374527.00
20130306,14.89,15.01,14.76,14.97,462957.0,2052847081.00
20130307,14.79,14.86,14.44,14.66,324422.0,1416654048.00
20130308,14.73,14.95,14.59,14.76,290243.0,1272216171.00
20130311,14.70,14.84,14.48,14.52,354949.0,1547103046.00
20130312,14.49,14.75,14.39,14.54,452131.0,1955580998.00
20130313,14.52,14.57,14.27,14.33,291282.0,1248979577.00
20130314,14.38,14.46,14.23,14.38,225490.0,961661490.00
20130315,14.12,14.72,13.97,14.09,423047.0,1799505043.00
20130318,13.95,14.09,13.64,13.66,361687.0,1485986476.00
20130319,13.67,13.99,13.67,13.98,224988.0,926758805.00
20130320,13.97,14.54,13.96,14.49,370519.0,1585396140.00
20130321,14.49,14.68,14.43,14.51,233639.0,1010336144.00
20130322,14.52,14.68,14.43,14.49,216635.0,936558535.00
20130325,14.63,14.72,14.29,14.40,195850.0,844404354.00
20130326,14.34,14.43,14.12,14.12,374320.0,1585416858.00
20130327,14.19,14.37,14.14,14.16,262314.0,1113100008.00
20130328,13.82,13.83,13.45,13.80,370700.0,1515292025.00
20130329,13.81,14.15,13.63,14.04,182154.0,746665749.00
20130401,13.87,13.96,13.74,13.78,250894.0,1030421044.00
20130402,13.71,13.93,13.53,13.62,269577.0,1100214782.00
20130403,13.65,13.90,13.61,13.70,202467.0,827290120.00
20130408,13.45,13.53,13.20,13.45,463409.0,1843481430.00
20130409,13.50,13.90,13.49,13.83,455431.0,1858032435.00
20130410,13.82,14.01,13.73,13.84,376726.0,1558442170.00
20130411,13.90,14.11,13.80,13.86,168646.0,701093969.00
20130412,13.85,13.96,13.78,13.83,115291.0,475648868.00
20130415,13.80,13.93,13.58,13.62,165329.0,674594074.00
20130416,13.45,13.96,13.42,13.96,250350.0,1024555180.00
20130417,13.97,14.11,13.88,14.06,391495.0,1635908735.00
20130418,13.95,14.23,13.90,14.21,306636.0,1286138365.00
20130419,14.22,14.49,14.22,14.42,568548.0,2432912757.00
20130422,14.25,14.30,14.07,14.10,317863.0,1342350988.00
20130423,14.16,14.17,13.40,13.42,366576.0,1482881752.00
20130424,13.46,13.83,13.41,13.57,336276.0,1359322933.00
20130425,13.58,13.72,13.36,13.49,227949.0,914544382.00
20130426,13.53,13.58,13.37,13.38,188637.0,753781263.00
20130502,13.45,13.63,13.42,13.46,209102.0,840357570.00
20130503,13.55,13.93,13.51,13.81,328825.0,1348970435.00
20130506,13.93,14.12,13.82,13.96,273692.0,1137589088.00
20130507,13.92,14.03,13.83,13.89,190218.0,787990156.00
20130508,13.99,14.19,13.94,14.01,247752.0,1034719710.00
20130509,14.05,14.06,13.75,13.82,209978.0,865838337.00
20130510,13.74,13.92,13.71,13.82,195227.0,802355911.00
20130513,13.73,13.81,13.45,13.51,251704.0,1017121050.00
20130514,13.45,13.45,13.03,13.12,471119.0,1846386016.00
20130515,13.15,13.20,12.89,13.01,325873.0,1259083200.00
20130516,13.00,13.45,12.92,13.40,309639.0,1221551512.00
20130517,13.41,13.67,13.35,13.60,339906.0,1365271969.00
20130520,13.68,14.00,13.64,13.84,324041.0,1323470400.00
20130521,13.85,13.93,13.62,13.73,244939.0,995129105.00
20130522,13.73,13.88,13.65,13.75,163960.0,666845392.00
20130523,13.72,13.72,13.37,13.37,318880.0,1270369713.00
20130524,13.48,13.55,13.24,13.41,222118.0,877411390.00
20130527,13.38,13.53,13.32,13.37,172610.0,683649198.00
20130528,13.38,13.82,13.33,13.79,344071.0,1379016631.00
20130529,13.84,13.91,13.60,13.63,330407.0,1342168002.00
20130530,13.58,13.70,13.47,13.54,246052.0,986420417.00
20130531,13.58,13.66,13.40,13.41,185143.0,739504126.00
20130603,13.43,13.58,13.37,13.42,210336.0,834589136.00
20130604,13.43,13.43,13.19,13.26,211938.0,830327007.00
20130605,13.26,13.30,13.17,13.24,130369.0,508968469.00
20130606,13.20,13.23,13.05,13.08,175617.0,680622780.00
20130607,13.08,13.15,12.78,12.80,237268.0,906185501.00
20130613,12.63,12.63,12.29,12.36,695563.0,2562483614.00
20130614,12.48,12.53,12.39,12.48,369418.0,1361277322.00
20130617,12.60,12.82,12.49,12.73,319148.0,1192731554.00
20130618,12.72,12.95,12.70,12.93,396954.0,1506128778.00
20130619,12.88,12.88,12.72,12.77,391165.0,1476570761.00
20130620,12.73,12.73,12.29,12.32,293694.0,1081139849.00
20130621,12.16,12.70,12.07,12.57,343477.0,1258891940.00
20130624,12.40,12.41,11.67,11.68,474837.0,1671782406.00
20130625,11.64,11.80,11.01,11.72,515369.0,1738755056.00
20130626,11.73,11.75,11.28,11.69,371168.0,1254200300.00
20130627,11.62,11.78,11.40,11.65,333136.0,1139695275.00
20130628,11.51,12.02,11.45,11.77,264056.0,914313629.00
20130701,11.65,11.72,11.35,11.68,221365.0,754669920.00
20130702,11.64,11.68,11.41,11.66,269673.0,918626603.00
20130703,11.57,11.57,11.35,11.52,242147.0,818103473.00
20130704,11.40,11.63,11.31,11.59,301846.0,1026072261.00
20130705,11.61,11.72,11.52,11.69,290342.0,996044639.00
20130708,11.51,11.55,11.35,11.50,256544.0,866577154.00
20130709,11.45,11.50,11.38,11.43,117504.0,396751485.00
20130710,11.39,11.64,11.20,11.63,389078.0,1312675188.00
20130711,11.65,12.64,11.61,12.27,710121.0,2540619104.00
20130712,12.25,12.25,11.85,11.86,408381.0,1453146846.00
20130715,11.96,12.28,11.81,11.93,337526.0,1198658277.00
20130716,11.89,11.95,11.72,11.86,222385.0,776350802.00
20130717,11.87,11.94,11.63,11.64,243508.0,847230754.00
20130718,11.54,11.61,11.35,11.36,255077.0,859679017.00
20130719,11.36,11.51,11.06,11.31,404163.0,1342264812.00
20130722,11.15,11.35,11.08,11.31,301210.0,993681149.00
20130723,11.31,11.60,11.23,11.45,371665.0,1256995618.00
20130724,11.35,11.40,11.07,11.17,378078.0,1248824659.00
20130725,11.21,11.28,11.06,11.07,320497.0,1054219114.00
20130726,11.01,11.08,10.85,11.04,376555.0,1217043197.00
20130729,10.91,10.99,10.73,10.86,382874.0,1226199180.00
20130730,10.82,11.06,10.80,10.88,357707.0,1154109284.00
20130731,10.94,11.06,10.83,10.86,277328.0,894872146.00
20130801,10.90,11.11,10.87,11.06,312791.0,1016547295.00
20130802,11.14,11.19,10.94,10.95,258653.0,843921046.00
20130805,10.99,11.18,10.92,11.17,297461.0,970679059.00
20130806,11.17,11.26,11.01,11.18,329812.0,1084263463.00
20130807,11.14,11.29,11.07,11.11,303756.0,1003169029.00
20130808,11.09,11.30,11.04,11.15,204012.0,672838488.00
20130809,11.23,11.26,11.07,11.18,177999.0,586681707.00
20130812,11.26,11.70,11.21,11.69,508221.0,1724531981.00
20130813,11.77,11.89,11.67,11.80,383607.0,1337022613.00
20130814,11.77,12.05,11.76,11.81,369191.0,1299436683.00
20130815,11.76,11.97,11.72,11.74,231479.0,809020256.00
20130816,11.68,12.34,11.48,11.65,651888.0,2293604778.00
20130819,11.53,11.75,11.40,11.70,352959.0,1205377834.00
20130820,11.62,11.89,11.51,11.58,291674.0,1007540566.00
20130821,11.60,11.74,11.47,11.60,179386.0,614730071.00
20130822,11.56,11.77,11.55,11.55,198269.0,681739104.00
20130823,11.67,11.68,11.31,11.44,252122.0,855945600.00
20130826,11.50,11.72,11.38,11.67,259138.0,886728283.00
20130827,11.67,11.67,11.54,11.62,194732.0,667766085.00
20130828,11.51,11.54,11.35,11.41,282387.0,953353794.00
20130829,11.49,11.55,11.36,11.44,172363.0,581781735.00
20130830,11.55,12.03,11.53,11.81,586283.0,2048316838.00
20130902,11.85,12.08,11.85,11.91,476814.0,1683714064.00
20130903,11.98,12.26,11.97,12.22,496218.0,1781200386.00
20130904,12.22,12.23,12.06,12.10,278041.0,996799877.00
20130905,12.12,12.21,12.06,12.11,223168.0,799020731.00
20130906,12.06,12.20,12.01,12.11,263527.0,941919270.00
20130909,12.13,12.87,12.13,12.74,933375.0,3471564494.00
20130910,12.87,13.02,12.76,12.99,483634.0,1829668122.00
20130911,13.16,13.55,12.97,12.97,681425.0,2651649665.00
20130912,12.94,13.45,12.78,13.16,739275.0,2843784400.00
20130913,13.06,13.20,12.78,12.80,495042.0,1880734861.00
20130916,12.96,13.03,12.70,12.92,380721.0,1437206791.00
20130917,12.90,13.32,12.80,12.86,565531.0,2171413526.00
20130918,12.84,13.00,12.80,12.83,279105.0,1054772030.00
20130923,12.92,13.11,12.90,13.00,290779.0,1109720866.00
20130924,12.94,12.97,12.43,12.57,443214.0,1648410454.00
20130925,12.53,12.66,12.42,12.50,222423.0,817021712.00
20130926,12.43,12.43,12.08,12.12,358544.0,1284634216.00
20130927,12.12,12.25,12.11,12.19,208850.0,746720088.00
20130930,12.24,12.31,12.10,12.16,195545.0,700921330.00
20131008,12.06,12.29,12.01,12.23,285176.0,1019089323.00
20131009,12.17,12.36,12.09,12.32,282203.0,1015845264.00
20131010,12.36,12.37,12.04,12.11,277212.0,991499580.00
20131011,12.21,12.40,12.15,12.39,387544.0,1401284535.00
20131014,12.41,12.74,12.29,12.57,487903.0,1795003162.00
20131015,12.60,12.63,12.47,12.55,256211.0,943602488.00
20131016,12.54,12.54,12.12,12.21,294001.0,1058521148.00
20131017,12.31,12.33,12.11,12.11,162013.0,580860796.00
20131018,12.13,12.29,12.10,12.16,203253.0,727460016.00
20131021,12.16,12.33,12.02,12.30,285494.0,1021574711.00
20131022,12.26,12.28,12.08,12.13,258137.0,920862317.00
20131023,12.17,12.36,12.08,12.12,308362.0,1106668277.00
20131024,12.11,12.11,11.90,11.91,267114.0,938648491.00
20131025,11.97,12.07,11.85,12.01,303462.0,1065980931.00
20131028,12.22,12.25,12.04,12.12,223992.0,797965603.00
20131029,12.17,12.65,12.12,12.52,619570.0,2263004394.00
20131030,12.53,12.76,12.46,12.73,420790.0,1563245073.00
20131031,12.69,12.71,12.51,12.54,319398.0,1182592382.00
20131101,12.54,12.94,12.54,12.79,383489.0,1439537370.00
20131104,12.84,12.92,12.60,12.64,223813.0,835595256.00
20131105,12.59,12.59,12.28,12.51,278486.0,1015809312.00
20131106,12.43,12.59,12.41,12.47,179595.0,658581709.00
20131107,12.53,12.59,12.36,12.44,209981.0,768318424.00
20131108,12.34,12.49,12.28,12.28,254553.0,924112654.00
20131111,12.26,12.41,12.24,12.34,276081.0,998063787.00
20131112,12.43,12.76,12.43,12.72,469656.0,1744029451.00
20131113,12.56,12.63,12.33,12.35,381160.0,1393636831.00
20131114,12.40,12.59,12.38,12.51,320888.0,1178420976.00
20131115,12.52,13.09,12.52,13.00,821688.0,3117019128.00
20131118,13.24,14.10,13.09,14.01,1492872.0,5945323879.00
20131119,13.99,14.26,13.82,13.89,961205.0,3967969336.00
20131120,14.02,14.09,13.76,13.96,778644.0,3182879498.00
20131121,13.89,13.91,13.45,13.62,798501.0,3199031320.00
20131122,13.66,13.76,13.47,13.65,732947.0,2930366907.00
20131125,13.62,14.25,13.51,13.76,633825.0,2579498880.00
20131126,13.82,13.93,13.67,13.81,321914.0,1307139506.00
20131127,13.81,14.29,13.73,14.11,554939.0,2291154079.00
20131128,14.16,14.43,14.11,14.13,506124.0,2128670389.00
20131129,14.16,14.23,14.03,14.15,321645.0,1335674796.00
20131202,14.11,14.74,14.11,14.60,802722.0,3420510780.00
20131203,14.50,14.76,14.27,14.64,546107.0,2328808049.00
20131204,14.58,15.21,14.55,15.07,628735.0,2765999145.00
20131205,15.05,15.15,14.94,14.99,425049.0,1879000000.00
20131206,15.02,15.15,14.45,14.61,651921.0,2816558809.00
20131209,14.85,14.95,14.47,14.61,663350.0,2859269925.00
20131210,14.63,14.81,14.59,14.71,368970.0,1591880331.00
20131211,14.58,14.58,14.12,14.21,460152.0,1929705385.00
20131212,14.13,14.29,13.96,14.14,350118.0,1451964183.00
20131213,13.96,14.43,13.88,14.40,389103.0,1618480935.00
20131216,14.36,14.53,14.22,14.31,383384.0,1617612647.00
20131217,14.31,14.38,14.01,14.30,247242.0,1032062898.00
20131218,14.22,14.37,14.18,14.24,213770.0,895880002.00
20131219,14.37,14.44,13.91,13.93,312939.0,1295231330.00
20131220,13.90,14.03,13.15,13.27,541312.0,2154867607.00
20131223,13.33,13.59,13.19,13.46,228042.0,899402843.00
20131224,13.53,13.76,13.46,13.58,245472.0,980978836.00
20131225,13.58,13.73,13.45,13.65,145445.0,580728153.00
20131226,13.59,13.62,13.42,13.48,170260.0,675525131.00
20131227,13.55,14.03,13.48,13.91,339226.0,1380285447.00
20131230,14.03,14.13,13.89,13.90,248094.0,1020986953.00
20131231,13.86,14.25,13.82,14.21,350531.0,1450633138.00
20140102,14.16,14.16,13.84,14.06,228146.0,936823025.00
20140103,13.86,13.93,13.65,13.72,260821.0,1053912867.00
20140106,13.68,13.95,13.24,13.72,483839.0,1909951315.00
20140107,13.49,13.72,13.49,13.65,219640.0,878371296.00
20140108,13.68,13.92,13.58,13.83,275072.0,1113444989.00
20140109,13.79,13.92,13.52,13.61,269085.0,1084249933.00
20140110,13.61,13.67,13.44,13.47,194393.0,773447935.00
20140113,13.53,13.66,13.27,13.43,247691.0,976761035.00
20140114,13.45,13.69,13.30,13.62,215161.0,855605627.00
20140115,13.60,13.63,13.38,13.52,146358.0,580176629.00
20140116,13.54,14.18,13.51,14.03,534238.0,2190339856.00
20140117,13.97,14.05,13.79,13.91,298419.0,1217140869.00
20140120,13.82,14.06,13.80,13.86,202405.0,827661969.00
20140121,13.89,14.27,13.89,14.08,266500.0,1103429401.00
20140122,14.07,14.35,14.01,14.24,335321.0,1400458683.00
20140123,14.16,14.22,13.89,13.96,318278.0,1310444828.00
20140124,13.83,14.09,13.79,13.80,301773.0,1232077658.00
20140127,13.61,13.61,13.17,13.28,595563.0,2329906414.00
20140128,13.31,13.39,13.20,13.33,272963.0,1066160805.00
20140129,13.38,13.41,13.29,13.37,190395.0,746311871.00
20140130,13.28,13.33,13.15,13.33,271638.0,1057973611.00
20140207,13.15,13.15,12.90,13.01,380358.0,1447591994.00
20140210,13.05,13.34,13.05,13.30,415087.0,1613659154.00
20140211,13.27,13.62,13.18,13.47,424994.0,1677228840.00
20140212,13.52,13.56,13.29,13.35,248024.0,975862930.00
20140213,13.36,13.44,13.11,13.26,318104.0,1238136648.00
20140214,13.24,13.38,13.24,13.30,183759.0,718232398.00
20140217,13.48,13.54,13.31,13.45,276392.0,1089687203.00
20140218,13.41,13.41,13.14,13.17,329728.0,1280423305.00
20140219,13.17,13.42,13.08,13.32,336367.0,1307398836.00
20140220,13.36,13.50,13.11,13.14,292195.0,1140525081.00
20140221,13.14,13.30,13.06,13.29,299671.0,1159437751.00
20140224,13.11,13.28,12.98,13.22,443505.0,1708814946.00
20140225,13.18,13.20,12.72,12.82,507611.0,1925348920.00
20140226,12.72,12.84,12.68,12.77,271749.0,1016538193.00
20140227,12.83,13.04,12.68,12.94,351101.0,1324255606.00
20140228,12.90,13.13,12.87,13.11,332313.0,1270225995.00
20140303,13.03,13.06,12.84,12.93,295935.0,1123111369.00
20140304,12.91,13.07,12.78,12.93,225925.0,859059269.00
20140305,12.99,12.99,12.78,12.82,229373.0,867715014.00
20140306,12.77,12.99,12.61,12.89,256187.0,963086830.00
20140307,12.79,12.97,12.70,12.78,189445.0,713812325.00
20140310,12.63,12.63,12.28,12.32,276854.0,1009906843.00
20140311,12.27,12.42,12.25,12.33,180498.0,652383909.00
20140312,12.29,12.49,12.29,12.37,188812.0,687002051.00
20140313,12.43,12.64,12.37,12.51,204984.0,753703234.00
20140314,12.46,12.59,12.43,12.49,218758.0,803724905.00
20140317,12.58,12.63,12.47,12.54,260048.0,958046358.00
20140318,12.56,12.56,12.37,12.38,141191.0,516547502.00
20140319,12.33,12.38,12.09,12.26,198628.0,711971216.00
20140320,12.26,12.58,12.16,12.29,351908.0,1283729917.00
20140321,12.23,12.84,12.22,12.77,508124.0,1878615582.00
20140324,12.80,12.92,12.72,12.85,411370.0,1551185758.00
20140325,12.79,12.90,12.61,12.65,243779.0,913280536.00
20140326,12.71,12.79,12.61,12.66,229823.0,856257733.00
20140327,12.64,12.75,12.48,12.66,285922.0,1059418930.00
20140328,12.60,12.77,12.58,12.72,207895.0,773606439.00
20140331,12.76,12.86,12.69,12.79,216411.0,812676175.00
20140401,12.79,13.02,12.75,12.84,335340.0,1267899263.00
20140402,12.86,13.12,12.81,13.11,428330.0,1631778307.00
20140403,13.17,13.43,13.12,13.13,417203.0,1628826819.00
20140404,13.04,13.28,13.01,13.25,190911.0,741151314.00
20140408,13.21,13.67,13.19,13.58,534447.0,2117590052.00
20140409,13.58,13.62,13.37,13.44,357129.0,1415512921.00
20140410,13.45,14.71,13.32,14.40,1332026.0,5515285188.00
20140411,14.40,14.41,13.94,14.03,902867.0,3745722399.00
20140414,14.02,14.11,13.80,13.90,351636.0,1433729800.00
20140415,13.82,13.86,13.59,13.64,336168.0,1348010913.00
20140416,13.62,13.78,13.56,13.68,193631.0,777138358.00
20140417,13.74,13.77,13.47,13.48,184337.0,733348219.00
20140418,13.41,13.56,13.30,13.47,163387.0,643972888.00
20140421,13.36,13.55,13.22,13.25,196173.0,771596206.00
20140422,13.24,13.38,13.16,13.37,185447.0,722371057.00
20140423,13.31,13.44,13.23,13.27,174095.0,680513347.00
20140424,13.28,13.50,13.24,13.46,365497.0,1436533837.00
20140425,13.43,13.48,13.26,13.28,172767.0,676973950.00
20140428,13.21,13.34,12.94,12.97,202373.0,777744317.00
20140429,13.11,13.40,13.11,13.31,202734.0,789071791.00
20140430,13.40,13.40,13.27,13.33,129717.0,507872180.00
20140505,13.27,13.43,13.20,13.35,294129.0,1149093829.00
20140506,13.30,13.55,13.29,13.46,185699.0,731941195.00
20140507,13.37,13.49,13.33,13.40,281019.0,1108399356.00
20140508,13.38,13.73,13.33,13.40,200320.0,795427918.00
20140509,13.45,13.47,13.32,13.37,111247.0,437882589.00
20140512,13.49,13.72,13.45,13.64,280146.0,1121069338.00
20140513,13.65,13.76,13.53,13.59,151968.0,608601724.00
20140514,13.61,13.70,13.55,13.58,158199.0,633411119.00
20140515,13.60,13.64,13.45,13.49,135504.0,538856029.00
20140516,13.52,13.52,13.28,13.46,139097.0,548452129.00
20140519,13.45,13.46,13.12,13.18,246290.0,954027824.00
20140520,13.27,13.30,13.16,13.20,160323.0,621977480.00
20140521,13.17,13.36,13.10,13.34,168500.0,655273889.00
20140522,13.34,13.53,13.32,13.32,185087.0,728941168.00
20140523,13.32,13.42,13.32,13.41,179456.0,704306656.00
20140526,13.48,13.54,13.28,13.37,155605.0,612038635.00
20140527,13.35,13.44,13.31,13.37,218583.0,859641082.00
20140528,13.36,13.59,13.31,13.56,254711.0,1004351411.00
20140529,13.59,13.75,13.45,13.61,269233.0,1079497582.00
20140530,13.65,13.66,13.52,13.58,180961.0,721990697.00
20140603,13.61,13.72,13.58,13.59,267676.0,1071015191.00
20140604,13.57,13.57,13.31,13.39,246462.0,969574932.00
20140605,13.36,13.58,13.34,13.55,340136.0,1342415991.00
20140606,13.54,13.57,13.36,13.44,212084.0,837134443.00
20140609,13.37,13.63,13.36,13.52,267494.0,1064090767.00
20140610,13.53,13.78,13.53,13.77,431080.0,1733954687.00
20140611,13.70,13.75,13.57,13.66,302717.0,1211594894.00
20140612,13.65,13.72,13.58,13.61,380693.0,1522006591.00
20140613,13.62,13.96,13.59,13.90,470465.0,1911536017.00
20140616,13.89,14.01,13.84,13.93,387050.0,1583979127.00
20140617,13.91,13.91,13.67,13.75,301489.0,1219885010.00
20140618,13.77,13.82,13.68,13.70,204140.0,823747365.00
20140619,13.76,13.78,13.52,13.55,243244.0,974346332.00
20140620,13.59,13.66,13.53,13.63,152855.0,609779133.00
20140623,13.62,13.77,13.49,13.51,225363.0,901579705.00
20140624,13.51,13.56,13.38,13.53,249281.0,988451071.00
20140625,13.53,13.53,13.36,13.42,176590.0,696759659.00
20140626,13.45,13.52,13.43,13.52,134305.0,531507384.00
20140627,13.53,13.53,13.34,13.39,238197.0,926940485.00
20140630,13.40,13.62,13.40,13.55,168222.0,661385690.00
20140701,13.61,13.66,13.47,13.53,155308.0,610969573.00
20140702,13.54,13.64,13.50,13.58,179810.0,708289146.00
20140703,13.60,13.69,13.56,13.62,187078.0,740119807.00
20140704,13.62,13.82,13.62,13.73,205750.0,821672092.00
20140707,13.73,13.85,13.68,13.79,164223.0,657129343.00
20140708,13.77,13.81,13.72,13.80,121987.0,487939126.00
20140709,13.78,13.93,13.67,13.68,241423.0,966101088.00
20140710,13.73,13.77,13.51,13.57,277538.0,1096040760.00
20140711,13.63,13.67,13.53,13.57,126460.0,499353367.00
20140714,13.58,13.77,13.58,13.76,153032.0,608817311.00
20140715,13.76,13.86,13.69,13.75,233210.0,931300405.00
20140716,13.75,13.88,13.63,13.68,206397.0,822271627.00
20140717,13.67,13.76,13.63,13.74,187795.0,748084992.00
20140718,13.69,13.84,13.62,13.71,237550.0,947994475.00
20140721,13.72,13.83,13.69,13.73,192224.0,767665762.00
20140722,13.66,13.93,13.66,13.85,438949.0,1763678926.00
20140723,13.84,14.26,13.84,14.15,557367.0,2287062371.00
20140724,14.18,14.63,14.18,14.53,680858.0,2862822834.00
20140725,14.57,14.72,14.51,14.62,354662.0,1503282157.00
20140728,14.72,15.18,14.71,15.09,836041.0,3646279839.00
20140729,15.05,15.21,14.93,15.13,369316.0,1614937873.00
20140730,15.05,15.26,14.98,15.13,566640.0,2493688374.00
20140731,15.14,15.39,14.94,15.37,451922.0,1991991229.00
20140801,15.35,15.46,15.05,15.06,426907.0,1893369220.00
20140804,15.12,15.55,15.01,15.53,497735.0,2211098818.00
20140805,15.50,15.53,15.19,15.32,368175.0,1639555211.00
20140806,15.22,15.22,14.89,15.04,424846.0,1853697614.00
20140807,15.07,15.08,14.77,14.81,400583.0,1730474348.00
20140808,14.86,14.90,14.67,14.75,372427.0,1596601007.00
20140811,14.81,15.07,14.78,15.00,453793.0,1967603071.00
20140812,14.96,14.96,14.71,14.81,353048.0,1517989519.00
20140813,14.81,15.08,14.76,15.07,464581.0,2009058644.00
20140814,15.15,15.22,14.83,14.86,441974.0,1929774574.00
20140815,14.89,15.17,14.84,15.10,402578.0,1756666118.00
20140818,15.12,15.19,14.98,15.05,315685.0,1381429814.00
20140819,15.08,15.12,14.80,14.94,351498.0,1525429658.00
20140820,14.87,14.90,14.72,14.78,426360.0,1833440674.00
20140821,14.78,14.86,14.50,14.65,370080.0,1575156186.00
20140822,14.64,14.77,14.63,14.76,325195.0,1389450114.00
20140825,14.74,14.76,14.53,14.55,252795.0,1072734624.00
20140826,14.54,14.66,14.49,14.60,206108.0,873976812.00
20140827,14.65,14.68,14.57,14.61,171671.0,728996191.00
20140828,14.62,14.68,14.49,14.50,188534.0,798339372.00
20140829,14.59,14.66,14.50,14.64,202216.0,857811204.00
20140901,14.67,14.74,14.62,14.68,259522.0,1106389904.00
20140902,14.72,14.82,14.59,14.81,392336.0,1675495203.00
20140903,14.83,15.02,14.82,14.95,456589.0,1981781712.00
20140904,14.98,15.17,14.93,15.15,467227.0,2040962297.00
20140905,15.20,15.35,15.07,15.20,434239.0,1915977671.00
20140909,15.18,15.31,14.99,15.02,321234.0,1411217536.00
20140910,14.93,14.93,14.77,14.86,287171.0,1238482814.00
20140911,14.84,15.07,14.74,14.82,385063.0,1662807206.00
20140912,14.79,14.86,14.73,14.85,231427.0,988507721.00
20140915,14.74,14.76,14.57,14.64,460111.0,1943557930.00
20140916,14.67,14.70,14.48,14.49,419261.0,1765021653.00
20140917,14.58,14.58,14.48,14.52,262787.0,1102840334.00
20140918,14.50,14.62,14.45,14.55,263508.0,1106155573.00
20140919,14.56,14.71,14.53,14.68,321764.0,1357212399.00
20140922,14.62,14.62,14.20,14.21,482151.0,1994107692.00
20140923,14.23,14.33,14.17,14.30,282439.0,1162372468.00
20140924,14.22,14.69,14.22,14.67,518785.0,2168325911.00
20140925,14.73,14.79,14.50,14.53,327387.0,1386488014.00
20140926,14.50,14.53,14.37,14.48,234141.0,976107390.00
20140929,14.54,14.55,14.33,14.41,369579.0,1539767869.00
20140930,14.44,14.44,14.31,14.32,444181.0,1839470238.00
20141008,14.38,14.51,14.30,14.50,384609.0,1600320015.00
20141009,14.51,14.65,14.48,14.51,355221.0,1491923341.00
20141010,14.46,14.46,14.31,14.33,351489.0,1457395697.00
20141013,14.25,14.27,14.08,14.16,401803.0,1639546372.00
20141014,14.15,14.25,14.08,14.12,283296.0,1157294364.00
20141015,14.16,14.33,14.09,14.32,354229.0,1453750001.00
20141016,14.20,14.43,14.15,14.25,369045.0,1522616347.00
20141017,14.29,14.36,14.14,14.26,319406.0,1312956920.00
20141020,14.34,14.46,14.25,14.30,348128.0,1440513202.00
20141021,14.28,14.39,14.17,14.19,312161.0,1286186326.00
20141022,14.25,14.51,14.21,14.35,514640.0,2137413407.00
20141023,14.31,14.49,14.23,14.25,495418.0,2056290911.00
20141024,14.24,14.32,14.21,14.23,299923.0,1235723879.00
20141027,14.05,14.08,13.84,13.89,413262.0,1662990297.00
20141028,13.91,14.11,13.91,14.10,422804.0,1709016148.00
20141029,14.38,14.62,14.31,14.57,851593.0,3554130185.00
20141030,14.54,14.60,14.41,14.56,462416.0,1937595005.00
20141031,14.64,15.05,14.61,14.90,966903.0,4145504519.00
20141103,14.96,15.10,14.79,14.85,549469.0,2367823899.00
20141104,14.87,14.88,14.69,14.74,405306.0,1727865527.00
20141105,14.75,14.79,14.63,14.73,300468.0,1276868380.00
20141106,14.74,14.78,14.53,14.60,502456.0,2122305481.00
20141110,14.97,15.07,14.69,14.87,1078564.0,4623239943.00
20141111,14.95,15.36,14.84,14.91,2164788.0,9434589004.00
20141112,14.89,15.20,14.81,15.18,792387.0,3442942594.00
20141113,15.28,15.55,15.20,15.35,1333350.0,5920831528.00
20141114,15.28,15.45,15.09,15.43,787558.0,3468785943.00
20141117,15.88,15.90,15.02,15.05,970676.0,4307114796.00
20141118,15.02,15.09,14.69,14.75,614791.0,2632486694.00
20141119,14.76,14.86,14.70,14.75,367985.0,1570102455.00
20141120,14.70,15.04,14.65,14.86,533725.0,2287494527.00
20141121,14.83,15.31,14.69,15.23,910045.0,3943284688.00
20141124,15.55,16.14,15.45,15.88,2277502.0,10392812542.00
20141125,15.86,15.99,15.80,15.89,883082.0,4051188316.00
20141126,15.94,16.68,15.90,16.59,1622061.0,7624394643.00
20141127,16.87,17.22,16.70,16.92,1916178.0,9380798071.00
20141128,16.93,17.30,16.67,17.19,1696487.0,8317107109.00
20141201,18.36,18.65,17.53,17.58,2386645.0,12377362288.00
20141202,17.49,19.18,17.44,18.81,2129764.0,11223116647.00
20141203,18.95,19.82,18.62,19.06,2454288.0,13671461256.00
20141204,19.07,20.87,18.91,20.78,2434036.0,13895520628.00
20141205,21.07,21.82,19.75,20.48,3112114.0,18700315030.00
20141208,20.47,22.51,20.09,22.46,2985426.0,18681899044.00
20141209,21.62,23.25,20.21,20.55,4166545.0,26335274076.00
20141210,20.78,21.13,19.55,20.66,2706219.0,15882920646.00
20141211,20.09,20.58,19.61,19.68,1714298.0,9929330851.00
20141212,19.79,20.49,19.68,19.77,1528246.0,8843986354.00
20141215,19.74,20.16,19.58,20.09,1286577.0,7383431583.00
20141216,20.33,21.89,20.16,21.86,2611851.0,15700681026.00
20141217,22.05,22.45,21.38,22.07,2562270.0,16256978784.00
20141218,22.52,23.55,22.17,22.77,2551413.0,16846542395.00
20141219,23.17,23.17,21.65,22.50,1747482.0,11318540434.00
20141222,22.59,23.66,22.38,22.81,2178755.0,14553053177.00
20141223,22.41,24.32,22.00,22.64,2295022.0,15262607247.00
20141224,22.68,22.82,20.75,21.03,2344415.0,14589029773.00
20141225,21.20,22.13,20.89,21.97,2190519.0,13613792541.00
20141226,22.17,23.59,22.03,23.49,2647826.0,17480711287.00
20141229,24.43,25.71,23.59,24.59,3642267.0,26099691176.00
20141230,24.30,25.63,24.16,25.21,2180543.0,15697265281.00
20141231,25.46,25.94,25.04,25.88,1995449.0,14700787236.00
20150105,26.95,27.30,26.07,26.38,2435717.0,18752043270.00
20150106,25.77,26.59,24.94,25.54,2342279.0,17438633731.00
20150107,25.39,26.15,25.11,25.43,1703868.0,12565953439.00
20150108,25.81,25.95,24.53,24.62,1788809.0,12883821152.00
20150109,24.66,27.08,24.50,25.23,3118734.0,23164177520.00
20150112,25.63,26.41,25.04,26.04,2656271.0,19758885619.00
20150113,26.08,26.67,25.64,26.02,1509243.0,11390279644.00
20150114,26.07,26.28,25.32,25.58,1459105.0,10853946880.00
20150115,25.63,27.52,25.53,27.32,2579037.0,19788348281.00
20150116,27.50,28.20,26.99,27.12,2317508.0,18476457246.00
20150119,24.41,25.44,24.41,24.41,2900349.0,20841210408.00
20150120,24.35,24.98,23.73,24.46,2651163.0,18667133597.00
20150121,24.70,26.87,24.63,26.80,2925800.0,21775561337.00
20150122,26.77,26.92,25.81,26.14,2147044.0,16325804066.00
20150123,26.33,27.57,26.15,26.60,2343732.0,18082145694.00
20150126,26.43,26.48,25.88,26.19,1388606.0,10484377181.00
20150127,26.37,26.83,24.88,25.62,2185606.0,16231932238.00
20150128,25.25,25.50,24.91,25.04,1280354.0,9286066725.00
20150129,24.60,24.82,24.18,24.44,1563067.0,11034677585.00
20150130,24.49,24.89,23.84,24.00,1393882.0,9784586979.00
20150202,22.97,23.47,22.85,22.94,1522202.0,10171400125.00
20150203,23.27,24.42,22.86,23.93,1907172.0,12937941408.00
20150204,24.00,24.36,23.34,23.38,1278806.0,8815905149.00
20150205,24.25,24.25,22.79,22.84,1829538.0,12526323002.00
20150206,22.83,23.58,22.69,22.97,1486835.0,9905947755.00
20150209,22.93,23.94,22.86,23.56,1411659.0,9578811193.00
20150210,23.38,23.89,23.28,23.73,980622.0,6688282656.00
20150211,23.87,24.47,23.72,24.30,1062045.0,7382467324.00
20150212,24.28,24.42,23.77,24.21,837021.0,5833771397.00
20150213,24.37,24.71,24.17,24.22,1092273.0,7688143840.00
20150216,24.32,24.75,24.17,24.36,961664.0,6771606373.00
20150217,24.45,24.75,24.38,24.45,949846.0,6738798964.00
20150225,24.38,24.39,23.44,23.61,1040462.0,7157733720.00
20150226,23.56,24.30,23.21,24.20,1178635.0,8113328103.00
20150227,24.30,24.67,24.15,24.35,954326.0,6730967802.00
20150302,24.60,24.65,23.95,24.21,1338695.0,9373873162.00
20150303,24.00,24.01,23.19,23.25,1409956.0,9598020096.00
20150304,23.26,23.45,23.04,23.19,1046017.0,7002144900.00
20150305,22.86,22.91,22.45,22.57,1483766.0,9706138042.00
20150306,22.60,22.76,22.48,22.51,794054.0,5187303849.00
20150309,22.30,23.13,21.86,22.97,1443501.0,9339642326.00
20150310,22.79,22.90,22.49,22.76,830357.0,5439821531.00
20150311,22.86,23.42,22.81,22.94,1070785.0,7145484656.00
20150312,23.28,24.06,23.04,23.83,1577588.0,10760326608.00
20150313,23.98,24.49,23.68,23.88,1281619.0,8911162976.00
20150316,24.20,25.47,23.91,25.45,2207334.0,15776030004.00
20150317,25.98,26.20,25.60,25.88,2251187.0,16816774008.00
20150318,26.20,26.84,25.94,26.82,1911444.0,14529583636.00
20150319,26.59,26.59,25.95,26.23,1578694.0,11932803909.00
20150320,27.30,27.71,26.81,27.16,2976130.0,23409266998.00
20150323,27.42,27.54,26.80,27.00,1927481.0,15057700282.00
20150324,26.99,27.00,26.10,26.24,2112453.0,16120827213.00
20150325,26.12,26.57,25.77,26.01,1664769.0,12546319136.00
20150326,25.91,27.67,25.58,27.07,2583372.0,20049003692.00
20150327,27.07,27.10,26.43,26.58,1219514.0,9386634514.00
20150330,27.01,27.78,26.67,27.70,2350289.0,18581459858.00
20150331,28.47,28.68,26.98,27.10,2431158.0,19568282636.00
20150401,27.42,27.76,27.12,27.42,1825110.0,14456611952.00
20150402,27.67,27.68,26.69,27.03,1690209.0,13243173937.00
20150403,26.91,27.36,26.81,27.27,1290008.0,10094320409.00
20150407,27.44,28.16,27.19,28.07,2147982.0,17190330455.00
20150408,28.16,29.08,27.54,28.55,2772078.0,22668268754.00
20150409,28.65,29.59,28.10,28.21,2537396.0,21076518084.00
20150410,28.26,29.89,28.17,29.84,2562510.0,21438684219.00
20150413,30.41,30.75,29.83,29.86,2296681.0,19980661012.00
20150414,29.86,29.86,29.03,29.33,1578449.0,13401869115.00
20150415,29.27,30.22,29.07,29.29,1642147.0,14022191487.00
20150416,29.10,31.49,28.99,31.45,2642516.0,23258231751.00
20150417,32.01,32.35,30.92,31.15,2289103.0,20812376398.00
20150420,30.56,31.15,29.50,29.63,2392005.0,20984046352.00
20150421,29.96,30.59,29.46,30.48,1844763.0,16006429412.00
20150422,30.76,31.41,30.60,31.21,1766858.0,15769400639.00
20150423,31.26,31.28,30.29,30.52,1755070.0,15516360312.00
20150424,29.86,30.06,29.06,29.40,2340056.0,19935778030.00
20150427,29.69,30.13,29.50,29.90,1745394.0,15016164642.00
20150428,29.86,30.52,29.32,29.81,2040859.0,17572161633.00
20150429,30.07,30.64,29.78,30.34,1830266.0,15971963223.00
20150430,30.83,31.27,30.48,30.71,2340977.0,20912652360.00
20150504,30.86,31.36,30.03,31.34,1839859.0,16296696537.00
20150505,31.36,31.45,29.77,29.84,1994758.0,17584557929.00
20150506,30.07,32.48,29.97,30.68,3489267.0,31441769173.00
20150507,30.14,30.65,29.74,30.15,1682606.0,14653216294.00
20150508,30.52,30.62,29.45,30.10,1582057.0,13689688396.00
20150511,30.14,31.12,29.80,30.73,1827295.0,16041853080.00
20150512,30.50,31.09,30.31,30.81,1469601.0,13015558775.00
20150513,30.81,30.98,30.02,30.14,1470444.0,12907387829.00
20150514,30.12,30.48,29.80,29.90,1320725.0,11458809411.00
20150515,29.89,29.89,28.99,29.24,1560709.0,13235768984.00
20150518,29.03,29.12,28.51,28.55,1235654.0,10291285092.00
20150519,28.60,29.83,28.59,29.60,1543722.0,13106099946.00
20150520,29.75,30.12,29.34,29.64,1432831.0,12284896723.00
20150521,29.68,30.23,29.55,30.00,1127470.0,9730935178.00
20150522,30.25,31.05,30.21,31.02,1853367.0,16451203212.00
20150525,31.52,32.04,31.37,31.72,1847242.0,16869031246.00
20150526,32.49,32.67,31.52,32.27,1719111.0,15920094900.00
20150527,32.11,32.35,31.28,31.54,1360550.0,12450450577.00
20150528,31.44,31.54,29.41,29.52,1962625.0,17326032337.00
20150529,29.73,29.95,29.10,29.60,1477762.0,12621933557.00
20150601,29.37,30.59,28.99,30.28,1797929.0,15476336547.00
20150602,30.31,30.41,29.44,29.92,1379179.0,11868036633.00
20150603,29.93,30.13,29.45,29.63,1186728.0,10174241868.00
20150604,29.66,30.58,29.03,30.49,1833390.0,15815866800.00
20150605,30.91,31.10,29.48,30.12,1625304.0,14266631947.00
20150608,30.31,32.06,30.04,31.87,2837732.0,25510154868.00
20150609,31.80,31.93,30.72,30.96,1684524.0,15184125853.00
20150610,30.59,31.07,30.30,30.64,1099046.0,9745165300.00
20150611,30.65,32.00,30.24,31.27,2136078.0,19230908447.00
20150612,31.42,31.75,31.06,31.24,1375249.0,12439728452.00
20150615,31.33,31.52,30.06,30.13,1539418.0,13597187174.00
20150616,29.79,30.61,29.65,29.96,1249975.0,10863828156.00
20150617,30.14,30.38,29.79,30.14,1026482.0,8911609753.00
20150618,30.07,30.07,29.06,29.08,1255553.0,10721249214.00
20150619,28.82,29.31,27.74,27.86,1432019.0,11879402963.00
20150623,28.06,29.30,27.94,29.25,1684216.0,13952398062.00
20150624,29.32,29.55,28.75,29.40,1236969.0,10420815530.00
20150625,29.49,29.61,28.54,28.55,1084223.0,9102724156.00
20150626,28.06,29.04,25.79,26.83,2345951.0,18677212717.00
20150629,27.37,27.67,25.02,26.51,2519622.0,19409615029.00
20150630,26.67,28.40,26.33,28.38,2332863.0,18510189244.00
20150701,28.06,28.23,26.92,27.25,1470445.0,11798499276.00
20150702,27.36,27.67,26.05,26.95,1888889.0,14718706242.00
20150703,26.67,27.36,25.06,25.80,2020887.0,15365030534.00
20150706,27.82,27.95,26.01,27.09,3835524.0,29963993762.00
20150707,26.58,29.80,24.63,29.80,8433281.0,67941284129.00
20150708,26.85,28.16,26.82,26.83,3693523.0,28955189833.00
20150709,26.83,29.03,24.95,27.85,3463420.0,27318206053.00
20150710,27.37,29.79,27.16,28.47,3361626.0,27958277897.00
20150713,28.04,28.66,27.50,27.93,2050991.0,16580197298.00
20150714,27.55,28.06,26.95,27.24,1546766.0,12262032475.00
20150715,27.02,27.71,26.78,27.38,1384939.0,10862620991.00
20150716,27.30,27.53,26.85,27.18,795806.0,6232885747.00
20150717,27.37,28.16,27.19,27.87,1139518.0,9119144963.00
20150720,28.39,28.54,27.89,28.09,1239908.0,10086004043.00
20150721,27.89,28.14,27.64,27.90,870158.0,6996517123.00
20150722,27.87,27.90,27.19,27.45,884559.0,7041853786.00
20150723,27.69,28.68,27.53,28.60,1545230.0,12638572916.00
20150724,28.64,28.64,27.90,27.93,1181782.0,9618558389.00
20150727,27.81,27.94,25.37,25.49,1712595.0,6577247824.00
20150728,24.41,25.61,24.11,24.47,3397710.0,12044032950.00
20150729,24.93,25.08,23.56,24.36,2964852.0,10259996450.00
20150730,24.33,25.15,23.77,23.92,2341073.0,8248157013.00
20150731,23.71,24.00,23.08,23.26,2036413.0,6851989499.00
20150803,23.01,23.28,22.50,23.26,2321993.0,7598281093.00
20150804,23.07,23.91,22.97,23.85,1549591.0,5215803351.00
20150805,23.70,23.77,23.15,23.21,1293194.0,4354845438.00
20150806,22.84,23.45,22.73,22.93,961707.0,3181754692.00
20150807,23.24,23.87,23.11,23.63,1524162.0,5156939328.00
20150810,23.70,24.71,23.40,24.46,2198393.0,7595855411.00
20150811,24.33,24.88,24.19,24.31,1664871.0,5851436134.00
20150812,24.05,24.23,23.54,23.56,1333463.0,4575516397.00
20150813,23.50,23.90,23.35,23.75,1100029.0,3730365388.00
20150814,23.83,23.88,23.56,23.63,1155956.0,3923707181.00
20150817,23.29,23.35,22.73,22.98,1521704.0,5013930064.00
20150818,23.03,23.44,21.78,21.81,2103894.0,6836216893.00
20150819,21.58,22.06,21.26,21.90,1614533.0,5026061288.00
20150820,21.61,21.89,21.28,21.30,1098640.0,3401177558.00
20150821,21.23,21.72,20.43,20.49,2058581.0,6216774176.00
20150824,19.86,19.87,18.44,18.44,4032962.0,10916009666.00
20150825,17.64,19.21,17.18,17.50,4316161.0,11301806144.00
20150826,17.57,19.03,17.51,18.38,3826691.0,10024843776.00
20150827,19.10,20.22,18.80,20.22,3939984.0,11001233951.00
20150828,20.57,21.19,20.07,20.67,3319339.0,9860535416.00
20150831,20.12,21.16,19.88,21.12,2894666.0,8509542227.00
20150901,20.59,21.04,19.97,21.03,3690911.0,10980646796.00
20150902,20.32,21.08,20.24,20.90,3735058.0,11157121529.00
20150907,20.67,21.11,19.94,20.13,1363133.0,4019719041.00
20150908,20.12,20.82,20.12,20.75,1255286.0,3694428962.00
20150909,20.94,21.50,20.77,21.20,1430501.0,4321472390.00
20150910,21.10,21.29,20.91,21.23,878888.0,2647099750.00
20150911,21.15,21.37,20.77,20.93,708262.0,2128174256.00
20150914,21.02,21.18,20.15,21.14,2206746.0,6496887956.00
20150915,20.76,20.89,20.34,20.66,1183297.0,3476001214.00
20150916,20.57,21.86,20.39,21.43,1148146.0,3443174711.00
20150917,21.38,21.87,21.11,21.22,1016069.0,3114574104.00
20150918,21.34,21.81,21.29,21.44,856438.0,2632220475.00
20150921,21.19,21.85,21.08,21.71,810319.0,2497646216.00
20150922,21.81,22.49,21.62,22.28,1200725.0,3807237307.00
20150923,21.95,22.15,21.54,21.58,1012415.0,3147688973.00
20150924,21.68,21.97,21.63,21.84,638527.0,1986333953.00
20150925,21.75,22.02,21.45,21.90,711485.0,2207160550.00
20150928,21.78,21.83,21.52,21.67,271792.0,840411105.00
20150929,21.38,21.38,20.81,20.99,640590.0,1923779664.00
20150930,21.08,21.17,20.88,20.94,365549.0,1094588090.00
20151008,22.44,22.55,21.43,21.53,1747292.0,5480154163.00
20151009,21.81,22.32,21.74,22.22,820816.0,2590000090.00
20151012,22.17,23.10,22.14,22.89,1026922.0,3332610800.00
20151013,22.65,22.91,22.51,22.58,487845.0,1576258165.00
20151014,22.49,22.65,22.21,22.22,471568.0,1506355376.00
20151015,22.30,22.79,22.22,22.77,645210.0,2074667599.00
20151016,22.90,23.25,22.79,23.00,683630.0,2242800704.00
20151019,23.00,23.41,22.89,23.26,880962.0,2906550795.00
20151020,23.11,23.18,22.79,23.08,546585.0,1789614921.00
20151021,23.12,23.61,22.49,23.04,1337049.0,4401719115.00
20151022,22.79,23.18,22.69,23.05,713714.0,2333752524.00
20151023,23.15,23.85,23.12,23.66,993864.0,3324918287.00
20151026,23.86,24.91,23.52,23.54,2126480.0,7308216445.00
20151027,23.57,24.65,23.15,24.11,1267336.0,4262137637.00
20151028,23.99,24.09,23.50,23.53,670725.0,2272148522.00
20151029,23.64,23.74,23.29,23.41,520173.0,1740836381.00
20151030,23.43,23.81,23.31,23.49,474070.0,1593297848.00
20151102,23.24,23.47,23.08,23.16,561047.0,1859836274.00
20151103,23.27,23.33,23.08,23.16,381032.0,1259373726.00
20151104,23.21,24.81,23.21,24.55,1922533.0,6626687926.00
20151105,24.20,26.29,24.18,24.77,4421030.0,15937374116.00
20151106,24.72,25.60,24.57,25.38,2148276.0,7711812800.00
20151109,25.47,26.25,25.36,25.56,2331237.0,8558319250.00
20151110,25.25,25.91,25.11,25.42,1428195.0,5184340639.00
20151111,25.28,25.42,24.88,25.14,1114381.0,3992233803.00
20151112,25.31,25.31,24.81,24.85,913577.0,3245969379.00
20151113,24.58,24.88,24.48,24.58,764583.0,2691602790.00
20151116,24.23,24.65,24.16,24.63,747459.0,2609229835.00
20151117,24.79,25.52,24.63,24.73,968389.0,3461375060.00
20151118,24.72,24.81,24.37,24.46,693001.0,2428026595.00
20151119,24.56,24.80,24.51,24.77,505832.0,1775583736.00
20151120,24.76,24.81,24.54,24.58,500970.0,1760322100.00
20151123,24.60,24.74,24.48,24.53,608983.0,2134080484.00
20151124,24.48,24.68,24.25,24.53,652544.0,2280565318.00
20151125,24.51,24.61,24.45,24.58,483362.0,1689881293.00
20151126,24.68,24.84,24.55,24.57,549162.0,1931733515.00
20151127,24.55,24.60,23.42,23.73,1164544.0,3976312830.00
20151130,23.63,23.85,23.11,23.71,840304.0,2818935964.00
20151201,23.70,24.48,23.57,23.93,835196.0,2848757359.00
20151202,23.99,25.39,23.83,25.26,1828132.0,6485780906.00
20151203,24.92,25.67,24.77,25.23,1423059.0,5124732624.00
20151204,24.87,25.02,24.41,24.51,873682.0,3067572573.00
20151207,24.55,24.65,24.22,24.37,487516.0,1695057831.00
20151208,24.20,24.44,24.09,24.14,573549.0,1980308833.00
20151209,24.16,24.45,24.09,24.16,416096.0,1436700095.00
20151210,24.13,24.72,24.12,24.19,553457.0,1924457024.00
20151211,24.12,24.31,23.97,24.25,527997.0,1818472154.00
20151214,23.95,25.21,23.86,24.98,949822.0,3319950889.00
20151215,24.90,24.98,24.58,24.73,632752.0,2232001210.00
20151216,24.76,24.92,24.63,24.70,380516.0,1343651168.00
20151217,24.94,25.17,24.74,24.91,585930.0,2086099661.00
20151218,24.84,25.45,24.80,25.10,839409.0,3012056339.00
20151221,25.10,26.11,25.00,25.88,1386134.0,5083964427.00
20151222,25.85,26.03,25.54,25.90,723908.0,2660120720.00
20151223,25.89,26.57,25.81,25.94,1188400.0,4448049271.00
20151224,25.99,26.36,25.57,25.89,812363.0,3003984960.00
20151225,25.88,26.07,25.75,25.88,352443.0,1300920862.00
20151228,25.92,26.02,25.01,25.04,639391.0,2315140694.00
20151229,25.04,25.38,25.02,25.35,308019.0,1106025112.00
20151230,25.43,25.45,24.86,25.08,493975.0,1766140279.00
20151231,25.10,25.38,24.84,25.25,519276.0,1858174593.00
20160104,25.14,25.14,23.78,23.88,709971.0,2468127284.00
20160105,23.62,24.41,23.50,24.20,874985.0,3002728330.00
20160106,24.06,24.31,23.85,24.22,480121.0,1648967873.00
20160107,23.85,24.21,23.15,23.69,236476.0,796250794.00
20160108,23.85,24.16,23.08,23.80,982396.0,3319542172.00
20160111,23.15,23.38,22.44,22.46,993557.0,3259413147.00
20160112,22.63,22.84,22.32,22.59,743809.0,2393261862.00
20160113,22.98,22.99,22.34,22.44,625330.0,2021310637.00
20160114,21.67,22.49,21.60,22.44,797227.0,2501041139.00
20160115,22.19,22.35,21.67,21.88,591402.0,1852786053.00
20160118,21.55,21.93,21.45,21.79,483693.0,1499292425.00
20160119,21.90,22.22,21.57,22.10,673925.0,2110985238.00
20160120,21.90,22.06,21.24,21.41,1007042.0,3093888706.00
20160121,21.30,21.61,20.95,21.15,681901.0,2062908473.00
20160122,21.30,21.38,20.82,21.20,493104.0,1483455593.00
20160125,21.24,21.29,20.96,21.22,374744.0,1128901679.00
20160126,20.98,21.11,20.33,20.50,766809.0,2257692347.00
20160127,20.59,20.68,20.20,20.49,703853.0,2053855399.00
20160128,20.48,20.77,20.18,20.55,484417.0,1415213671.00
20160129,20.48,21.31,20.42,21.17,644391.0,1926485784.00
20160201,21.15,21.15,20.56,20.71,340484.0,1010608899.00
20160202,20.71,21.11,20.69,21.02,375134.0,1121692994.00
20160203,20.69,20.90,20.41,20.79,390352.0,1146446853.00
20160204,20.88,21.08,20.68,20.84,366570.0,1092202369.00
20160205,20.83,21.04,20.77,20.80,333302.0,993430369.00
20160215,20.13,20.89,20.07,20.64,439937.0,1285788947.00
20160216,20.73,21.27,20.66,21.13,397578.0,1196447896.00
20160217,21.13,21.27,20.98,21.07,461634.0,1391102854.00
20160218,21.24,21.38,20.90,20.98,484585.0,1463151186.00
20160219,20.98,21.15,20.85,20.98,260921.0,780758760.00
20160222,21.24,22.20,21.06,21.72,789086.0,2431155402.00
20160223,21.71,21.72,21.21,21.39,434584.0,1328534703.00
20160224,21.25,21.46,21.06,21.33,304910.0,923163841.00
20160225,21.30,21.30,20.24,20.31,590597.0,1748561034.00
20160226,20.57,20.62,20.30,20.41,332111.0,969727466.00
20160229,20.37,20.44,19.51,20.35,667631.0,1905354124.00
20160301,20.27,20.82,20.03,20.52,406827.0,1182768077.00
20160302,20.59,21.25,20.59,21.17,623354.0,1866957711.00
20160303,21.22,21.38,21.03,21.31,534948.0,1617317668.00
20160304,21.24,22.16,21.13,22.13,1789765.0,5572673517.00
20160307,22.01,22.15,21.61,21.78,544403.0,1695365205.00
20160308,21.73,21.99,21.03,21.95,673912.0,2063557424.00
20160309,21.62,22.06,21.22,22.01,800905.0,2476074423.00
20160310,21.73,21.95,21.53,21.56,331108.0,1024457375.00
20160311,21.44,21.81,21.37,21.77,357929.0,1104131773.00
20160314,21.74,22.14,21.67,21.82,555797.0,1737635744.00
20160315,21.78,22.09,21.50,21.99,619818.0,1934428492.00
20160316,21.81,22.63,21.78,22.54,1596476.0,5110207477.00
20160317,22.51,22.70,22.36,22.44,570785.0,1831613492.00
20160318,22.67,22.74,22.36,22.53,874083.0,2814665234.00
20160321,22.72,23.71,22.61,23.03,1138790.0,3765399061.00
20160322,22.90,23.17,22.44,22.51,603627.0,1955171899.00
20160323,22.65,22.98,22.50,22.63,360472.0,1165680600.00
20160324,22.49,22.51,22.27,22.30,351096.0,1119205604.00
20160325,22.31,23.00,22.19,22.49,357175.0,1148277641.00
20160328,22.51,22.69,21.99,22.07,377973.0,1202848138.00
20160329,22.17,22.28,21.84,21.92,341281.0,1072037061.00
20160330,22.16,22.49,22.11,22.44,432058.0,1375893943.00
20160331,22.51,22.57,22.24,22.31,297979.0,951119691.00
20160401,22.32,22.42,21.89,22.39,385529.0,1221251115.00
20160405,22.23,22.58,22.09,22.44,429789.0,1370034029.00
20160406,22.29,22.42,22.19,22.26,272327.0,865676880.00
20160407,22.37,22.42,21.99,22.00,362111.0,1139929927.00
20160408,21.88,21.93,21.77,21.85,361758.0,1126007857.00
20160411,21.97,22.33,21.97,22.10,351658.0,1110979400.00
20160412,22.09,22.27,22.02,22.13,219688.0,693090526.00
20160413,22.30,22.63,22.25,22.38,755681.0,2423542993.00
20160414,22.50,22.71,22.36,22.46,422703.0,1356507307.00
20160415,22.46,22.51,22.36,22.44,535669.0,1712994981.00
20160418,22.30,22.51,22.10,22.30,562663.0,1794611327.00
20160419,22.44,22.47,22.27,22.39,475551.0,1516349052.00
20160420,22.40,22.62,21.82,22.59,1193796.0,3800706457.00
20160421,22.40,22.79,22.35,22.60,651195.0,2098390472.00
20160422,22.44,22.83,22.36,22.74,430780.0,1393530946.00
20160425,22.65,22.79,22.42,22.67,307298.0,991754406.00
20160426,22.67,22.82,22.59,22.72,308048.0,995628147.00
20160427,22.84,22.88,22.59,22.63,329261.0,1068295658.00
20160428,22.63,22.71,22.45,22.58,227436.0,732724442.00
20160429,22.51,22.72,22.41,22.47,259511.0,834574467.00
20160503,22.45,22.75,22.35,22.38,509179.0,1635287966.00
20160504,22.39,22.46,22.37,22.39,264264.0,844057427.00
20160505,22.39,22.48,22.35,22.41,211400.0,675334533.00
20160506,22.44,22.45,22.02,22.02,491818.0,1559939770.00
20160509,22.02,22.02,21.78,21.85,490465.0,1533979364.00
20160510,21.80,21.92,21.76,21.88,276452.0,861819327.00
20160511,21.91,22.00,21.85,21.92,277639.0,867490738.00
20160512,21.88,22.34,21.71,22.24,568696.0,1792517804.00
20160513,22.13,22.34,22.09,22.25,392650.0,1246185692.00
20160516,22.14,22.23,22.10,22.17,241182.0,762062338.00
20160517,22.16,22.20,22.06,22.10,206916.0,652435941.00
20160518,22.03,22.37,22.00,22.31,602017.0,1907811594.00
20160519,22.24,22.37,22.23,22.32,285170.0,906817502.00
20160520,22.32,22.42,22.25,22.32,175392.0,558615496.00
20160523,22.28,22.42,22.24,22.32,277385.0,883239655.00
20160524,22.25,22.32,22.09,22.19,185520.0,586424040.00
20160525,22.32,22.36,22.16,22.17,137125.0,435270022.00
20160526,22.17,22.30,22.09,22.18,203561.0,643568207.00
20160527,22.23,22.24,22.15,22.16,140987.0,445752176.00
20160530,22.27,22.40,22.09,22.38,220975.0,702233594.00
20160531,22.40,23.50,22.40,22.95,758825.0,2494611164.00
20160601,22.93,23.02,22.62,22.65,423433.0,1375741830.00
20160602,22.66,22.79,22.51,22.59,289891.0,934538932.00
20160603,22.76,22.76,22.46,22.68,351638.0,1132898069.00
20160606,22.72,22.76,22.48,22.52,236869.0,763007281.00
20160607,22.60,22.61,22.50,22.54,239606.0,770372456.00
20160608,22.53,22.61,22.46,22.55,264609.0,849574216.00
20160613,22.41,22.46,22.23,22.30,470239.0,1501822510.00
20160614,22.23,22.46,22.09,22.43,355738.0,1133505414.00
20160615,22.18,22.50,22.17,22.43,383143.0,1221903684.00
20160616,22.32,22.53,22.32,22.42,329401.0,1053956473.00
20160617,22.42,22.58,22.39,22.43,295105.0,946009814.00
20160620,22.58,22.58,22.42,22.53,257135.0,823482129.00
20160621,22.57,22.78,22.45,22.49,228641.0,736611581.00
20160622,22.48,22.55,22.42,22.50,163593.0,524609225.00
20160623,22.51,22.54,22.42,22.44,253617.0,812060934.00
20160624,22.43,22.54,21.89,22.13,429362.0,1362051847.00
20160627,22.09,22.26,22.06,22.22,238639.0,754744912.00
20160628,22.14,22.35,22.07,22.34,237665.0,752102130.00
20160629,22.37,22.57,22.34,22.56,263511.0,843595384.00
20160630,22.56,22.65,22.45,22.47,177795.0,570756950.00
20160701,22.54,22.64,22.49,22.57,182350.0,586600866.00
20160704,22.53,22.91,22.49,22.75,403218.0,1308665342.00
20160705,22.83,22.87,22.69,22.74,220938.0,708723117.00
20160706,22.69,22.75,22.55,22.68,249499.0,795789559.00
20160707,22.65,22.68,22.55,22.65,223630.0,712756092.00
20160708,22.65,22.66,22.52,22.53,192950.0,613694890.00
20160711,22.55,22.67,22.52,22.54,231284.0,737189871.00
20160712,22.55,23.01,22.55,22.98,425985.0,1370988825.00
20160713,23.11,23.26,22.90,23.01,422034.0,1373499797.00
20160714,23.00,23.04,22.89,23.04,206517.0,668453802.00
20160715,23.04,23.18,22.99,23.11,352063.0,1146376131.00
20160718,23.16,23.40,23.13,23.18,380335.0,1247791265.00
20160719,23.18,23.18,22.84,22.96,263620.0,853931060.00
20160720,22.99,23.01,22.78,22.91,185573.0,599404450.00
20160721,22.91,23.15,22.91,23.08,248344.0,807123491.00
20160722,23.04,23.07,22.85,22.90,211624.0,685426388.00
20160725,22.90,22.97,22.84,22.90,174901.0,565477113.00
20160726,22.90,23.14,22.87,23.06,406076.0,1315811002.00
20160727,23.08,23.26,22.57,23.25,802882.0,2601958941.00
20160728,23.06,23.17,22.98,23.01,284912.0,927273006.00
20160729,23.04,23.11,22.91,22.95,229299.0,744105405.00
20160801,22.90,22.97,22.83,22.89,222138.0,717235907.00
20160802,22.90,22.96,22.83,22.89,176859.0,570712739.00
20160803,22.78,22.89,22.76,22.82,186525.0,600429970.00
20160804,22.82,22.83,22.70,22.79,207729.0,666430065.00
20160805,22.80,22.87,22.77,22.82,272131.0,875728864.00
20160808,22.85,22.90,22.76,22.88,303569.0,978456142.00
20160809,22.92,23.16,22.92,23.07,410658.0,1334273437.00
20160810,23.08,23.24,23.06,23.07,347814.0,1134553583.00
20160811,23.04,23.68,23.04,23.25,779335.0,2572039045.00
20160812,23.26,23.75,23.23,23.74,694381.0,2300089390.00
20160815,23.79,24.98,23.74,24.50,1221572.0,4208217327.00
20160816,24.67,24.76,24.03,24.05,916044.0,3137874791.00
20160817,24.14,24.20,23.88,24.09,429675.0,1457681731.00
20160818,24.32,24.74,24.20,24.41,850355.0,2938789956.00
20160819,24.45,24.57,24.23,24.48,354817.0,1221887628.00
20160822,24.54,24.59,24.27,24.43,319569.0,1100976011.00
20160823,24.40,24.94,24.40,24.70,558948.0,1946633401.00
20160824,24.74,24.76,24.33,24.34,373693.0,1289666914.00
20160825,24.11,24.22,23.96,24.17,388352.0,1319356026.00
20160826,24.22,24.40,24.13,24.17,210519.0,720707377.00
20160829,24.11,24.33,23.91,24.29,237355.0,807731243.00
20160830,24.31,24.43,24.15,24.26,300223.0,1028897886.00
20160831,24.24,24.38,24.13,24.26,192655.0,659454538.00
20160901,24.26,24.49,24.22,24.37,243426.0,836324257.00
20160902,24.35,24.74,24.27,24.72,510301.0,1766218364.00
20160905,24.74,24.92,24.60,24.79,403326.0,1401611045.00
20160906,24.76,25.27,24.70,25.06,564325.0,1979904973.00
20160907,25.09,25.44,25.09,25.11,470620.0,1667528062.00
20160908,25.10,25.37,25.05,25.23,335396.0,1185177579.00
20160909,25.27,25.56,25.16,25.29,440407.0,1566197985.00
20160912,24.89,25.07,24.39,25.04,866024.0,3013336339.00
20160913,24.94,24.94,24.53,24.76,317444.0,1101218251.00
20160914,24.60,24.67,24.37,24.46,352136.0,1209854981.00
20160919,24.53,25.04,24.53,24.94,372666.0,1299423507.00
20160920,24.94,24.94,24.82,24.85,146663.0,511357129.00
20160921,24.88,24.94,24.59,24.72,352479.0,1221792400.00
20160922,24.82,25.22,24.82,24.97,541329.0,1900551187.00
20160923,24.99,25.10,24.76,24.88,314391.0,1098490198.00
20160926,24.79,24.80,24.48,24.52,328526.0,1136732880.00
20160927,24.41,24.53,24.38,24.50,458251.0,1570164477.00
20160928,24.52,24.52,24.33,24.35,317332.0,1085617191.00
20160929,24.42,24.56,24.35,24.38,230869.0,791168926.00
20160930,24.32,24.44,24.29,24.36,194031.0,663564710.00
20161010,24.57,24.82,24.46,24.67,341194.0,1178163526.00
20161011,24.69,24.78,24.42,24.52,493752.0,1701605543.00
20161012,24.43,24.56,24.39,24.46,308540.0,1058073370.00
20161013,24.40,24.47,24.25,24.33,345467.0,1179218576.00
20161014,24.34,24.37,24.28,24.32,231560.0,789617892.00
20161017,24.33,24.37,24.16,24.20,309214.0,1051714363.00
20161018,24.16,24.45,24.16,24.39,283360.0,967199041.00
20161019,24.42,24.44,24.32,24.33,205152.0,700734096.00
20161020,24.36,24.42,24.32,24.35,127682.0,436313660.00
20161021,24.33,24.45,24.28,24.40,280031.0,955961700.00
20161024,24.40,24.81,24.35,24.60,420909.0,1451824779.00
20161025,24.65,24.69,24.53,24.64,239719.0,826719816.00
20161026,24.65,24.70,24.52,24.55,197377.0,680587630.00
20161027,24.55,24.55,24.32,24.38,217643.0,744556017.00
20161028,24.53,24.77,24.50,24.62,325149.0,1123315941.00
20161031,24.53,24.71,24.39,24.68,234352.0,808674419.00
20161101,24.69,25.03,24.60,25.00,367191.0,1282156408.00
20161102,24.88,24.94,24.63,24.68,256760.0,892639555.00
20161103,24.67,25.02,24.62,24.94,405144.0,1412764012.00
20161104,24.87,25.07,24.87,24.91,264479.0,925529772.00
20161107,24.94,24.99,24.87,24.95,215166.0,752624551.00
20161108,25.04,25.09,24.87,24.96,286831.0,1005144719.00
20161109,24.96,24.97,24.48,24.75,688345.0,2389583083.00
20161110,24.90,25.10,24.85,24.92,352803.0,1235297816.00
20161111,24.92,25.13,24.86,24.95,523906.0,1836030752.00
20161114,24.90,25.05,24.87,24.92,683571.0,2393598916.00
20161115,24.94,24.97,24.89,24.93,286904.0,1002698055.00
20161116,24.96,25.03,24.89,24.97,243869.0,853899376.00
20161117,24.95,24.97,24.82,24.96,238715.0,835013724.00
20161118,24.96,25.00,24.92,24.97,320696.0,1122418018.00
20161121,24.92,25.92,24.92,25.60,1089035.0,3918207061.00
20161122,25.54,25.99,25.54,25.76,737021.0,2668070771.00
20161123,25.83,25.92,25.64,25.66,440133.0,1589604839.00
20161124,25.66,26.12,25.66,25.97,520764.0,1891778690.00
20161125,25.97,26.24,25.79,26.23,458330.0,1670622682.00
20161128,26.39,26.65,26.06,26.11,688978.0,2545372846.00
20161129,26.11,26.60,25.99,26.22,665386.0,2455023676.00
20161130,26.25,26.45,25.84,25.91,508039.0,1860542541.00
20161201,25.92,26.19,25.84,25.97,474386.0,1728939211.00
20161202,25.97,25.98,25.65,25.86,633715.0,2290250433.00
20161205,25.64,25.88,25.58,25.86,622095.0,2244795953.00
20161206,25.81,26.01,25.76,25.79,376125.0,1365476594.00
20161207,25.79,26.13,25.72,26.00,310670.0,1127983993.00
20161208,26.11,26.19,25.98,26.03,295168.0,1079442252.00
20161209,26.13,26.49,26.01,26.29,487033.0,1793610602.00
20161212,26.47,26.93,26.17,26.31,1069343.0,3969638952.00
20161213,26.24,26.34,26.06,26.14,395597.0,1452198317.00
20161214,26.12,26.74,26.11,26.41,586449.0,2176302854.00
20161215,26.23,26.31,25.27,25.39,786083.0,2830157187.00
20161216,25.29,25.51,25.24,25.30,340994.0,1212632676.00
20161219,25.30,25.39,25.18,25.24,295596.0,1047994448.00
20161220,25.26,25.28,24.57,24.72,626950.0,2184834561.00
20161221,24.85,24.99,24.68,24.77,376259.0,1311462976.00
20161222,24.72,24.91,24.53,24.79,295009.0,1022385359.00
20161223,24.74,24.79,24.53,24.77,301921.0,1045239275.00
20161226,24.64,25.07,24.50,25.04,351312.0,1222688981.00
20161227,24.96,25.20,24.94,25.14,217802.0,767053567.00
20161228,25.10,25.19,24.95,25.17,386318.0,1356675449.00
20161229,25.07,25.17,24.98,25.05,290420.0,1021548130.00
20161230,25.15,25.28,25.04,25.27,270763.0,955339321.00
20170103,25.20,25.68,25.19,25.44,296977.0,1062134997.00
20170104,25.45,25.52,25.32,25.42,252574.0,900817691.00
20170105,25.48,25.63,25.44,25.48,286910.0,1027949508.00
20170106,25.48,25.59,25.21,25.27,362862.0,1290794307.00
20170109,25.29,25.35,25.15,25.26,270616.0,958713465.00
20170110,25.27,25.31,25.10,25.12,205350.0,725447485.00
20170111,25.14,25.27,25.03,25.12,209963.0,740408787.00
20170112,25.17,25.26,25.07,25.11,187187.0,660770328.00
20170113,25.12,25.60,25.09,25.36,330738.0,1177624289.00
20170116,25.36,25.87,25.11,25.81,1129172.0,4058898503.00
20170117,25.72,25.91,25.59,25.66,349493.0,1261227196.00
20170118,25.72,25.99,25.71,25.82,266869.0,968675234.00
20170119,25.76,25.94,25.61,25.71,199628.0,721764754.00
20170120,25.71,25.87,25.68,25.86,260332.0,940875013.00
20170123,25.86,25.97,25.70,25.81,398001.0,1440993193.00
20170124,25.81,25.91,25.74,25.80,268665.0,973085798.00
20170125,25.81,25.99,25.74,25.98,358922.0,1301946746.00
20170126,25.99,26.24,25.99,26.04,277205.0,1014531003.00
20170203,26.03,26.03,25.39,25.40,489267.0,1754524970.00
20170206,25.49,25.69,25.34,25.63,648914.0,2322670718.00
20170207,25.67,25.84,25.61,25.71,486180.0,1754121737.00
20170208,25.70,25.73,25.46,25.69,396288.0,1425349443.00
20170209,25.72,25.94,25.67,25.75,527568.0,1908930707.00
20170210,25.82,25.91,25.74,25.81,399219.0,1444897061.00
20170213,25.88,25.96,25.79,25.89,693540.0,2517882533.00
20170214,25.96,25.96,25.64,25.74,490922.0,1774534248.00
20170215,25.86,26.01,25.82,25.90,672852.0,2442350202.00
20170216,25.97,25.98,25.81,25.89,347817.0,1261768664.00
20170217,25.93,26.14,25.81,25.86,525503.0,1915834761.00
20170220,25.89,26.31,25.85,26.26,741442.0,2715553500.00
20170221,26.26,26.51,26.17,26.22,548331.0,2024707040.00
20170222,26.30,26.33,26.15,26.26,380419.0,1400124080.00
20170223,26.22,26.31,25.99,26.04,459520.0,1681434618.00
20170224,26.05,26.08,25.93,26.07,256833.0,936256080.00
20170227,26.04,26.13,25.82,25.90,401406.0,1461978561.00
20170228,25.90,25.99,25.81,25.84,268469.0,973920023.00
20170301,25.86,25.90,25.76,25.79,355081.0,1286566444.00
20170302,25.91,25.91,25.56,25.57,465656.0,1677956501.00
20170303,25.53,25.63,25.47,25.56,251354.0,900105329.00
20170306,25.54,25.63,25.49,25.55,286717.0,1027741367.00
20170307,25.55,25.65,25.53,25.64,237211.0,851204570.00
20170308,25.60,25.61,25.51,25.54,222856.0,798679796.00
20170309,25.51,25.53,25.32,25.52,377966.0,1347204348.00
20170310,25.47,25.51,25.37,25.39,207446.0,739538476.00
20170313,25.39,25.70,25.36,25.65,359990.0,1291416185.00
20170314,25.66,25.76,25.54,25.63,276964.0,995908964.00
20170315,25.59,25.67,25.50,25.64,268720.0,964386172.00
20170316,25.74,25.84,25.65,25.72,391641.0,1412921473.00
20170317,25.76,25.83,25.40,25.49,542621.0,1951604325.00
20170320,25.50,25.64,25.43,25.55,424589.0,1518417732.00
20170321,25.69,25.88,25.58,25.86,970084.0,3497702318.00
20170322,25.74,25.84,25.54,25.67,527906.0,1900860425.00
20170323,25.80,26.34,25.77,26.08,1209059.0,4423299981.00
20170324,26.14,26.46,25.81,26.06,944016.0,3453351568.00
20170327,26.04,26.58,26.03,26.20,1228601.0,4533273391.00
20170328,26.22,26.36,26.11,26.19,523346.0,1923728610.00
20170329,26.31,26.41,26.16,26.23,525226.0,1933615709.00
20170330,26.18,26.24,25.96,26.21,492881.0,1804688804.00
20170331,26.16,26.48,26.09,26.39,637996.0,2355407321.00
20170405,26.46,26.60,26.38,26.46,613499.0,2276342314.00
20170406,26.46,26.48,26.23,26.36,523313.0,1932690704.00
20170407,26.34,26.39,26.07,26.10,647609.0,2376814017.00
20170410,26.07,26.18,25.94,25.99,484417.0,1768312458.00
20170411,25.99,26.10,25.56,25.81,633225.0,2289209326.00
20170412,25.79,25.90,24.89,25.68,665077.0,2390144179.00
20170413,25.53,25.74,25.53,25.60,387590.0,1393274811.00
20170414,25.60,25.70,25.43,25.59,370915.0,1329735399.00
20170417,25.54,25.72,25.44,25.69,376602.0,1351965562.00
20170418,25.67,25.74,25.44,25.46,355230.0,1274754660.00
20170419,25.44,25.56,25.29,25.32,487050.0,1734152448.00
20170420,25.43,25.61,25.36,25.53,416048.0,1486331412.00
20170421,25.54,25.86,25.42,25.74,525203.0,1897448393.00
20170424,25.74,25.86,25.66,25.79,549922.0,1989033149.00
20170425,25.79,26.07,25.76,26.01,612813.0,2230735125.00
20170426,26.08,27.04,26.01,26.75,1609359.0,6010681228.00
20170427,26.73,27.28,26.70,26.97,1250054.0,4732657328.00
20170428,27.03,27.15,26.82,27.07,678663.0,2568647819.00
20170502,26.96,27.37,26.96,27.03,619325.0,2359210184.00
20170503,27.06,27.30,26.97,27.10,505383.0,1920918772.00
20170504,27.06,27.17,26.91,26.97,548573.0,2080732893.00
20170505,26.88,27.00,26.53,26.57,623979.0,2337681712.00
20170508,26.57,27.18,26.56,26.95,952932.0,3609995304.00
20170509,26.89,27.16,26.89,27.09,595182.0,2258188097.00
20170510,27.12,28.56,27.11,28.41,1589203.0,6249692993.00
20170511,28.38,28.59,28.21,28.36,827794.0,3296766911.00
20170512,28.31,29.45,28.31,29.20,1200171.0,4897614123.00
20170515,29.39,29.92,28.97,29.17,716224.0,2960377186.00
20170516,29.17,29.45,29.01,29.30,629862.0,2582208680.00
20170517,29.24,29.30,28.66,28.82,779106.0,3156764513.00
20170518,28.57,29.29,28.57,28.97,581678.0,2368295170.00
20170519,28.95,29.47,28.95,29.24,420467.0,1727706874.00
20170522,29.26,30.68,29.26,30.55,1025570.0,4349844018.00
20170523,30.66,31.51,30.56,30.78,1060990.0,4628619016.00
20170524,30.66,31.05,29.93,30.69,813519.0,3491155434.00
20170525,30.66,32.49,30.63,32.44,1389899.0,6178137404.00
20170526,32.38,32.70,31.99,32.22,783613.0,3547666748.00
20170531,32.09,33.61,31.96,32.14,1009977.0,4624877831.00
20170601,32.38,32.80,32.02,32.78,772361.0,3513398064.00
20170602,32.72,33.07,31.83,32.06,826333.0,3734938417.00
20170605,32.03,32.20,31.43,31.85,780002.0,3468933930.00
20170606,31.80,32.87,31.80,32.82,967169.0,4383686411.00
20170607,32.95,33.43,32.60,32.79,788200.0,3645872262.00
20170608,32.73,33.98,32.67,33.96,832171.0,3899227565.00
20170609,34.02,34.78,33.87,34.33,925676.0,4462205605.00
20170612,34.24,35.40,34.24,34.89,859596.0,4199730273.00
20170613,34.76,35.08,34.16,34.54,670461.0,3245558601.00
20170614,34.68,34.83,33.52,33.67,834013.0,3974060287.00
20170615,33.65,33.85,32.74,32.93,1041983.0,4833899744.00
20170616,32.87,33.64,32.87,33.30,807231.0,3777604440.00
20170619,33.49,34.68,33.30,34.63,808481.0,3869638235.00
20170620,34.78,34.89,33.99,34.30,616355.0,2962329659.00
20170621,34.44,35.34,33.92,35.25,849757.0,4147969142.00
20170622,35.08,35.99,34.98,35.04,1146464.0,5715913249.00
20170623,35.11,35.58,34.79,35.46,873719.0,4310012062.00
20170626,35.65,36.20,35.19,35.46,953192.0,4760578482.00
20170627,35.44,35.62,34.89,35.60,780835.0,3855524441.00
20170628,35.44,35.47,34.62,34.66,691322.0,3393564250.00
20170629,34.80,35.69,34.50,35.63,753228.0,3715241204.00
20170630,35.51,35.80,35.14,35.38,598630.0,2974857809.00
20170703,35.51,35.51,34.62,34.90,563199.0,2755923273.00
20170704,34.80,34.83,34.17,34.17,683920.0,3299813382.00
20170705,34.23,36.15,34.23,35.95,1272537.0,6293926168.00
20170706,35.95,37.08,35.71,36.65,1137814.0,5793924187.00
20170707,36.48,36.81,36.03,36.38,533925.0,2727331058.00
20170710,36.38,37.05,36.15,36.46,570776.0,2938274374.00
20170711,36.63,37.49,36.48,36.93,699539.0,3600296755.00
20170712,37.02,37.85,36.35,36.48,870117.0,4490986366.00
20170713,36.75,37.38,36.64,37.22,665342.0,3418210961.00
20170714,37.26,38.05,36.98,38.04,707791.0,3681295002.00
20170717,38.21,39.71,37.79,38.85,1408791.0,7585579250.00
20170718,38.64,39.11,37.85,38.54,879029.0,4697173720.00
20170719,38.70,39.27,38.29,38.81,771180.0,4138848109.00
20170720,38.60,39.03,38.08,38.93,659198.0,3528872923.00
20170721,38.35,38.41,37.41,37.46,1294791.0,6811105692.00
20170724,37.54,38.28,37.25,37.92,904595.0,4749136592.00
20170725,37.93,38.24,37.61,37.71,506834.0,2670578612.00
20170726,37.56,37.85,36.97,37.41,657610.0,3403982468.00
20170727,37.38,38.02,36.83,37.74,667132.0,3456657892.00
20170728,37.63,37.82,37.34,37.41,491294.0,2557067863.00
20170731,37.40,37.95,37.06,37.50,616005.0,3210189249.00
20170801,37.63,39.58,37.63,39.54,1147936.0,6170850610.00
20170802,39.51,39.52,38.84,38.96,723817.0,3925861501.00
20170803,38.96,39.27,38.12,38.15,565311.0,3036337544.00
20170804,38.20,38.34,37.38,37.44,666087.0,3494563811.00
20170807,37.42,38.09,37.15,37.72,523852.0,2738587944.00
20170808,37.70,37.89,37.42,37.81,367322.0,1917168051.00
20170809,37.74,38.09,37.48,37.53,410734.0,2149503758.00
20170810,37.54,37.81,36.41,36.57,846423.0,4333370708.00
20170811,36.19,36.57,35.70,35.74,828145.0,4147670928.00
20170814,36.04,36.76,35.78,36.40,791494.0,3992982202.00
20170815,36.62,37.17,36.48,36.69,680849.0,3482968110.00
20170816,36.66,36.97,36.43,36.92,340851.0,1735515853.00
20170817,37.10,37.36,36.67,36.84,374711.0,1922044261.00
20170818,37.77,38.83,37.21,38.33,1176428.0,6204026735.00
20170821,38.49,39.13,38.05,38.23,716152.0,3834637735.00
20170822,38.50,39.83,38.44,39.79,1009896.0,5503927189.00
20170823,39.65,40.25,39.52,39.94,564884.0,3124559298.00
20170824,40.04,40.57,39.61,39.73,560654.0,3111185225.00
20170825,39.58,40.53,39.53,40.25,743106.0,4147141456.00
20170828,40.35,41.63,40.35,40.51,803295.0,4571588753.00
20170829,40.44,41.27,40.28,41.13,416774.0,2365449403.00
20170830,41.09,41.54,40.56,40.66,470277.0,2668794013.00
20170831,40.61,40.84,40.04,40.39,480957.0,2694501060.00
20170901,40.40,41.12,40.08,40.49,571083.0,3213848068.00
20170904,40.37,40.41,39.87,40.11,484051.0,2668523944.00
20170905,40.29,41.17,40.08,40.94,563769.0,3153737507.00
20170906,40.77,41.01,40.07,40.29,424063.0,2354829570.00
20170907,40.44,40.60,39.88,39.94,329740.0,1818266123.00
20170908,39.93,40.38,39.88,40.02,290322.0,1601029319.00
20170911,40.16,40.72,39.22,39.27,804098.0,4405694623.00
20170912,39.63,39.91,38.99,39.87,555954.0,3018230917.00
20170913,39.86,40.27,39.52,40.05,398069.0,2188825236.00
20170914,40.08,40.19,39.20,39.29,510191.0,2769164300.00
20170915,39.34,39.42,38.66,38.83,754259.0,4035496824.00
20170918,38.75,39.63,38.75,38.77,754002.0,4045828546.00
20170919,39.05,39.31,38.63,38.88,621506.0,3322570961.00
20170920,38.87,39.06,38.55,38.61,587189.0,3132558755.00
20170921,38.67,39.45,38.56,39.15,727092.0,3909123212.00
20170922,38.95,39.53,38.93,39.31,549471.0,2965926964.00
20170925,39.31,39.81,39.15,39.39,657944.0,3572267811.00
20170926,39.27,39.52,39.24,39.46,427958.0,2317837253.00
20170927,39.35,39.45,38.88,38.99,468984.0,2525092409.00
20170928,38.99,39.25,38.78,39.09,397737.0,2134157815.00
20170929,39.07,39.53,38.86,39.39,434172.0,2345094281.00
20171009,40.80,41.09,39.79,39.83,882361.0,4894508072.00
20171010,39.90,40.38,39.14,39.95,960683.0,5234374162.00
20171011,39.93,40.53,39.68,40.23,664527.0,3671752167.00
20171012,40.15,41.60,40.09,41.54,898550.0,5060866914.00
20171013,41.39,41.77,41.26,41.52,508153.0,2898031536.00
20171016,41.82,42.59,41.52,41.58,749769.0,4336232571.00
20171017,41.76,42.37,41.60,42.14,637815.0,3687434212.00
20171018,42.23,42.93,42.09,42.90,710379.0,4156056201.00
20171019,42.96,43.60,42.77,43.34,741138.0,4412200243.00
20171020,42.91,43.24,42.65,42.93,456881.0,2696601759.00
20171023,43.44,43.77,43.06,43.55,512391.0,3066104021.00
20171024,43.47,44.41,43.37,43.79,705336.0,4268526176.00
20171025,43.71,43.96,43.43,43.70,386456.0,2322425400.00
20171026,43.64,45.28,43.54,44.65,836840.0,5137430623.00
20171027,44.73,46.54,44.72,46.50,876860.0,5509478165.00
20171030,46.55,47.50,45.92,46.59,1183831.0,7608700684.00
20171031,46.19,46.91,46.05,46.81,513661.0,3284189901.00
20171101,46.89,48.21,46.35,46.64,1001119.0,6497719273.00
20171102,46.70,46.83,45.82,46.65,824946.0,5249507427.00
20171103,46.55,47.16,46.17,46.88,681439.0,4374187708.00
20171106,47.05,47.06,45.76,46.56,908570.0,5784912562.00
20171107,46.77,48.42,46.77,47.55,1173565.0,7697028238.00
20171108,47.57,48.26,46.78,46.99,867820.0,5669830793.00
20171109,46.91,48.29,46.84,48.24,708669.0,4620472310.00
20171110,48.00,50.88,47.95,50.83,1254060.0,8577347652.00
20171113,50.99,51.33,50.54,51.02,752207.0,5267340966.00
20171114,51.42,51.85,50.75,51.22,801748.0,5652540362.00
20171115,50.90,51.23,49.89,50.33,1009459.0,6990987895.00
20171116,50.04,53.18,50.00,53.10,1163764.0,8269151220.00
20171117,52.88,54.78,52.22,54.75,1580393.0,11680087761.00
20171120,54.39,55.63,53.87,55.07,1141281.0,8583176574.00
20171121,54.64,57.95,54.64,57.05,1445569.0,11268384879.00
20171122,57.82,58.16,55.70,56.33,1293487.0,10124738589.00
20171123,55.71,57.05,53.60,54.06,1576210.0,11946905532.00
20171124,53.93,54.88,52.88,54.27,1317843.0,9752487038.00
20171127,54.33,54.48,52.04,53.50,1637232.0,11979068074.00
20171128,52.88,53.49,52.28,52.90,786469.0,5710613283.00
20171129,53.49,53.96,51.83,52.67,875004.0,6358820396.00
20171130,51.91,52.13,50.59,50.86,1163733.0,8210562529.00
20171201,50.66,51.04,49.39,49.53,1393046.0,9600520278.00
20171204,49.17,51.17,49.00,50.47,1159283.0,8019893921.00
20171205,50.11,52.00,50.03,51.79,1692539.0,11943537964.00
20171206,51.57,51.71,49.46,50.48,1245607.0,8683330183.00
20171207,50.44,50.78,49.17,49.92,859703.0,5882969802.00
20171208,50.14,52.27,49.94,52.00,1095632.0,7706090993.00
20171211,51.79,53.32,51.51,53.28,1139927.0,8230209835.00
20171212,53.28,53.50,51.76,51.79,777900.0,5624415243.00
20171213,51.79,52.82,51.06,52.46,865117.0,6180930487.00
20171214,52.46,52.48,51.35,51.65,676186.0,4821543307.00
20171215,51.42,51.96,50.95,51.19,735547.0,5203043803.00
20171218,51.07,52.32,51.07,51.40,679116.0,4819171120.00
20171219,51.58,53.55,51.43,53.52,1270583.0,9235563922.00
20171220,53.45,54.25,53.15,53.78,939382.0,6929166000.00
20171221,53.56,54.97,53.25,54.48,934707.0,6973083823.00
20171222,54.40,54.70,53.55,53.84,719526.0,5340481047.00
20171225,53.87,55.40,53.36,53.94,1109978.0,8271645257.00
20171226,53.90,54.23,53.01,53.78,832289.0,6125332823.00
20171227,53.42,53.42,50.93,51.17,1506834.0,10782720389.00
20171228,51.13,51.95,50.67,51.34,1130886.0,7984386864.00
20171229,51.71,52.03,50.55,50.90,1040018.0,7316476634.00
20180102,51.07,52.95,51.04,52.80,1236163.0,8873521553.00
20180103,53.39,53.75,50.99,51.62,1794054.0,12887286352.00
20180104,51.66,52.51,51.31,51.77,1061157.0,7558632047.00
20180105,52.07,52.28,51.24,51.56,772075.0,5478422385.00
20180108,51.49,51.49,50.42,50.92,1228729.0,8582728348.00
20180109,51.13,52.43,50.94,52.27,1239491.0,8846740744.00
20180110,52.08,52.27,51.43,52.16,828123.0,5908131846.00
20180111,51.68,53.18,51.64,52.84,1096288.0,7942591596.00
20180112,52.85,54.19,52.61,54.12,1282662.0,9412700286.00
20180115,54.80,57.10,54.80,56.48,2006598.0,15506926306.00
20180116,56.50,57.81,56.15,56.59,1501643.0,11730259422.00
20180117,56.81,57.71,55.64,56.25,1413574.0,11007901753.00
20180118,57.14,58.27,56.06,56.45,2074471.0,16276293928.00
20180119,56.95,57.50,55.92,56.43,1553809.0,12121952907.00
20180122,56.08,57.61,56.04,57.27,1215882.0,9519920005.00
20180123,58.41,59.12,56.94,57.29,1919898.0,15307309841.00
20180124,57.46,57.78,55.55,55.60,1689141.0,13089919947.00
20180125,55.23,55.27,54.40,54.76,1234396.0,9292249846.00
20180126,54.77,55.90,54.70,55.35,1125546.0,8558720967.00
20180129,55.76,55.79,53.02,53.36,1517843.0,11341796885.00
20180130,53.02,54.08,52.95,53.37,867816.0,6389286977.00
20180131,52.84,54.66,52.75,54.61,934726.0,6959739461.00
20180201,54.55,54.99,53.86,54.90,1415762.0,10624480475.00
20180202,54.46,55.55,53.92,55.28,1007583.0,7592895872.00
20180205,54.11,55.24,54.04,55.07,948054.0,7124096934.00
20180206,53.71,54.33,52.73,53.66,2049666.0,15035748671.00
20180207,54.26,54.30,51.28,51.92,1747840.0,12632931016.00
20180208,51.36,52.00,49.73,50.18,1530108.0,10664335041.00
20180209,48.37,48.71,45.24,46.86,2492029.0,16087878594.00
20180212,47.03,47.75,46.55,47.25,1029611.0,6677189824.00
20180213,48.15,49.71,48.05,48.75,1147957.0,7736172611.00
20180214,49.10,50.32,48.88,50.11,646501.0,4399687785.00
20180222,51.08,51.22,50.35,50.75,783649.0,5477772497.00
20180223,51.10,51.98,50.79,51.38,556011.0,3929000288.00
20180226,51.63,52.06,50.62,51.50,693840.0,4900094210.00
20180227,51.66,51.78,50.53,50.78,780994.0,5485814912.00
20180228,50.33,50.36,49.24,49.28,782170.0,5354288635.00
20180301,48.86,50.46,48.64,50.14,663296.0,4535163832.00
20180302,49.46,49.94,49.06,49.23,581439.0,3950841316.00
20180305,49.21,49.89,48.73,49.37,609823.0,4123448692.00
20180306,49.75,50.47,49.02,50.42,657077.0,4498428233.00
20180307,50.17,51.04,49.59,50.03,590555.0,4086838910.00
20180308,50.23,51.52,50.01,51.31,692681.0,4847200944.00
20180309,51.64,51.98,51.14,51.56,476222.0,3371832639.00
20180312,52.08,52.27,51.35,51.73,583351.0,4159385529.00
20180313,51.79,51.90,50.32,50.49,609492.0,4270300750.00
20180314,50.08,50.33,49.65,50.06,514760.0,3538649610.00
20180315,49.76,51.42,49.75,51.27,627110.0,4389005513.00
20180316,51.42,52.33,51.24,51.28,701326.0,4999966474.00
20180319,51.56,53.74,51.26,53.68,924499.0,6687346252.00
20180320,53.17,53.96,52.88,53.89,659778.0,4847776966.00
20180321,55.79,55.79,53.12,53.69,1367485.0,10277152012.00
20180322,53.47,53.95,52.14,53.01,902877.0,6578006315.00
20180323,50.91,51.47,50.49,51.13,1486954.0,10435410981.00
20180326,50.33,50.89,48.72,49.66,1380985.0,9441425605.00
20180327,50.61,50.67,49.10,49.58,1039920.0,7111483067.00
20180328,48.73,49.23,47.19,47.57,1420787.0,9380984826.00
20180329,47.58,48.94,46.19,48.29,1462545.0,9514381379.00
20180330,48.01,48.20,47.13,47.50,842022.0,5499095858.00
20180402,46.73,48.19,46.71,47.03,805559.0,5242356770.00
20180403,46.51,47.24,46.43,46.92,604070.0,3885145804.00
20180404,47.20,47.70,46.54,46.95,679989.0,4414551485.00
20180409,47.27,48.00,46.59,47.98,716142.0,4679345562.00
20180410,47.78,49.75,47.56,49.64,905139.0,6064986129.00
20180411,49.68,49.87,49.08,49.22,720924.0,4894354063.00
20180412,49.39,49.44,48.51,48.53,544502.0,3659539916.00
20180413,49.04,49.06,48.04,48.14,466385.0,3114028929.00
20180416,48.01,48.48,46.46,46.77,809639.0,5244687540.00
20180417,46.87,47.18,45.70,45.92,831672.0,5312790695.00
20180418,46.39,46.51,45.53,46.19,764845.0,4841197668.00
20180419,46.48,47.24,46.30,46.90,726473.0,4680959624.00
20180420,46.70,47.18,46.19,46.66,603340.0,3871514930.00
20180423,46.66,47.39,46.39,47.27,544466.0,3516175405.00
20180424,47.57,48.78,47.48,48.41,906954.0,6024928823.00
20180425,48.03,48.34,47.50,47.64,477827.0,3141687154.00
20180426,47.77,47.92,45.68,45.91,841553.0,5364614954.00
20180427,46.22,46.35,42.43,44.29,2602862.0,15747812238.00
20180502,44.63,44.94,44.19,44.61,708908.0,4341690751.00
20180503,44.28,44.79,43.57,44.69,629125.0,3831120277.00
20180504,44.61,44.83,44.11,44.16,441586.0,2694568405.00
20180507,44.04,44.71,43.43,44.51,829447.0,5035372511.00
20180508,44.63,46.46,44.54,45.88,1174720.0,7388303870.00
20180509,45.89,46.11,45.47,45.79,484431.0,3048008852.00
20180510,46.04,46.37,45.54,45.95,498178.0,3143778291.00
20180511,46.24,46.30,45.68,45.89,452105.0,2859210137.00
20180514,46.33,46.97,46.19,46.62,683709.0,4387898493.00
20180515,46.91,46.98,46.11,46.53,529529.0,3376776320.00
20180516,46.32,46.49,45.55,45.68,559514.0,3539081154.00
20180517,45.89,45.96,45.05,45.09,477782.0,2981258092.00
20180518,45.01,45.91,44.80,45.85,566253.0,3532704058.00
20180521,46.22,46.66,46.02,46.30,705065.0,4492367179.00
20180522,46.24,46.43,45.46,45.83,437692.0,2757950408.00
20180523,45.79,45.79,44.85,44.92,569154.0,3531232659.00
20180524,45.07,45.29,44.48,44.53,441513.0,2725820768.00
20180525,44.64,45.23,44.61,44.75,353929.0,2183913985.00
20180528,44.95,45.73,44.77,45.46,458948.0,2861428758.00
20180529,45.33,45.57,44.59,45.37,636474.0,3944873803.00
20180530,44.59,44.88,44.06,44.11,490836.0,2998177225.00
20180531,44.45,45.23,44.16,45.19,665388.0,4096852001.00
20180601,45.03,45.23,44.57,44.83,408007.0,2516195954.00
20180604,45.17,46.34,45.02,46.21,858897.0,5418564799.00
20180605,46.25,47.28,45.97,46.97,885172.0,5683935967.00
20180606,46.86,46.88,46.34,46.41,490220.0,3140622782.00
20180607,46.90,47.84,46.72,46.88,746266.0,4763077383.00
20180608,46.68,46.88,45.92,46.25,579391.0,3617103478.00
20180611,46.14,46.85,45.85,46.72,512803.0,3204236377.00
20180612,46.85,47.63,46.57,47.37,763559.0,4866437060.00
20180613,47.29,47.38,46.96,47.26,459053.0,2922589416.00
20180614,47.13,48.44,47.03,47.77,798484.0,5164445267.00
20180615,47.52,48.30,47.46,47.91,666582.0,4315505696.00
20180619,47.29,47.59,45.81,46.03,1278263.0,8087342652.00
20180620,45.89,46.36,45.05,45.85,743195.0,4589333023.00
20180621,45.86,46.37,45.22,45.28,605493.0,3743256874.00
20180622,44.92,45.59,44.92,45.27,465376.0,2837582693.00
20180625,45.43,45.48,44.18,44.32,607496.0,3673033330.00
20180626,43.81,44.19,42.85,43.91,717927.0,4222114929.00
20180627,43.81,44.07,42.58,42.62,697084.0,4051818403.00
20180628,42.33,42.96,41.90,42.13,735991.0,4196752214.00
20180629,42.34,43.46,42.33,43.42,645112.0,3729377799.00
20180702,43.20,43.20,40.51,40.93,900189.0,5082587156.00
20180703,41.22,41.93,40.27,41.76,949167.0,5276896813.00
20180704,41.68,42.16,41.04,41.16,519493.0,2909529851.00
20180705,41.29,41.71,40.90,41.16,548434.0,3054478672.00
20180706,41.50,42.73,41.17,42.21,824311.0,4674671786.00
20180709,42.70,43.67,42.40,43.65,696043.0,4054246964.00
20180710,43.74,43.77,42.66,43.13,555627.0,3233279752.00
20180711,42.07,42.63,41.93,42.32,473781.0,2701645194.00
20180712,42.43,43.65,42.43,43.28,647707.0,3777942007.00
20180713,43.56,43.68,43.20,43.39,393785.0,2307228865.00
20180716,43.22,43.57,42.53,42.79,431942.0,2494024299.00
20180717,42.92,43.19,42.56,43.01,379943.0,2195501138.00
20180718,43.20,43.82,42.81,42.85,464485.0,2717273919.00
20180719,43.26,43.96,43.25,43.52,703699.0,4143173505.00
20180720,43.44,45.67,43.16,45.10,1069350.0,6433573521.00
20180723,44.74,45.66,44.66,45.28,804573.0,4898411219.00
20180724,45.26,46.70,45.24,45.77,836847.0,5207884859.00
20180725,46.13,46.14,45.51,46.08,409006.0,2529701219.00
20180726,46.17,46.32,44.98,45.07,482593.0,2960086715.00
20180727,45.20,45.46,44.90,45.12,334171.0,2037644574.00
20180730,45.14,45.90,45.03,45.63,376370.0,2303730924.00
20180731,45.66,45.88,45.08,45.66,260698.0,1600697232.00
20180801,45.81,46.26,44.19,44.25,563434.0,3440050571.00
20180802,44.04,44.10,42.85,43.19,646804.0,3782255927.00
20180803,43.31,43.56,42.83,42.86,362083.0,2109021439.00
20180806,42.85,43.63,42.52,42.87,419785.0,2438442832.00
20180807,43.08,44.18,42.96,44.15,561861.0,3306492624.00
20180808,44.14,44.25,43.13,43.28,412109.0,2426952929.00
20180809,43.28,45.21,43.13,44.94,635433.0,3820214646.00
20180810,44.89,45.19,44.35,44.80,349041.0,2108590693.00
20180813,44.33,44.37,43.48,44.14,454649.0,2692879774.00
20180814,44.15,44.27,43.42,43.77,308740.0,1824184784.00
20180815,43.76,43.77,42.01,42.28,613747.0,3531927672.00
20180816,41.79,42.96,41.42,42.24,475074.0,2710351662.00
20180817,42.77,42.86,41.85,41.94,351360.0,2009697401.00
20180820,42.21,42.86,42.07,42.85,462142.0,2653996237.00
20180821,42.89,44.22,42.89,44.05,636650.0,3768112543.00
20180822,45.43,45.59,44.75,45.17,1041857.0,6355540682.00
20180823,45.23,46.24,45.23,46.06,756111.0,4682981908.00
20180824,45.74,46.95,45.59,46.31,572631.0,3574475333.00
20180827,46.76,47.20,46.49,47.05,585793.0,3706028568.00
20180828,47.29,47.32,46.40,46.63,424944.0,2683512093.00
20180829,46.46,46.92,46.44,46.71,278926.0,1757300920.00
20180830,47.07,47.48,46.72,46.82,458496.0,2916938041.00
20180831,46.26,47.02,46.11,46.69,521114.0,3273908661.00
20180903,46.40,46.70,46.04,46.50,323790.0,2027395425.00
20180904,46.59,48.13,46.36,48.03,658378.0,4208358191.00
20180905,47.75,47.92,46.55,46.55,507437.0,3235414305.00
20180906,46.49,46.81,45.68,45.91,457426.0,2827435706.00
20180907,46.33,47.54,46.12,47.00,494711.0,3105514558.00
20180910,46.87,47.07,46.12,46.44,323390.0,2008532822.00
20180911,46.42,46.85,45.86,46.18,347070.0,2147831325.00
20180912,45.90,46.01,45.13,45.37,435460.0,2644081431.00
20180913,46.25,46.72,45.68,46.72,538846.0,3328513240.00
20180914,46.84,47.74,46.73,47.39,558370.0,3529776705.00
20180917,46.64,47.30,46.60,46.80,269595.0,1686602295.00
20180918,46.53,48.14,46.49,48.00,635569.0,4033820471.00
20180919,47.98,49.26,47.77,48.78,834705.0,5411874454.00
20180920,48.81,49.08,48.37,48.51,418923.0,2721332741.00
20180921,48.87,50.54,48.64,50.53,810431.0,5386807332.00
20180925,50.09,50.71,49.77,50.30,578103.0,3878568209.00
20180926,50.33,51.66,50.03,50.88,908525.0,6186718195.00
20180927,50.71,50.72,50.06,50.31,623574.0,4190581061.00
20180928,50.54,51.73,50.49,51.28,739523.0,5052835863.00
20181008,50.01,50.04,48.45,48.50,1128444.0,7402497487.00
20181009,48.39,48.95,48.16,48.66,486319.0,3155728031.00
20181010,48.73,49.10,48.06,48.40,582799.0,3780647727.00
20181011,46.49,47.32,45.95,46.31,1145327.0,7141404125.00
20181012,46.79,48.10,46.64,47.82,774616.0,4901391148.00
20181015,47.84,48.24,47.23,47.32,539743.0,3437483874.00
20181016,47.43,48.80,47.41,47.91,584034.0,3761333740.00
20181017,48.79,48.90,46.72,48.03,761401.0,4861851849.00
20181018,47.53,47.56,46.60,46.75,603019.0,3788520129.00
20181019,46.41,49.49,46.33,49.13,1138815.0,7314843218.00
20181022,49.42,51.97,49.13,50.86,1616881.0,10961620260.00
20181023,50.91,51.15,48.57,49.05,1172134.0,7814653832.00
20181024,49.25,50.80,49.08,49.60,810632.0,5398315014.00
20181025,48.06,49.91,48.06,49.91,736202.0,4816111122.00
20181026,49.64,49.99,48.20,49.07,797411.0,5212551961.00
20181029,49.31,49.40,46.34,46.42,1216419.0,7666491234.00
20181030,44.92,48.39,44.55,47.02,1269208.0,7969650420.00
20181031,47.17,47.88,46.54,47.64,782835.0,4948893033.00
20181101,48.08,49.04,47.97,48.14,689871.0,4463737106.00
20181102,50.10,50.42,49.08,50.42,1173949.0,7821171766.00
20181105,49.79,50.20,49.19,49.85,547131.0,3634382539.00
20181106,49.56,50.01,49.26,50.01,385081.0,2553280683.00
20181107,50.08,50.42,49.34,49.50,510658.0,3393066441.00
20181108,50.11,50.29,49.41,49.64,504946.0,3364558944.00
20181109,49.22,49.40,48.20,48.38,544689.0,3544347557.00
20181112,48.21,48.77,47.73,48.41,458511.0,2956910271.00
20181113,47.75,49.09,47.54,48.67,520997.0,3362080743.00
20181114,48.70,48.73,47.62,47.88,573814.0,3680152361.00
20181115,47.91,48.77,47.74,48.74,500579.0,3231462676.00
20181116,48.66,49.70,48.43,48.85,619879.0,4063786057.00
20181119,48.85,49.56,48.51,49.20,507628.0,3324370817.00
20181120,48.66,48.99,47.85,47.99,591762.0,3810974173.00
20181121,47.56,48.02,47.56,47.92,385249.0,2459066015.00
20181122,48.05,48.06,47.03,47.27,443683.0,2803339519.00
20181123,47.28,47.61,46.81,46.90,372335.0,2339115029.00
20181126,47.17,47.82,47.02,47.32,369989.0,2340406531.00
20181127,47.40,47.82,47.10,47.25,375596.0,2377828917.00
20181128,47.26,47.88,47.17,47.74,411690.0,2616356267.00
20181129,48.14,48.20,47.17,47.20,386653.0,2460470881.00
20181130,47.21,47.65,47.09,47.53,349171.0,2212885743.00
20181203,48.81,49.45,48.49,48.66,1121943.0,7325910545.00
20181204,48.63,48.72,48.03,48.58,562473.0,3640115194.00
20181205,47.95,48.36,47.90,48.10,450207.0,2892938998.00
20181206,47.66,47.82,47.08,47.17,585865.0,3710782048.00
20181207,47.41,47.56,47.15,47.17,270297.0,1709048611.00
20181210,46.79,46.93,46.28,46.55,494650.0,3075386868.00
20181211,46.55,46.84,46.28,46.54,419948.0,2605529172.00
20181212,47.02,47.04,46.45,46.76,387392.0,2415069230.00
20181213,46.94,47.54,46.72,47.32,782754.0,4938706633.00
20181214,47.09,47.12,46.22,46.37,750755.0,4664205074.00
20181217,46.32,46.61,45.69,45.87,712131.0,4372511195.00
20181218,45.59,46.18,45.27,45.56,532302.0,3244689448.00
20181219,45.67,45.86,44.83,45.01,515538.0,3118190766.00
20181220,44.88,45.05,43.86,44.17,806955.0,4779472466.00
20181221,43.98,44.06,43.01,43.68,739127.0,4287044788.00
20181224,43.42,43.65,43.24,43.61,358748.0,2084472986.00
20181225,43.08,44.01,42.58,43.58,664633.0,3837466568.00
20181226,43.55,43.61,42.82,42.90,397821.0,2293584057.00
20181227,43.63,43.71,42.60,42.60,751890.0,4329636520.00
20181228,42.67,42.85,42.00,42.00,914988.0,5177718206.00
20190102,41.96,42.06,41.13,41.31,825542.0,4573024812.00
20190103,41.29,42.17,41.22,41.69,692711.0,3864646451.00
20190104,41.39,42.67,41.35,42.37,1129855.0,6376773583.00
20190107,42.74,42.80,41.85,42.15,765930.0,4326151604.00
20190108,41.96,41.99,41.33,41.78,559920.0,3116381576.00
20190109,42.08,43.12,41.90,42.64,819146.0,4673997766.00
20190110,42.58,43.29,42.34,43.05,673282.0,3858446844.00
20190111,43.42,43.64,43.05,43.48,457569.0,2650921529.00
20190114,43.23,43.39,42.60,42.76,475326.0,2723611890.00
20190115,42.87,43.94,42.72,43.86,586264.0,3413728308.00
20190116,43.74,44.14,43.43,43.98,404111.0,2368178488.00
20190117,44.21,44.77,43.84,43.97,535050.0,3168128862.00
20190118,44.34,44.94,43.94,44.86,561756.0,3350801454.00
20190121,44.87,45.75,44.81,45.51,559842.0,3395168935.00
20190122,45.37,45.40,44.73,44.97,419507.0,2524729521.00
20190123,44.79,45.22,44.51,44.54,374932.0,2243882420.00
20190124,44.63,45.31,44.34,45.24,449406.0,2694967118.00
20190125,45.29,46.25,45.24,45.89,672459.0,4129885331.00
20190128,46.27,46.72,45.82,46.06,581648.0,3603129774.00
20190129,45.95,46.34,45.65,46.16,395192.0,2428493652.00
20190130,45.58,46.31,45.50,45.86,310003.0,1904411131.00
20190131,46.27,47.31,46.08,47.15,692265.0,4336690723.00
20190201,47.54,47.75,47.05,47.32,437924.0,2771783992.00
20190211,47.08,48.30,47.08,48.21,541815.0,3456061479.00
20190212,48.21,48.23,47.68,48.12,385193.0,2468628211.00
20190213,48.41,48.96,47.94,48.68,578658.0,3743367744.00
20190214,48.57,48.96,48.50,48.74,396202.0,2577578444.00
20190215,48.51,48.67,47.33,47.35,534011.0,3418044695.00
20190218,47.84,48.98,47.75,48.88,721361.0,4677674823.00
20190219,49.10,50.36,48.87,49.17,785951.0,5198252133.00
20190220,49.64,49.70,48.81,49.32,393508.0,2592496357.00
20190221,49.26,49.92,48.73,48.96,543694.0,3588406874.00
20190222,48.93,50.21,48.51,50.18,762218.0,5022163621.00
20190225,51.07,54.65,51.01,54.65,2222382.0,15601216189.00
20190226,53.69,54.35,52.35,52.41,1555638.0,11039492176.00
20190227,52.63,53.48,51.65,52.39,1017663.0,7169557279.00
20190228,52.39,53.12,51.97,52.41,598889.0,4212441293.00
20190301,52.92,54.35,52.59,54.20,920751.0,6586194402.00
20190304,54.65,56.23,54.06,54.34,1263275.0,9279004181.00
20190305,54.26,54.46,53.58,53.96,659680.0,4759711070.00
20190306,54.20,54.26,53.24,54.02,784653.0,5640683407.00
20190307,54.02,54.02,52.41,52.62,1013473.0,7171432248.00
20190308,51.40,52.56,51.10,51.43,913256.0,6295287173.00
20190311,51.51,52.17,51.07,51.50,751857.0,5173828938.00
20190312,52.11,53.10,51.63,51.85,969219.0,6776280865.00
20190313,53.44,53.98,52.61,53.56,1405464.0,10026174511.00
20190314,53.73,54.80,53.68,54.50,1055970.0,7670039178.00
20190315,54.73,56.52,54.71,55.29,1255246.0,9342867722.00
20190318,55.72,56.40,54.99,56.15,1156392.0,8622875430.00
20190319,56.70,57.54,56.12,56.41,1012096.0,7669753047.00
20190320,56.20,58.01,55.96,57.31,1078439.0,8223832014.00
20190321,57.65,57.83,56.60,56.75,846258.0,6432258633.00
20190322,56.72,57.09,55.45,55.94,772004.0,5793145970.00
20190325,54.96,55.39,54.04,54.12,991052.0,7240888365.00
20190326,54.65,54.83,54.02,54.42,634474.0,4610495784.00
20190327,54.80,55.87,54.43,55.57,759817.0,5612313473.00
20190328,54.95,55.36,54.56,54.95,484208.0,3553347623.00
20190329,55.48,57.72,55.48,57.72,1429355.0,10870048907.00
20190401,58.40,59.32,58.02,58.85,1168113.0,9182647666.00
20190402,58.80,59.14,58.43,59.11,771175.0,6059549068.00
20190403,58.76,60.01,58.67,59.79,760219.0,6045909504.00
20190404,59.95,60.61,59.33,60.04,795626.0,6378852748.00
20190408,60.42,61.58,59.91,60.34,916122.0,7448621190.00
20190409,60.19,61.39,60.17,60.72,601737.0,4887104136.00
20190410,60.49,61.47,59.64,61.41,783620.0,6347140293.00
20190411,61.88,62.60,60.01,60.43,756628.0,6180144016.00
20190412,60.16,60.76,59.82,60.22,526779.0,4235942763.00
20190415,61.56,62.80,61.09,61.14,989953.0,8203396924.00
20190416,60.81,63.73,60.57,63.64,1036222.0,8642148123.00
20190417,63.58,63.90,62.74,63.25,631915.0,5350101242.00
20190418,63.40,63.65,62.80,63.11,397287.0,3354513849.00
20190419,63.84,65.13,63.04,65.13,789131.0,6768190588.00
20190422,65.30,65.95,63.26,63.61,932115.0,8032960470.00
20190423,63.45,65.42,63.26,64.43,678116.0,5833032636.00
20190424,64.45,65.04,62.55,63.66,812851.0,6916666438.00
20190425,63.15,63.63,62.25,62.44,655769.0,5505578220.00
20190426,62.14,63.21,61.99,62.22,648959.0,5424636666.00
20190429,62.80,65.23,62.36,64.71,946576.0,8097224931.00
20190430,64.76,65.49,63.28,64.46,917902.0,7894165649.00
20190506,61.99,62.59,59.64,60.79,1808609.0,14725465894.00
20190507,61.23,61.60,59.81,60.77,974951.0,7910860379.00
20190508,58.94,60.31,58.68,58.98,868375.0,6904377645.00
20190509,58.59,58.59,56.98,57.39,1125721.0,8689046105.00
20190510,58.36,61.29,57.87,60.93,1392098.0,11083158280.00
20190513,59.33,60.03,58.77,58.88,842350.0,6668703693.00
20190514,58.37,59.44,58.28,58.62,782781.0,6165448232.00
20190515,59.11,60.92,59.07,60.30,803300.0,6430783480.00
20190516,60.51,61.04,59.89,60.62,630831.0,5101228351.00
20190517,60.69,60.79,59.13,59.22,685802.0,5464921484.00
20190520,58.77,59.35,57.79,58.30,745003.0,5810214619.00
20190521,58.43,59.33,58.16,58.55,630197.0,4945455898.00
20190522,58.56,58.77,57.80,58.13,516731.0,4013374792.00
20190523,58.10,58.35,57.00,57.29,645670.0,4884305938.00
20190524,57.64,58.68,57.56,58.10,512353.0,3923969868.00
20190527,57.91,58.98,57.22,58.61,589731.0,4515690456.00
20190528,58.81,59.82,58.64,59.38,893839.0,6978721843.00
20190529,58.86,61.50,58.61,60.59,968273.0,7677708159.00
20190530,60.30,60.56,59.68,60.06,488476.0,3863896327.00
20190531,60.11,61.19,59.99,59.99,496669.0,3960219553.00
20190603,60.58,60.91,59.76,60.18,521308.0,4135810656.00
20190604,60.13,60.36,59.13,59.21,512121.0,4016614538.00
20190605,59.80,59.92,58.83,58.86,487171.0,3810584967.00
20190606,59.05,59.16,58.38,58.56,422522.0,3268509624.00
20190610,59.08,60.28,58.85,60.07,645748.0,5078787335.00
20190611,60.19,62.20,60.09,62.05,941317.0,7598394618.00
20190612,61.59,61.83,61.00,61.15,477952.0,3861456619.00
20190613,61.36,61.51,60.60,61.13,461455.0,3708068738.00
20190614,61.14,61.55,60.50,60.56,408732.0,3280402761.00
20190617,60.60,61.26,60.37,60.69,363881.0,2914253957.00
20190618,60.85,61.65,60.64,61.49,464073.0,3741319743.00
20190619,63.80,64.22,63.41,63.44,1118715.0,9389806918.00
20190620,63.73,67.21,63.73,67.21,1533213.0,13312984390.00
20190621,66.79,67.25,66.24,66.81,858060.0,7534703117.00
20190624,66.75,67.24,66.24,66.99,594052.0,5226583057.00
20190625,66.91,66.97,64.79,65.79,1051936.0,9119809214.00
20190626,65.88,66.30,65.61,65.61,457630.0,3973049206.00
20190627,66.07,67.19,66.06,66.87,814545.0,7159650023.00
20190628,66.80,67.83,66.55,67.29,595534.0,5265100136.00
20190701,68.80,70.22,68.80,69.75,926097.0,8488849610.00
20190702,69.63,69.63,69.02,69.15,606496.0,5535115699.00
20190703,69.23,69.56,68.20,68.85,650988.0,5908542213.00
20190704,68.88,69.21,67.85,68.27,593667.0,5341056830.00
20190705,68.35,69.21,68.22,68.99,510522.0,4623825137.00
20190708,68.34,68.34,66.66,67.28,787765.0,6981871334.00
20190709,67.35,67.48,66.06,66.47,557034.0,4890272738.00
20190710,66.97,66.99,66.47,66.74,356164.0,3128598068.00
20190711,67.20,67.82,66.59,66.81,514868.0,4553497823.00
20190712,66.94,67.95,66.94,67.40,576717.0,5130242055.00
20190715,66.91,67.41,65.78,66.89,594525.0,5209370935.00
20190716,66.81,66.97,65.99,66.03,430869.0,3758156348.00
20190717,66.03,66.51,65.61,66.06,438349.0,3808604487.00
20190718,65.77,66.37,65.56,65.87,377816.0,3283524658.00
20190719,66.31,67.36,66.31,67.10,603590.0,5322866936.00
20190722,67.07,67.57,66.59,66.59,426227.0,3763713785.00
20190723,66.76,66.98,66.15,66.45,381829.0,3342183667.00
20190724,66.81,67.94,66.68,67.48,594578.0,5285935227.00
20190725,67.67,68.01,67.24,67.90,456061.0,4065314393.00
20190726,67.45,68.48,67.45,68.42,461534.0,4145210524.00
20190729,68.23,68.41,67.63,67.93,368246.0,3294553172.00
20190730,68.61,69.03,68.11,68.33,464799.0,4198043686.00
20190731,67.90,67.97,66.74,66.90,592754.0,5249081796.00
20190801,66.45,67.09,66.08,66.46,427596.0,3743916591.00
20190802,65.39,65.68,64.93,65.33,728970.0,6268998438.00
20190805,64.60,65.20,64.23,64.26,684847.0,5821899847.00
20190806,63.11,64.46,62.39,64.18,1010340.0,8429945010.00
20190807,64.41,64.51,63.30,63.39,532355.0,4470107316.00
20190808,63.78,64.21,63.34,64.18,567264.0,4770686076.00
20190809,64.63,64.76,63.81,64.06,449361.0,3800362684.00
20190812,64.14,65.90,64.14,65.69,594238.0,5084372810.00
20190813,65.27,65.50,64.38,64.56,515017.0,4401472137.00
20190814,65.60,65.74,64.56,64.58,533363.0,4576817836.00
20190815,63.64,65.57,63.44,65.55,702273.0,5987124720.00
20190816,66.07,67.06,65.58,66.42,932311.0,8148943124.00
20190819,67.06,67.18,66.26,67.17,837354.0,7360284611.00
20190820,67.06,67.08,66.54,66.78,504393.0,4435790961.00
20190821,66.56,66.96,66.34,66.62,335320.0,2943814928.00
20190822,66.72,66.89,66.37,66.81,365037.0,3202804688.00
20190823,66.79,68.55,66.69,68.26,885689.0,7930036407.00
20190826,67.06,67.29,66.18,66.45,990268.0,8701773329.00
20190827,66.87,67.44,66.50,66.59,767827.0,6765874677.00
20190828,66.53,66.77,65.96,65.99,516092.0,4497895399.00
20190829,66.18,66.43,65.44,65.84,464332.0,4028377003.00
20190830,66.60,66.94,65.62,66.31,564655.0,4932841956.00
20190902,66.07,67.50,65.98,67.21,635806.0,5619499370.00
20190903,67.29,67.51,66.67,67.02,512751.0,4525884596.00
20190904,67.27,67.71,66.81,67.63,605953.0,5325414022.00
20190905,68.02,69.17,67.64,68.34,1007565.0,9016307901.00
20190906,68.90,69.47,68.38,69.47,688752.0,6204699653.00
20190909,69.98,70.11,68.92,69.24,702401.0,6374337298.00
20190910,69.31,69.36,68.09,68.51,484548.0,4336398320.00
20190911,68.78,69.00,67.98,68.60,455860.0,4081637789.00
20190912,69.00,70.85,68.74,70.73,793048.0,7231017511.00
20190916,70.70,70.72,69.79,69.97,548412.0,5026202112.00
20190917,69.62,69.64,68.34,68.57,640333.0,5773323708.00
20190918,68.80,69.30,68.61,68.93,419771.0,3778486404.00
20190919,69.32,69.41,68.18,68.63,421580.0,3773996564.00
20190920,68.85,69.16,68.51,68.82,456923.0,4105057124.00
20190923,68.51,68.51,67.52,68.10,513667.0,4548689259.00
20190924,68.17,68.48,67.71,68.13,405350.0,3607588863.00
20190925,67.70,68.30,67.52,68.00,388584.0,3446057682.00
20190926,68.32,68.76,67.66,67.67,486370.0,4330579275.00
20190927,67.81,67.92,67.31,67.63,329554.0,2904720762.00
20190930,67.36,67.55,66.64,66.67,460784.0,4034487316.00
20191008,66.74,67.95,66.71,67.40,405313.0,3569131700.00
20191009,66.97,67.86,66.89,67.54,360580.0,3172233255.00
20191010,67.55,67.90,67.03,67.79,340927.0,3007521492.00
20191011,68.08,69.14,67.79,68.86,600475.0,5375760781.00
20191014,69.55,70.04,69.07,69.28,630443.0,5727381883.00
20191015,69.55,69.55,68.89,69.09,350873.0,3166954955.00
20191016,69.47,70.33,69.30,69.38,499077.0,4545146043.00
20191017,69.85,70.60,69.39,70.25,619425.0,5676854079.00
20191018,70.70,70.81,68.69,68.74,590912.0,5362644272.00
20191021,68.53,69.28,68.11,68.99,360899.0,3244118888.00
20191022,69.54,69.54,68.61,69.16,310788.0,2799494104.00
20191023,69.09,69.42,68.33,68.55,318797.0,2865170064.00
20191024,68.82,68.96,68.13,68.78,360537.0,3227250653.00
20191025,67.40,67.76,66.71,67.40,1129195.0,9913999269.00
20191028,67.70,68.07,67.30,67.89,651031.0,5752480357.00
20191029,67.92,68.20,67.37,67.56,431557.0,3820534875.00
20191030,67.40,67.69,67.15,67.36,436516.0,3841077900.00
20191031,67.25,67.95,67.25,67.49,373687.0,3300159121.00
20191101,67.49,68.98,67.41,68.96,650940.0,5816594688.00
20191104,69.20,69.42,68.87,69.16,505705.0,4563537529.00
20191105,69.16,69.90,68.67,68.98,654849.0,5916481105.00
20191106,68.96,69.24,68.68,68.93,386305.0,3474136442.00
20191107,68.93,69.01,68.38,68.76,319831.0,2868909390.00
20191108,69.31,69.36,68.30,68.30,436274.0,3913709229.00
20191111,67.79,67.85,67.33,67.56,442562.0,3907738378.00
20191112,67.70,67.82,67.29,67.57,395453.0,3484083834.00
20191113,67.38,67.66,67.04,67.40,380871.0,3347570705.00
20191114,67.77,67.78,67.25,67.43,323509.0,2851209745.00
20191115,67.26,67.59,67.17,67.33,364026.0,3201969893.00
20191118,67.31,68.15,67.16,67.95,344810.0,3049046341.00
20191119,67.63,68.24,67.57,68.08,302021.0,2680997207.00
20191120,67.85,68.02,67.35,67.44,332290.0,2931878778.00
20191121,67.19,67.21,65.88,66.13,757381.0,6568187721.00
20191122,66.19,66.60,64.86,65.02,747463.0,6400035302.00
20191125,65.18,65.54,64.55,65.49,546527.0,4642913865.00
20191126,65.87,65.89,65.08,65.41,509282.0,4348204545.00
20191127,65.38,65.38,64.72,65.04,394256.0,3344756236.00
20191128,65.10,65.23,64.51,64.65,358095.0,3029939624.00
20191129,64.64,64.91,63.34,64.05,570944.0,4773939408.00
20191202,64.10,64.32,63.58,63.79,386007.0,3225038202.00
20191203,63.71,64.55,63.41,64.55,394270.0,3297499810.00
20191204,64.03,64.44,63.86,64.39,262024.0,2197127278.00
20191205,64.73,65.10,64.40,64.85,342534.0,2897557384.00
20191206,65.03,65.07,64.59,64.91,272110.0,2301323964.00
20191209,64.92,65.02,63.83,64.07,460460.0,3862862587.00
20191210,63.96,64.25,63.80,64.02,295540.0,2467176771.00
20191211,64.19,64.48,63.88,64.37,367933.0,3082011941.00
20191212,64.67,64.83,64.34,64.37,366466.0,3086211340.00
20191213,65.24,66.46,65.17,66.46,774732.0,6646262465.00
20191216,65.56,65.76,65.03,65.59,779673.0,6661554489.00
20191217,65.63,66.51,65.30,65.97,758245.0,6525266421.00
20191218,65.94,66.22,65.73,65.86,453752.0,3907877181.00
20191219,65.96,66.01,65.32,65.64,330822.0,2836413146.00
20191220,65.69,66.11,65.49,65.51,358309.0,3075038037.00
20191223,65.83,65.85,64.53,64.56,457181.0,3886531049.00
20191224,64.51,64.80,64.38,64.69,292204.0,2463248181.00
20191225,64.65,64.73,64.19,64.29,316230.0,2658560274.00
20191226,64.34,64.67,64.26,64.67,286528.0,2411801765.00
20191227,64.68,65.61,64.66,64.89,492829.0,4188069162.00
20191230,64.92,65.89,64.28,65.79,676187.0,5768577656.00
20191231,65.68,65.80,65.11,65.46,432036.0,3687624713.00
20200102,65.79,66.48,65.78,65.96,778252.0,6712531637.00
20200103,66.49,66.54,65.79,66.02,594980.0,5137311989.00
20200106,65.81,66.54,65.49,65.56,636448.0,5487967678.00
20200107,65.88,66.22,65.62,65.99,452188.0,3886450097.00
20200108,65.86,65.86,64.72,65.10,628053.0,5347387392.00
20200109,65.55,65.57,64.87,65.14,598712.0,5090240023.00
20200110,65.37,65.40,64.81,64.94,525864.0,4460689400.00
20200113,65.11,66.23,64.94,66.22,810588.0,6944781684.00
20200114,66.79,67.26,66.39,66.51,716681.0,6246205825.00
20200115,66.49,66.73,65.63,65.73,526216.0,4530511030.00
20200116,66.11,66.15,65.53,65.53,498579.0,4283072147.00
20200117,65.99,66.56,65.76,66.06,555370.0,4786520184.00
20200120,67.63,67.94,66.90,67.10,936050.0,8248578935.00
20200121,66.64,66.86,65.56,65.56,727579.0,6273908588.00
20200122,65.10,65.47,64.21,65.27,736576.0,6235779993.00
20200123,64.35,64.77,63.17,63.95,1080020.0,9019354016.00
20200203,58.60,60.70,58.52,59.52,2031498.0,15779335422.00
20200204,59.97,62.02,59.90,61.60,1213480.0,9661568316.00
20200205,61.70,62.29,61.09,61.57,753196.0,6062969630.00
20200206,62.18,62.78,61.57,62.44,672189.0,5451123737.00
20200207,61.73,62.19,61.60,62.06,491630.0,3968082289.00
20200210,61.54,61.77,61.20,61.50,593604.0,4759660453.00
20200211,61.96,62.70,61.66,62.14,584322.0,4748597561.00
20200212,62.12,62.39,61.70,62.19,444339.0,3595991660.00
20200213,62.19,62.19,61.55,61.62,562603.0,4532120659.00
20200214,61.56,62.24,61.44,62.04,428765.0,3460459249.00
20200217,62.04,63.18,61.81,63.11,678118.0,5545284407.00
20200218,62.66,62.89,62.38,62.46,513200.0,4192774607.00
20200219,62.06,62.99,62.05,62.58,460474.0,3760231172.00
20200220,62.81,64.04,62.31,63.79,833042.0,6866907972.00
20200221,63.19,63.75,62.81,63.10,1093905.0,9020541385.00
20200224,62.04,62.27,61.66,61.83,1035102.0,8361285867.00
20200225,61.12,61.52,60.90,61.42,869000.0,6948570625.00
20200226,60.85,61.86,60.59,61.14,844166.0,6737173090.00
20200227,60.97,61.58,60.74,61.11,666793.0,5318013519.00
20200228,60.20,60.73,59.52,59.53,983923.0,7697148541.00
20200302,59.99,61.43,59.99,60.95,712323.0,5669190141.00
20200303,61.64,61.71,60.71,60.88,678238.0,5418803178.00
20200304,61.20,61.85,61.20,61.72,677574.0,5443423591.00
20200305,62.05,63.39,61.75,63.15,960642.0,7866801864.00
20200306,62.48,62.75,61.89,61.97,584186.0,4739601763.00
20200309,60.44,60.51,59.76,59.85,1055082.0,8277312802.00
20200310,59.85,61.11,59.61,60.65,717006.0,5645289830.00
20200311,60.65,60.70,59.86,59.86,591403.0,4645175644.00
20200312,59.17,59.34,58.62,58.71,901290.0,6925926414.00
20200313,55.25,58.20,55.22,57.22,1166157.0,8615758934.00
20200316,57.06,57.08,54.99,55.15,979173.0,7135463717.00
20200317,54.88,55.91,54.30,55.25,950922.0,6841593560.00
20200318,55.55,55.82,53.50,53.52,852181.0,6077848896.00
20200319,52.93,53.52,50.80,51.94,1236760.0,8385522982.00
20200320,52.63,53.16,51.59,52.85,887269.0,6081161074.00
20200323,50.55,51.70,50.55,51.13,684079.0,4566662467.00
20200324,52.05,52.89,51.95,52.81,791633.0,5419438569.00
20200325,54.08,54.56,53.52,53.88,928186.0,6547779490.00
20200326,53.22,54.38,53.12,53.76,549869.0,3859228586.00
20200327,54.57,54.60,53.40,53.40,603084.0,4246255802.00
20200330,52.54,53.15,52.43,52.96,467955.0,3222983516.00
20200331,53.70,53.88,52.86,52.98,425367.0,2967824565.00
20200401,52.85,53.98,52.77,53.09,556928.0,3887226529.00
20200402,52.39,53.36,51.90,53.36,512029.0,3512800754.00
20200403,52.93,53.05,52.40,52.74,420254.0,2892833242.00
20200407,53.68,53.85,53.28,53.59,619347.0,4330830271.00
20200408,53.29,53.46,53.09,53.15,362458.0,2521691766.00
20200409,53.35,53.58,53.14,53.34,368308.0,2567770387.00
20200410,53.35,55.48,53.14,54.37,766249.0,5445247152.00
20200413,53.96,54.22,53.62,53.72,355169.0,2495812251.00
20200414,54.14,54.51,53.81,54.40,429696.0,3041154493.00
20200415,54.44,54.67,54.11,54.27,381515.0,2707408704.00
20200416,54.00,54.16,53.74,53.91,282942.0,1992746679.00
20200417,54.46,56.16,54.22,55.45,903679.0,6519197379.00
20200420,55.83,56.53,55.22,56.30,654193.0,4785645886.00
20200421,55.95,56.28,54.77,55.43,568984.0,4118269231.00
20200422,55.15,55.20,54.75,55.20,377673.0,2709336486.00
20200423,55.45,55.76,55.01,55.27,329666.0,2379812927.00
20200424,54.40,54.40,53.85,54.00,667116.0,4705918849.00
20200427,54.09,54.85,54.09,54.53,481528.0,3433518802.00
20200428,54.76,55.67,54.36,55.44,613874.0,4420134600.00
20200429,55.44,56.83,55.44,56.68,531156.0,3917886431.00
20200430,57.03,57.68,56.84,57.03,486255.0,3635525684.00
20200506,56.14,56.66,55.84,56.53,629168.0,4613009932.00
20200507,56.45,56.45,55.77,56.09,403123.0,2946802572.00
20200508,56.77,57.15,56.19,56.90,404720.0,2944390962.00
20200511,57.01,58.33,57.01,57.63,495757.0,3677832429.00
20200512,57.63,57.96,57.29,57.65,415450.0,3071895578.00
20200513,57.39,57.65,56.65,57.19,288970.0,2118699108.00
20200514,56.92,56.92,56.28,56.32,349715.0,2535717394.00
20200515,56.62,57.00,56.28,56.32,317507.0,2301777679.00
20200518,56.30,56.91,55.90,56.30,308463.0,2228956647.00
20200519,57.06,57.39,56.62,56.85,341583.0,2493797102.00
20200520,56.92,57.07,56.53,56.88,274835.0,2000585096.00
20200521,57.08,57.16,56.42,56.44,312686.0,2277526278.00
20200522,56.19,56.22,54.66,54.68,577194.0,4091224714.00
20200525,54.58,54.65,53.80,54.61,417101.0,2901602627.00
20200526,55.36,55.36,54.83,54.98,271128.0,1912577654.00
20200527,55.15,55.82,54.99,55.09,287152.0,2036204894.00
20200528,55.11,56.14,55.11,55.76,414260.0,2961421771.00
20200529,55.29,55.60,54.96,55.14,268441.0,1901686644.00
20200601,55.68,56.32,55.54,56.27,457673.0,3296218949.00
20200602,56.16,58.12,56.15,57.92,810523.0,5968449049.00
20200603,58.48,59.80,58.48,58.49,991488.0,7515763784.00
20200604,58.81,59.04,58.16,58.59,453880.0,3410379332.00
20200605,58.59,58.83,58.02,58.72,349808.0,2618665525.00
20200608,59.03,60.21,59.03,59.82,766974.0,5884341882.00
20200609,59.83,60.18,59.51,59.65,388517.0,2977854246.00
20200610,59.72,59.81,58.85,58.94,345453.0,2619976605.00
20200611,58.65,58.85,57.55,57.88,586113.0,4367908974.00
20200612,57.00,57.82,56.90,57.82,488259.0,3587207261.00
20200615,57.45,57.53,56.50,56.57,551304.0,4024617717.00
20200616,57.39,57.45,57.03,57.28,341905.0,2510329760.00
20200617,57.08,57.22,56.61,56.93,325896.0,2375228580.00
20200618,56.81,57.52,56.44,57.24,418632.0,3062399434.00
20200619,57.27,57.77,56.92,57.25,635990.0,4672211605.00
20200622,56.92,57.64,56.62,56.74,671831.0,4908549057.00
20200623,56.53,56.61,55.89,56.11,779636.0,5610392717.00
20200624,56.34,56.81,56.15,56.35,605136.0,4380602931.00
20200629,56.20,56.35,55.21,55.37,714838.0,5089513072.00
20200630,55.65,55.97,55.36,55.68,451503.0,3222061871.00
20200701,55.82,57.31,55.52,57.31,967560.0,7027221949.00
20200702,57.14,59.27,56.92,59.26,1474467.0,11001772289.00
20200703,59.38,61.20,59.37,60.79,1703820.0,13197963062.00
20200706,61.70,66.19,61.70,65.60,2806695.0,23106295707.00
20200707,67.84,68.31,64.88,64.89,2222041.0,18920029728.00
20200708,65.59,67.84,65.38,66.82,1696390.0,14486522558.00
20200709,67.29,67.68,66.20,67.00,1424597.0,12240651395.00
20200710,66.29,66.57,64.03,64.21,1466620.0,12251530199.00
20200713,63.87,65.24,63.56,64.22,1179516.0,9725535191.00
20200714,64.23,64.90,62.86,63.40,988558.0,8093687566.00
20200715,64.06,64.25,62.48,62.55,922768.0,7478183762.00
20200716,63.40,63.92,60.90,60.99,1318170.0,10546372452.00
20200717,61.60,61.91,60.28,60.84,875035.0,6849600333.00
20200720,61.64,64.58,61.64,64.57,1377548.0,11212026913.00
20200721,64.68,64.88,62.67,62.98,904775.0,7340189248.00
20200722,62.55,63.82,61.95,62.33,877513.0,7056923502.00
20200723,61.60,62.29,60.84,61.60,782100.0,6158187276.00
20200724,61.51,61.52,59.56,60.04,1072693.0,8306516311.00
20200727,60.26,60.66,59.03,59.60,734799.0,5615185667.00
20200728,60.04,60.28,59.22,59.56,639859.0,4893527505.00
20200729,59.26,60.82,59.07,60.28,702865.0,5415279238.00
20200730,60.35,60.38,59.28,59.29,646243.0,4940867628.00
20200731,59.26,60.24,58.64,59.19,748520.0,5701005305.00
20200803,59.54,59.79,59.09,59.61,855248.0,6513674698.00
20200804,59.89,61.88,59.42,61.35,1481462.0,11554011371.00
20200805,60.78,60.78,59.73,60.14,787806.0,6075388456.00
20200806,60.04,60.74,59.43,60.16,647563.0,4979623105.00
20200807,60.01,60.57,59.27,59.52,549809.0,4215768273.00
20200810,59.28,60.58,59.12,60.05,700073.0,5396774601.00
20200811,60.39,61.35,59.66,59.86,775309.0,6036019284.00
20200812,59.89,60.40,59.58,60.17,586013.0,4513022466.00
20200813,60.43,60.51,59.66,59.73,421355.0,3236112230.00
20200814,59.63,61.20,59.53,60.97,632474.0,4893057493.00
20200817,61.00,64.39,61.00,63.24,1739400.0,14077887673.00
20200818,63.01,63.08,61.91,62.19,842506.0,6735058126.00
20200819,62.07,62.47,60.96,60.96,564734.0,4458976788.00
20200820,60.90,60.90,60.16,60.51,498422.0,3863022133.00
20200821,61.06,61.42,60.47,61.02,424459.0,3315620080.00
20200824,61.56,61.60,60.53,60.67,472804.0,3698163543.00
20200825,60.82,61.51,60.51,60.91,530479.0,4149072334.00
20200826,60.82,60.86,59.73,59.89,542775.0,4191632778.00
20200827,60.16,60.18,59.26,59.68,448834.0,3425207259.00
20200828,59.63,60.99,59.15,60.74,765028.0,5893644072.00
20200831,60.74,61.45,59.72,59.75,723130.0,5624026414.00
20200901,59.33,59.72,59.26,59.56,471251.0,3593513070.00
20200902,59.74,59.89,58.95,59.21,556377.0,4229574503.00
20200903,59.26,59.59,58.60,58.79,599837.0,4540579467.00
20200904,58.33,58.56,58.13,58.34,478256.0,3575937386.00
20200907,58.34,59.46,58.29,58.53,633251.0,4787525506.00
20200908,59.25,60.40,59.03,60.15,866030.0,6642255588.00
20200909,59.56,60.47,59.52,59.64,523982.0,4026858724.00
20200910,60.01,60.31,59.58,59.67,530354.0,4078037119.00
20200911,59.58,60.43,59.39,60.21,462178.0,3557564883.00
20200914,60.53,61.68,60.53,61.25,729992.0,5730571509.00
20200915,61.25,62.76,60.47,62.31,1014350.0,8095818927.00
20200916,62.45,62.61,61.78,61.91,467948.0,3693757689.00
20200917,62.31,62.84,61.99,62.23,668306.0,5303741282.00
20200918,62.70,65.42,62.60,65.29,1776008.0,14522782208.00
20200921,65.30,65.44,63.75,63.75,845314.0,6909679018.00
20200922,62.78,63.59,62.23,62.28,679381.0,5407048622.00
20200923,62.62,62.67,61.78,61.88,362116.0,2855189685.00
20200924,61.59,61.83,60.65,60.71,608373.0,4720617558.00
20200925,61.33,61.34,60.65,61.11,356684.0,2760347918.00
20200928,61.11,61.90,60.97,61.40,371774.0,2897251524.00
20200929,61.82,61.83,60.41,60.49,519920.0,4014297164.00
20200930,60.57,61.00,59.87,60.07,476258.0,3652745796.00
20201009,60.86,61.79,60.85,61.36,474288.0,3700952923.00
20201012,61.71,63.92,61.68,63.69,869929.0,7002973824.00
20201013,63.54,64.47,62.98,64.10,564429.0,4572861833.00
20201014,64.19,64.20,63.41,64.10,500396.0,4060079462.00
20201015,64.12,65.27,64.04,64.12,555022.0,4555169176.00
20201016,64.43,65.29,64.19,64.59,607033.0,4992393588.00
20201019,65.12,66.46,64.44,64.47,917424.0,7642713658.00
20201020,64.39,64.59,63.89,63.98,413186.0,3363220838.00
20201021,64.39,65.05,64.01,64.90,492492.0,4040506423.00
20201022,65.00,65.28,63.23,64.67,466971.0,3811833387.00
20201023,64.68,66.82,64.68,65.77,938809.0,7885042870.00
20201026,65.85,66.46,63.94,64.75,596325.0,4915201799.00
20201027,64.42,64.75,63.80,63.86,559257.0,4554557429.00
20201028,63.41,63.85,62.27,62.68,769797.0,6137912536.00
20201029,61.50,62.93,61.45,61.96,727554.0,5723421439.00
20201030,61.95,62.58,61.15,61.30,764599.0,5985865621.00
20201102,61.83,62.08,60.66,60.83,638720.0,4955636567.00
20201103,61.26,62.49,60.97,62.35,615433.0,4838929215.00
20201104,62.05,62.90,61.91,62.62,434671.0,3448542092.00
20201105,63.29,64.34,63.17,63.75,537095.0,4346336859.00
20201106,63.88,64.39,63.42,64.04,510389.0,4140944231.00
20201109,64.98,65.77,64.82,65.36,809965.0,6726290348.00
20201110,66.35,66.75,65.42,65.53,789003.0,6624999077.00
20201111,65.53,66.19,65.10,65.79,542825.0,4534083953.00
20201112,65.97,66.53,64.43,64.80,490544.0,4048788618.00
20201113,63.86,64.35,62.72,63.28,707942.0,5675497104.00
20201116,63.56,65.58,63.56,65.45,701434.0,5775792599.00
20201117,65.45,66.73,65.38,66.19,825064.0,6945950433.00
20201118,66.48,67.88,66.42,67.24,969658.0,8293242272.00
20201119,67.11,67.54,66.57,67.28,549005.0,4675267717.00
20201120,67.19,67.20,66.09,66.59,452986.0,3824038757.00
20201123,66.95,68.09,66.68,67.91,783776.0,6717179289.00
20201124,67.98,68.52,66.71,66.95,499930.0,4284342941.00
20201125,67.73,69.75,67.72,68.72,1223689.0,10732748795.00
20201126,68.53,70.41,68.25,70.22,909240.0,8027343289.00
20201127,70.50,71.09,69.72,70.97,747955.0,6694377072.00
20201130,71.68,74.53,70.91,70.91,1539196.0,14316071594.00
20201201,71.44,73.55,70.61,73.55,854206.0,7840114574.00
20201202,73.55,73.92,72.54,73.13,650688.0,6049580162.00
20201203,73.09,73.59,71.84,72.36,509917.0,4689461117.00
20201204,72.50,72.88,71.04,72.61,489295.0,4464927572.00
20201207,73.08,73.24,70.12,71.19,627788.0,5675145575.00
20201208,70.89,71.48,69.16,69.35,863340.0,7655879134.00
20201209,69.71,70.48,69.15,69.21,525005.0,4650557072.00
20201210,69.31,69.86,68.64,69.06,405753.0,3569375604.00
20201211,69.71,70.02,67.31,67.82,714942.0,6185908147.00
20201214,68.25,69.44,68.13,69.07,583862.0,5104281273.00
20201215,68.52,68.52,67.24,67.98,633104.0,5440988906.00
20201216,68.21,68.90,67.70,68.40,470705.0,4082011353.00
20201217,68.50,70.15,68.16,70.09,685463.0,6030510871.00
20201218,69.94,70.30,68.62,69.15,499816.0,4395183091.00
20201221,68.53,69.12,67.75,68.57,599733.0,5206712773.00
20201222,68.56,68.56,65.97,66.28,985960.0,8391031072.00
20201223,66.34,67.26,65.98,66.83,550371.0,4650859410.00
20201224,67.19,67.23,65.92,66.32,524791.0,4424690022.00
20201225,65.85,65.85,64.48,65.53,691408.0,5712810724.00
20201228,65.73,67.10,65.26,66.65,635199.0,5351448827.00
20201229,66.91,67.80,66.71,67.35,519316.0,4440460410.00
20201230,67.11,67.64,66.31,67.64,565707.0,4803060806.00
20201231,67.42,69.06,67.42,68.51,795809.0,6906071809.00
20210104,68.46,68.49,66.24,67.09,1036431.0,8814286886.00
20210105,66.56,66.56,65.26,66.38,1054786.0,8795809652.00
20210106,66.39,67.53,65.81,67.53,937598.0,7950362263.00
20210107,67.64,68.34,66.40,67.94,1069687.0,9137580589.00
20210108,67.91,68.73,67.12,67.82,1169368.0,10069057405.00
20210111,67.90,68.21,66.16,66.19,1098602.0,9329271307.00
20210112,66.07,69.17,65.64,69.17,1467556.0,12534640504.00
20210113,69.94,70.32,68.39,68.95,1390943.0,12223230669.00
20210114,69.63,69.72,66.86,67.16,1379274.0,11920236040.00
20210115,67.69,69.83,67.16,68.45,1587085.0,13814609040.00
20210118,68.53,69.04,67.19,68.68,1162420.0,10058906404.00
20210119,68.98,69.43,67.77,68.37,1103328.0,9590457420.00
20210120,68.62,68.79,66.88,67.11,1319776.0,11316059444.00
20210121,67.24,67.27,66.01,66.51,1393055.0,11761468222.00
20210122,66.95,67.07,65.79,66.01,1162752.0,9781081769.00
20210125,65.93,66.86,65.05,66.86,1279801.0,10711676899.00
20210126,66.56,66.86,65.28,65.38,1051397.0,8787960590.00
20210127,65.36,66.09,65.05,65.41,682738.0,5679886869.00
20210128,64.75,65.05,63.53,63.74,1061087.0,8642469570.00
20210129,63.72,64.15,61.83,62.29,1269800.0,10098743883.00
20210201,62.30,62.81,61.73,62.44,724901.0,5729483192.00
20210202,62.45,62.58,61.40,61.58,988364.0,7742175159.00
20210203,61.23,61.23,59.31,60.29,1343843.0,10255482626.00
20210204,61.44,63.27,61.20,62.71,1416548.0,11200715086.00
20210205,63.01,63.23,61.92,62.79,845572.0,6724535240.00
20210208,62.80,63.35,61.66,61.89,796547.0,6286929303.00
20210209,61.88,61.88,60.49,61.54,914122.0,7082935953.00
20210210,61.36,62.86,61.04,62.42,919687.0,7280622422.00
20210218,64.19,65.27,63.71,64.89,1466782.0,12007277012.00
20210219,64.59,66.60,64.34,66.32,1240618.0,10401612526.00
20210222,66.36,67.18,65.05,65.38,1130341.0,9477375165.00
20210223,65.00,67.10,64.98,66.42,1016600.0,8580570535.00
20210224,65.77,67.55,64.98,65.99,1173555.0,9899984125.00
20210225,66.57,69.54,65.65,68.64,1897490.0,16396558900.00
20210226,67.58,68.63,67.09,67.09,1180455.0,10161431934.00
20210301,67.74,68.04,66.04,66.83,823008.0,6965448429.00
20210302,66.83,66.91,65.06,65.56,852274.0,7125570282.00
20210303,65.14,68.48,65.08,68.33,1166971.0,10011295959.00
20210304,67.74,68.88,67.58,67.98,949746.0,8227101595.00
20210305,67.34,67.97,65.64,66.56,814176.0,6869464666.00
20210308,67.11,69.14,66.75,66.91,1050357.0,9048690307.00
20210309,67.35,67.94,66.01,66.20,982175.0,8338463778.00
20210310,66.65,66.66,65.47,65.60,648001.0,5431067986.00
20210311,66.09,68.02,66.01,68.02,912521.0,7777368999.00
20210312,68.14,68.21,67.05,67.38,646812.0,5539349037.00
20210315,67.24,67.35,66.33,67.04,545513.0,4629849997.00
20210316,67.19,67.42,66.49,67.27,543540.0,4624281660.00
20210317,66.95,66.95,64.91,65.01,1064785.0,8863828593.00
20210318,64.82,65.20,63.86,64.13,803121.0,6548492031.00
20210319,63.96,64.04,62.63,62.73,961024.0,7701437284.00
20210322,63.01,63.23,62.64,62.87,542731.0,4336966849.00
20210323,62.93,63.49,62.32,63.05,511169.0,4079350323.00
20210324,63.01,63.25,62.00,62.23,633158.0,5017219139.00
20210325,62.41,62.75,62.22,62.38,436506.0,3463493422.00
20210326,62.68,63.25,62.67,63.02,453485.0,3630749606.00
20210329,63.01,63.09,62.07,62.33,632345.0,5001522654.00
20210330,62.38,62.52,61.91,62.52,511060.0,4035933798.00
20210331,62.62,62.66,61.89,61.99,483585.0,3810104160.00
20210401,62.07,62.45,62.03,62.38,360713.0,2849514882.00
20210402,62.38,62.38,61.89,62.13,469319.0,3694882980.00
20210406,62.16,62.58,61.98,62.25,351736.0,2778107894.00
20210407,62.52,62.52,61.58,61.79,475012.0,3729878594.00
20210408,61.78,62.22,61.45,61.93,374048.0,2937859212.00
20210409,61.92,61.93,60.63,60.78,688011.0,5322377558.00
20210412,60.77,61.04,60.35,60.78,453366.0,3488299461.00
20210413,61.02,61.30,60.02,60.30,552503.0,4254139272.00
20210414,60.64,61.03,60.49,60.77,380790.0,2936032854.00
20210415,59.98,60.18,59.22,59.71,793582.0,6004162228.00
20210416,59.70,59.77,59.07,59.63,551743.0,4158750980.00
20210419,59.43,60.01,59.07,60.00,653676.0,4949470614.00
20210420,59.90,59.98,59.45,59.86,492485.0,3730599990.00
20210421,59.56,59.75,59.30,59.56,417549.0,3156222890.00
20210422,60.11,60.13,59.37,59.68,560654.0,4167214250.00
20210423,59.68,60.65,59.29,59.60,867845.0,6466806593.00
20210426,59.40,59.41,58.39,58.50,1061930.0,7769915592.00
20210427,58.36,58.95,57.81,58.80,759693.0,5520922253.00
20210428,58.58,58.67,58.09,58.43,570627.0,4147666503.00
20210429,58.43,59.35,58.23,59.24,544416.0,4003254828.00
20210430,59.37,59.37,58.07,58.18,524630.0,3825446895.00
20210506,57.14,57.62,56.47,56.60,920095.0,6525763344.00
20210507,56.78,57.05,56.19,56.26,561462.0,3961363206.00
20210510,56.32,56.57,55.78,56.20,524570.0,3669862807.00
20210511,56.06,56.60,55.67,56.40,509532.0,3559079175.00
20210512,56.18,56.59,55.90,56.12,409957.0,2870375901.00
20210513,55.77,56.04,55.28,55.49,506448.0,3506048010.00
20210514,55.70,57.12,55.41,57.12,818772.0,5771742191.00
20210517,56.50,56.83,56.18,56.47,633004.0,4455919019.00
20210518,56.72,57.29,56.54,56.90,418073.0,2965118195.00
20210519,56.74,56.74,56.09,56.15,465850.0,3262720507.00
20210520,56.18,56.95,55.87,56.75,422472.0,2973914638.00
20210521,56.98,57.28,56.18,56.22,413836.0,2914326900.00
20210524,56.18,56.47,55.90,56.13,350922.0,2457923779.00
20210525,56.25,58.38,55.94,58.15,1213832.0,8699286544.00
20210526,58.66,58.78,57.93,58.09,712396.0,5172565987.00
20210527,58.07,58.69,57.62,58.50,581008.0,4208094449.00
20210528,58.42,58.99,58.18,58.56,510113.0,3719019608.00
20210531,58.30,58.42,57.36,57.62,624834.0,4481120144.00
20210601,57.53,57.53,56.90,57.08,593727.0,4219115466.00
20210602,57.28,57.29,56.43,56.87,481098.0,3404859400.00
20210603,56.90,57.38,56.58,56.72,409516.0,2905789644.00
20210604,56.50,57.44,56.45,56.86,514868.0,3647302264.00
20210607,56.66,56.72,56.22,56.40,386739.0,2716404172.00
20210608,56.39,56.92,56.14,56.51,407017.0,2862378172.00
20210609,56.42,56.94,56.34,56.42,401958.0,2835797953.00
20210610,56.39,56.81,56.18,56.18,524611.0,3686772007.00
20210611,56.18,56.32,55.58,55.70,630324.0,4392612851.00
20210615,55.38,55.42,53.73,53.83,1077557.0,7263765616.00
20210616,53.78,54.37,53.62,53.77,527270.0,3540192780.00
20210617,53.78,53.92,52.98,53.17,548040.0,3649035812.00
20210618,52.97,52.97,52.16,52.24,857072.0,5593424920.00
20210621,51.75,51.88,51.17,51.49,810854.0,5198754494.00
20210622,51.76,52.40,51.50,51.95,620127.0,4014245115.00
20210623,51.96,52.94,51.95,52.82,586873.0,3847510814.00
20210624,52.84,53.27,52.55,52.93,417900.0,2758134577.00
20210625,52.99,53.59,52.73,53.51,535654.0,3555544932.00
20210628,53.51,53.52,52.32,52.65,510134.0,3342960298.00
20210629,52.44,52.48,51.60,51.67,549668.0,3554647982.00
20210630,51.52,51.96,51.20,51.59,476369.0,3053959406.00
20210701,51.57,52.30,51.02,51.97,692617.0,4449223158.00
20210702,51.39,51.42,49.84,50.00,1028082.0,6464701802.00
20210705,49.75,49.98,49.06,49.68,750647.0,4629283875.00
20210706,50.09,50.67,49.64,50.48,685813.0,4296674949.00
20210707,50.31,50.89,49.83,50.05,523168.0,3272128188.00
20210708,50.05,50.05,48.57,48.78,837559.0,5109707958.00
20210709,48.54,49.07,48.00,48.22,707616.0,4267722638.00
20210712,48.40,48.54,47.61,47.67,818989.0,4899580737.00
20210713,47.67,48.06,47.39,47.91,513337.0,3058865430.00
20210714,47.87,47.87,46.37,46.47,1065618.0,6199867459.00
20210715,46.78,48.30,46.54,48.14,1085886.0,6439233470.00
20210716,47.90,48.38,47.25,47.91,578204.0,3441570857.00
20210719,48.06,48.06,46.59,47.63,666501.0,3912636302.00
20210720,47.18,47.51,46.65,46.92,449310.0,2629530314.00
20210721,46.67,47.22,46.47,46.61,587044.0,3414125948.00
20210722,46.43,47.40,46.15,46.98,636614.0,3727361014.00
20210723,46.95,47.16,46.24,46.26,593255.0,3438617482.00
20210726,45.82,45.82,43.60,43.74,1174865.0,6496203840.00
20210727,43.74,43.88,42.02,42.27,939011.0,5031582117.00
20210728,42.29,43.01,42.14,42.62,838366.0,4457853455.00
20210729,43.06,43.08,42.33,42.73,768004.0,4078215601.00
20210730,42.64,43.46,42.21,43.07,650888.0,3480202767.00
20210802,42.93,44.12,42.12,43.34,971611.0,5244071666.00
20210803,43.24,43.67,43.00,43.53,658203.0,3558132760.00
20210804,43.58,43.58,42.80,43.02,646660.0,3470521726.00
20210805,42.94,44.54,42.81,43.50,843221.0,4596909874.00
20210806,42.89,43.21,42.57,43.07,502411.0,2685679365.00
20210809,42.69,44.83,42.61,44.24,918821.0,5048464776.00
20210810,44.02,44.85,43.48,44.72,763656.0,4201861227.00
20210811,44.72,45.58,44.49,44.78,822020.0,4613172523.00
20210812,44.72,44.85,43.85,43.93,573070.0,3157627499.00
20210813,43.56,44.11,43.34,43.58,484718.0,2633761394.00
20210816,43.34,44.38,43.26,44.08,460096.0,2522890290.00
20210817,43.89,44.70,43.48,43.50,690262.0,3790616959.00
20210818,43.35,45.03,43.15,44.97,963666.0,5322900808.00
20210819,44.61,44.75,43.06,43.10,1148606.0,6231137141.00
20210820,42.62,43.06,42.38,42.54,675607.0,3585422086.00
20210823,42.54,42.90,42.21,42.29,594912.0,3146935844.00
20210824,41.97,42.33,41.24,41.57,946597.0,4915208405.00
20210825,41.67,41.91,41.30,41.39,610596.0,3156821227.00
20210826,41.33,41.33,40.36,40.37,886814.0,4490652617.00
20210827,40.97,42.00,40.96,41.73,1017819.0,5267788080.00
20210830,41.73,41.73,40.41,40.70,959487.0,4877480461.00
20210831,40.29,40.50,39.23,40.05,1586783.0,7870703426.00
20210901,39.95,41.77,39.81,41.32,1631600.0,8348618929.00
20210902,40.94,41.52,40.66,41.37,878586.0,4502512756.00
20210903,41.38,42.14,40.69,41.50,902603.0,4667297729.00
20210906,41.48,41.85,41.07,41.39,883020.0,4554856269.00
20210907,41.43,42.16,40.99,42.00,947374.0,4916249826.00
20210908,41.73,42.24,41.47,41.69,843992.0,4395561676.00
20210909,41.25,41.51,40.94,41.43,734908.0,3776998808.00
20210910,41.21,42.13,41.15,41.50,845491.0,4382584447.00
20210913,41.31,41.40,40.98,41.02,669800.0,3430907757.00
20210914,41.28,41.39,39.97,40.01,1082662.0,5452993893.00
20210915,39.72,40.03,39.56,39.70,645423.0,3197409970.00
20210916,39.58,40.11,39.49,39.73,591156.0,2930501965.00
20210917,39.64,39.95,38.70,39.07,927214.0,4523289513.00
20210922,38.12,38.59,37.96,38.34,723930.0,3447060474.00
20210923,38.92,39.60,38.53,38.70,758045.0,3676425703.00
20210924,38.71,39.23,38.44,38.59,843584.0,4074494917.00
20210927,38.44,39.52,38.38,39.32,990081.0,4812486506.00
20210928,39.32,39.83,38.94,39.53,779507.0,3832059452.00
20210929,39.14,39.76,38.94,39.48,631295.0,3095105432.00
20210930,39.56,39.56,38.71,38.81,680070.0,3300543922.00
20211008,40.53,41.81,40.21,41.81,2180028.0,11199501310.00
20211011,41.81,42.85,41.68,42.33,1504500.0,7944560509.00
20211012,41.77,42.57,41.47,41.94,944656.0,4939402090.00
20211013,41.81,41.88,40.85,41.53,649889.0,3345977425.00
20211014,41.49,41.73,41.09,41.26,427006.0,2198216042.00
20211015,41.03,41.39,40.62,40.83,733017.0,3738306563.00
20211018,40.99,41.12,39.87,40.01,771971.0,3862682042.00
20211019,40.01,41.61,39.89,41.29,847527.0,4332898990.00
20211020,41.49,41.76,40.76,41.23,668239.0,3429513908.00
20211021,41.37,44.04,41.34,43.56,2110058.0,11318517616.00
20211022,43.88,44.02,43.02,43.57,1026330.0,5559123303.00
20211025,43.40,43.54,42.79,43.41,754447.0,3999143838.00
20211026,43.41,44.03,42.50,42.56,748825.0,3939605236.00
20211027,42.39,42.95,42.04,42.13,589052.0,3060201712.00
20211028,41.38,41.94,40.83,41.85,850619.0,4309021232.00
20211029,41.46,41.79,40.17,40.44,1466627.0,7317467292.00
20211101,39.97,41.15,39.77,40.89,628761.0,3132879985.00
20211102,40.96,41.33,40.15,40.80,782725.0,3909158859.00
20211103,40.79,41.40,40.66,40.83,476763.0,2394903861.00
20211104,40.71,40.90,40.40,40.54,532053.0,2651047242.00
20211105,40.54,41.06,40.45,40.73,416655.0,2082833763.00
20211108,40.70,41.36,40.27,41.11,531724.0,2672600378.00
20211109,41.18,41.46,40.46,40.53,640511.0,3197023017.00
20211110,40.38,40.43,39.42,40.08,816049.0,3984320340.00
20211111,40.06,41.73,39.97,41.73,1110858.0,5599660442.00
20211112,41.71,41.71,40.91,41.28,585959.0,2959880934.00
20211115,41.48,41.77,40.97,41.28,442091.0,2234792750.00
20211116,41.28,41.55,40.79,41.08,477438.0,2408299422.00
20211117,40.78,41.22,40.69,40.83,351532.0,1761772274.00
20211118,40.71,40.71,40.39,40.39,423325.0,2100629356.00
20211119,40.30,40.88,40.18,40.75,428290.0,2129834609.00
20211122,40.66,40.74,40.42,40.55,340051.0,1689972482.00
20211123,40.53,40.93,40.37,40.48,402241.0,1998608178.00
20211124,40.48,40.79,40.26,40.58,361961.0,1797538855.00
20211125,40.59,40.59,40.27,40.30,407411.0,2015604610.00
20211126,40.17,40.18,39.73,39.74,589023.0,2877589397.00
20211129,39.56,39.85,39.42,39.69,404273.0,1962257345.00
20211130,39.57,39.83,39.29,39.34,466947.0,2261836625.00
20211201,39.38,39.96,39.38,39.87,422137.0,2056563216.00
20211202,39.65,40.09,39.50,39.87,383301.0,1872134787.00
20211203,39.96,40.18,39.55,39.96,427489.0,2084975989.00
20211206,40.05,40.58,40.05,40.09,610369.0,3015007470.00
20211207,40.38,41.20,40.14,41.11,1011502.0,5055319580.00
20211208,41.11,41.11,40.71,41.06,653544.0,3276622573.00
20211209,41.08,42.28,40.89,41.86,1249296.0,6402621864.00
20211210,41.60,42.00,41.52,41.78,737707.0,3780503005.00
20211213,42.14,42.83,41.70,41.73,918581.0,4747262450.00
20211214,41.52,41.89,41.36,41.48,587334.0,2990682219.00
20211215,41.43,41.67,41.22,41.36,363833.0,1846757807.00
20211216,41.43,41.84,41.20,41.77,514366.0,2622388752.00
20211217,41.62,41.93,41.10,41.23,539670.0,2741367544.00
20211220,40.98,41.48,40.95,41.02,428442.0,2164397414.00
20211221,41.02,41.72,41.02,41.47,393979.0,2004481927.00
20211222,41.55,41.60,40.89,40.93,425405.0,2143777014.00
20211223,40.94,41.11,40.58,40.97,404979.0,2027860561.00
20211224,40.94,40.95,40.56,40.64,312935.0,1560671249.00
20211227,40.75,40.95,40.68,40.77,274701.0,1373481524.00
20211228,41.03,41.71,40.87,41.50,617359.0,3137430544.00
20211229,41.68,41.73,41.21,41.45,376469.0,1913669685.00
20211230,41.52,41.59,41.12,41.12,427880.0,2167180060.00
20211231,41.14,41.48,40.91,41.12,358000.0,1805071299.00
20220104,41.11,41.65,40.87,41.60,635838.0,3221366643.00
20220105,41.69,42.74,41.58,42.48,1181247.0,6124173628.00
20220106,42.41,42.44,41.78,41.85,661658.0,3408947588.00
20220107,42.00,43.50,41.97,43.19,1230760.0,6481039300.00
20220110,43.23,43.69,42.83,43.30,761134.0,4033301415.00
20220111,43.37,43.84,42.86,43.12,680920.0,3612879174.00
20220112,42.91,43.08,42.30,42.83,572923.0,2998981427.00
20220113,42.87,43.79,42.66,42.66,728663.0,3862897678.00
20220114,42.70,42.83,41.65,41.68,779397.0,4014279656.00
20220117,41.69,41.95,41.40,41.55,460567.0,2348769409.00
20220118,41.55,42.08,41.28,41.79,636980.0,3252038698.00
20220119,41.85,42.29,41.69,41.97,483316.0,2488231273.00
20220120,42.01,43.66,41.97,43.56,1448359.0,7661793651.00
20220121,43.64,43.89,43.23,43.68,1041895.0,5564930631.00
20220124,43.67,43.67,42.85,43.34,542641.0,2873364829.00
20220125,42.91,43.15,41.68,41.77,776662.0,4032087602.00
20220126,42.16,42.57,41.78,42.28,483275.0,2502203700.00
20220127,42.01,42.01,41.42,41.43,586502.0,2992952669.00
20220128,41.62,41.89,40.62,40.76,729355.0,3688023391.00
20220207,41.88,42.80,41.36,42.40,940417.0,4858781710.00
20220208,42.22,43.26,42.19,43.23,866116.0,4567112317.00
20220209,43.43,44.05,43.14,43.27,880435.0,4695366257.00
20220210,43.38,44.20,43.07,44.20,962787.0,5186085981.00
20220211,44.34,45.87,44.12,45.35,1583777.0,8759711015.00
20220214,44.87,45.11,43.79,43.97,944654.0,5121073205.00
20220215,43.68,43.97,43.16,43.46,635406.0,3385015077.00
20220216,43.64,44.20,43.46,43.92,523210.0,2818960513.00
20220217,44.13,44.56,43.53,43.76,504904.0,2723626777.00
20220218,43.72,44.54,43.59,44.46,484226.0,2621179790.00
20220221,44.13,44.25,43.65,44.18,387928.0,2089115306.00
20220222,43.66,43.72,43.00,43.29,577499.0,3064280601.00
20220223,43.32,43.48,42.98,43.14,463602.0,2449763789.00
20220224,42.54,42.62,41.68,41.98,975396.0,5039207433.00
20220225,42.17,42.47,41.77,41.93,544416.0,2808109115.00
20220228,41.68,41.68,40.99,41.41,731883.0,3707888597.00
20220301,41.61,41.93,41.25,41.92,568036.0,2895181120.00
20220302,41.52,41.79,41.36,41.41,436923.0,2222138928.00
20220303,41.44,41.76,41.36,41.54,352676.0,1795901327.00
20220304,41.17,41.18,40.75,40.87,700865.0,3510136279.00
20220307,40.48,40.48,39.69,39.87,784597.0,3847577920.00
20220308,39.74,40.02,38.58,38.72,834403.0,4021028004.00
20220309,38.84,39.10,37.12,38.27,825545.0,3878723586.00
20220310,39.11,39.19,38.23,38.27,587753.0,2783372910.00
20220311,37.52,38.67,37.28,38.45,667078.0,3085709544.00
20220314,37.52,37.99,37.34,37.37,592578.0,2734567243.00
20220315,36.75,36.87,34.71,34.79,1269379.0,5571772301.00
20220316,35.31,36.42,34.53,36.13,1009694.0,4391918356.00
20220317,37.12,37.69,36.50,37.12,1095722.0,4982734512.00
20220318,36.75,39.47,36.64,39.10,1552323.0,7308943910.00
20220321,38.97,38.97,38.04,38.37,949519.0,4472952775.00
20220322,37.93,39.04,37.89,38.99,742112.0,3516558054.00
20220323,38.80,39.29,38.46,39.07,577029.0,2748027970.00
20220324,38.77,39.74,38.67,39.36,610757.0,2943276289.00
20220325,39.16,39.80,38.81,38.85,559938.0,2696644333.00
20220328,38.67,39.25,38.28,39.03,393686.0,1872940911.00
20220329,39.11,39.32,38.46,38.51,322357.0,1532063820.00
20220330,38.79,39.83,38.71,39.73,575427.0,2776948845.00
20220331,39.48,40.18,39.40,39.52,423498.0,2063589520.00
20220401,39.40,40.06,39.25,39.94,473677.0,2307234644.00
20220406,40.01,40.72,39.97,40.41,640053.0,3166678384.00
20220407,40.13,40.40,39.39,39.55,501130.0,2447803110.00
20220408,39.44,40.18,39.44,40.17,434732.0,2124961295.00
20220411,39.90,39.96,38.76,38.85,506405.0,2433396186.00
20220412,39.04,39.87,38.73,39.54,467396.0,2251825857.00
20220413,39.36,39.47,38.89,39.01,317751.0,1524357801.00
20220414,39.46,39.58,39.07,39.31,358849.0,1731655003.00
20220415,39.16,39.76,39.07,39.40,314115.0,1520937851.00
20220418,39.15,39.15,38.20,38.34,405375.0,1912485738.00
20220419,38.38,38.56,37.63,37.88,369543.0,1723558436.00
20220420,38.05,38.17,37.39,37.45,380610.0,1755500125.00
20220421,37.43,38.49,37.37,37.70,549044.0,2554919426.00
20220422,37.53,38.32,37.45,37.90,397326.0,1851934816.00
20220425,36.71,37.67,36.46,36.59,673920.0,3063041722.00
20220426,36.58,36.86,35.49,35.56,638924.0,2826379495.00
20220427,35.41,36.06,35.22,35.82,531084.0,2325674730.00
20220428,35.72,35.82,35.21,35.62,525999.0,2288623796.00
20220429,35.73,36.81,35.57,36.35,516386.0,2285939804.00
20220505,36.54,37.18,36.50,36.72,428782.0,1935547320.00
20220506,36.26,36.69,35.89,35.94,372315.0,1649081440.00
20220509,35.96,36.23,35.79,36.18,256120.0,1131162026.00
20220510,35.77,36.45,35.65,36.28,404693.0,1788324114.00
20220511,36.25,36.72,36.06,36.49,607285.0,2710550320.00
20220512,36.18,36.37,35.77,35.89,427738.0,1889495299.00
20220513,36.04,36.30,35.56,35.86,412335.0,1813781044.00
20220516,36.02,36.06,35.22,35.37,468863.0,2039402751.00
20220517,35.48,35.79,35.30,35.75,401373.0,1750419696.00
20220518,35.88,35.97,35.37,35.59,352342.0,1534485032.00
20220519,35.16,35.44,35.10,35.31,282816.0,1221097064.00
20220520,35.40,36.19,35.40,36.15,549751.0,2416391969.00
20220523,36.02,36.11,35.64,35.80,359098.0,1576944733.00
20220524,35.73,35.98,35.17,35.19,393424.0,1713116640.00
20220525,35.10,35.48,35.09,35.26,263749.0,1140221233.00
20220526,35.33,35.53,35.04,35.20,400992.0,1731580781.00
20220527,35.41,35.77,35.40,35.51,387901.0,1691969135.00
20220530,35.84,36.19,35.66,36.02,522175.0,2305387120.00
20220531,36.08,36.53,35.89,36.06,540653.0,2405912876.00
20220601,36.10,36.34,35.82,36.03,328521.0,1451299033.00
20220602,35.73,35.92,35.53,35.89,340829.0,1492824853.00
20220606,35.88,36.11,35.35,36.10,543267.0,2379234043.00
20220607,36.10,36.20,35.85,36.02,431575.0,1905453944.00
20220608,36.10,36.47,35.94,36.37,529562.0,2348846221.00
20220609,36.46,36.73,36.28,36.40,532430.0,2381813809.00
20220610,36.18,36.71,35.96,36.66,565320.0,2516496823.00
20220613,36.30,36.38,35.91,36.01,537121.0,2376099098.00
20220614,35.81,36.91,35.73,36.89,628958.0,2792817386.00
20220615,36.71,39.61,36.64,38.87,1985892.0,9379923906.00
20220616,38.65,38.75,37.93,37.93,844931.0,3962136639.00
20220617,37.83,38.55,37.73,38.36,566704.0,2653020563.00
20220620,38.52,38.63,37.96,38.22,570615.0,2589929721.00
20220621,38.49,39.42,38.30,38.87,684569.0,3156745209.00
20220622,38.93,39.03,38.25,38.25,436907.0,2001539980.00
20220623,38.45,39.18,38.45,38.97,494265.0,2279310521.00
20220624,39.12,39.48,38.95,39.40,536724.0,2498586725.00
20220627,39.48,39.69,39.18,39.43,449858.0,2106674711.00
20220628,39.45,39.76,39.06,39.52,351707.0,1642425117.00
20220629,39.51,39.97,39.25,39.43,412772.0,1939726830.00
20220630,39.43,39.77,39.15,39.34,391853.0,1837626219.00
20220701,39.35,39.59,38.86,39.02,357568.0,1657492966.00
20220704,38.93,39.18,38.59,39.15,407130.0,1877564069.00
20220705,39.16,40.07,39.08,39.27,452569.0,2123843409.00
20220706,39.28,39.29,38.55,38.63,389561.0,1790455442.00
20220707,38.47,38.88,38.41,38.42,293722.0,1344724700.00
20220708,38.68,39.08,38.49,38.61,292283.0,1342052754.00
20220711,38.43,38.57,38.10,38.24,281135.0,1278575006.00
20220712,38.24,38.54,38.02,38.35,254055.0,1155657117.00
20220713,38.27,38.45,37.92,37.99,296588.0,1343407216.00
20220714,37.83,37.95,36.59,36.74,903044.0,3963303835.00
20220715,36.75,37.15,35.98,35.99,694042.0,3006689109.00
20220718,36.02,36.81,36.00,36.61,355244.0,1539005271.00
20220719,36.59,36.88,36.15,36.57,356106.0,1540543119.00
20220720,36.89,36.93,36.54,36.57,249566.0,1086228779.00
20220721,36.43,36.44,35.94,36.01,405568.0,1740841568.00
20220722,36.06,36.54,36.05,36.27,294356.0,1268468017.00
20220725,36.23,36.33,36.00,36.17,225135.0,965101817.00
20220726,36.19,36.48,36.17,36.40,228474.0,986279479.00
20220727,36.28,36.38,35.98,36.06,296399.0,1269990091.00
20220728,36.15,36.44,35.99,36.00,348750.0,1497610795.00
20220729,36.06,36.36,35.47,35.49,460704.0,1954616265.00
20220801,35.48,35.49,35.18,35.26,306551.0,1283322797.00
20220802,34.99,35.01,34.15,34.69,604008.0,2476611786.00
20220803,34.67,34.88,34.33,34.40,407852.0,1673612768.00
20220804,34.65,34.80,34.46,34.61,251163.0,1032245453.00
20220805,34.79,35.12,34.53,35.00,296710.0,1224704136.00
20220808,34.80,35.00,34.55,34.70,301594.0,1242870500.00
20220809,34.69,34.72,34.48,34.51,251397.0,1031147757.00
20220810,34.51,34.61,34.01,34.04,460089.0,1866972936.00
20220811,34.20,35.12,34.06,34.93,610701.0,2510973870.00
20220812,34.77,35.19,34.67,35.06,359933.0,1493312067.00
20220815,34.91,35.19,34.66,34.67,332769.0,1373975117.00
20220816,34.83,34.94,34.46,34.54,277390.0,1140974334.00
20220817,34.59,34.95,34.31,34.79,375722.0,1546602944.00
20220818,34.67,34.70,34.35,34.39,294080.0,1202109471.00
20220819,34.29,34.77,34.23,34.52,324629.0,1333438492.00
20220822,34.42,34.88,34.38,34.67,339719.0,1399254504.00
20220823,34.56,34.67,34.28,34.31,331480.0,1352611308.00
20220824,34.84,35.76,34.84,35.06,1157330.0,4847936958.00
20220825,35.26,36.43,35.12,36.32,1105726.0,4693638177.00
20220826,36.33,36.50,35.83,36.33,726726.0,3125914707.00
20220829,36.06,36.42,35.80,36.29,449893.0,1928428299.00
20220830,36.22,36.48,35.82,36.14,388929.0,1667749812.00
20220831,35.99,37.30,35.95,36.94,842238.0,3683929175.00
20220901,36.74,37.18,36.58,36.78,455213.0,1994635784.00
20220902,36.98,37.31,36.45,36.82,449145.0,1962968879.00
20220905,36.65,36.99,36.25,36.91,417491.0,1817090269.00
20220906,36.99,37.45,36.67,36.99,449772.0,1978062625.00
20220907,36.74,36.92,36.37,36.74,376411.0,1635174365.00
20220908,36.94,37.29,36.79,36.94,321298.0,1412332844.00
20220909,37.07,37.73,36.95,37.66,577867.0,2574448406.00
20220913,37.65,38.23,37.37,37.97,529663.0,2382977236.00
20220914,37.52,38.07,37.50,37.62,355084.0,1588553121.00
20220915,37.64,38.42,37.63,37.99,594442.0,2686935859.00
20220916,37.77,37.89,36.97,37.02,624920.0,2762703828.00
20220919,37.01,37.48,36.70,37.02,405383.0,1781779181.00
20220920,37.20,37.24,36.33,36.43,357650.0,1553335669.00
20220921,36.32,36.62,36.15,36.36,303537.0,1310421741.00
20220922,35.90,36.09,35.74,35.79,376230.0,1602976216.00
20220923,35.74,36.60,35.74,36.25,375326.0,1617285955.00
20220926,36.01,36.50,35.74,35.80,307124.0,1314360555.00
20220927,35.75,36.01,35.62,35.76,312291.0,1325580710.00
20220928,35.56,35.81,35.26,35.30,422044.0,1776629021.00
20220929,35.58,35.68,34.67,34.82,426558.0,1779041936.00
20220930,34.84,35.37,34.84,35.04,331619.0,1383518533.00
20221010,35.04,35.54,34.87,34.91,413876.0,1727384870.00
20221011,35.11,35.28,34.65,34.72,269317.0,1114241528.00
20221012,34.72,35.39,34.38,35.32,362473.0,1501647670.00
20221013,35.22,35.31,34.72,34.85,383846.0,1588577623.00
20221014,35.18,35.67,35.07,35.34,434417.0,1827652559.00
20221017,35.15,35.52,35.02,35.47,341425.0,1430847500.00
20221018,35.73,35.76,35.11,35.18,416357.0,1742913095.00
20221019,35.10,35.37,34.77,34.77,364361.0,1509504643.00
20221020,34.82,34.90,34.39,34.48,450214.0,1807514976.00
20221021,34.56,34.69,34.04,34.17,457377.0,1824460317.00
20221024,34.18,34.41,32.41,32.49,951252.0,3662221955.00
20221025,32.39,33.08,32.03,32.51,553549.0,2086575117.00
20221026,32.35,32.88,32.33,32.47,498395.0,1881859736.00
20221027,32.50,32.83,32.36,32.46,457497.0,1730022256.00
20221028,32.33,32.49,31.66,31.66,507692.0,1886380448.00
20221031,31.36,31.60,30.94,31.16,562034.0,2037108321.00
20221101,31.41,32.30,31.34,32.28,565665.0,2091019366.00
20221102,32.14,32.40,32.00,32.23,450385.0,1680470476.00
20221103,32.04,32.15,31.63,31.83,349335.0,1290754484.00
20221104,31.83,33.31,31.81,33.02,692055.0,2627221798.00
20221107,32.75,33.77,32.68,33.43,574810.0,2221943096.00
20221108,33.43,33.61,33.08,33.34,370483.0,1430329888.00
20221109,33.43,33.52,33.00,33.07,267687.0,1031501782.00
20221110,32.75,33.35,32.56,33.15,323175.0,1236147201.00
20221111,33.99,35.31,33.89,34.76,1046676.0,4184006246.00
20221114,35.90,36.30,35.52,35.85,1216680.0,5070952841.00
20221115,35.75,37.02,35.60,36.62,934424.0,3962244633.00
20221116,36.73,36.90,36.43,36.46,596528.0,2535605302.00
20221117,36.45,36.84,36.15,36.68,503980.0,2132247154.00
20221118,36.78,36.89,36.25,36.33,392464.0,1662329884.00
20221121,35.98,35.98,35.04,35.52,511185.0,2095472926.00
20221122,35.51,36.52,35.34,36.17,471814.0,1972258355.00
20221123,36.21,36.58,35.99,36.00,449620.0,1891828116.00
20221124,36.38,36.52,35.91,36.02,249076.0,1045792695.00
20221125,36.01,37.02,35.98,36.84,597960.0,2548257668.00
20221128,35.88,36.06,35.33,35.69,510315.0,2109183792.00
20221129,36.47,38.70,36.47,38.59,1753205.0,7711820167.00
20221130,38.63,39.79,38.44,38.74,1165016.0,5275015084.00
20221201,39.63,39.89,38.51,38.64,859327.0,3903629718.00
20221202,38.63,38.78,37.92,38.45,607787.0,2706020115.00
20221205,39.26,40.77,39.08,40.75,1380436.0,6429395576.00
20221206,40.75,41.09,40.28,40.89,878273.0,4150406717.00
20221207,40.89,40.92,39.96,40.25,831455.0,3892709694.00
20221208,39.97,40.68,39.90,40.64,448364.0,2105302841.00
20221209,40.57,41.26,40.25,41.02,709579.0,3366745982.00
20221212,40.68,40.75,39.71,39.79,656471.0,3059653871.00
20221213,40.04,40.58,39.90,40.25,423663.0,1979657203.00
20221214,40.57,40.60,39.76,40.41,346973.0,1619354235.00
20221215,40.33,40.58,39.47,40.01,404021.0,1868384991.00
20221216,39.74,40.51,39.70,40.42,421348.0,1968605781.00
20221219,40.42,40.74,39.17,39.45,505896.0,2332626032.00
20221220,39.27,39.54,38.42,38.72,495245.0,2234976305.00
20221221,38.87,39.30,38.73,39.01,297896.0,1349879759.00
20221222,39.64,39.80,39.34,39.54,353462.0,1622741420.00
20221223,39.24,39.65,39.06,39.33,306472.0,1399528670.00
20221226,39.33,39.54,38.49,38.49,403282.0,1814152593.00
20221227,39.02,39.60,38.81,39.28,347793.0,1583385185.00
20221228,39.15,40.03,39.04,39.89,456267.0,2106156213.00
20221229,39.60,39.65,38.88,39.49,469576.0,2138459930.00
20221230,39.64,40.68,39.64,40.51,553005.0,2594030160.00
20230103,40.15,40.73,39.70,40.64,602304.0,2815200404.00
20230104,40.76,41.91,40.76,41.82,869496.0,4183124625.00
20230105,42.40,42.66,41.80,42.17,737048.0,3608715198.00
20230106,42.66,42.95,42.27,42.87,780346.0,3867148878.00
20230109,43.09,43.91,42.83,43.88,881857.0,4446813321.00
20230110,43.87,43.88,42.35,42.41,837949.0,4173814428.00
20230111,42.66,43.95,42.61,43.69,966895.0,4881812304.00
20230112,43.87,44.05,43.46,43.88,600256.0,3057087228.00
20230113,44.13,45.12,44.00,45.12,896257.0,4644412350.00
20230116,45.26,46.09,44.38,44.89,1229794.0,6455990323.00
20230117,44.78,44.88,43.95,44.38,698873.0,3592536756.00
20230118,44.38,44.70,44.09,44.43,419603.0,2162689506.00
20230119,44.30,44.70,44.08,44.65,510461.0,2627239787.00
20230120,44.90,45.02,44.38,44.90,497069.0,2584605516.00
20230130,46.19,46.19,44.37,44.37,857579.0,4495653729.00
20230131,44.61,45.06,43.82,43.94,612418.0,3152658911.00
20230201,44.43,44.60,43.44,44.25,565301.0,2882194846.00
20230202,44.47,44.47,43.44,43.81,636217.0,3228009417.00
20230203,43.52,43.57,42.14,42.75,927310.0,4582149777.00
20230206,42.06,42.11,41.13,41.51,921595.0,4431728036.00
20230207,41.80,42.09,41.54,41.97,444363.0,2159384254.00
20230208,42.01,42.39,41.70,41.80,347190.0,1690893371.00
20230209,41.80,42.70,41.70,42.51,564907.0,2781766992.00
20230210,42.63,42.70,42.24,42.49,309173.0,1523061151.00
20230213,42.39,42.49,41.62,42.45,457973.0,2238401665.00
20230214,42.49,43.01,42.38,43.01,370402.0,1835463536.00
20230215,42.95,43.00,41.98,42.13,461027.0,2259845455.00
20230216,42.30,43.13,42.23,42.40,576891.0,2860716311.00
20230217,42.40,42.95,41.98,42.06,417519.0,2060475453.00
20230220,42.10,43.08,42.01,43.05,664285.0,3282290633.00
20230221,42.97,43.19,42.62,43.10,426660.0,2125602116.00
20230222,42.66,43.06,42.32,42.38,446046.0,2203189302.00
20230223,42.23,42.83,42.07,42.21,385254.0,1892251718.00
20230224,42.13,42.24,41.46,41.54,446548.0,2161452476.00
20230227,41.37,41.70,41.18,41.20,467917.0,2244410611.00
20230228,41.38,41.61,40.95,41.54,380417.0,1823303793.00
20230301,41.39,43.09,41.38,43.08,724323.0,3581072361.00
20230302,43.07,43.49,42.85,43.26,380889.0,1909221050.00
20230303,43.51,43.66,42.96,43.33,284133.0,1427339465.00
20230306,43.09,43.24,41.76,41.87,773237.0,3780641354.00
20230307,41.84,42.40,41.15,41.29,587302.0,2843224086.00
20230308,40.98,41.03,40.50,40.70,527417.0,2488962345.00
20230309,40.83,40.83,40.05,40.20,518325.0,2426875267.00
20230310,39.70,40.20,39.64,39.64,457092.0,2110237422.00
20230313,39.64,40.33,39.57,40.08,399483.0,1851804405.00
20230314,39.83,39.83,39.12,39.18,490733.0,2241541531.00
20230315,39.67,40.21,39.45,39.60,443643.0,2047438825.00
20230316,38.70,39.50,38.57,38.98,789609.0,3568856007.00
20230317,39.48,40.47,39.48,39.82,950191.0,4408443469.00
20230320,39.64,40.14,39.27,39.28,719244.0,3301843809.00
20230321,39.55,39.99,39.45,39.65,446659.0,2056710352.00
20230322,39.86,40.31,39.83,40.08,552251.0,2572426396.00
20230323,39.90,40.41,39.90,40.40,554274.0,2584644862.00
20230324,40.33,40.33,39.70,39.82,437694.0,2023789516.00
20230327,39.87,39.93,39.21,39.64,362173.0,1658727910.00
20230328,39.72,39.97,39.37,39.54,283324.0,1300822902.00
20230329,39.93,40.14,39.13,39.14,409020.0,1872693109.00
20230330,39.22,39.39,38.73,39.20,450030.0,2035988419.00
20230331,39.30,39.90,39.11,39.30,524540.0,2401305125.00
20230403,39.26,39.56,39.03,39.37,451215.0,2056827917.00
20230404,39.36,39.52,38.98,39.27,473486.0,2156604420.00
20230406,39.26,39.26,38.81,38.85,361627.0,1634323043.00
20230407,39.03,39.45,38.91,39.33,326336.0,1487335021.00
20230410,39.41,39.88,39.21,39.70,527369.0,2426394064.00
20230411,39.66,39.90,39.33,39.35,543094.0,2495273529.00
20230412,39.47,39.71,39.17,39.30,460938.0,2107727788.00
20230413,39.04,39.10,38.62,38.89,569479.0,2561593686.00
20230414,39.08,39.62,38.95,39.20,428919.0,1954054640.00
20230417,39.07,40.92,38.80,40.92,1036161.0,4813786757.00
20230418,40.68,42.30,40.62,41.90,1310275.0,6375510317.00
20230419,41.84,42.14,41.60,41.71,497165.0,2414735651.00
20230420,41.72,42.19,41.47,42.05,476734.0,2314705514.00
20230421,41.88,41.96,40.19,40.28,811976.0,3837366387.00
20230424,40.40,41.15,39.82,39.99,587482.0,2760342072.00
20230425,40.11,40.57,39.54,39.72,617583.0,2862045073.00
20230426,39.52,39.86,39.35,39.46,505147.0,2320864199.00
20230427,40.49,43.41,40.34,43.41,2570645.0,12656922048.00
20230428,43.62,45.38,43.33,44.64,2149502.0,11104959198.00
20230504,43.76,46.84,43.60,46.28,1837641.0,9743135594.00
20230505,46.54,47.40,45.88,46.39,1264107.0,6829552784.00
20230508,46.53,47.47,46.12,47.33,1504054.0,8223158231.00
20230509,47.33,48.26,46.00,46.09,1461587.0,7986736176.00
20230510,46.09,46.42,44.91,45.08,1055610.0,5557565461.00
20230511,45.59,46.08,44.95,45.12,593884.0,3128956427.00
20230512,45.10,45.25,44.10,44.19,626681.0,3238681436.00
20230515,44.19,46.43,43.76,46.29,1113754.0,5846884591.00
20230516,46.25,46.38,45.50,45.85,644969.0,3436268826.00
20230517,45.50,45.55,44.45,44.74,642552.0,3344510652.00
20230518,44.64,45.55,44.41,44.66,555166.0,2891022410.00
20230519,44.13,44.56,43.78,43.99,554236.0,2831437767.00
20230522,43.95,44.69,43.78,44.32,498812.0,2562556972.00
20230523,44.30,44.53,43.01,43.01,685386.0,3460781263.00
20230524,42.97,43.01,41.71,41.77,713134.0,3491629222.00
20230525,41.70,42.01,41.28,41.71,525529.0,2535605262.00
20230526,41.70,42.13,41.20,41.75,403366.0,1953764069.00
20230529,41.91,42.01,41.20,41.40,484344.0,2333255082.00
20230530,41.41,41.65,40.87,41.36,570291.0,2728137415.00
20230531,41.11,41.19,40.51,40.51,610689.0,2880503904.00
20230601,40.55,41.31,40.42,40.89,518074.0,2460498429.00
20230602,41.26,42.40,41.22,42.32,832840.0,4054040689.00
20230605,42.02,42.17,41.57,41.81,466456.0,2261940201.00
20230606,41.66,43.03,41.58,42.02,644502.0,3172322394.00
20230607,42.57,42.82,42.03,42.24,425436.0,2093897750.00
20230608,42.16,43.06,41.95,42.81,572284.0,2830351412.00
20230609,42.81,43.05,42.58,42.64,428043.0,2124674673.00
20230612,42.63,43.04,42.13,42.72,476457.0,2358494748.00
20230613,42.64,42.83,42.01,42.77,440029.0,2170452732.00
20230614,43.16,43.47,42.54,42.70,553664.0,2677031202.00
20230615,42.92,43.63,42.54,43.03,473440.0,2293626704.00
20230616,43.28,43.40,42.75,43.19,534142.0,2589379833.00
20230619,43.07,43.08,42.06,42.21,642164.0,3062228887.00
20230620,42.21,42.43,41.59,41.67,615333.0,2893024197.00
20230621,41.42,41.99,41.31,41.45,381031.0,1785547515.00
20230626,41.15,41.21,40.61,40.82,485350.0,2227206703.00
20230627,40.81,41.44,40.66,41.15,480933.0,2220104955.00
20230628,41.01,41.37,40.82,41.36,356070.0,1648840079.00
20230629,41.37,41.58,41.00,41.15,265735.0,1233566767.00
20230630,41.06,41.65,41.05,41.24,326971.0,1522887807.00
20230703,41.27,42.97,41.22,42.82,697781.0,3323222200.00
20230704,42.83,42.86,42.39,42.61,297441.0,1424573050.00
20230705,42.56,42.65,42.02,42.08,264061.0,1253667348.00
20230706,41.80,42.80,41.79,42.04,402580.0,1912826287.00
20230707,41.77,42.38,41.75,41.96,364421.0,1723937254.00
20230710,42.33,42.38,41.33,41.42,368164.0,1728446566.00
20230711,41.59,42.14,41.59,41.95,268886.0,1267580412.00
20230712,41.95,42.61,41.84,42.03,354393.0,1683737592.00
20230713,42.41,43.32,42.35,43.21,648768.0,3132588330.00
20230714,43.56,43.63,43.02,43.23,366358.0,1784466103.00
20230717,42.99,43.06,42.55,42.70,304707.0,1465498863.00
20230718,42.91,42.91,42.18,42.30,283183.0,1348936542.00
20230719,42.04,42.53,42.04,42.45,321116.0,1526345246.00
20230720,42.57,42.83,42.05,42.14,301378.0,1438728105.00
20230721,42.04,42.43,41.59,41.74,446791.0,2108640104.00
20230724,41.59,41.76,41.32,41.43,315980.0,1475830597.00
20230725,42.39,44.15,42.39,44.03,1413279.0,6907459693.00
20230726,43.71,44.11,43.53,43.95,515441.0,2541380228.00
20230727,44.07,44.95,43.91,44.33,703735.0,3523202970.00
20230728,43.99,46.53,43.91,46.15,1277908.0,6564761757.00
20230731,47.08,47.70,46.48,46.75,1274855.0,6750702391.00
20230801,46.66,47.10,45.71,45.98,670614.0,3493879471.00
20230802,45.86,46.71,45.26,45.69,608798.0,3136350132.00
20230803,45.69,46.75,45.42,46.58,654944.0,3398760968.00
20230804,47.30,47.86,46.12,46.12,1051653.0,5566174314.00
20230807,45.66,46.01,45.50,45.95,436896.0,2246940970.00
20230808,45.74,45.94,44.84,45.55,523263.0,2671294850.00
20230809,45.39,45.84,45.28,45.55,372853.0,1911450576.00
20230810,45.37,45.74,45.22,45.64,299263.0,1531979641.00
20230811,45.59,45.69,43.86,43.87,748921.0,3751696963.00
20230814,42.92,43.39,42.91,43.13,604721.0,2935327039.00
20230815,43.12,43.62,42.67,43.26,521837.0,2535572142.00
20230816,42.94,43.49,42.77,42.97,476604.0,2306795548.00
20230817,42.67,42.82,42.06,42.58,598274.0,2853723205.00
20230818,42.57,43.55,42.23,42.23,636663.0,3066293940.00
20230821,42.12,42.20,41.48,41.48,628081.0,2950143136.00
20230822,41.68,42.04,41.30,41.77,518495.0,2430766795.00
20230823,41.52,41.86,41.23,41.29,476239.0,2224411614.00
20230824,41.35,41.78,41.05,41.32,418637.0,1949333014.00
20230825,41.16,42.11,41.10,41.78,417635.0,1953754068.00
20230828,44.88,44.91,42.46,42.75,1090108.0,5323339312.00
20230829,42.69,43.52,42.56,43.15,573806.0,2780674849.00
20230830,43.44,43.54,42.57,42.88,600123.0,2904476280.00
20230831,43.22,44.03,43.11,43.36,639538.0,3135187119.00
20230901,43.86,44.88,43.78,44.52,855756.0,4287440106.00
20230904,44.83,46.12,44.83,45.72,921931.0,4732753257.00
20230905,45.50,45.50,44.55,44.61,506244.0,2555382802.00
20230906,44.43,45.49,44.33,45.35,514362.0,2604588522.00
20230907,45.07,45.22,44.58,44.63,403291.0,2033442988.00
20230908,44.46,44.83,44.26,44.54,273667.0,1370400982.00
20230911,44.77,45.12,44.30,44.75,491515.0,2471560950.00
20230912,44.52,44.57,43.98,44.39,361144.0,1801339429.00
20230913,44.56,44.63,43.74,43.99,433989.0,2152354986.00
20230914,44.11,44.26,43.54,43.71,391312.0,1929515957.00
20230915,43.98,44.54,43.55,43.72,557532.0,2760877161.00
20230918,43.47,43.97,43.28,43.81,295267.0,1452498883.00
20230919,43.79,43.86,43.56,43.79,266524.0,1311117790.00
20230920,43.78,43.78,43.17,43.45,328733.0,1605058394.00
20230921,43.28,43.42,42.99,43.09,335480.0,1629890839.00
20230922,43.10,44.73,42.99,44.73,663006.0,3282334330.00
20230925,44.44,44.52,43.57,43.60,499759.0,2465962385.00
20230926,43.59,43.85,43.12,43.15,400930.0,1955893352.00
20230927,43.19,43.54,43.10,43.24,324863.0,1582256041.00
20230928,43.39,43.44,42.79,42.92,421466.0,2042226680.00
20231009,42.66,42.90,42.23,42.72,394012.0,1887773033.00
20231010,42.91,43.13,42.23,42.30,330777.0,1584290864.00
20231011,42.52,42.63,42.22,42.38,325297.0,1552566990.00
20231012,43.43,43.45,42.84,43.04,448710.0,2176954488.00
20231013,42.54,42.91,42.36,42.63,261270.0,1254265938.00
20231016,42.52,42.77,42.13,42.25,319003.0,1522168840.00
20231017,42.48,42.64,42.18,42.37,270142.0,1289169549.00
20231018,42.22,42.45,42.11,42.11,325690.0,1547535570.00
20231019,41.87,41.91,40.89,40.92,694085.0,3224679422.00
20231020,40.52,40.96,40.48,40.74,481776.0,2205802926.00
20231023,40.69,41.06,40.44,40.83,387068.0,1775040623.00
20231024,40.91,41.32,40.60,40.97,432311.0,1992106370.00
20231025,41.70,41.72,41.20,41.28,374463.0,1709171805.00
20231026,41.09,41.54,41.04,41.45,280986.0,1279980548.00
20231027,40.99,41.30,40.41,40.98,618850.0,2785588427.00
20231030,40.99,41.26,40.64,41.10,455498.0,2055903969.00
20231031,41.20,41.66,40.98,41.23,423089.0,1926939394.00
20231101,41.53,41.61,40.83,40.91,378012.0,1709309024.00
20231102,41.00,41.35,40.82,40.87,292248.0,1321477078.00
20231103,40.99,41.10,40.71,41.03,386407.0,1744002549.00
20231106,41.36,41.88,41.28,41.78,562463.0,2582604547.00
20231107,41.61,41.63,41.03,41.09,520543.0,2364701855.00
20231108,41.09,41.20,40.41,40.48,703734.0,3162886205.00
20231109,39.91,40.09,38.87,39.25,1504542.0,6539441760.00
20231110,38.91,38.91,38.12,38.41,1049965.0,4446008162.00
20231113,38.37,38.49,38.15,38.45,493091.0,2085416497.00
20231114,38.59,38.83,38.45,38.65,558200.0,2377325636.00
20231115,39.11,39.55,38.89,39.33,728706.0,3155332501.00
20231116,39.12,39.32,38.79,38.88,386089.0,1658667534.00
20231117,38.66,38.84,38.39,38.69,404728.0,1720654033.00
20231120,38.74,39.05,38.53,38.92,324987.0,1390487105.00
20231121,38.92,39.50,38.92,39.06,432503.0,1871504437.00
20231122,38.96,39.05,38.74,38.76,249251.0,1068361650.00
20231123,38.72,39.05,38.56,39.05,263803.0,1128882328.00
20231124,39.00,39.03,38.66,38.72,280449.0,1200283581.00
20231127,38.64,38.67,37.74,37.96,585460.0,2449183477.00
20231128,37.91,38.15,37.71,37.79,372261.0,1554714840.00
20231129,37.79,37.85,36.73,36.96,679047.0,2771007262.00
20231130,36.89,37.25,36.84,37.01,388572.0,1586034772.00
20231201,36.87,37.35,36.55,37.20,486961.0,1986489504.00
20231204,37.05,37.43,36.56,36.62,399870.0,1627394428.00
20231205,36.39,36.43,35.84,35.85,506428.0,2020199568.00
20231206,35.83,36.05,35.64,35.85,433324.0,1713862406.00
20231207,35.70,36.03,35.26,35.68,501004.0,1967357707.00
20231208,35.60,35.94,35.54,35.54,378912.0,1491734069.00
20231211,35.37,36.02,34.97,35.92,555114.0,2166289979.00
20231212,35.75,36.11,35.60,36.09,358213.0,1419146471.00
20231213,36.01,36.01,35.27,35.27,412856.0,1618686295.00
20231214,35.58,35.80,35.09,35.10,332368.0,1297220103.00
20231215,35.51,35.88,35.13,35.18,507912.0,1983188836.00
20231218,34.83,35.24,34.75,35.02,329987.0,1273512227.00
20231219,34.99,35.35,34.83,35.11,332249.0,1284615540.00
20231220,35.11,35.28,34.86,34.87,299482.0,1158590096.00
20231221,34.70,35.35,34.58,35.19,424163.0,1640116584.00
20231222,35.15,35.72,35.08,35.46,424737.0,1656449050.00
20231225,35.42,35.63,35.29,35.54,203255.0,795171657.00
20231226,35.54,35.54,35.21,35.46,199146.0,776002047.00
20231227,35.46,35.52,35.08,35.37,295938.0,1150904275.00
20231228,35.37,36.60,35.24,36.52,609526.0,2429611850.00
20231229,36.33,36.68,36.32,36.55,341078.0,1372848496.00
20240102,36.55,36.56,35.79,35.80,437592.0,1740486365.00
20240103,35.80,35.97,35.54,35.74,363822.0,1432855499.00
20240104,35.70,35.90,35.06,35.28,467392.0,1819793957.00
20240105,35.24,35.90,35.08,35.35,499202.0,1955115160.00
20240108,35.35,35.53,34.66,34.87,514732.0,1983794141.00
20240109,34.87,34.99,34.65,34.81,370651.0,1423188301.00
20240110,34.73,34.87,34.30,34.30,441304.0,1677706638.00
20240111,34.28,35.06,34.12,34.86,381571.0,1457906651.00
20240112,34.64,34.96,34.49,34.49,303001.0,1158392103.00
20240115,34.35,34.91,34.19,34.62,327022.0,1244858223.00
20240116,34.50,35.15,34.41,35.10,544963.0,2095337501.00
20240117,34.88,34.96,34.47,34.47,561229.0,2148072059.00
20240118,34.24,35.40,34.14,35.36,861544.0,3289028901.00
20240119,35.19,35.68,34.96,35.55,639744.0,2493579882.00
20240122,35.44,36.22,35.35,35.81,961099.0,3800265431.00
20240123,35.55,36.02,35.10,35.70,601721.0,2363927977.00
20240124,35.97,36.55,35.45,36.43,761151.0,3023883703.00
20240125,36.42,37.65,36.28,37.32,986581.0,4022141715.00
20240126,37.23,37.49,36.87,37.41,785925.0,3225824129.00
20240129,37.42,37.81,37.11,37.17,620785.0,2560232020.00
20240130,36.82,37.10,36.43,36.45,570640.0,2308550033.00
20240131,36.42,37.05,36.27,36.74,557014.0,2253897731.00
20240201,36.39,36.85,36.22,36.55,490925.0,1980485849.00
20240202,36.55,36.78,35.37,36.37,690773.0,2771398286.00
20240205,36.28,37.18,35.99,36.90,806148.0,3247211014.00
20240206,36.89,37.80,36.62,37.69,823835.0,3381216759.00
20240207,37.81,38.46,37.50,38.44,916154.0,3833614844.00
20240208,38.57,38.96,38.23,38.80,768747.0,3274133649.00
20240219,38.99,39.07,38.57,38.76,544134.0,2324847504.00
20240220,38.68,38.70,38.18,38.41,469355.0,1989976125.00
20240221,38.26,40.18,38.11,39.54,1112492.0,4827664819.00
20240222,39.33,39.67,39.19,39.64,517452.0,2252345680.00
20240223,39.62,40.32,39.54,39.97,644217.0,2843810763.00
20240226,39.82,39.83,38.91,38.96,616196.0,2667499279.00
20240227,38.84,39.14,38.73,39.11,429013.0,1840668678.00
20240228,39.17,39.25,38.68,38.68,535764.0,2298186002.00
20240229,38.57,39.06,38.55,38.91,455092.0,1948642485.00
20240301,38.82,39.08,38.57,38.99,445774.0,1908395623.00
20240304,38.76,38.84,38.27,38.40,545047.0,2311470911.00
20240305,38.23,38.89,38.14,38.83,623437.0,2650564784.00
20240306,38.81,38.92,38.51,38.55,342763.0,1461294746.00
20240307,38.79,39.42,38.76,39.05,648962.0,2796783751.00
20240308,38.88,39.18,38.59,38.89,372494.0,1595770014.00
20240311,38.80,39.25,38.76,39.15,435973.0,1877454174.00
20240312,39.15,39.80,38.89,39.74,679206.0,2952502139.00
20240313,39.66,39.69,38.61,38.66,701216.0,3008059272.00
20240314,38.43,38.90,38.37,38.50,360890.0,1535653343.00
20240315,38.56,38.67,38.11,38.53,398675.0,1687264409.00
20240318,38.41,38.69,38.16,38.60,416263.0,1764489757.00
20240319,38.46,38.46,37.91,37.94,486015.0,2045765039.00
20240320,37.87,38.14,37.80,38.02,283617.0,1187979289.00
20240321,38.18,38.48,37.92,38.12,414976.0,1745351699.00
20240322,37.21,37.30,36.51,36.79,1125504.0,4569953333.00
20240325,36.69,37.08,36.60,36.68,437601.0,1775455396.00
20240326,36.68,37.14,36.68,37.10,402991.0,1640298640.00
20240327,36.99,37.17,36.87,36.87,346190.0,1411539594.00
20240328,36.82,37.42,36.69,36.91,432340.0,1764795885.00
20240329,36.99,37.40,36.91,37.01,335122.0,1370420387.00
20240401,37.14,37.41,37.10,37.41,387063.0,1592229352.00
20240402,37.36,37.60,37.10,37.19,399966.0,1644606102.00
20240403,37.10,37.23,36.73,36.73,463640.0,1886029049.00
20240408,36.53,36.67,36.17,36.48,435902.0,1752003235.00
20240409,36.52,36.71,36.37,36.38,293924.0,1183293257.00
20240410,36.27,36.34,35.46,35.55,667545.0,2638684983.00
20240411,35.40,35.50,35.02,35.33,443214.0,1724750105.00
20240412,35.19,35.36,34.17,34.27,918947.0,3503437972.00
20240415,34.27,34.92,34.18,34.79,771609.0,2953703722.00
20240416,34.79,35.18,34.54,34.72,626747.0,2408876665.00
20240417,34.71,35.39,34.47,35.33,594585.0,2294242965.00
20240418,35.28,36.55,35.20,36.01,846089.0,3365907680.00
20240419,35.80,36.08,35.55,35.75,368395.0,1454378302.00
20240422,35.82,36.36,35.82,36.13,391228.0,1559348109.00
20240423,36.12,36.37,35.93,36.18,342653.0,1367522866.00
20240424,36.63,36.91,36.38,36.82,549964.0,2226040005.00
20240425,36.75,37.44,36.55,37.24,582178.0,2379394081.00
20240426,37.18,37.89,37.01,37.67,694276.0,2866574033.00
20240429,37.64,38.89,37.56,38.17,875455.0,3696991240.00
20240430,38.17,38.24,37.48,37.51,518190.0,2157456541.00
20240506,39.14,39.25,38.43,38.54,1062747.0,4554760127.00
20240507,38.55,38.81,38.27,38.63,528152.0,2249302993.00
20240508,38.50,38.73,37.98,38.05,447335.0,1888701756.00
20240509,37.98,38.62,37.97,38.40,413541.0,1749774912.00
20240510,38.64,39.16,38.57,38.94,677670.0,2906706220.00
20240513,38.56,38.90,38.25,38.68,493481.0,2098243664.00
20240514,38.68,38.82,38.23,38.37,396512.0,1679884655.00
20240515,38.35,38.37,37.79,37.95,399119.0,1673203919.00
20240516,38.27,39.35,38.06,39.05,934782.0,4003945955.00
20240517,39.54,41.00,39.41,41.00,1894580.0,8380485073.00
20240520,41.45,41.78,40.66,41.23,1479453.0,6725122982.00
20240521,40.89,41.30,40.83,41.18,551096.0,2495802388.00
20240522,41.09,41.77,40.95,41.18,751337.0,3432737426.00
20240523,40.74,40.97,40.38,40.61,635923.0,2847873001.00
20240524,40.41,40.63,39.78,39.81,541286.0,2397751033.00
20240527,39.91,40.26,39.80,40.00,412742.0,1820441915.00
20240528,40.05,40.22,39.56,39.69,421922.0,1853750116.00
20240529,39.54,40.03,39.33,39.43,439423.0,1921502308.00
20240530,39.28,39.60,38.91,39.14,393955.0,1702193305.00
20240531,39.36,40.00,39.05,39.06,482492.0,2100267341.00
20240603,38.99,39.42,38.65,39.12,446518.0,1922692312.00
20240604,39.07,39.46,39.01,39.25,398178.0,1723254939.00
20240605,39.24,39.25,38.95,39.07,361880.0,1559233050.00
20240606,39.18,39.30,38.43,38.50,542621.0,2313057245.00
20240607,38.64,38.80,38.09,38.20,421394.0,1781350640.00
20240611,38.01,38.27,37.73,37.94,422363.0,1767535003.00
20240612,37.94,38.00,37.51,37.55,398340.0,1653283609.00
20240613,37.71,37.79,37.36,37.46,320428.0,1323757554.00
20240614,37.36,38.27,37.33,37.98,635624.0,2651178961.00
20240617,37.73,37.94,37.53,37.71,384727.0,1600335663.00
20240618,37.82,38.14,37.70,37.85,353452.0,1476476518.00
20240619,37.86,38.27,37.74,38.09,410640.0,1721419835.00
20240620,38.08,38.16,37.65,37.65,364790.0,1525392591.00
20240621,37.63,37.93,37.48,37.79,385055.0,1600502330.00
20240624,37.67,38.14,37.39,37.91,445928.0,1856756643.00
20240625,37.90,38.20,37.59,37.69,382836.0,1598362559.00
20240626,37.62,37.93,37.45,37.78,265061.0,1100552481.00
20240627,37.65,37.77,37.41,37.57,367975.0,1525115715.00
20240628,37.50,38.00,37.42,37.51,399345.0,1661152478.00
20240701,37.56,37.79,36.86,37.75,474198.0,1949715777.00
20240702,37.56,38.77,37.55,38.25,568857.0,2404908550.00
20240703,38.26,38.48,38.01,38.34,295748.0,1248330595.00
20240704,38.33,38.60,38.06,38.08,324851.0,1369924729.00
20240705,38.05,38.33,37.17,37.30,526718.0,2180477666.00
20240708,37.10,37.51,36.90,37.04,339548.0,1388961719.00
20240709,37.03,37.72,36.70,37.66,381403.0,1565430222.00
20240710,37.25,38.03,37.25,37.97,361273.0,1507496307.00
20240711,38.34,38.54,38.01,38.04,375570.0,1582861429.00
20240712,38.09,38.87,38.09,38.71,495697.0,2110496361.00
20240715,38.64,38.98,38.53,38.57,354848.0,1513495679.00
20240716,38.09,38.19,36.90,37.36,939985.0,3870524307.00
20240717,37.41,38.47,37.41,38.36,778406.0,3268159911.00
20240718,38.27,38.67,38.06,38.43,513624.0,2175992699.00
20240719,38.43,39.14,38.27,39.03,610775.0,2610070265.00
20240722,39.09,39.20,38.67,39.00,440562.0,1890312953.00
20240723,38.96,39.21,38.80,38.81,459790.0,1978447935.00
20240724,38.82,39.03,38.41,38.60,386095.0,1644933090.00
20240725,38.54,38.84,38.30,38.61,440474.0,1874557285.00
20240726,38.69,39.20,38.31,38.63,510378.0,2099407784.00
20240729,38.62,39.14,38.55,38.85,305650.0,1264082990.00
20240730,38.81,38.97,38.60,38.85,296922.0,1224450781.00
20240731,38.86,40.05,38.78,40.01,580878.0,2450880160.00
20240801,39.88,40.28,39.73,39.96,325140.0,1383461987.00
20240802,39.70,39.87,39.20,39.32,331373.0,1392534224.00
20240805,39.20,39.99,39.19,39.48,430509.0,1813319979.00
20240806,39.83,39.94,38.21,38.45,634343.0,2614553598.00
20240807,38.47,38.65,38.24,38.26,299781.0,1225524961.00
20240808,38.31,38.69,37.99,38.38,236432.0,964682591.00
20240809,38.54,38.77,38.18,38.18,261785.0,1069136979.00
20240812,38.10,38.29,37.90,38.19,152199.0,617325022.00
20240813,38.19,38.37,38.08,38.34,166506.0,677002646.00
20240814,38.37,38.49,38.07,38.07,206504.0,838935306.00
20240815,38.08,39.17,37.81,38.85,534167.0,2202784576.00
20240816,38.85,39.25,38.78,39.12,269574.0,1119345318.00
20240819,39.12,39.64,39.10,39.55,287912.0,1209599526.00
20240820,39.63,39.64,39.20,39.41,293763.0,1230963341.00
20240821,39.47,39.56,38.93,39.46,236174.0,989256297.00
20240822,39.45,39.72,39.15,39.21,304977.0,1275507522.00
20240823,39.52,40.86,39.42,40.75,994234.0,4271882126.00
20240826,40.86,41.03,40.47,40.75,475806.0,2059591116.00
20240827,40.69,40.94,40.39,40.57,339647.0,1467947189.00
20240828,40.65,40.78,40.36,40.60,348395.0,1502990666.00
20240829,40.59,40.95,39.92,40.07,476945.0,2045077628.00
20240830,40.15,41.86,40.15,41.39,1100006.0,4830979920.00
20240902,41.25,41.52,40.85,40.85,513171.0,2243546045.00
20240903,41.00,41.01,40.50,40.62,368220.0,1593821144.00
20240904,40.63,41.03,39.91,40.09,409949.0,1759519238.00
20240905,40.08,40.90,40.06,40.82,466511.0,2014905549.00
20240906,40.82,41.35,40.58,40.66,390258.0,1699389017.00
20240909,40.50,40.66,40.00,40.12,401725.0,1720343646.00
20240910,40.19,40.47,39.76,40.11,293656.0,1251507269.00
20240911,40.09,40.35,39.83,39.97,274074.0,1167516315.00
20240912,40.17,40.21,39.32,40.05,410839.0,1739432819.00
20240913,40.01,40.80,39.95,40.32,344396.0,1484769941.00
20240918,40.42,41.17,40.36,41.08,432638.0,1883001068.00
20240919,41.10,41.46,40.73,41.39,466500.0,2046412473.00
20240920,41.35,41.64,41.12,41.51,532924.0,2347055961.00
20240923,41.49,41.74,41.23,41.45,295240.0,1302373909.00
20240924,41.93,43.72,41.81,43.72,1208992.0,5518430623.00
20240925,44.75,45.31,44.42,44.52,1382985.0,6594953851.00
20240926,44.74,47.42,44.37,47.40,1637653.0,8023977092.00
20240927,48.79,49.04,47.66,48.79,1394877.0,7197182304.00
20240930,51.22,53.67,51.14,53.67,2621254.0,14733344153.00
20241008,59.04,59.04,55.56,58.03,3961043.0,24440888195.00
20241009,56.41,56.41,52.32,52.36,2855096.0,16431475143.00
20241010,53.24,56.96,52.94,55.00,2226730.0,12981664827.00
20241011,54.34,56.28,53.61,54.09,1312124.0,7645831882.00
20241014,54.89,55.69,54.10,55.16,1177738.0,6884203095.00
20241015,55.07,55.73,53.67,53.76,1027900.0,5988622377.00
20241016,53.38,54.37,53.22,53.94,855016.0,4894961074.00
20241017,54.43,55.28,53.56,53.59,783575.0,4529673855.00
20241018,53.60,55.77,52.32,54.65,1494662.0,8417973824.00
20241021,54.86,54.92,53.69,54.38,875313.0,4966469517.00
20241022,54.28,55.62,54.07,54.53,846011.0,4835443520.00
20241023,54.67,56.67,54.38,55.73,1191927.0,6939592004.00
20241024,55.34,55.89,55.08,55.53,512730.0,2976336249.00
20241025,55.44,55.89,55.01,55.14,539445.0,3122695352.00
20241028,55.22,55.49,54.55,54.95,578810.0,3325855084.00
20241029,54.95,55.87,54.90,55.08,620100.0,3591688618.00
20241030,54.94,55.34,53.21,53.49,907479.0,5123310917.00
20241031,53.48,54.28,52.95,53.44,757630.0,4236922732.00
20241101,53.66,54.48,53.52,53.66,650139.0,3676222858.00
20241104,53.68,54.45,53.45,54.45,530740.0,2993285083.00
20241105,54.30,56.27,53.79,56.15,1201144.0,6976690582.00
20241106,56.28,56.43,54.43,54.94,1262518.0,7311429314.00
20241107,54.48,58.30,54.38,58.15,1864263.0,11055869272.00
20241108,58.49,58.77,56.40,56.50,1322990.0,7922272847.00
20241111,55.56,55.93,54.97,55.81,917160.0,5320862805.00
20241112,55.81,56.36,54.36,54.48,962893.0,5557347301.00
20241113,54.19,54.95,54.11,54.66,618245.0,3532487702.00
20241114,54.66,55.52,54.38,54.48,663232.0,3815907812.00
20241115,54.38,54.93,53.33,53.33,780597.0,4413936480.00
20241118,53.62,54.63,52.93,53.29,684296.0,3851412802.00
20241119,53.52,53.63,52.66,53.15,528193.0,2934893274.00
20241120,53.16,53.33,52.75,53.00,469971.0,2605295420.00
20241121,53.03,53.20,52.68,53.03,410245.0,2269302644.00
20241122,53.01,53.01,50.65,50.68,1006808.0,5439029187.00
20241125,50.65,50.89,49.83,50.24,702698.0,3704922205.00
20241126,50.17,50.91,50.05,50.70,407618.0,2156122895.00
20241127,50.71,51.23,50.45,51.18,444464.0,2366194483.00
20241128,51.20,51.60,50.49,50.81,425502.0,2268917373.00
20241129,50.80,52.01,50.69,50.89,563571.0,3018761403.00
20241202,50.84,51.83,50.82,51.62,449606.0,2420512864.00
20241203,51.46,52.19,51.18,52.02,470058.0,2544434591.00
20241204,51.78,51.93,51.33,51.54,381887.0,2059281654.00
20241205,51.31,51.66,51.12,51.30,295889.0,1589274038.00
20241206,51.41,53.22,51.40,52.68,789837.0,4338822602.00
20241209,52.52,52.85,52.04,52.40,510463.0,2801288362.00
20241210,54.38,54.65,53.04,53.16,1000984.0,5649587635.00
20241211,53.15,53.45,52.45,52.47,504784.0,2790301410.00
20241212,52.53,53.38,52.28,53.12,526336.0,2909611956.00
20241213,52.75,52.76,51.30,51.36,887096.0,4798656729.00
20241216,51.33,51.60,50.59,50.77,658592.0,3512263334.00
20241217,50.56,51.10,50.40,50.66,537694.0,2853899355.00
20241218,50.97,51.30,50.54,50.59,504461.0,2683105292.00
20241219,50.27,50.59,50.03,50.55,405496.0,2136614147.00
20241220,50.55,50.87,50.19,50.29,461965.0,2437090038.00
20241223,50.29,51.11,50.29,50.75,555505.0,2954746191.00
20241224,50.73,51.45,50.65,51.40,495609.0,2654767330.00
20241225,51.43,51.90,51.20,51.51,417399.0,2249897990.00
20241226,51.50,51.55,51.00,51.08,379222.0,2031175519.00
20241227,51.08,51.37,50.38,50.91,537757.0,2862446917.00
20241230,50.86,51.51,50.85,51.51,533438.0,2865180504.00
20241231,51.41,51.63,50.32,50.32,677118.0,3607846474.00
20250102,50.37,50.39,48.16,48.46,948579.0,4877807223.00
20250103,48.74,48.83,47.86,48.07,551352.0,2788346287.00
20250106,48.31,48.38,47.62,48.11,413490.0,2077171908.00
20250107,47.97,48.13,47.60,47.95,392787.0,1967557697.00
20250108,47.96,48.34,47.36,48.07,510383.0,2555823166.00
20250109,48.03,48.18,47.59,47.60,400821.0,2005089617.00
20250110,47.61,47.86,46.73,46.78,522704.0,2576373866.00
20250113,46.33,46.64,45.97,46.44,511393.0,2474824396.00
20250114,46.44,47.38,46.35,47.17,615774.0,3024006484.00
20250115,47.07,47.46,46.74,46.93,458029.0,2251226874.00
20250116,47.12,47.55,46.76,47.07,415761.0,2052212528.00
20250117,46.93,47.37,46.61,47.19,460747.0,2273441157.00
20250120,47.52,48.07,47.46,47.60,491736.0,2458746694.00
20250121,47.98,48.16,47.46,47.69,409951.0,2049216698.00
20250122,47.52,47.71,46.69,46.78,530780.0,2606595142.00
20250123,47.61,49.17,47.57,48.14,969105.0,4910872825.00
20250124,47.96,49.09,47.88,48.61,616779.0,3140198840.00
20250127,48.77,49.33,48.56,48.60,524547.0,2681560916.00
20250205,48.72,48.74,47.47,47.52,583072.0,2921528575.00
20250206,47.53,48.26,47.48,48.02,415037.0,2078321191.00
20250207,47.96,49.16,47.63,48.63,725812.0,3679372001.00
20250210,48.64,49.08,48.55,48.65,431815.0,2203839895.00
20250211,48.93,48.97,48.14,48.28,381844.0,1931993468.00
20250212,48.28,48.86,47.96,48.82,446994.0,2261445451.00
20250213,48.66,49.49,48.56,48.76,590363.0,3019334998.00
20250214,48.73,49.56,48.55,49.41,599772.0,3080098770.00
20250217,49.53,50.06,49.13,49.54,625710.0,3245003133.00
20250218,49.38,49.87,48.93,49.04,650082.0,3362664790.00
20250219,48.92,49.53,48.76,49.17,464426.0,2388611401.00
20250220,48.96,49.04,48.42,48.53,515385.0,2620444374.00
20250221,48.73,49.22,48.22,48.93,668761.0,3415352331.00
20250224,48.93,50.16,48.79,49.70,835823.0,4341042760.00
20250225,49.22,49.79,48.60,48.72,642429.0,3298896562.00
20250226,48.84,49.49,48.77,49.33,536578.0,2758370361.00
20250227,49.49,49.51,48.86,49.33,547240.0,2813972257.00
20250228,49.12,49.36,48.15,48.15,805268.0,4102825272.00
20250303,48.31,48.57,47.84,48.10,423161.0,2135730014.00
20250304,47.86,48.06,47.79,47.86,372432.0,1867141471.00
20250305,47.96,48.31,47.79,48.15,455072.0,2287766876.00
20250306,48.52,49.63,48.29,49.35,1045821.0,5369202399.00
20250307,49.31,49.54,49.05,49.22,481479.0,2481121736.00
20250310,49.23,49.37,48.53,48.98,611283.0,3121852670.00
20250311,48.46,49.22,48.36,49.22,529147.0,2702757544.00
20250312,49.22,49.31,48.75,48.88,470578.0,2410921164.00
20250313,48.88,49.27,48.67,48.87,411448.0,2107254552.00
20250314,49.06,51.50,48.94,51.10,1502449.0,7945017156.00
20250317,51.10,51.24,50.75,51.02,605172.0,3229662145.00
20250318,51.32,51.79,51.26,51.38,587740.0,3164655447.00
20250319,51.30,51.89,51.20,51.67,509874.0,2751845206.00
20250320,51.66,51.67,49.92,50.16,1140723.0,6007424559.00
20250321,50.08,50.33,49.39,49.46,795715.0,4145943295.00
20250324,49.52,49.96,49.52,49.82,508657.0,2646991166.00
20250325,49.84,49.90,49.52,49.66,344402.0,1790739699.00
20250326,49.68,49.78,49.43,49.43,403995.0,2094936176.00
20250327,49.42,50.13,49.25,49.75,432169.0,2248679011.00
20250328,49.89,50.05,49.55,49.66,353664.0,1841078406.00
20250331,49.60,49.94,49.11,49.34,468390.0,2423816080.00
20250401,49.31,49.56,49.13,49.33,394321.0,2035352505.00
20250402,49.30,49.66,49.25,49.56,283274.0,1467236071.00
20250403,49.11,49.70,49.10,49.20,373348.0,1927750540.00
20250407,47.12,47.57,44.92,46.41,1727558.0,8362219629.00
20250408,46.40,47.08,45.97,47.08,1117530.0,5446468218.00
20250409,46.64,47.07,46.22,46.76,737907.0,3604799242.00
20250410,47.17,47.59,47.03,47.29,657915.0,3258096138.00
20250411,47.29,47.35,46.81,47.16,450121.0,2216984586.00
20250414,47.40,47.64,47.25,47.29,387484.0,1922228962.00
20250415,47.29,47.76,47.08,47.62,407762.0,2021902572.00
20250416,47.52,47.95,47.21,47.67,467924.0,2323052330.00
20250417,47.49,48.05,47.38,47.94,377043.0,1884423296.00
20250418,47.83,48.42,47.74,48.21,338811.0,1706307228.00
20250421,48.17,48.37,47.98,48.05,263784.0,1329681852.00
20250422,47.98,48.54,47.90,48.33,355098.0,1793621626.00
20250423,48.51,48.69,48.22,48.45,298773.0,1515452317.00
20250424,48.45,49.20,48.45,48.95,423839.0,2170142049.00
20250425,48.97,49.30,48.95,49.06,368499.0,1894916291.00
20250428,48.19,49.07,47.81,48.94,518666.0,2632952959.00
20250429,48.90,49.35,48.61,48.74,337540.0,1725062887.00
20250430,48.84,49.27,48.44,48.46,377944.0,1927976843.00
20250506,48.74,48.88,48.31,48.55,391512.0,1992284115.00
20250507,49.14,49.34,48.77,48.91,420640.0,2156676084.00
20250508,48.75,50.03,48.65,49.66,671350.0,3487932290.00
20250509,49.61,49.85,49.46,49.46,290709.0,1507958915.00
20250512,49.92,50.41,49.70,50.27,577372.0,3028226079.00
20250513,50.45,50.45,49.94,50.14,403920.0,2117089329.00
20250514,50.13,52.74,50.02,52.27,1577230.0,8541172666.00
20250515,51.98,52.37,51.70,51.85,569303.0,3095268720.00
20250516,51.66,52.03,51.02,51.03,466130.0,2499109899.00
20250519,50.93,51.35,50.84,50.94,324266.0,1730493311.00
20250520,51.08,51.78,51.03,51.30,352669.0,1895934592.00
20250521,51.32,51.99,51.32,51.46,333066.0,1800759244.00
20250522,51.38,51.60,51.16,51.46,240658.0,1294403114.00
20250523,51.43,52.05,50.81,50.87,430491.0,2314052457.00
20250526,50.81,51.75,50.65,51.03,388130.0,2078107531.00
20250527,51.03,51.47,50.94,51.03,255725.0,1368911112.00
20250528,51.03,51.31,50.77,50.93,261698.0,1396312012.00
20250529,50.94,51.45,50.74,51.15,348683.0,1868004330.00
20250530,51.01,51.31,50.51,50.92,417239.0,2221553128.00
20250603,50.85,51.71,50.65,51.46,453738.0,2430686987.00
20250604,51.24,51.75,51.24,51.38,430897.0,2322941429.00
20250605,51.39,51.78,51.28,51.60,419100.0,2260023900.00
20250606,51.61,51.72,50.99,51.04,408553.0,2191002621.00
20250609,51.18,51.55,51.13,51.34,397887.0,2137162081.00
20250610,51.33,51.70,50.95,51.06,467079.0,2510066317.00
20250611,51.03,52.23,51.03,52.05,681830.0,3704026068.00
20250612,51.89,52.88,51.64,52.38,589999.0,3231103730.00
20250613,52.40,52.47,51.88,52.07,480229.0,2616565694.00
20250616,51.92,52.16,51.67,51.91,496771.0,2697778320.00
20250617,51.89,52.10,51.55,51.83,506289.0,2745763183.00
20250618,51.78,51.88,50.94,51.43,469364.0,2518852918.00
20250619,51.31,51.42,50.77,50.84,401881.0,2143533731.00
20250620,50.83,52.43,50.83,52.32,847430.0,4606219514.00
20250623,52.09,52.80,51.86,52.66,614705.0,3373267494.00
20250624,52.76,54.45,52.75,54.27,1040798.0,5873914856.00
20250625,54.28,55.43,54.07,55.32,1046131.0,5998384734.00
20250626,55.23,55.51,54.92,55.03,500740.0,2888896788.00
20250627,55.03,55.56,54.10,54.44,667632.0,3832894682.00
20250630,54.59,55.04,54.23,54.57,564782.0,3133724720.00
20250701,54.75,54.98,54.40,54.79,352746.0,1961556961.00
20250702,54.79,55.10,54.45,54.90,395629.0,2204210316.00
20250703,54.99,55.28,54.75,54.89,325101.0,1817404362.00
20250704,54.79,56.45,54.53,55.65,654544.0,3695501729.00
20250707,55.67,55.87,55.15,55.51,321763.0,1813966809.00
20250708,55.48,55.85,55.19,55.53,343460.0,1939149952.00
20250709,55.53,55.85,54.97,54.99,395463.0,2223715808.00
20250710,54.99,56.64,54.90,56.20,828882.0,4726621457.00
20250711,56.07,58.06,56.03,56.77,1076429.0,6269330973.00
20250714,56.75,57.29,56.63,56.63,449058.0,2598863547.00
20250715,56.81,57.01,56.05,56.17,441726.0,2535144762.00
20250716,56.24,56.31,55.29,55.90,481825.0,2728239344.00
20250717,55.77,56.13,55.76,55.88,277123.0,1575012870.00
20250718,56.02,56.51,55.93,56.14,436240.0,2492884493.00
20250721,56.22,56.81,55.97,56.26,466733.0,2671242929.00
20250722,56.26,56.27,55.18,55.77,695203.0,3930402693.00
20250723,55.91,57.43,55.88,57.05,869407.0,5020698335.00
20250724,57.02,58.04,56.77,57.68,707737.0,4142271385.00
20250725,57.35,57.59,56.88,57.13,508335.0,2958837440.00
20250728,57.25,59.22,57.25,59.11,1221217.0,7297531197.00
20250729,59.08,59.30,58.40,58.52,566092.0,3380012575.00
20250730,58.51,60.33,58.38,59.72,921993.0,5600001966.00
20250731,59.42,59.51,57.43,57.73,827601.0,4910516274.00
20250801,57.72,58.10,57.13,57.25,488786.0,2860162236.00
20250804,57.15,57.39,56.91,57.26,360078.0,2092312969.00
20250805,57.35,58.44,57.25,58.17,482956.0,2837798909.00
20250806,58.17,58.67,57.86,58.10,324469.0,1916931441.00
20250807,58.15,58.49,57.57,57.92,327972.0,1932522823.00
20250808,57.92,57.94,57.27,57.58,397933.0,2331643860.00
20250811,57.81,58.17,57.52,57.52,431869.0,2535939661.00
20250812,57.52,58.11,57.52,57.79,426985.0,2507882892.00
20250813,57.96,58.43,57.51,57.65,728453.0,4285477115.00
20250814,57.84,59.61,57.81,58.65,1022768.0,6132887145.00
20250815,58.63,59.46,58.04,58.82,892968.0,5342602447.00
20250818,58.94,59.37,58.37,58.37,957263.0,5730767230.00
20250819,58.79,59.20,57.13,57.25,954810.0,5626016600.00
20250820,57.14,58.23,56.75,58.23,762725.0,4453267555.00
20250821,58.23,58.98,57.95,58.65,574601.0,3420554066.00
20250822,58.54,59.52,58.47,59.51,780974.0,4689312102.00
20250825,59.61,60.05,59.13,60.00,670113.0,4065994394.00
20250826,59.91,60.00,59.46,59.53,491986.0,2984830237.00
20250827,59.39,59.46,57.73,57.73,1064558.0,6325335934.00
20250828,57.79,58.16,57.36,57.88,636105.0,3734301053.00
20250829,57.99,60.10,57.98,58.90,1080309.0,6488619820.00
20250901,58.81,58.81,57.38,57.56,948525.0,5566516443.00
20250902,57.55,57.84,57.27,57.70,649036.0,3797585375.00
20250903,57.98,58.14,56.42,56.84,714746.0,4150607723.00
20250904,56.83,57.02,56.13,56.56,727436.0,4183559781.00
20250905,56.56,57.11,56.10,56.96,558184.0,3207319735.00
20250908,56.82,57.09,56.38,56.76,487733.0,2814135142.00
20250909,56.82,57.34,56.61,57.05,518911.0,3004298500.00
20250910,56.83,57.21,56.68,56.93,308470.0,1786675715.00
20250911,56.96,57.73,56.66,57.73,595072.0,3464480190.00
20250912,58.02,58.23,56.56,56.74,735376.0,4277497749.00
20250915,56.71,57.04,56.16,56.39,546842.0,3147658745.00
20250916,56.41,56.51,55.58,55.70,685714.0,3894056719.00
20250917,55.74,56.04,55.53,55.65,684652.0,3878151157.00
20250918,55.72,55.75,54.21,54.38,1012074.0,5649599209.00
20250919,54.39,55.09,54.10,54.20,543321.0,3008279780.00
20250922,54.47,54.74,54.10,54.25,374438.0,2068811784.00
20250923,54.13,54.88,53.85,54.12,612961.0,3385890145.00
20250924,54.39,54.84,54.05,54.39,503174.0,2781363924.00
20250925,54.38,54.49,54.13,54.19,514296.0,2838283234.00
20250926,54.12,54.64,53.77,54.32,548622.0,3021459544.00
20250929,54.28,56.38,54.13,55.10,1035110.0,5816595783.00
20250930,54.89,55.28,54.10,54.21,767082.0,4247640484.00
20251009,54.14,54.38,53.36,54.14,824067.0,4521397150.00
20251010,53.84,55.06,53.84,54.63,641465.0,3560844773.00
20251013,53.62,54.43,53.62,54.20,609656.0,3353288998.00
20251014,54.67,55.76,54.61,55.56,1022940.0,5757976241.00
20251015,55.56,57.02,55.38,56.87,837046.0,4793965559.00
20251016,56.74,57.62,56.67,57.07,681478.0,3966486440.00
20251017,57.05,57.53,56.24,56.35,677493.0,3916934527.00
20251020,57.38,57.61,56.51,56.96,526695.0,3058431633.00
20251021,56.98,57.96,56.98,57.13,762200.0,4456452771.00
20251022,57.05,57.55,56.98,57.26,379893.0,2211002991.00
20251023,57.27,57.91,57.14,57.79,503501.0,2943942596.00
20251024,58.14,58.49,57.75,57.88,558242.0,3240224545.00
20251027,58.00,58.39,57.50,57.75,685004.0,3964893063.00
20251028,57.79,58.23,57.62,57.76,491305.0,2842864953.00
20251029,58.60,59.70,58.49,58.95,1044432.0,6172236795.00
20251030,59.30,60.10,58.58,58.65,745713.0,4424147711.00
20251031,58.99,58.99,57.80,57.83,572542.0,3331214748.00
20251103,58.27,58.70,57.86,58.31,411430.0,2399870470.00
20251104,58.35,59.13,58.20,58.94,518126.0,3045009961.00
20251105,58.40,58.84,57.92,58.32,402158.0,2348603001.00
20251106,58.35,59.28,58.34,58.90,547346.0,3224909538.00
20251107,58.78,59.15,58.66,58.89,371910.0,2191134861.00
20251110,58.85,59.40,58.44,59.30,529487.0,3132320906.00
20251111,59.30,59.50,58.81,59.20,362504.0,2143772917.00
20251112,59.30,60.79,59.30,60.03,1490246.0,8994592304.00
20251113,60.29,61.38,60.29,60.88,890187.0,5421878882.00
20251114,60.85,62.27,60.65,60.65,752741.0,4630168806.00
20251117,60.69,61.00,59.46,59.83,560197.0,3354710745.00
20251118,59.67,60.15,59.48,59.62,445712.0,2663627684.00
20251119,59.80,61.12,59.71,60.37,705865.0,4268493624.00
20251120,60.60,61.15,60.03,60.20,394491.0,2387256691.00
20251121,60.00,60.10,58.88,58.91,685580.0,4067315652.00
20251124,59.16,59.20,58.35,58.40,534709.0,3141756214.00
20251125,58.68,59.82,58.23,59.47,487771.0,2887514429.00
20251126,59.66,60.22,59.32,59.78,434693.0,2598031333.00
20251127,59.50,59.73,58.70,59.34,505701.0,2993560813.00
20251128,59.21,59.29,58.51,58.99,433558.0,2553839886.00
20251201,58.91,59.18,58.41,58.63,445804.0,2614280155.00
20251202,58.80,59.40,58.45,58.80,373837.0,2200530387.00
20251203,58.75,59.02,58.15,58.35,335494.0,1961924291.00
20251204,58.35,58.55,58.21,58.55,217664.0,1271252460.00
20251205,58.65,62.20,58.55,61.99,1377948.0,8385205488.00
20251208,62.04,63.80,62.00,63.40,1029979.0,6514118720.00
20251209,63.40,63.69,62.42,62.45,483731.0,3044070518.00
20251210,62.66,63.06,62.13,62.55,448822.0,2808948857.00
20251211,62.80,63.36,62.17,62.53,477963.0,2990603756.00
20251212,62.56,64.09,62.41,63.91,1091760.0,6926125694.00
20251215,63.68,67.44,63.52,67.08,1546643.0,10258390316.00
20251216,66.71,68.11,66.16,67.00,1056821.0,7074646043.00
20251217,67.05,68.63,66.65,68.05,962118.0,6513277291.00
20251218,67.88,68.58,67.59,68.50,563606.0,3839846393.00
20251219,68.15,68.78,67.60,68.75,638476.0,4363697642.00
20251222,68.70,69.27,68.20,68.54,556942.0,3824247200.00
20251223,68.56,70.24,68.35,69.49,765720.0,5324655842.00
20251224,69.17,69.38,68.35,69.03,511320.0,3522990019.00
20251225,69.00,71.98,68.98,70.80,777898.0,5513013481.00
20251226,70.44,71.96,70.43,71.16,657017.0,4689142906.00
20251229,71.00,71.66,69.79,69.88,655665.0,4622483554.00
20251230,69.75,70.23,68.39,68.80,1046674.0,7226865062.00
20251231,68.78,69.23,68.15,68.40,458069.0,3141993177.00
20260105,69.20,73.00,69.20,72.36,1228831.0,8824564892.00
20260106,72.40,74.88,72.40,74.32,1468516.0,10867519151.00
20260107,73.89,74.70,73.29,73.45,919695.0,6796568402.00
20260108,73.37,73.40,69.66,70.38,1685392.0,11969587226.00
20260109,70.60,71.28,68.24,69.00,2063348.0,14285738425.00
20260112,68.90,69.00,67.22,67.55,1851661.0,12546774433.00
20260113,67.80,69.98,67.78,68.20,1502151.0,10342110580.00
20260114,68.35,68.93,66.82,67.00,1431109.0,9691268750.00
20260115,66.90,68.38,66.69,67.41,1066614.0,7195271139.00
20260116,67.60,67.94,65.80,66.33,1356100.0,9017682809.00
20260119,66.28,66.95,65.91,66.30,838681.0,5560566590.00
20260120,66.35,67.77,66.11,66.60,988500.0,6611639902.00
20260121,66.64,67.18,65.65,65.85,935402.0,6198978527.00
20260122,66.13,66.58,64.52,64.80,1143922.0,7455922558.00
20260123,65.20,65.48,63.66,63.90,1407699.0,9048849720.00
20260126,64.00,66.25,63.77,64.14,2013846.0,13083521294.00
20260127,64.31,66.35,64.27,65.31,1508841.0,9868833866.00
20260128,65.87,66.05,64.43,64.75,1992854.0,12952514678.00
20260129,65.03,68.03,64.53,68.00,2755713.0,18287719695.00
20260130,68.01,68.69,66.39,66.75,1603228.0,10768334982.00
20260202,66.35,68.33,65.73,66.02,1354549.0,9059867836.00
20260203,66.90,67.40,65.62,66.58,1033225.0,6862044454.00
20260204,66.45,67.45,66.23,67.40,877403.0,5866716207.00
20260205,67.17,67.99,66.16,67.35,908191.0,6088193606.00
20260206,66.88,67.61,66.42,66.90,749275.0,5011778788.00
20260209,67.45,69.10,67.11,68.70,1021237.0,6973342327.00
20260210,68.71,68.80,67.80,68.19,548735.0,3743029914.00
20260211,68.25,68.68,67.06,67.50,618032.0,4178546001.00
20260212,67.60,67.68,66.35,66.54,646372.0,4320770033.00
20260213,66.15,66.35,65.06,65.29,840772.0,5509966026.00
20260224,65.77,66.25,64.37,64.50,800053.0,5208399201.00
20260225,64.70,65.74,64.70,65.05,683556.0,4452349687.00
20260226,65.50,65.53,63.29,63.50,1036146.0,6614432347.00
20260227,63.60,63.74,63.06,63.09,633012.0,4006459826.00
20260302,62.41,63.11,61.70,62.35,1010862.0,6295717498.00
20260303,62.45,63.72,61.93,62.57,1095535.0,6885778079.00
20260304,62.20,62.56,60.65,61.79,1008134.0,6196271382.00
20260305,62.01,62.72,61.80,62.08,546365.0,3404335407.00
20260306,61.79,63.35,61.66,62.67,574633.0,3590186818.00
20260309,61.44,61.52,60.01,61.40,930368.0,5663230289.00
20260310,61.86,62.38,61.72,62.09,462184.0,2866994902.00
20260311,62.09,62.91,61.80,62.55,517270.0,3234820114.00
20260312,62.15,62.43,61.22,61.60,668542.0,4123729384.00
20260313,61.37,61.87,61.08,61.20,458041.0,2813751146.00
20260316,61.20,61.36,60.10,60.48,818596.0,4946355959.00
20260317,60.59,62.80,60.58,61.84,901850.0,5591874769.00
20260318,61.87,62.32,61.50,61.89,490471.0,3034276337.00
20260319,61.20,61.29,60.40,60.62,684722.0,4158160919.00
20260320,60.80,60.90,59.70,59.74,620767.0,3738267788.00
20260323,58.90,59.00,57.24,57.47,1253823.0,7264101524.00
20260324,58.00,58.34,57.50,58.12,681870.0,3949789641.00
20260325,58.50,59.36,58.42,58.79,562389.0,3309846362.00
20260326,58.78,58.78,56.53,56.80,1011896.0,5801815138.00
20260327,56.86,57.39,56.42,56.95,834379.0,4753261022.00
20260330,56.34,56.55,55.84,56.33,737544.0,4139267846.00
20260331,56.29,57.69,56.21,56.78,764114.0,4363799010.00
20260401,57.58,58.29,57.54,58.18,684035.0,3964968442.00
20260402,58.00,58.00,57.16,57.26,459794.0,2642755831.00
20260403,57.58,57.77,57.24,57.25,343678.0,1975820960.00
20260407,57.30,57.55,56.41,56.69,503858.0,2865555758.00
20260408,58.00,59.65,58.00,59.45,1121527.0,6612867449.00
20260409,59.00,59.00,58.30,58.74,570201.0,3341224254.00
20260410,59.00,59.84,58.78,58.82,637912.0,3778347094.00
20260413,58.20,58.21,57.61,57.75,684544.0,3959480166.00
20260414,58.23,59.20,58.13,58.97,675142.0,3965283533.00
20260415,59.40,59.72,58.61,58.70,513713.0,3032393651.00
