timetag,open,high,low,close,volumn,amount
20110630,6.98,8.31,6.98,8.08,562925.0,1349342268.00
20110701,8.18,8.89,7.94,8.89,335612.0,898679187.00
20110704,9.17,9.78,9.07,9.78,219645.0,653517902.00
20110705,10.40,10.75,10.12,10.49,381080.0,1257045595.00
20110706,10.41,11.28,10.19,10.60,312967.0,1056613865.00
20110707,10.51,10.78,10.34,10.66,226450.0,753817699.00
20110708,10.60,10.68,10.11,10.50,175064.0,571756761.00
20110711,10.41,10.67,10.32,10.42,130967.0,431480979.00
20110712,10.31,10.36,9.90,10.00,180603.0,573997323.00
20110713,9.78,9.94,9.69,9.90,167815.0,519016769.00
20110714,9.90,10.02,9.31,9.52,193804.0,588273968.00
20110715,9.46,9.58,9.25,9.46,139468.0,413502318.00
20110718,9.46,10.35,9.43,10.17,313659.0,976900506.00
20110719,9.87,9.98,9.49,9.54,160857.0,488925108.00
20110720,9.68,9.92,9.55,9.65,110172.0,338149346.00
20110721,9.54,9.55,9.21,9.26,100731.0,295566876.00
20110722,9.27,9.40,9.14,9.33,61436.0,180016380.00
20110725,9.21,9.25,8.73,8.78,85728.0,242368968.00
20110726,8.79,8.98,8.67,8.89,54683.0,152789204.00
20110727,8.86,9.30,8.70,9.27,99175.0,284095006.00
20110728,9.08,9.11,8.86,9.01,57659.0,163589283.00
20110729,9.02,9.27,8.89,8.94,51224.0,146357835.00
20110801,8.91,9.39,8.89,9.24,83125.0,241332081.00
20110802,9.10,10.14,8.95,9.73,173749.0,524957816.00
20110803,9.59,10.16,9.53,9.70,132819.0,411353363.00
20110804,9.62,9.80,9.41,9.50,86576.0,259924071.00
20110805,9.06,9.32,8.89,9.09,73093.0,209889849.00
20110808,8.89,8.89,8.19,8.33,90570.0,243182930.00
20110809,7.94,8.48,7.64,8.40,89982.0,230757588.00
20110810,8.57,8.70,8.39,8.40,73566.0,197888411.00
20110811,7.95,8.43,7.95,8.41,52259.0,136539948.00
20110812,8.49,8.85,8.46,8.53,68325.0,186010041.00
20110815,8.57,9.25,8.57,9.03,116744.0,330605642.00
20110816,8.98,8.98,8.73,8.76,66999.0,186667622.00
20110817,8.73,8.94,8.70,8.82,37897.0,105697707.00
20110818,8.83,8.88,8.48,8.51,46994.0,127311203.00
20110819,8.25,8.37,8.15,8.29,38502.0,100115453.00
20110822,8.29,8.45,8.22,8.35,34515.0,90872027.00
20110823,8.36,8.50,8.14,8.45,56652.0,148580317.00
20110824,8.44,8.45,8.14,8.17,79057.0,205672342.00
20110825,8.11,8.29,7.95,8.24,60247.0,154614134.00
20110826,8.19,8.40,8.15,8.28,53236.0,139008104.00
20110829,8.26,8.27,8.13,8.13,34794.0,89636483.00
20110830,8.17,8.41,8.13,8.16,54540.0,142259341.00
20110831,8.15,8.15,7.72,7.87,54482.0,135470419.00
20110901,7.87,7.96,7.62,7.65,47168.0,114918402.00
20110902,7.62,7.70,7.50,7.64,31158.0,74780194.00
20110905,7.66,7.66,7.19,7.24,39031.0,90812425.00
20110906,7.19,7.33,7.10,7.24,30109.0,68575715.00
20110907,7.28,7.57,7.28,7.45,45150.0,105666086.00
20110908,7.46,7.46,7.14,7.15,37889.0,87172278.00
20110913,6.70,6.81,6.51,6.71,43216.0,90861034.00
20110914,6.67,6.79,6.55,6.78,33721.0,71230770.00
20110915,6.67,6.87,6.67,6.68,36668.0,78076319.00
20110916,6.74,6.77,6.59,6.60,30065.0,62949125.00
20110919,6.57,6.57,6.22,6.24,39875.0,79635510.00
20110920,6.10,6.47,6.09,6.37,39466.0,78759989.00
20110921,6.32,6.61,6.31,6.55,40636.0,82979389.00
20110922,6.50,6.50,6.31,6.32,33515.0,67388145.00
20110923,6.13,6.24,6.08,6.13,25275.0,48782242.00
20110926,6.10,6.25,6.05,6.09,24209.0,46876229.00
20110927,6.11,6.70,6.09,6.65,99018.0,201724685.00
20110928,6.65,6.77,6.41,6.46,78687.0,162621765.00
20110929,6.35,6.53,6.19,6.26,41532.0,82909264.00
20110930,6.09,6.21,6.03,6.13,54027.0,104445048.00
20111010,6.13,6.19,5.71,5.74,77394.0,141509108.00
20111011,5.90,6.02,5.64,5.72,55202.0,101359588.00
20111012,5.71,5.94,5.52,5.90,57690.0,105478569.00
20111013,5.87,6.43,5.79,6.30,104175.0,202740318.00
20111014,6.19,6.24,6.10,6.22,63004.0,122617012.00
20111017,6.22,6.28,6.13,6.24,39250.0,76818559.00
20111018,6.19,6.19,5.90,5.90,50845.0,95909677.00
20111019,5.89,6.38,5.86,6.16,64461.0,124724510.00
20111020,6.06,6.15,5.81,6.02,33208.0,62801070.00
20111021,6.03,6.34,6.03,6.16,61085.0,119554778.00
20111024,6.17,6.71,6.17,6.60,114641.0,234132970.00
20111025,6.58,6.87,6.39,6.73,107217.0,223752474.00
20111026,6.58,6.76,6.52,6.60,84787.0,176998267.00
20111027,6.66,7.10,6.61,6.87,121013.0,261296630.00
20111028,6.98,7.00,6.76,6.90,79810.0,172896218.00
20111031,6.95,7.36,6.95,7.25,119402.0,272001161.00
20111101,7.17,7.98,7.11,7.98,191982.0,468118074.00
20111102,7.95,8.30,7.89,8.20,181020.0,461834625.00
20111103,8.06,8.12,7.92,8.04,126868.0,320353121.00
20111104,8.04,8.09,7.89,7.95,77110.0,193524047.00
20111107,7.87,7.87,7.59,7.73,74115.0,180182963.00
20111108,7.68,7.93,7.65,7.73,70743.0,174134789.00
20111109,7.73,7.82,7.43,7.75,68894.0,165665084.00
20111110,7.56,7.63,7.47,7.55,71510.0,169817537.00
20111111,7.52,7.61,7.38,7.40,49542.0,116849284.00
20111114,7.78,8.14,7.72,8.14,106506.0,268667950.00
20111115,8.73,8.94,8.41,8.73,240772.0,658952721.00
20111116,8.62,8.62,8.32,8.39,120478.0,322319312.00
20111117,8.36,8.62,8.36,8.42,81369.0,217634490.00
20111118,8.25,8.25,7.92,7.97,87043.0,220947515.00
20111121,7.99,8.33,7.96,8.08,73779.0,189062400.00
20111122,7.87,8.07,7.72,8.06,60908.0,152078590.00
20111123,8.06,8.12,7.94,7.94,47455.0,120153985.00
20111124,7.84,8.21,7.65,8.03,82081.0,205791031.00
20111125,7.94,8.01,7.73,7.78,47612.0,117985421.00
20111128,7.78,7.95,7.74,7.81,31046.0,76715698.00
20111129,7.94,7.98,7.84,7.93,37959.0,94596184.00
20111130,7.93,7.93,7.35,7.41,55963.0,134547566.00
20111201,7.71,7.89,7.53,7.59,49736.0,120475605.00
20111202,7.55,7.65,7.32,7.40,32722.0,76633888.00
20111205,7.37,7.37,6.98,6.99,28549.0,63877560.00
20111206,6.98,7.16,6.98,7.07,22642.0,50403461.00
20111207,7.07,7.17,6.98,7.15,21352.0,47817081.00
20111208,7.18,7.38,6.82,7.27,47623.0,106940040.00
20111209,7.16,7.23,7.07,7.17,27342.0,61648747.00
20111212,7.30,7.75,7.30,7.31,57108.0,134749617.00
20111213,7.21,7.22,6.82,7.00,33690.0,74647982.00
20111214,6.98,7.14,6.86,6.88,30253.0,66729057.00
20111215,6.82,6.82,6.35,6.52,31171.0,64718435.00
20111216,6.51,6.82,6.41,6.81,30493.0,63612934.00
20111219,6.79,7.35,6.63,7.26,80681.0,181381183.00
20111220,7.14,7.36,7.11,7.17,43622.0,99402719.00
20111221,7.24,7.29,6.72,6.73,35454.0,78590714.00
20111222,6.67,7.04,6.41,6.97,46182.0,97561233.00
20111223,6.86,7.17,6.84,6.96,37162.0,82163179.00
20111226,6.98,7.26,6.93,7.03,41860.0,93804455.00
20111227,6.98,7.00,6.74,6.89,31197.0,67408201.00
20111228,6.67,6.96,6.64,6.93,30134.0,64545882.00
20111229,6.89,7.14,6.83,7.06,38408.0,85151959.00
20111230,7.11,7.24,7.06,7.24,39896.0,90019662.00
20120104,7.43,7.43,7.07,7.12,40996.0,94161297.00
20120105,6.99,7.15,6.82,6.83,29059.0,63797562.00
20120106,6.76,6.95,6.67,6.95,22513.0,48216941.00
20120109,6.90,7.27,6.48,7.24,47875.0,104956814.00
20120110,7.11,7.68,7.07,7.54,63688.0,149230089.00
20120111,7.46,8.22,7.44,7.73,76042.0,186988088.00
20120112,7.61,7.99,7.57,7.75,58184.0,143948390.00
20120113,7.75,7.87,7.46,7.58,44987.0,108629768.00
20120116,7.53,7.86,7.48,7.48,49841.0,120408937.00
20120117,7.52,8.08,7.52,8.03,57384.0,141487118.00
20120118,8.03,8.18,7.72,7.83,45105.0,112990107.00
20120119,7.80,7.91,7.58,7.69,33100.0,80692158.00
20120120,7.71,7.84,7.68,7.72,22150.0,54114390.00
20120130,7.78,7.86,7.65,7.70,20746.0,50702772.00
20120131,7.72,7.75,7.40,7.54,30486.0,72071839.00
20120201,7.55,7.61,7.43,7.45,17325.0,41103839.00
20120202,7.36,7.65,7.36,7.65,27722.0,65966198.00
20120203,7.65,7.76,7.58,7.71,30822.0,74590175.00
20120206,7.71,7.78,7.53,7.63,25644.0,61517773.00
20120207,7.60,8.11,7.49,7.88,71684.0,177178715.00
20120208,7.88,8.47,7.82,8.44,116558.0,301837522.00
20120209,8.35,8.51,8.21,8.32,74851.0,196563140.00
20120210,8.26,8.32,8.19,8.24,40724.0,105740243.00
20120213,8.19,8.41,8.09,8.25,42273.0,109958228.00
20120214,8.20,8.37,8.11,8.27,39010.0,101528898.00
20120215,8.27,8.38,8.20,8.34,44866.0,117460672.00
20120216,8.28,8.42,8.19,8.24,44392.0,116198860.00
20120217,8.28,8.61,8.26,8.28,50112.0,132648027.00
20120220,8.41,8.41,8.12,8.13,41224.0,107147841.00
20120221,8.04,8.21,8.03,8.18,26995.0,69059158.00
20120222,8.15,8.60,8.15,8.49,80358.0,214277552.00
20120223,8.44,8.63,8.32,8.42,44276.0,117920673.00
20120224,8.45,8.47,8.25,8.42,46983.0,123487423.00
20120227,8.81,9.01,8.42,8.43,84438.0,231570721.00
20120228,8.34,8.56,8.25,8.37,43356.0,114483216.00
20120229,8.31,8.44,8.26,8.30,29950.0,78530112.00
20120301,8.29,8.33,8.13,8.17,34151.0,88369088.00
20120302,8.17,8.30,8.17,8.30,32292.0,83958756.00
20120305,8.34,8.41,8.27,8.38,36594.0,96046724.00
20120306,8.41,8.69,8.41,8.46,72990.0,195776803.00
20120307,8.27,8.67,8.17,8.66,81430.0,216707817.00
20120308,8.74,8.95,8.57,8.61,104935.0,289337827.00
20120309,8.57,8.78,8.48,8.69,51002.0,138429287.00
20120312,8.69,8.69,8.54,8.61,34523.0,93546709.00
20120313,8.61,8.62,8.49,8.61,29495.0,79474879.00
20120314,8.62,8.66,7.92,8.05,62834.0,165400158.00
20120315,8.04,8.16,7.70,7.81,50746.0,125686098.00
20120316,7.81,8.08,7.79,8.05,36234.0,90642147.00
20120319,8.06,8.38,7.94,8.37,57589.0,149222472.00
20120320,8.42,8.50,8.20,8.24,43940.0,115424676.00
20120321,8.26,8.39,8.13,8.36,34247.0,89134580.00
20120322,8.36,8.62,8.29,8.56,68658.0,183897267.00
20120323,8.49,8.62,8.14,8.25,37174.0,98109878.00
20120326,8.01,8.41,7.94,8.40,51925.0,133654516.00
20120327,8.40,8.60,8.34,8.54,67031.0,179847330.00
20120328,8.57,8.60,8.27,8.33,64156.0,171008034.00
20120329,8.25,8.68,8.03,8.63,80827.0,215625319.00
20120330,8.64,8.98,8.52,8.98,102459.0,283343132.00
20120405,8.95,9.24,8.77,9.18,86704.0,245273011.00
20120406,9.14,9.27,8.95,9.01,67114.0,193116337.00
20120409,8.90,9.08,8.76,9.01,42902.0,120218312.00
20120410,8.95,9.15,8.73,9.12,42212.0,118870349.00
20120411,8.98,9.87,8.92,9.71,98959.0,299891019.00
20120412,9.53,10.13,9.52,9.97,74204.0,230078580.00
20120413,9.94,10.03,9.75,9.79,43327.0,134673039.00
20120416,9.74,9.92,9.54,9.73,43147.0,132559812.00
20120417,9.82,9.99,9.55,9.73,45712.0,140436173.00
20120418,9.68,10.05,9.62,9.95,72398.0,225640951.00
20120419,10.10,10.38,9.05,9.14,198246.0,595122837.00
20120420,8.95,8.98,8.73,8.82,106178.0,294956711.00
20120423,8.82,8.85,8.57,8.60,56624.0,155304924.00
20120424,8.52,8.95,8.48,8.87,82789.0,228743903.00
20120425,8.82,8.82,8.60,8.70,45102.0,123398872.00
20120426,8.58,8.69,8.37,8.38,59030.0,157527944.00
20120427,8.32,8.37,8.12,8.18,49551.0,128070226.00
20120502,8.18,8.46,8.18,8.34,46740.0,123018469.00
20120503,8.34,8.39,8.25,8.36,26711.0,69911790.00
20120504,8.38,8.48,8.37,8.45,28791.0,76562564.00
20120507,8.43,8.74,8.35,8.50,62595.0,169367221.00
20120508,8.54,8.54,8.35,8.47,42471.0,112768729.00
20120509,8.44,8.44,8.18,8.20,39321.0,102409032.00
20120510,8.20,8.28,8.02,8.12,43665.0,111693182.00
20120511,8.06,8.19,7.99,8.05,23280.0,59315490.00
20120514,8.06,8.17,7.88,7.89,39068.0,98166519.00
20120515,7.80,7.80,7.52,7.68,51410.0,123442459.00
20120516,7.68,7.74,7.60,7.67,26989.0,65121131.00
20120517,7.69,8.04,7.69,7.97,65484.0,164091695.00
20120518,7.90,7.97,7.67,7.68,37539.0,92469630.00
20120521,7.68,7.88,7.62,7.80,29951.0,73216637.00
20120522,7.81,7.89,7.81,7.89,26999.0,66868852.00
20120523,7.86,7.96,7.78,7.87,32632.0,80804122.00
20120524,7.87,7.94,7.64,7.67,33632.0,82738892.00
20120525,7.70,7.82,7.64,7.74,20545.0,49904448.00
20120528,7.46,7.60,6.96,7.54,62823.0,144503737.00
20120529,7.53,7.84,7.24,7.71,85981.0,204299593.00
20120530,7.71,7.85,7.71,7.76,55938.0,137188633.00
20120531,7.87,7.87,7.75,7.81,47822.0,117811386.00
20120601,7.82,7.83,7.62,7.71,31677.0,76729311.00
20120604,7.55,7.72,7.46,7.51,32694.0,77772601.00
20120605,7.55,7.59,7.30,7.36,24190.0,56368164.00
20120606,7.38,7.51,7.30,7.35,17143.0,39938208.00
20120607,7.43,7.46,7.22,7.24,17467.0,40352542.00
20120611,7.25,7.35,7.08,7.28,24914.0,56583690.00
20120612,7.25,7.25,7.09,7.10,20288.0,45609619.00
20120613,7.09,7.20,7.05,7.16,19426.0,43627621.00
20120614,7.17,7.67,7.17,7.41,52912.0,124794595.00
20120615,7.31,7.44,7.24,7.34,24297.0,56223234.00
20120618,7.41,7.68,7.40,7.48,36625.0,87152162.00
20120619,7.45,7.52,7.36,7.37,20730.0,48380363.00
20120620,7.37,7.47,7.31,7.35,16392.0,38035604.00
20120621,7.35,7.36,7.16,7.21,18890.0,42904824.00
20120625,7.19,7.19,6.92,6.92,19647.0,43431618.00
20120626,6.82,6.92,6.71,6.86,17957.0,38505721.00
20120627,6.74,6.91,6.74,6.80,13219.0,28514753.00
20120628,6.80,6.88,6.45,6.48,29925.0,62411821.00
20120629,6.46,6.46,5.92,6.30,34478.0,67254313.00
20120702,6.25,6.47,6.07,6.43,44872.0,88292269.00
20120703,6.28,6.32,6.18,6.29,62131.0,122203002.00
20120704,6.16,6.21,6.05,6.06,58769.0,113202567.00
20120705,5.94,6.14,5.89,6.07,32140.0,61046773.00
20120706,6.13,6.25,6.00,6.23,37027.0,71610144.00
20120709,6.13,6.24,6.02,6.04,47780.0,91371348.00
20120710,6.06,6.14,6.02,6.05,33817.0,64719309.00
20120711,6.06,6.20,5.89,6.03,40404.0,77261805.00
20120712,6.05,6.30,6.05,6.24,47471.0,91955839.00
20120713,6.17,6.17,5.97,6.05,97913.0,186213959.00
20120716,5.86,5.86,5.44,5.44,97448.0,170302952.00
20120717,5.27,5.44,5.24,5.38,35744.0,60308257.00
20120718,5.38,5.48,5.32,5.45,33584.0,57447615.00
20120719,5.45,5.56,5.43,5.52,32479.0,56457415.00
20120720,5.40,5.45,5.26,5.31,55340.0,93388467.00
20120723,5.29,5.39,5.07,5.29,29871.0,49593251.00
20120724,5.28,5.39,5.24,5.35,26822.0,45168301.00
20120725,5.35,5.37,5.15,5.17,45791.0,75476970.00
20120726,5.05,5.06,4.82,4.86,109948.0,171077012.00
20120727,4.88,4.91,4.68,4.80,82361.0,123945298.00
20120730,4.76,4.76,4.42,4.51,132211.0,190590100.00
20120731,4.51,4.52,4.31,4.51,55477.0,77928812.00
20120801,4.44,4.60,4.42,4.53,52149.0,74648665.00
20120802,4.51,4.62,4.48,4.54,54662.0,78435106.00
20120803,4.56,4.59,4.42,4.57,66197.0,94384923.00
20120806,4.65,4.95,4.65,4.90,182926.0,277858229.00
20120807,4.92,4.93,4.82,4.88,97620.0,149919328.00
20120808,4.89,4.89,4.75,4.77,70480.0,106520768.00
20120809,4.75,4.97,4.67,4.89,120212.0,184361368.00
20120810,4.89,4.95,4.84,4.90,77746.0,119840278.00
20120813,4.89,4.89,4.66,4.68,65281.0,97784940.00
20120814,4.63,4.72,4.52,4.67,53287.0,77684211.00
20120815,4.67,4.67,4.58,4.58,31673.0,45996856.00
20120816,4.57,4.61,4.51,4.53,29153.0,41951567.00
20120817,4.53,4.65,4.52,4.62,45305.0,65722771.00
20120820,4.62,4.72,4.55,4.70,57091.0,83525060.00
20120821,4.72,4.90,4.68,4.82,104418.0,158036031.00
20120822,4.82,4.85,4.68,4.71,61499.0,92214928.00
20120823,4.75,4.84,4.73,4.80,60434.0,91057720.00
20120824,4.79,4.83,4.70,4.73,55142.0,82510954.00
20120827,4.69,4.90,4.54,4.79,96501.0,143985792.00
20120828,4.67,4.89,4.60,4.80,84937.0,128090038.00
20120829,4.73,4.98,4.71,4.98,154392.0,238633669.00
20120830,4.94,5.01,4.80,4.94,109784.0,170219261.00
20120831,4.92,5.00,4.90,4.97,82908.0,129438237.00
20120903,4.97,5.07,4.94,4.96,115846.0,182750945.00
20120904,4.95,4.96,4.86,4.95,89431.0,138351533.00
20120905,4.92,5.01,4.86,4.91,66084.0,102732173.00
20120906,4.89,5.03,4.87,5.01,76968.0,120622415.00
20120907,5.03,5.25,5.00,5.19,141837.0,230452306.00
20120910,5.25,5.51,5.25,5.29,131594.0,221199828.00
20120911,5.26,5.40,5.16,5.33,86698.0,145167092.00
20120912,5.35,5.45,5.24,5.33,73461.0,123516551.00
20120913,5.33,5.38,5.18,5.18,62319.0,104041399.00
20120914,5.23,5.32,5.15,5.29,67935.0,112335580.00
20120917,5.37,5.45,5.20,5.22,88448.0,148793443.00
20120918,5.21,5.21,4.99,5.02,54898.0,87662433.00
20120919,5.00,5.09,4.99,5.05,30040.0,47747544.00
20120920,5.02,5.03,4.88,4.95,62782.0,97830429.00
20120921,4.92,4.93,4.70,4.75,57410.0,86785598.00
20120924,4.72,4.75,4.58,4.71,38454.0,56472493.00
20120925,4.69,4.79,4.66,4.69,28436.0,42344436.00
20120926,4.68,4.72,4.41,4.44,64931.0,92126752.00
20120927,4.52,4.55,4.29,4.49,68911.0,96101735.00
20120928,4.42,4.55,4.40,4.55,51112.0,72530123.00
20121008,4.54,4.60,4.51,4.54,30041.0,43076767.00
20121009,4.54,4.75,4.54,4.71,45485.0,66935624.00
20121010,4.73,4.95,4.73,4.94,87236.0,134115557.00
20121011,4.95,4.97,4.76,4.78,42703.0,65205186.00
20121012,4.77,4.88,4.68,4.80,35656.0,53825294.00
20121015,4.80,4.85,4.75,4.82,30335.0,45978494.00
20121016,4.82,4.84,4.74,4.76,24305.0,36674952.00
20121017,4.76,4.80,4.72,4.77,17261.0,25893767.00
20121018,4.77,4.89,4.77,4.86,37120.0,56752015.00
20121019,4.87,5.01,4.85,4.92,53987.0,83945081.00
20121022,4.90,4.90,4.84,4.88,23375.0,35862455.00
20121023,4.88,4.92,4.79,4.82,36208.0,55244786.00
20121024,4.80,4.82,4.73,4.75,30255.0,45501159.00
20121025,4.74,4.88,4.73,4.76,31744.0,48008525.00
20121026,4.76,4.81,4.58,4.59,39485.0,57644772.00
20121029,4.59,4.70,4.53,4.55,20812.0,30123074.00
20121030,4.48,4.55,4.48,4.50,34966.0,49611437.00
20121031,4.49,4.60,4.45,4.57,20159.0,28746923.00
20121101,4.60,4.73,4.58,4.69,25303.0,37284806.00
20121102,4.70,4.72,4.62,4.67,23949.0,35157035.00
20121105,4.68,4.85,4.67,4.82,52074.0,78714879.00
20121106,4.79,4.98,4.76,4.94,75763.0,117413029.00
20121107,4.94,5.23,4.88,5.17,111286.0,178165456.00
20121108,5.11,5.14,4.92,4.92,74139.0,117354838.00
20121109,4.87,5.22,4.86,5.15,83426.0,133199483.00
20121112,5.19,5.55,5.19,5.41,168199.0,286375515.00
20121113,5.36,5.42,5.20,5.20,83539.0,138873639.00
20121114,5.20,5.38,5.11,5.16,70680.0,116664917.00
20121115,5.16,5.17,5.02,5.08,48839.0,78081525.00
20121116,5.07,5.17,5.02,5.15,39527.0,63364397.00
20121119,5.00,5.09,4.91,5.05,53321.0,83921635.00
20121120,5.05,5.09,4.97,5.00,37895.0,59931304.00
20121121,4.98,5.15,4.98,5.15,43856.0,70438676.00
20121122,5.15,5.16,5.05,5.16,29972.0,48183933.00
20121123,5.17,5.30,5.15,5.23,59717.0,98639643.00
20121126,5.23,5.23,5.03,5.03,25660.0,41531751.00
20121127,5.04,5.06,4.92,4.93,29579.0,46255280.00
20121128,4.90,4.90,4.67,4.77,38768.0,57991495.00
20121129,4.78,4.87,4.70,4.72,18495.0,27891410.00
20121130,4.75,4.91,4.75,4.90,24881.0,38011479.00
20121203,4.88,4.97,4.80,4.91,34977.0,53883049.00
20121204,4.91,4.93,4.75,4.89,26094.0,39928293.00
20121205,4.87,5.25,4.86,5.18,70558.0,113243231.00
20121206,5.18,5.22,5.08,5.09,31792.0,51449257.00
20121207,5.09,5.24,5.08,5.22,56608.0,92605323.00
20121210,5.24,5.38,5.22,5.32,66164.0,110915546.00
20121211,5.36,5.36,5.23,5.25,35782.0,59475956.00
20121212,5.23,5.27,5.09,5.16,29784.0,48437079.00
20121213,5.14,5.38,5.11,5.22,50261.0,83635559.00
20121214,5.21,5.44,5.21,5.39,80374.0,135627419.00
20121217,5.40,5.51,5.33,5.37,64041.0,109260162.00
20121218,5.36,5.61,5.29,5.58,104590.0,180866238.00
20121219,5.57,6.06,5.48,5.93,109699.0,200553760.00
20121220,5.84,5.96,5.78,5.89,58417.0,107741789.00
20121221,5.89,6.06,5.81,5.91,66131.0,123927721.00
20121224,5.88,6.16,5.84,6.14,83074.0,158463731.00
20121225,6.15,6.27,6.04,6.17,75410.0,145878896.00
20121226,6.16,6.16,5.97,6.02,68773.0,131028029.00
20121227,6.00,6.16,5.93,6.02,61031.0,116781510.00
20121228,6.02,6.22,5.98,6.13,63206.0,122304387.00
20121231,6.18,6.50,6.18,6.46,91500.0,183544149.00
20130104,6.46,6.54,6.22,6.35,77213.0,154636023.00
20130107,6.35,6.51,6.31,6.38,52928.0,107077586.00
20130108,6.47,6.63,6.37,6.41,50963.0,103785563.00
20130109,6.43,6.89,6.42,6.75,92124.0,193045811.00
20130110,6.75,7.16,6.74,6.93,107497.0,236547021.00
20130111,6.94,7.05,6.79,6.85,67767.0,146938253.00
20130114,6.80,7.14,6.80,7.14,54682.0,121378733.00
20130115,7.14,7.83,7.14,7.57,77384.0,182723749.00
20130116,7.55,7.89,7.17,7.49,99370.0,236254816.00
20130117,7.42,7.45,7.05,7.08,75522.0,171869846.00
20130118,7.08,7.70,7.08,7.61,97992.0,227492326.00
20130121,7.66,7.79,7.50,7.61,62313.0,149974756.00
20130122,7.60,7.60,7.29,7.36,55272.0,129069386.00
20130123,7.36,7.45,7.20,7.35,42205.0,96938010.00
20130124,7.30,7.61,7.02,7.12,75245.0,174423943.00
20130125,7.15,7.30,7.11,7.13,38949.0,88147863.00
20130128,7.17,7.35,7.14,7.31,52812.0,120629414.00
20130129,7.30,7.31,7.05,7.15,71541.0,160952010.00
20130130,7.15,7.27,7.08,7.23,52260.0,118490375.00
20130131,7.24,7.45,7.12,7.45,56829.0,130500737.00
20130201,7.47,7.67,7.37,7.49,55533.0,131748702.00
20130204,7.65,7.81,7.43,7.47,60410.0,144970611.00
20130205,7.41,7.57,7.29,7.45,39874.0,93119157.00
20130206,7.46,7.66,7.41,7.60,58695.0,140119628.00
20130207,7.62,7.76,7.59,7.76,52854.0,127902839.00
20130208,7.81,8.13,7.81,8.07,70966.0,178704474.00
20130218,8.57,8.88,8.44,8.62,110008.0,300089966.00
20130219,8.57,8.63,8.23,8.30,67061.0,176302098.00
20130220,8.25,8.57,8.19,8.41,49573.0,131217192.00
20130221,8.28,8.38,7.97,8.04,62813.0,161137059.00
20130222,7.99,8.21,7.91,7.98,47780.0,120897594.00
20130225,8.01,8.14,7.80,8.00,42730.0,107210012.00
20130226,7.94,8.15,7.87,7.88,43639.0,109981281.00
20130227,7.94,8.09,7.88,7.90,36331.0,91004433.00
20130228,7.83,8.09,7.83,8.01,52371.0,131770807.00
20130301,7.94,8.11,7.81,8.11,69118.0,174209887.00
20130304,8.09,8.25,7.87,7.94,59675.0,151656356.00
20130305,7.94,8.13,7.88,8.13,46790.0,118145618.00
20130306,8.12,8.18,7.96,8.07,55970.0,142180794.00
20130307,8.02,8.03,7.39,7.55,105146.0,253934544.00
20130308,7.63,7.73,7.42,7.48,47794.0,114672913.00
20130311,7.48,7.76,7.44,7.57,35913.0,86345675.00
20130312,7.61,7.68,7.24,7.37,46399.0,108519545.00
20130313,7.38,7.49,7.22,7.31,29771.0,68843897.00
20130314,7.36,7.42,7.25,7.39,38827.0,89720593.00
20130315,7.38,7.63,7.25,7.42,46010.0,108430219.00
20130318,7.23,7.35,7.03,7.04,50972.0,114741258.00
20130319,7.06,7.14,6.95,7.10,33000.0,73195333.00
20130320,7.13,7.59,7.13,7.54,74418.0,174292109.00
20130321,7.60,7.61,7.33,7.46,72048.0,169520601.00
20130322,7.43,7.48,7.35,7.43,30955.0,72317963.00
20130325,7.62,7.67,7.42,7.46,38446.0,90952192.00
20130326,7.43,7.43,7.27,7.34,30231.0,69854516.00
20130327,7.34,7.51,7.33,7.41,27339.0,63971266.00
20130328,7.36,7.36,6.99,7.21,34518.0,78140318.00
20130329,7.27,7.30,6.98,7.01,33413.0,74933461.00
20130401,6.97,6.99,6.80,6.86,34609.0,74969527.00
20130402,6.94,7.10,6.86,6.89,35207.0,77364268.00
20130403,6.92,7.02,6.82,6.90,20249.0,44039284.00
20130408,6.63,6.79,6.52,6.78,59569.0,124842596.00
20130409,6.78,6.94,6.78,6.81,28530.0,61438026.00
20130410,6.80,6.91,6.68,6.70,31786.0,67948716.00
20130411,6.78,6.90,6.77,6.80,32685.0,70483535.00
20130412,6.73,6.82,6.70,6.76,15689.0,33393971.00
20130415,6.79,6.82,6.45,6.52,33654.0,69633312.00
20130416,6.42,6.71,6.34,6.67,28238.0,57905067.00
20130417,6.67,6.75,6.62,6.74,21857.0,46081494.00
20130418,6.68,6.98,6.67,6.95,38117.0,82138162.00
20130419,6.98,7.33,6.98,7.19,69800.0,157526794.00
20130422,7.14,7.60,7.13,7.59,82232.0,191601404.00
20130423,7.59,7.61,7.35,7.38,63595.0,149046099.00
20130424,7.37,7.78,7.33,7.74,69404.0,167096657.00
20130425,7.73,7.99,7.46,7.56,88540.0,216733074.00
20130426,7.87,7.97,7.73,7.79,78829.0,194928308.00
20130502,7.74,7.95,7.55,7.81,63377.0,155481270.00
20130503,7.92,8.57,7.90,8.32,145265.0,380915045.00
20130506,8.41,9.15,8.33,9.15,256016.0,720511891.00
20130507,9.27,9.63,9.12,9.35,259112.0,764331565.00
20130508,9.21,9.56,9.12,9.42,153535.0,451462767.00
20130509,9.42,10.36,9.42,10.36,335711.0,1068622482.00
20130510,10.41,10.82,10.17,10.79,328830.0,1094651165.00
20130513,10.47,11.29,10.19,10.54,236416.0,801947480.00
20130514,10.76,11.59,10.25,11.59,296803.0,1026137708.00
20130515,11.24,12.05,10.95,11.65,286839.0,1044143508.00
20130516,11.64,11.91,11.41,11.82,197313.0,726134652.00
20130517,11.79,12.00,11.46,11.55,210418.0,778123937.00
20130520,11.35,11.70,11.20,11.47,192931.0,694139731.00
20130521,11.47,11.90,11.27,11.38,178125.0,650549337.00
20130522,11.42,11.87,11.36,11.82,221870.0,812052495.00
20130523,11.64,11.65,10.95,11.05,226419.0,800830595.00
20130524,11.08,11.21,10.89,11.11,107389.0,375091523.00
20130527,11.24,11.39,11.07,11.21,125831.0,445116662.00
20130528,11.08,11.20,10.67,11.00,137515.0,475029286.00
20130529,11.28,12.10,11.08,11.98,329075.0,1212347598.00
20130530,11.59,11.76,11.43,11.67,181106.0,660654955.00
20130531,11.62,11.71,11.19,11.20,104421.0,374403439.00
20130603,11.17,11.41,10.92,11.15,68672.0,242004305.00
20130604,11.11,11.35,10.52,10.80,104998.0,361814347.00
20130605,10.78,10.86,10.40,10.55,100611.0,336162695.00
20130606,10.61,10.73,10.36,10.60,105349.0,351526527.00
20130607,10.50,10.70,10.24,10.44,77918.0,257875686.00
20130613,10.25,10.26,9.53,9.97,96745.0,302828721.00
20130614,9.98,10.77,9.98,10.63,116210.0,383127144.00
20130617,10.63,11.11,10.47,10.74,116246.0,396434574.00
20130618,10.88,11.16,10.81,11.03,100006.0,346929718.00
20130619,11.01,11.22,10.92,11.01,91472.0,318463062.00
20130620,10.75,10.75,10.09,10.11,136134.0,446084541.00
20130621,9.71,10.44,9.38,10.35,120375.0,374956267.00
20130624,10.25,10.25,9.31,9.31,115664.0,353537304.00
20130625,9.00,9.61,8.43,9.51,149074.0,432101001.00
20130626,9.56,9.81,9.38,9.74,116495.0,353382843.00
20130627,9.81,9.91,9.21,9.39,102569.0,310677913.00
20130628,9.31,9.74,9.19,9.49,68766.0,205043987.00
20130701,9.62,10.44,9.52,10.44,143720.0,454158773.00
20130702,10.76,11.36,10.61,11.16,187463.0,652008421.00
20130703,11.14,11.55,10.87,11.41,192785.0,685296807.00
20130704,11.43,12.54,11.24,12.24,259707.0,982744928.00
20130705,12.38,12.38,11.65,11.77,182267.0,688209685.00
20130708,11.43,12.00,11.17,11.52,151528.0,552160253.00
20130709,11.42,11.55,10.87,11.09,170069.0,597007080.00
20130710,11.07,11.46,11.01,11.43,145541.0,515553471.00
20130711,11.33,11.67,11.22,11.33,159869.0,575168539.00
20130712,11.27,11.66,11.20,11.32,126699.0,457512227.00
20130715,11.92,12.22,11.67,11.72,184197.0,692266989.00
20130716,11.86,12.15,11.78,11.95,130614.0,490726782.00
20130717,11.56,11.57,11.07,11.12,208267.0,742474924.00
20130718,11.29,11.40,11.12,11.18,105700.0,375651353.00
20130719,11.17,11.36,10.81,11.21,122423.0,426767170.00
20130722,11.03,11.20,10.91,11.14,69415.0,242097807.00
20130723,11.27,11.49,11.22,11.40,107115.0,384836238.00
20130724,11.43,11.43,11.01,11.24,90547.0,319635441.00
20130725,11.23,11.61,11.18,11.24,112339.0,403675856.00
20130726,11.07,11.26,10.77,10.84,87922.0,302190132.00
20130729,10.88,11.07,10.73,10.81,53996.0,185342734.00
20130730,10.97,11.05,10.54,10.66,64363.0,217796854.00
20130731,10.66,10.82,10.47,10.51,59082.0,197413343.00
20130801,10.51,11.17,10.51,11.14,105809.0,361872569.00
20130802,11.19,11.25,10.92,10.96,63970.0,223648761.00
20130805,10.96,11.23,10.90,11.14,72684.0,253598439.00
20130806,11.17,11.89,11.17,11.68,173194.0,630330483.00
20130807,11.57,11.68,11.30,11.43,98675.0,355418545.00
20130808,11.54,11.73,11.43,11.52,95253.0,347464960.00
20130809,11.72,11.81,11.11,11.27,102891.0,370041670.00
20130812,11.36,11.45,11.14,11.35,86226.0,305917442.00
20130813,11.27,11.52,11.14,11.45,88367.0,316751470.00
20130814,11.43,11.64,11.27,11.33,71473.0,257357462.00
20130815,11.22,11.30,10.94,10.94,78866.0,274932871.00
20130816,10.88,11.11,10.58,10.62,68050.0,232989107.00
20130819,10.57,10.98,10.48,10.88,51524.0,175472742.00
20130820,10.83,10.95,10.63,10.71,51040.0,173480422.00
20130821,10.78,10.81,10.61,10.74,41636.0,140188004.00
20130822,10.75,11.25,10.68,11.19,89487.0,308922888.00
20130823,11.22,11.48,11.03,11.41,142931.0,508302105.00
20130826,11.36,11.36,10.98,11.14,173206.0,606759697.00
20130827,11.08,11.08,10.75,10.94,132008.0,452197429.00
20130828,10.83,10.84,10.54,10.55,139467.0,467127587.00
20130829,10.55,10.78,10.50,10.53,75671.0,252822152.00
20130830,10.60,10.63,9.83,10.08,149045.0,476847240.00
20130902,10.08,10.34,10.03,10.14,89709.0,288262869.00
20130903,10.23,10.62,10.18,10.55,103765.0,341799997.00
20130904,10.62,10.79,10.52,10.57,76558.0,256478102.00
20130905,10.51,10.62,10.37,10.54,70237.0,232680263.00
20130906,10.52,11.59,10.48,11.59,288451.0,1023390179.00
20130909,12.02,12.46,11.83,11.94,292994.0,1114430052.00
20130910,11.90,12.47,11.73,12.04,215613.0,825355765.00
20130911,12.51,13.24,12.04,13.24,350410.0,1409805006.00
20130912,13.17,13.64,12.79,12.86,266403.0,1102287898.00
20130913,12.90,13.10,12.63,12.86,169308.0,685531149.00
20130916,12.78,13.17,12.47,12.56,145543.0,587800107.00
20130917,12.69,12.86,12.22,12.38,125673.0,492353440.00
20130918,12.61,12.79,11.59,12.38,256320.0,974382504.00
20130923,12.38,13.44,12.24,13.19,246986.0,1001651443.00
20130924,13.01,13.48,12.94,12.99,161259.0,671137077.00
20130925,12.97,13.11,12.38,12.38,121111.0,482518468.00
20130926,12.24,12.66,12.09,12.42,102401.0,400311919.00
20130927,12.35,12.64,12.05,12.12,79204.0,305907068.00
20130930,12.07,12.63,12.06,12.49,72025.0,282920318.00
20131008,13.01,13.17,12.70,12.74,97925.0,398088751.00
20131009,12.63,13.08,12.54,12.95,85635.0,348231569.00
20131010,13.01,13.13,12.52,12.54,101034.0,406376011.00
20131011,12.61,12.73,12.35,12.67,80972.0,320374628.00
20131014,12.70,12.70,12.22,12.30,84474.0,328610801.00
20131015,12.27,12.57,12.27,12.40,60557.0,236762260.00
20131016,12.35,12.35,11.94,12.03,68016.0,259031358.00
20131017,12.11,12.29,12.00,12.01,43854.0,167076883.00
20131018,12.01,13.08,12.00,12.93,124519.0,495888851.00
20131021,12.81,13.52,12.73,13.30,139729.0,578739518.00
20131022,13.49,13.83,13.17,13.24,140480.0,596941411.00
20131023,13.23,13.86,12.92,13.18,137881.0,585142370.00
20131024,13.07,13.14,12.57,12.91,78276.0,316801068.00
20131025,13.01,13.38,12.65,13.00,81232.0,333122277.00
20131028,13.09,13.17,12.30,12.52,70586.0,279315290.00
20131029,12.53,12.66,11.83,12.09,81727.0,312776604.00
20131030,12.12,12.47,12.00,12.47,59540.0,230479037.00
20131031,12.44,12.44,11.97,12.06,48691.0,186164415.00
20131101,12.15,12.36,12.00,12.08,46667.0,178686276.00
20131104,12.03,12.25,11.74,12.23,52087.0,197524584.00
20131105,12.11,12.44,11.90,12.33,70495.0,271130430.00
20131106,12.35,12.45,12.00,12.01,47427.0,183023852.00
20131107,11.74,11.74,11.11,11.30,92302.0,333913670.00
20131108,11.16,11.29,10.96,11.14,43188.0,151665501.00
20131111,11.20,11.64,11.20,11.43,42863.0,155050132.00
20131112,11.49,11.63,11.33,11.45,28718.0,103690362.00
20131113,11.52,11.55,11.02,11.02,38616.0,136701221.00
20131114,11.09,11.24,11.01,11.12,42452.0,148832235.00
20131115,11.22,11.62,11.13,11.40,49612.0,178491784.00
20131118,11.46,11.61,11.36,11.58,54417.0,197547444.00
20131119,11.58,11.58,11.36,11.46,44069.0,158977115.00
20131120,11.54,11.61,11.40,11.54,32787.0,118631837.00
20131121,11.43,11.47,11.17,11.28,54399.0,193318893.00
20131122,11.26,12.04,11.21,11.74,91763.0,339695493.00
20131125,11.68,11.77,11.46,11.60,42248.0,154953108.00
20131126,11.60,11.90,11.51,11.74,53604.0,197196070.00
20131127,11.74,12.20,11.71,12.10,90144.0,341146413.00
20131128,12.10,12.25,12.00,12.09,49104.0,186981108.00
20131129,12.07,12.13,11.91,12.02,44622.0,168819839.00
20131202,11.68,11.85,11.17,11.24,76965.0,278073990.00
20131203,11.17,11.49,11.11,11.41,49239.0,176377658.00
20131204,11.47,11.67,11.36,11.44,63071.0,228966973.00
20131205,11.44,12.06,11.40,11.95,102647.0,382382626.00
20131206,11.95,12.32,11.90,12.07,87848.0,335591519.00
20131209,12.09,12.20,11.89,12.05,49973.0,189190846.00
20131210,12.12,12.30,11.98,12.06,49047.0,187068487.00
20131211,12.00,12.01,11.72,11.83,37936.0,141839225.00
20131212,11.79,12.36,11.75,12.17,62497.0,238179899.00
20131213,12.00,12.37,11.97,12.29,62163.0,239904642.00
20131216,12.31,12.53,12.13,12.44,70280.0,273854236.00
20131217,12.45,12.56,12.18,12.21,55648.0,216900145.00
20131218,12.21,12.35,11.84,11.84,51212.0,194135999.00
20131219,11.93,12.11,11.83,11.92,48252.0,182118271.00
20131220,11.93,12.01,11.52,11.60,41103.0,151772226.00
20131223,11.68,11.80,11.46,11.58,29543.0,108208287.00
20131224,11.55,11.81,11.55,11.74,39985.0,147727714.00
20131225,11.77,11.96,11.69,11.82,25841.0,96198246.00
20131226,11.82,11.89,11.43,11.46,33976.0,124356882.00
20131227,11.46,11.87,11.46,11.73,42831.0,158532579.00
20131230,11.77,11.96,11.74,11.90,45978.0,172151037.00
20131231,11.78,12.10,11.78,11.96,46718.0,176795922.00
20140102,11.96,12.08,11.81,12.05,53763.0,203707635.00
20140103,12.03,12.31,11.93,12.19,52345.0,199728873.00
20140106,12.17,12.44,11.93,12.06,58809.0,226039521.00
20140107,12.03,12.37,11.97,12.21,39963.0,153426161.00
20140108,12.22,12.56,12.22,12.55,69399.0,271427920.00
20140109,12.51,12.53,12.23,12.24,53816.0,210489653.00
20140110,12.28,12.32,11.75,11.75,56431.0,213395662.00
20140113,11.76,12.05,11.74,12.01,32760.0,123123619.00
20140114,12.06,12.22,11.94,12.12,25696.0,98085041.00
20140115,12.19,12.47,12.19,12.38,42813.0,166542086.00
20140116,12.43,12.43,12.06,12.06,43986.0,169226033.00
20140117,12.07,12.15,11.86,11.87,32427.0,122435153.00
20140120,11.88,12.06,11.65,11.75,30958.0,115369984.00
20140121,11.78,11.89,11.74,11.80,30966.0,115113526.00
20140122,11.89,12.09,11.77,12.07,38101.0,143335172.00
20140123,12.09,12.15,11.75,11.89,41436.0,156108245.00
20140124,11.89,12.32,11.87,12.25,61648.0,236783430.00
20140127,12.29,12.41,12.08,12.25,63881.0,247015577.00
20140128,12.60,12.91,12.42,12.76,132412.0,529618898.00
20140129,12.79,12.80,12.54,12.62,55746.0,221854431.00
20140130,12.67,12.84,12.22,12.27,47364.0,187597859.00
20140207,12.21,12.59,12.16,12.54,48154.0,187686321.00
20140210,12.79,13.79,12.79,13.79,110837.0,475592837.00
20140211,14.57,14.74,13.91,14.06,200754.0,904745301.00
20140212,14.03,14.67,13.81,14.37,130327.0,586214627.00
20140213,14.66,15.80,14.60,15.55,225216.0,1092764563.00
20140214,15.24,15.93,15.07,15.37,132654.0,651997840.00
20140217,15.60,16.02,15.24,15.92,135797.0,668977309.00
20140218,15.81,15.81,15.06,15.22,123191.0,594298449.00
20140219,15.77,15.87,14.84,15.26,111926.0,538941288.00
20140220,15.00,15.56,15.00,15.23,104729.0,505710635.00
20140221,15.24,15.39,14.70,14.82,73410.0,346626914.00
20140224,14.60,15.60,14.47,15.46,95699.0,454881355.00
20140225,15.46,16.01,15.17,15.41,121966.0,600809803.00
20140226,15.87,16.96,15.87,16.96,249910.0,1320899478.00
20140227,17.75,18.09,16.77,16.81,261737.0,1443345963.00
20140228,16.91,18.37,16.35,18.06,221796.0,1239742992.00
20140303,18.06,18.43,17.58,18.09,147360.0,834030588.00
20140304,17.73,18.09,17.55,17.93,80020.0,449361595.00
20140305,17.78,18.82,17.65,17.81,105949.0,609022325.00
20140306,17.46,17.71,16.98,17.49,81867.0,446697651.00
20140307,17.40,18.41,17.33,17.78,82384.0,465786463.00
20140310,17.46,18.28,17.14,17.38,81474.0,454110734.00
20140311,17.29,17.76,16.09,16.48,108357.0,572298689.00
20140312,16.35,16.72,15.65,16.07,90054.0,457313732.00
20140313,16.07,16.83,15.97,16.66,73948.0,382312540.00
20140314,16.51,16.52,15.82,15.94,78315.0,398569645.00
20140317,15.97,17.01,15.97,16.98,89672.0,472444382.00
20140318,16.97,17.43,16.82,16.87,64237.0,346076471.00
20140319,16.87,17.35,16.74,17.27,51444.0,278336707.00
20140320,16.63,16.82,15.86,16.00,113729.0,587803179.00
20140321,15.87,16.62,15.24,16.32,91096.0,460050004.00
20140324,16.50,16.50,15.78,15.86,54114.0,271999475.00
20140325,15.86,16.10,15.57,15.86,43803.0,219322903.00
20140326,16.03,16.48,15.86,16.25,57808.0,296281414.00
20140327,16.25,16.39,15.71,15.92,47332.0,237768305.00
20140328,15.87,15.97,15.52,15.59,34416.0,170151124.00
20140331,15.52,15.87,15.14,15.27,43180.0,209355413.00
20140401,15.27,15.59,15.26,15.39,22966.0,111438147.00
20140402,15.48,15.80,15.39,15.46,22990.0,112801594.00
20140403,15.63,15.82,15.48,15.54,24853.0,122542607.00
20140404,15.54,15.80,15.44,15.77,21077.0,103833203.00
20140408,15.56,15.82,15.39,15.77,31248.0,153925035.00
20140409,15.51,15.97,15.51,15.90,25336.0,126411307.00
20140410,15.91,16.39,15.68,16.19,54157.0,274835618.00
20140411,16.06,16.18,15.72,15.79,32434.0,162123183.00
20140414,15.81,16.11,15.76,15.89,21580.0,108508711.00
20140415,15.87,16.10,15.40,15.42,38564.0,190314505.00
20140416,15.39,15.59,15.34,15.48,22505.0,109793352.00
20140417,15.54,15.65,15.41,15.45,20692.0,100996805.00
20140418,15.40,15.68,15.30,15.64,25267.0,123737318.00
20140421,15.71,15.95,15.52,15.57,31506.0,156325956.00
20140422,15.59,15.74,14.92,15.23,43727.0,209655624.00
20140423,15.27,15.30,14.47,14.65,56388.0,261200964.00
20140424,14.55,14.71,14.28,14.37,30741.0,140505979.00
20140425,14.43,14.98,14.43,14.65,38860.0,180877738.00
20140428,14.66,14.92,14.44,14.68,29113.0,134312272.00
20140429,14.69,14.77,14.44,14.63,19168.0,88162766.00
20140430,14.73,14.82,14.64,14.67,13543.0,62655412.00
20140505,14.63,14.63,14.19,14.49,27640.0,125476116.00
20140506,14.49,14.74,14.49,14.57,21206.0,97525009.00
20140507,14.54,14.54,13.65,13.75,55856.0,244919939.00
20140508,13.65,13.86,13.06,13.35,62251.0,264584408.00
20140509,13.02,13.14,12.66,12.93,52926.0,214866638.00
20140512,12.96,13.40,12.95,13.28,36766.0,152380680.00
20140513,13.33,13.71,13.23,13.27,53108.0,225639365.00
20140514,13.27,13.46,13.18,13.33,16181.0,68148891.00
20140515,13.35,13.47,12.98,13.03,20415.0,85160223.00
20140516,12.95,13.18,12.95,13.00,15586.0,64026200.00
20140519,13.01,13.08,12.83,12.98,13221.0,53905455.00
20140520,13.05,13.22,12.86,12.92,18147.0,74330850.00
20140521,12.86,13.21,12.70,13.20,18362.0,75337008.00
20140522,13.20,13.72,13.20,13.38,39134.0,166359966.00
20140523,13.40,13.55,13.33,13.38,9197.0,38973149.00
20140526,14.11,14.72,14.06,14.72,122116.0,557563949.00
20140527,14.66,14.81,14.36,14.81,66330.0,304523012.00
20140528,14.80,15.52,14.68,15.17,97009.0,464148247.00
20140529,15.18,15.23,14.66,14.69,47464.0,223183307.00
20140530,14.66,15.26,14.47,14.82,61013.0,286252000.00
20140603,14.82,14.90,14.49,14.57,33226.0,153274626.00
20140604,14.57,14.57,14.09,14.19,34682.0,155793347.00
20140605,14.07,14.39,14.00,14.39,28052.0,126027772.00
20140606,14.39,14.70,14.34,14.62,39217.0,180205975.00
20140609,14.63,14.72,14.44,14.51,18917.0,86951720.00
20140610,14.51,14.65,14.13,14.49,37502.0,169362251.00
20140611,14.38,14.46,14.26,14.38,19576.0,88437285.00
20140612,14.38,14.64,14.30,14.33,33456.0,152811940.00
20140613,14.51,15.24,14.33,15.17,104806.0,493899701.00
20140616,15.10,15.23,14.79,14.97,60499.0,285677497.00
20140617,14.89,15.14,14.79,14.81,46524.0,219405676.00
20140618,14.84,15.04,14.79,14.92,36708.0,172522750.00
20140619,14.92,15.04,14.35,14.54,29173.0,135195900.00
20140620,14.70,14.99,14.44,14.79,45452.0,212481405.00
20140623,14.92,15.03,14.76,14.86,25603.0,120016815.00
20140624,15.06,15.43,14.90,15.38,79872.0,382208651.00
20140625,15.40,15.58,15.27,15.51,61967.0,301497128.00
20140626,15.41,15.87,15.32,15.71,49005.0,240679131.00
20140627,15.87,16.21,15.40,15.52,94201.0,472773571.00
20140630,15.23,15.32,14.73,15.07,86162.0,409053615.00
20140701,15.08,15.37,14.92,15.14,63513.0,304176022.00
20140702,15.07,15.29,14.96,15.20,41099.0,195965080.00
20140703,15.22,15.71,15.08,15.51,87857.0,427928026.00
20140704,15.53,15.59,15.33,15.33,49950.0,242779840.00
20140707,15.36,15.49,15.11,15.16,42012.0,201892486.00
20140708,15.15,15.70,15.15,15.63,103291.0,502775671.00
20140709,15.62,15.63,15.11,15.22,73689.0,356088104.00
20140710,15.55,15.70,14.79,14.79,137175.0,657638417.00
20140711,14.57,14.92,14.13,14.89,89035.0,408352215.00
20140714,15.08,15.71,15.07,15.47,115634.0,559960471.00
20140715,15.46,15.46,15.02,15.14,68858.0,328972932.00
20140716,15.13,15.33,14.86,14.95,40425.0,192249377.00
20140717,15.11,15.12,14.70,14.76,35236.0,164428661.00
20140718,14.77,14.89,14.69,14.72,30669.0,143083811.00
20140721,14.72,14.76,14.57,14.61,38701.0,178588767.00
20140722,14.73,15.63,14.70,15.43,124710.0,602510105.00
20140723,15.30,15.39,14.98,15.14,53186.0,254576006.00
20140724,15.20,15.31,14.85,15.14,39677.0,188541816.00
20140725,15.17,15.42,15.17,15.37,48531.0,234148862.00
20140728,15.44,15.68,15.44,15.58,69013.0,338823195.00
20140729,15.59,16.73,15.41,16.32,125138.0,638548246.00
20140730,16.35,16.65,16.14,16.31,72718.0,375434660.00
20140731,16.33,16.46,16.03,16.10,50825.0,259450457.00
20140801,16.15,16.25,15.77,15.77,49990.0,252787461.00
20140804,15.87,16.34,15.81,16.34,51804.0,264549980.00
20140805,16.34,16.44,15.99,16.31,35296.0,179941780.00
20140806,16.12,16.66,16.06,16.66,71172.0,370257707.00
20140807,16.72,17.03,16.28,16.28,62287.0,325731633.00
20140808,16.35,16.59,16.26,16.33,33868.0,175394763.00
20140811,16.28,16.70,16.21,16.47,34470.0,179231723.00
20140812,16.46,16.57,16.27,16.38,37074.0,191574736.00
20140813,16.47,16.58,16.06,16.27,40772.0,208812762.00
20140814,16.17,16.49,16.09,16.38,39605.0,203878945.00
20140815,16.36,16.50,16.21,16.39,32477.0,167076022.00
20140818,16.40,16.60,16.30,16.36,33620.0,174154980.00
20140819,16.36,16.55,16.24,16.32,36451.0,187895916.00
20140820,16.26,16.26,15.96,16.08,38910.0,197065413.00
20140821,16.08,16.19,15.88,16.19,33797.0,170149819.00
20140822,16.17,16.17,15.83,15.88,43729.0,218923572.00
20140825,15.57,15.93,15.38,15.85,58067.0,284571070.00
20140826,15.80,15.87,15.55,15.68,26003.0,128330742.00
20140827,15.73,16.07,15.72,15.99,43652.0,218520045.00
20140828,15.99,15.99,15.60,15.64,25672.0,127507913.00
20140829,15.78,16.10,15.70,16.06,36934.0,185304080.00
20140901,16.20,16.38,16.06,16.23,48679.0,248174971.00
20140902,16.24,16.30,16.14,16.30,51910.0,265306400.00
20140903,16.36,16.48,16.36,16.45,54860.0,283899818.00
20140904,16.47,16.57,16.32,16.40,34054.0,175865834.00
20140905,16.44,16.50,16.26,16.44,34638.0,178641467.00
20140909,16.46,17.25,16.46,17.20,105487.0,555227376.00
20140910,16.96,17.15,16.86,17.05,62156.0,333458970.00
20140911,17.05,17.05,16.52,16.56,47561.0,251256829.00
20140912,16.70,16.73,16.35,16.49,39677.0,205888833.00
20140915,16.36,16.52,16.33,16.39,30795.0,159116388.00
20140916,16.36,16.36,15.87,15.88,53350.0,269193970.00
20140917,15.98,16.16,15.71,15.97,41954.0,209811586.00
20140918,15.85,16.01,15.76,15.86,29476.0,147207822.00
20140919,15.86,15.96,15.84,15.89,30537.0,152801094.00
20140922,15.87,15.89,15.28,15.39,37467.0,183138830.00
20140923,15.38,15.59,15.35,15.52,30307.0,147469525.00
20140924,15.56,15.79,15.42,15.74,50304.0,246777244.00
20140925,15.88,15.91,15.53,15.58,46778.0,231682417.00
20140926,15.58,15.67,15.47,15.53,25729.0,125856361.00
20140929,15.53,15.79,15.53,15.58,43785.0,215882457.00
20140930,15.62,15.69,15.47,15.51,35292.0,172464691.00
20141008,15.53,15.72,15.49,15.71,45329.0,222534985.00
20141009,15.74,16.16,15.74,15.99,77747.0,390501228.00
20141010,15.99,15.99,15.71,15.73,47902.0,238248811.00
20141013,15.73,15.73,15.36,15.59,42344.0,206322859.00
20141014,15.65,15.66,15.28,15.33,49805.0,241958554.00
20141015,15.33,15.40,15.12,15.36,43520.0,208542595.00
20141016,15.28,15.38,15.13,15.23,42323.0,203049398.00
20141017,15.25,15.38,15.06,15.21,45701.0,218804575.00
20141020,15.20,15.42,15.17,15.31,36596.0,176673936.00
20141021,15.32,15.39,15.03,15.03,38393.0,183028254.00
20141022,15.03,15.22,15.00,15.03,33378.0,158488819.00
20141023,15.03,15.18,14.96,15.03,26058.0,123686390.00
20141024,15.05,15.20,15.03,15.06,24240.0,115191986.00
20141027,15.06,15.15,14.68,14.86,36263.0,169396512.00
20141028,14.86,15.12,14.84,15.05,42265.0,198888385.00
20141029,15.07,15.32,15.07,15.28,52268.0,250255836.00
20141030,15.31,15.46,15.03,15.04,69116.0,330607251.00
20141031,14.99,14.99,14.72,14.92,50544.0,235841917.00
20141103,14.92,14.92,14.62,14.67,59168.0,274244524.00
20141104,14.68,14.79,14.67,14.72,27857.0,129152133.00
20141105,14.71,14.71,14.61,14.62,25878.0,119361474.00
20141106,14.59,14.71,14.57,14.66,23658.0,108991128.00
20141107,14.67,14.77,14.58,14.64,33179.0,153640342.00
20141110,14.65,14.79,14.60,14.79,42755.0,198373117.00
20141111,14.81,14.82,14.14,14.18,60778.0,277231382.00
20141112,14.14,14.25,13.66,13.95,58654.0,257856001.00
20141113,13.89,13.93,13.42,13.63,67810.0,289922160.00
20141114,13.63,14.28,13.47,14.04,60820.0,266901119.00
20141117,13.92,14.23,13.87,13.98,43588.0,192953094.00
20141118,13.98,13.98,13.54,13.61,43170.0,185774595.00
20141119,13.57,13.81,13.49,13.60,43144.0,184994758.00
20141120,13.57,13.73,13.46,13.54,34150.0,146172205.00
20141121,13.59,13.63,13.51,13.61,33391.0,142550809.00
20141124,13.77,13.97,13.63,13.93,63556.0,276043047.00
20141125,13.96,14.22,13.88,13.99,64009.0,283077998.00
20141126,14.06,14.33,14.06,14.14,68487.0,306081865.00
20141127,14.15,14.21,13.92,13.98,74294.0,327465181.00
20141128,13.88,13.89,13.62,13.76,63553.0,274507079.00
20141201,13.76,14.03,13.66,13.79,52345.0,227036807.00
20141202,13.79,13.93,13.70,13.83,62345.0,271758138.00
20141203,13.88,13.88,13.56,13.71,124525.0,536217601.00
20141204,13.72,14.25,13.72,14.16,175551.0,774405719.00
20141205,14.19,14.21,13.66,13.78,128937.0,564595149.00
20141208,13.66,13.72,13.25,13.33,163034.0,688408135.00
20141209,13.30,13.30,12.56,12.60,183163.0,738368917.00
20141210,12.67,12.84,12.54,12.79,159386.0,637486561.00
20141211,12.72,12.79,12.56,12.76,81294.0,325000607.00
20141212,12.75,13.66,12.68,13.43,186347.0,777808876.00
20141215,13.48,13.54,13.06,13.40,85177.0,358141165.00
20141216,13.38,13.40,13.15,13.26,105280.0,438667563.00
20141217,13.16,13.18,12.72,12.86,105079.0,427093411.00
20141218,12.93,13.18,11.57,11.57,349596.0,1337368882.00
20141219,11.66,12.39,11.66,11.91,285312.0,1073647893.00
20141222,11.82,11.82,10.74,11.06,160885.0,562713862.00
20141223,11.04,11.44,10.97,11.17,106431.0,376762242.00
20141224,11.23,11.74,11.07,11.65,134518.0,485244070.00
20141225,11.77,12.07,11.60,11.80,120622.0,449960835.00
20141226,11.80,11.80,11.51,11.68,90435.0,331042707.00
20141229,11.69,11.85,11.45,11.60,91185.0,335076714.00
20141230,12.07,12.46,11.90,12.09,169037.0,647925602.00
20141231,12.10,12.34,11.92,12.12,106964.0,409463231.00
20150105,12.17,13.06,11.99,12.79,192148.0,749732271.00
20150106,12.51,13.17,12.41,12.81,138890.0,562214832.00
20150107,12.79,12.79,12.36,12.37,111673.0,438781185.00
20150108,12.37,12.45,12.19,12.24,68917.0,266454781.00
20150109,12.25,12.55,12.18,12.21,85150.0,331242750.00
20150112,12.23,12.81,12.23,12.54,113488.0,447585486.00
20150113,12.71,12.99,12.55,12.81,133270.0,539057955.00
20150114,12.80,12.93,12.39,12.54,69894.0,277811430.00
20150115,12.58,12.67,12.26,12.42,59575.0,232630832.00
20150116,12.43,12.61,12.32,12.57,72732.0,285132376.00
20150119,12.52,12.85,12.01,12.17,108004.0,421254543.00
20150120,12.21,12.50,12.16,12.38,87504.0,340120915.00
20150121,12.42,12.64,12.38,12.54,92543.0,364431916.00
20150122,12.60,12.69,12.45,12.65,95294.0,377569789.00
20150123,12.69,13.01,12.67,12.74,141481.0,571837148.00
20150126,12.80,12.96,12.57,12.74,95294.0,381414542.00
20150127,12.74,12.84,12.58,12.71,106373.0,426213905.00
20150128,12.78,13.00,12.67,12.84,108933.0,440078886.00
20150129,12.88,12.90,12.52,12.63,92448.0,368366462.00
20150130,12.61,12.70,12.15,12.16,101893.0,395335113.00
20150202,12.07,12.36,11.91,12.22,52506.0,201662536.00
20150203,12.45,12.49,12.27,12.31,58742.0,227921781.00
20150204,12.50,12.50,12.07,12.16,91584.0,354400012.00
20150205,12.18,12.24,11.98,11.99,69629.0,265432073.00
20150206,12.07,12.11,11.41,11.51,109645.0,401582867.00
20150209,11.55,11.63,11.45,11.51,48008.0,174416498.00
20150210,11.59,11.86,11.47,11.80,59569.0,218138692.00
20150211,11.69,11.86,11.58,11.63,71370.0,263054406.00
20150212,11.64,12.06,11.58,12.04,102848.0,382626254.00
20150213,12.23,13.24,12.09,13.24,369387.0,1494306000.00
20150216,13.94,14.56,13.85,14.56,377527.0,1698779309.00
20150217,15.51,16.02,14.56,16.02,350387.0,1740619756.00
20150225,16.68,16.70,15.69,15.85,508310.0,2570060776.00
20150226,15.85,16.14,15.34,15.66,330742.0,1637213886.00
20150227,15.55,16.14,15.28,16.07,368404.0,1824774368.00
20150302,16.55,17.68,16.30,16.45,502599.0,2681467540.00
20150303,16.20,17.37,16.05,16.32,328627.0,1711219857.00
20150304,16.20,17.12,16.00,16.52,298976.0,1568522487.00
20150305,16.36,18.17,16.33,18.17,372516.0,2028158418.00
20150306,18.79,18.94,16.46,16.62,514540.0,2803548234.00
20150309,16.05,16.52,15.59,16.27,259237.0,1312632108.00
20150310,16.24,16.80,16.11,16.27,215636.0,1121268416.00
20150311,16.08,16.36,15.75,15.89,188309.0,949154718.00
20150312,16.07,16.07,15.35,15.61,193814.0,951119695.00
20150313,15.73,16.00,15.51,15.88,175096.0,868710112.00
20150316,16.06,16.36,15.89,16.25,201114.0,1022957561.00
20150317,16.30,16.73,16.04,16.36,223454.0,1149694467.00
20150318,16.36,17.15,16.21,16.95,269895.0,1429298664.00
20150319,16.95,17.73,16.87,17.12,262972.0,1430433237.00
20150320,16.84,17.04,16.52,16.78,218475.0,1147790243.00
20150323,16.77,16.94,16.67,16.87,196598.0,1040592448.00
20150324,16.89,17.44,16.49,16.97,278551.0,1482318500.00
20150325,16.90,17.06,16.51,16.58,213325.0,1120596440.00
20150326,16.64,17.47,16.52,17.23,295858.0,1583253400.00
20150327,17.31,17.31,16.49,16.79,195416.0,1029417039.00
20150330,16.86,17.03,16.62,16.75,184939.0,975959927.00
20150331,16.75,17.06,16.61,16.65,187404.0,989549214.00
20150401,17.16,18.31,17.16,18.31,336530.0,1886140057.00
20150402,19.06,19.84,18.29,19.01,468449.0,2808275434.00
20150403,18.76,19.62,18.44,19.49,308114.0,1850824233.00
20150407,19.50,19.57,18.97,19.19,193108.0,1163222564.00
20150408,19.18,19.34,18.06,18.39,221233.0,1294200916.00
20150409,18.33,18.33,16.95,17.79,224859.0,1250441985.00
20150410,18.01,18.41,17.98,18.08,159684.0,911729566.00
20150413,18.08,18.81,17.63,18.81,215657.0,1228043201.00
20150414,18.71,18.78,18.10,18.13,160445.0,930473622.00
20150415,17.81,18.10,17.62,17.79,128143.0,719634976.00
20150416,17.75,18.52,17.61,18.33,150818.0,863928468.00
20150417,18.63,18.74,18.11,18.16,163225.0,946480339.00
20150420,17.98,17.98,17.38,17.41,169069.0,939476479.00
20150421,17.41,17.95,17.41,17.83,127653.0,713394189.00
20150422,17.95,18.68,17.89,18.19,155827.0,897460183.00
20150423,18.43,20.01,18.43,20.01,440926.0,2724936950.00
20150428,20.33,21.13,18.71,18.91,385418.0,2393255540.00
20150429,18.91,20.33,18.27,19.44,222428.0,1355397503.00
20150430,19.76,19.88,19.03,19.06,161950.0,994285717.00
20150504,19.06,20.53,19.06,19.51,186161.0,1159606425.00
20150505,19.38,19.38,18.36,18.55,158617.0,937090847.00
20150506,18.90,19.25,18.33,18.48,130048.0,771230984.00
20150507,18.36,18.84,18.13,18.67,112169.0,655754317.00
20150508,18.81,19.02,18.42,18.90,133633.0,787786237.00
20150511,19.00,20.27,18.87,20.05,248832.0,1545565478.00
20150512,20.05,20.71,19.70,20.49,241220.0,1538169156.00
20150513,20.40,20.49,19.62,20.06,176840.0,1116497827.00
20150514,20.06,20.33,19.41,19.94,153779.0,955488882.00
20150515,19.89,20.08,19.18,19.32,148109.0,910362943.00
20150518,19.49,19.89,19.22,19.86,208026.0,1284634194.00
20150519,20.19,21.25,19.95,20.51,252954.0,1640835298.00
20150520,20.52,21.82,20.46,21.03,275732.0,1839636793.00
20150521,21.29,23.13,20.97,23.13,258846.0,1847246083.00
20150522,23.88,25.44,23.88,24.15,352264.0,2729553189.00
20150604,26.56,26.56,25.42,26.56,266185.0,2220425741.00
20150605,27.29,27.83,25.10,25.26,417002.0,3413771037.00
20150608,25.02,25.02,23.27,23.81,278890.0,2105844360.00
20150609,23.81,24.45,23.36,23.56,184408.0,1383725020.00
20150610,23.56,24.76,23.51,24.09,270899.0,2059268474.00
20150611,24.04,24.04,23.16,23.51,194653.0,1437425059.00
20150612,23.51,24.31,23.35,23.80,206111.0,1547423886.00
20150615,23.82,24.62,23.05,24.07,303138.0,2263020784.00
20150616,23.67,23.83,22.87,23.15,143026.0,1048463891.00
20150617,23.16,23.44,22.27,22.53,184206.0,1316898203.00
20150618,22.55,23.15,21.41,21.49,201248.0,1408885970.00
20150619,21.24,21.25,19.57,19.67,204946.0,1307006565.00
20150623,19.64,20.13,18.46,20.05,196983.0,1204132973.00
20150624,20.13,20.49,19.54,20.20,183030.0,1157977833.00
20150625,20.29,20.53,19.44,19.70,158426.0,1001999199.00
20150626,19.03,19.35,17.73,17.73,202336.0,1169166514.00
20150629,18.14,18.20,15.95,15.95,239642.0,1255322147.00
20150630,15.67,17.55,14.48,17.55,296001.0,1491820807.00
20150701,17.51,18.42,16.71,16.84,245696.0,1368399094.00
20150702,16.84,17.53,15.17,15.65,255483.0,1317805154.00
20150703,15.41,16.82,14.49,15.74,275336.0,1349516722.00
20150706,17.22,17.22,14.58,16.12,299274.0,1517176659.00
20150707,15.54,15.84,14.51,14.93,436155.0,2037049443.00
20150708,13.44,14.80,13.44,14.20,509342.0,2236149013.00
20150709,14.20,15.62,13.82,15.62,230352.0,1090391501.00
20150710,16.49,17.18,15.92,17.18,206392.0,1104304677.00
20150713,17.76,18.90,17.22,18.90,347982.0,1991226229.00
20150714,18.43,19.39,17.74,17.86,330449.0,1931883602.00
20150715,17.46,17.79,16.07,16.07,240410.0,1266540875.00
20150716,16.07,16.98,15.25,16.58,184014.0,946006350.00
20150717,16.78,17.95,16.63,17.65,183378.0,996065501.00
20150720,17.65,17.92,17.10,17.47,191992.0,1056735835.00
20150721,17.16,17.95,16.68,17.42,154057.0,849697994.00
20150722,17.58,18.05,17.44,17.65,156527.0,874525505.00
20150723,17.65,18.17,17.22,17.98,167036.0,934727336.00
20150724,18.02,18.44,17.63,17.66,186909.0,1056946995.00
20150727,17.15,17.63,15.90,15.90,181208.0,954348259.00
20150728,15.19,16.19,14.46,15.82,204326.0,982651400.00
20150729,16.10,17.41,15.60,17.41,199882.0,1039550168.00
20150730,17.16,17.72,16.26,16.46,162351.0,878649050.00
20150731,16.20,17.68,16.13,17.67,224725.0,1218020207.00
20150803,17.35,18.38,17.25,18.36,249985.0,1412324791.00
20150804,18.39,19.22,17.54,18.96,261998.0,1528937750.00
20150805,18.64,20.01,18.56,18.89,200543.0,1220519331.00
20150806,18.73,20.78,18.17,20.78,360399.0,2319434869.00
20150807,21.29,21.51,20.30,20.65,338395.0,2222391491.00
20150810,20.95,21.57,20.02,21.23,232231.0,1523307081.00
20150811,20.83,21.79,20.67,20.87,204553.0,1357478483.00
20150812,20.49,20.63,19.64,19.70,174192.0,1102034585.00
20150813,19.69,20.40,19.38,20.28,131594.0,828197522.00
20150814,20.21,21.08,20.21,20.26,134380.0,872372460.00
20150817,19.92,20.73,19.73,20.40,109520.0,699740845.00
20150818,20.39,20.39,18.36,18.36,171937.0,1039710136.00
20150819,17.79,18.94,16.59,18.58,166604.0,926777150.00
20150820,18.11,18.24,17.16,17.28,111732.0,624928495.00
20150821,16.84,17.17,15.75,15.82,166083.0,852199772.00
20150824,15.03,15.03,14.24,14.24,161167.0,734111808.00
20150825,12.96,14.61,12.82,12.82,200305.0,840397068.00
20150826,13.22,14.10,12.66,14.10,247529.0,1059971182.00
20150827,14.61,15.51,14.61,15.51,209849.0,997453789.00
20150828,16.05,16.60,15.20,16.21,230969.0,1149489553.00
20150831,16.16,16.77,15.57,15.84,178550.0,906500004.00
20150901,15.57,15.78,14.40,15.76,196694.0,948461138.00
20150902,15.00,16.36,14.54,14.55,135880.0,657789022.00
20150907,15.19,15.90,14.94,15.15,128832.0,624449498.00
20150908,15.38,16.51,15.02,16.46,148378.0,739834445.00
20150909,16.71,17.79,16.58,17.63,221248.0,1208202790.00
20150910,17.09,17.47,16.65,16.74,134767.0,724323401.00
20150911,16.69,17.15,16.42,16.79,93250.0,492777431.00
20150914,16.79,17.20,15.13,15.20,133426.0,672308575.00
20150915,14.84,15.70,14.69,14.98,97655.0,465990897.00
20150916,15.26,16.48,15.03,16.48,135238.0,671951224.00
20150917,16.84,17.86,16.72,16.79,241314.0,1317726178.00
20150918,17.16,18.05,16.99,17.53,184409.0,1019277411.00
20150921,17.32,18.03,16.91,17.81,150531.0,831851586.00
20150922,17.81,18.00,17.32,17.55,111336.0,617916796.00
20150923,17.35,19.31,17.22,18.75,234872.0,1382839701.00
20150924,18.90,18.98,18.07,18.36,160829.0,933405337.00
20150925,18.32,19.12,17.88,18.59,176073.0,1034477548.00
20150928,18.81,19.89,18.70,19.64,175365.0,1067749846.00
20150929,19.21,19.86,18.92,19.41,130593.0,793899262.00
20150930,20.03,20.33,18.90,19.07,153533.0,948363046.00
20151008,20.06,20.59,19.25,19.28,245787.0,1535450725.00
20151009,19.29,19.76,18.83,19.36,149604.0,907526467.00
20151012,19.41,20.33,18.59,18.89,433964.0,2661699272.00
20151013,18.74,19.22,18.48,19.21,199954.0,1191402036.00
20151014,19.21,19.21,18.54,18.63,170178.0,1006418481.00
20151015,18.52,19.27,18.49,19.17,170151.0,1019440392.00
20151016,19.35,19.86,19.00,19.25,200108.0,1219171035.00
20151019,19.54,21.18,19.50,21.18,323398.0,2074792552.00
20151020,21.89,21.91,20.50,21.04,327913.0,2168912503.00
20151021,20.81,20.95,18.94,18.98,338379.0,2113130266.00
20151022,19.00,19.80,18.33,19.52,306107.0,1846113332.00
20151023,20.02,20.54,19.60,19.92,301703.0,1898851297.00
20151026,20.33,21.91,19.94,21.91,633458.0,4287444585.00
20151027,21.67,21.98,20.65,21.72,295275.0,2002712724.00
20151028,21.69,22.78,21.39,21.86,309746.0,2164859135.00
20151029,22.08,22.19,21.09,21.89,188263.0,1274021734.00
20151030,21.65,22.16,20.91,21.32,183150.0,1243187512.00
20151102,20.97,21.25,20.02,20.23,217540.0,1417507391.00
20151103,20.27,21.03,19.83,20.81,200332.0,1291132747.00
20151104,20.78,22.31,20.66,22.21,308797.0,2079295119.00
20151105,21.92,22.08,21.35,21.38,267191.0,1820855789.00
20151106,21.22,21.86,21.16,21.53,251361.0,1695306536.00
20151109,21.34,23.21,21.19,22.75,352803.0,2465833654.00
20151110,22.56,22.64,21.89,22.18,260700.0,1823695106.00
20151111,22.24,22.56,21.41,21.86,265269.0,1825453991.00
20151112,21.91,22.65,21.61,22.43,322355.0,2256188879.00
20151113,22.24,23.78,21.66,22.46,402411.0,2876014431.00
20151116,21.76,22.18,21.67,22.08,195330.0,1348563862.00
20151117,22.34,22.43,21.19,21.57,302548.0,2077666436.00
20151118,21.59,21.86,20.87,21.03,187859.0,1258937868.00
20151119,21.13,21.82,20.81,21.73,175349.0,1170532654.00
20151120,21.64,21.67,21.06,21.16,169425.0,1133723902.00
20151123,20.97,21.28,20.56,20.62,171631.0,1126657690.00
20151124,20.65,20.65,19.97,20.50,187262.0,1194439523.00
20151125,20.40,20.87,20.28,20.69,157092.0,1019115469.00
20151126,20.81,20.87,20.23,20.25,156347.0,1009955289.00
20151127,20.03,20.47,19.06,19.16,201411.0,1257538796.00
20151130,19.32,19.96,18.52,19.92,203184.0,1241626364.00
20151201,19.91,19.91,19.49,19.68,90904.0,562915253.00
20151202,19.62,20.19,19.54,20.05,120695.0,756385465.00
20151203,20.05,20.30,19.89,20.11,115975.0,732490206.00
20151204,20.06,20.06,19.54,19.64,109078.0,679399365.00
20151207,19.65,20.02,19.44,19.72,95078.0,590640192.00
20151208,19.64,19.68,19.06,19.16,104372.0,635856904.00
20151209,19.02,20.17,18.93,19.98,210746.0,1313684571.00
20151210,20.18,20.33,19.77,19.83,130993.0,825302139.00
20151211,19.75,19.84,19.26,19.57,99867.0,610441958.00
20151214,19.32,19.70,19.23,19.70,81755.0,501215130.00
20151215,19.74,20.08,19.74,19.88,102443.0,643587396.00
20151216,19.89,20.02,19.71,19.99,77039.0,482091161.00
20151217,20.01,20.47,20.01,20.27,146785.0,936837082.00
20151218,20.24,20.30,19.86,20.27,139513.0,882077795.00
20151221,20.29,20.61,19.89,20.02,184738.0,1181361867.00
20151222,20.05,20.10,19.71,19.96,104192.0,651366066.00
20151223,20.02,20.05,19.70,19.71,96203.0,600272282.00
20151224,20.02,20.50,19.94,20.17,211588.0,1353368387.00
20151225,20.18,20.32,19.88,20.16,100884.0,638018573.00
20151228,20.16,20.39,19.71,19.74,126179.0,797895718.00
20151229,19.73,20.80,19.48,20.51,194985.0,1241166287.00
20151230,20.65,21.29,20.65,20.97,223650.0,1478921073.00
20151231,20.97,21.27,20.34,20.46,143745.0,938969647.00
20160104,20.46,20.46,18.56,18.67,114880.0,709177586.00
20160105,17.73,19.26,17.73,18.86,166704.0,983037061.00
20160106,18.90,19.31,18.86,19.20,98824.0,594339869.00
20160107,18.75,18.90,17.47,17.61,41293.0,236717552.00
20160108,18.43,19.28,18.02,18.88,203567.0,1201830684.00
20160111,18.42,19.38,18.17,18.39,200493.0,1184370788.00
20160112,18.67,19.12,18.41,19.01,153174.0,909233342.00
20160113,19.22,19.48,18.22,18.22,148988.0,881214037.00
20160114,17.95,19.06,17.89,19.03,146238.0,853221313.00
20160115,18.75,19.00,18.12,18.44,109584.0,639074957.00
20160118,18.11,18.62,17.96,18.33,105704.0,607753581.00
20160119,18.27,18.78,18.10,18.70,137399.0,798925282.00
20160120,18.75,18.97,18.14,18.35,113692.0,663507667.00
20160121,18.14,18.52,17.79,17.80,115329.0,660993144.00
20160122,17.86,18.06,16.97,17.53,123017.0,677639106.00
20160125,17.70,17.79,17.24,17.47,89777.0,494629268.00
20160126,17.21,17.44,15.73,15.88,151616.0,787099075.00
20160127,16.04,16.10,14.30,15.31,132860.0,632329657.00
20160128,14.93,15.31,14.32,14.39,94022.0,439850373.00
20160129,14.36,15.38,14.36,15.12,105753.0,494660850.00
20160201,15.20,15.75,15.03,15.44,116492.0,567275391.00
20160202,15.44,16.14,15.44,16.03,105173.0,528591538.00
20160203,16.01,16.10,15.80,16.02,66779.0,334550935.00
20160204,16.20,16.62,16.11,16.27,71640.0,369396708.00
20160205,16.36,16.49,15.89,15.91,65890.0,333300434.00
20160215,15.31,16.04,15.22,15.89,52054.0,256365496.00
20160216,15.97,16.72,15.97,16.55,80021.0,415262228.00
20160217,16.59,17.47,16.59,17.10,129986.0,700028066.00
20160218,17.35,17.40,16.87,16.92,67409.0,361546245.00
20160219,17.13,17.55,17.00,17.25,93274.0,506556695.00
20160222,17.54,17.63,17.16,17.32,109220.0,597064471.00
20160223,17.40,17.70,17.17,17.38,99202.0,543904057.00
20160224,17.23,17.55,16.85,17.48,99757.0,541977644.00
20160225,17.80,18.00,16.25,16.46,213720.0,1169319529.00
20160226,16.78,16.87,16.27,16.63,88412.0,462164378.00
20160229,16.87,16.93,15.57,16.05,124177.0,630542589.00
20160301,16.06,16.48,15.91,16.38,80229.0,409803593.00
20160302,16.23,17.22,16.23,17.13,118288.0,623608131.00
20160303,17.16,17.45,17.01,17.02,97766.0,529712884.00
20160304,16.97,17.47,16.76,17.06,115790.0,625504313.00
20160307,17.33,17.47,17.04,17.14,68695.0,371520516.00
20160308,17.16,17.16,16.38,16.87,77846.0,408570935.00
20160309,16.56,16.74,16.46,16.52,56794.0,296179734.00
20160310,16.52,16.66,16.28,16.36,52084.0,268636284.00
20160311,16.33,16.55,16.08,16.29,40147.0,205633475.00
20160314,16.55,17.16,16.40,16.94,97799.0,519334828.00
20160315,16.90,17.63,16.90,17.30,161424.0,880730752.00
20160316,17.35,17.40,16.81,16.84,86341.0,462486007.00
20160317,17.06,17.57,16.93,17.49,143350.0,783634280.00
20160318,17.49,18.23,17.49,18.09,150854.0,855458117.00
20160321,18.32,18.38,17.80,18.12,142481.0,810929544.00
20160322,18.08,18.49,17.82,18.34,132023.0,758552820.00
20160323,18.17,18.42,18.01,18.21,82493.0,472493424.00
20160324,18.08,18.55,17.82,17.95,91007.0,518424889.00
20160325,17.95,18.30,17.82,18.10,81350.0,462177832.00
20160328,18.29,19.02,18.17,18.44,140569.0,824880257.00
20160329,18.52,18.87,18.07,18.07,145902.0,844984529.00
20160330,18.16,18.72,18.16,18.68,104241.0,605828135.00
20160331,18.69,18.99,18.55,18.69,101934.0,601474596.00
20160401,18.68,18.68,18.19,18.52,58376.0,338765968.00
20160405,18.80,19.14,18.60,18.74,143295.0,853440961.00
20160406,18.60,18.73,18.40,18.54,96696.0,563382669.00
20160407,18.58,18.64,18.01,18.13,88805.0,510245306.00
20160408,17.98,18.41,17.97,18.33,71666.0,410464840.00
20160411,18.33,18.69,18.24,18.37,84675.0,491337522.00
20160412,18.35,18.56,18.05,18.40,89768.0,516656725.00
20160413,18.62,18.85,18.56,18.62,119290.0,702845535.00
20160414,18.68,18.77,18.53,18.67,65735.0,385405543.00
20160415,18.62,18.71,18.30,18.50,65158.0,379621993.00
20160418,18.51,19.12,18.32,19.07,125881.0,743192194.00
20160419,18.99,20.81,18.96,19.84,228641.0,1433670530.00
20160420,19.70,19.80,18.44,19.13,171497.0,1039526637.00
20160421,19.07,20.27,18.99,19.74,154117.0,961752343.00
20160422,19.47,20.01,19.28,19.67,88989.0,551830747.00
20160425,19.67,19.70,19.06,19.30,88199.0,535873836.00
20160426,19.22,20.00,19.22,19.71,72850.0,452928643.00
20160427,19.86,20.11,19.71,19.80,91475.0,573415743.00
20160428,19.88,19.95,19.23,19.66,76025.0,467163476.00
20160429,19.76,20.53,19.76,20.24,161383.0,1029449909.00
20160503,20.27,20.44,19.94,20.43,135670.0,864598719.00
20160504,20.31,20.55,20.13,20.19,96593.0,617598485.00
20160505,20.18,20.19,19.89,20.17,71386.0,449741434.00
20160506,20.02,20.17,19.38,19.44,102812.0,638044846.00
20160509,19.10,19.32,18.51,18.75,101203.0,603200520.00
20160510,18.75,18.90,18.56,18.65,56623.0,333635978.00
20160511,18.75,18.87,18.37,18.53,69451.0,407011314.00
20160512,18.44,19.05,18.24,18.91,82474.0,487780114.00
20160513,18.89,19.18,18.70,18.80,58160.0,346461686.00
20160516,18.85,19.25,18.76,19.24,65887.0,395406388.00
20160517,19.24,19.38,18.96,19.17,54326.0,327224269.00
20160518,19.00,19.00,18.46,18.61,58725.0,346260457.00
20160519,18.72,18.90,18.57,18.61,37542.0,221050181.00
20160520,18.52,18.80,18.42,18.78,36587.0,215447589.00
20160523,18.81,19.13,18.81,18.88,51618.0,307939029.00
20160524,18.92,19.11,18.76,18.82,62206.0,370386513.00
20160525,18.99,19.06,18.75,18.78,42040.0,250309431.00
20160526,18.87,18.97,18.30,18.67,57422.0,334900614.00
20160527,18.62,18.65,18.30,18.36,59010.0,342420468.00
20160530,18.37,18.54,18.23,18.40,42734.0,248092651.00
20160531,18.41,19.05,18.41,19.00,87393.0,517580083.00
20160601,19.03,19.13,18.92,18.98,69499.0,416050004.00
20160602,19.01,19.10,18.75,19.04,49215.0,293575286.00
20160603,19.06,19.20,19.04,19.06,62744.0,377694622.00
20160606,19.21,19.36,18.99,19.11,58724.0,354139270.00
20160607,19.15,19.69,19.07,19.46,89950.0,549160777.00
20160608,19.47,19.50,19.06,19.17,66884.0,404215073.00
20160613,18.91,19.06,18.25,18.25,106828.0,625226935.00
20160614,18.13,18.38,18.05,18.13,56651.0,324573779.00
20160615,17.96,19.03,17.96,18.79,112730.0,662195151.00
20160616,18.66,19.37,18.45,18.88,102583.0,609670099.00
20160617,18.90,19.17,18.70,18.81,67172.0,400331848.00
20160620,18.91,19.11,18.83,18.94,44497.0,265601791.00
20160621,19.05,19.25,18.81,18.87,98047.0,589060148.00
20160622,19.20,19.64,19.11,19.36,133208.0,813809733.00
20160623,19.18,19.38,18.99,19.07,65656.0,395510309.00
20160624,19.06,19.22,18.21,18.78,82357.0,487675523.00
20160627,18.75,19.04,18.70,18.96,47690.0,283438848.00
20160628,18.84,19.19,18.70,19.16,70130.0,417605438.00
20160629,19.08,19.22,18.99,19.19,67588.0,406484502.00
20160630,19.21,19.53,19.07,19.38,87859.0,533814939.00
20160701,19.37,19.71,19.21,19.51,91117.0,558680325.00
20160704,19.46,19.68,19.26,19.52,82442.0,505874249.00
20160705,19.51,19.56,19.13,19.32,91866.0,557273867.00
20160706,19.31,19.44,19.18,19.32,49594.0,301374687.00
20160707,19.32,19.87,19.25,19.68,123337.0,763077231.00
20160708,19.75,20.05,19.65,19.76,91199.0,568456830.00
20160711,19.89,19.99,19.43,19.45,68910.0,428221767.00
20160712,19.37,19.53,19.12,19.40,88768.0,539495261.00
20160713,19.38,19.42,19.21,19.36,89922.0,546125761.00
20160714,19.30,19.50,19.21,19.44,70836.0,431523270.00
20160715,19.60,20.39,19.53,20.01,191155.0,1201518341.00
20160718,20.13,20.30,19.85,19.91,98431.0,620707253.00
20160719,19.94,20.00,19.76,19.95,51609.0,322840685.00
20160720,19.96,20.11,19.86,19.86,54593.0,343176635.00
20160721,19.91,19.97,19.64,19.68,66111.0,410895574.00
20160722,19.91,19.95,19.38,19.54,76550.0,472178972.00
20160725,19.54,19.69,19.16,19.23,76704.0,469124894.00
20160726,19.35,19.49,19.25,19.44,53647.0,327261256.00
20160727,19.43,19.43,18.60,18.87,100834.0,603839091.00
20160728,18.90,19.17,18.75,18.98,52083.0,310691717.00
20160729,18.98,19.14,18.81,18.86,37382.0,222997048.00
20160801,18.86,18.99,18.65,18.71,34770.0,205289028.00
20160802,18.62,18.77,18.60,18.73,38069.0,223826937.00
20160803,18.73,18.77,18.63,18.70,26517.0,155989734.00
20160804,18.70,18.80,18.65,18.77,31541.0,185958651.00
20160805,18.77,18.90,18.66,18.67,42907.0,253389435.00
20160808,18.69,18.74,18.45,18.72,38192.0,223518508.00
20160809,18.73,18.81,18.60,18.79,47191.0,277422410.00
20160810,18.80,18.90,18.67,18.71,33802.0,199634780.00
20160811,18.71,18.87,18.62,18.62,48134.0,284372938.00
20160812,18.75,18.98,18.65,18.83,52718.0,312370958.00
20160815,18.90,19.25,18.75,19.09,96417.0,577711482.00
20160816,19.13,19.17,19.00,19.04,78102.0,468587338.00
20160817,19.06,19.44,19.06,19.29,87137.0,529854428.00
20160818,19.29,19.29,19.04,19.08,59420.0,358107543.00
20160819,19.06,19.12,18.95,19.02,37769.0,225968692.00
20160822,19.03,19.10,18.63,18.64,63053.0,373599834.00
20160823,18.73,18.76,18.61,18.72,34301.0,201622136.00
20160824,18.75,18.80,18.68,18.77,30901.0,182378753.00
20160825,18.73,18.73,18.31,18.49,65348.0,380306844.00
20160826,18.59,18.59,18.43,18.54,44163.0,257151341.00
20160829,18.70,18.79,18.48,18.52,67373.0,393911987.00
20160830,18.56,18.60,18.48,18.58,39551.0,230860855.00
20160831,18.63,18.63,18.49,18.60,28026.0,163867982.00
20160901,18.63,18.66,18.57,18.57,31025.0,181784406.00
20160902,18.57,18.57,18.36,18.38,44156.0,256123333.00
20160905,18.43,18.51,18.30,18.40,26712.0,154861351.00
20160906,18.47,18.91,18.36,18.91,84732.0,500155302.00
20160907,18.90,18.94,18.71,18.74,51287.0,303663851.00
20160908,18.74,18.83,18.67,18.71,32724.0,192775711.00
20160909,18.76,19.15,18.74,18.75,67664.0,403114808.00
20160912,18.43,18.58,18.30,18.32,57353.0,332129584.00
20160913,18.43,18.46,18.05,18.12,67381.0,385278787.00
20160914,18.11,18.11,17.79,17.80,61515.0,346762076.00
20160919,17.82,18.08,17.82,18.01,41144.0,233140452.00
20160920,18.06,18.13,17.83,17.89,30931.0,174746977.00
20160921,17.96,18.09,17.85,18.03,31946.0,180758690.00
20160922,18.08,18.17,18.05,18.14,46557.0,265300784.00
20160923,18.16,18.17,18.05,18.10,27230.0,155163742.00
20160926,18.10,18.11,17.53,17.60,50539.0,283005016.00
20160927,17.58,17.71,17.50,17.61,31539.0,174990754.00
20160928,17.70,17.70,17.57,17.58,21689.0,120304810.00
20160929,17.63,17.71,17.47,17.54,36813.0,204100746.00
20160930,17.52,17.72,17.48,17.66,30346.0,168334939.00
20161010,17.76,18.07,17.76,18.05,44047.0,248043569.00
20161011,18.07,18.54,17.98,18.39,90887.0,524781047.00
20161012,18.38,18.41,18.17,18.28,48286.0,277516431.00
20161013,18.30,18.50,18.16,18.21,44595.0,256548468.00
20161014,18.26,18.35,18.00,18.20,36706.0,209800415.00
20161017,18.22,18.32,17.99,18.04,44795.0,256419572.00
20161018,18.04,18.26,17.98,18.22,48363.0,276291389.00
20161019,18.23,18.32,18.08,18.12,38213.0,218619641.00
20161020,18.13,18.18,18.02,18.06,36276.0,206278673.00
20161021,18.05,18.10,17.84,17.95,32391.0,183130727.00
20161024,18.08,18.27,17.95,18.10,54830.0,312442691.00
20161025,18.07,18.18,18.02,18.08,34379.0,195725172.00
20161026,18.08,18.14,17.94,17.96,29261.0,165646077.00
20161027,17.98,18.09,17.93,17.98,26430.0,149611380.00
20161028,17.99,18.04,17.86,17.88,30203.0,170258229.00
20161031,17.92,17.98,17.75,17.84,32511.0,182471960.00
20161101,17.85,17.95,17.78,17.91,26959.0,151548236.00
20161102,17.98,18.00,17.87,17.94,32493.0,183466556.00
20161103,17.94,17.96,17.61,17.79,55170.0,308743286.00
20161104,17.78,17.78,17.56,17.59,48574.0,270061971.00
20161107,17.60,17.77,17.59,17.64,38764.0,215738155.00
20161108,17.68,17.79,17.64,17.68,33228.0,185245339.00
20161109,17.69,17.73,17.32,17.50,67007.0,369081095.00
20161110,17.63,17.68,17.54,17.58,35192.0,194849860.00
20161111,17.47,17.59,17.40,17.52,54404.0,298972051.00
20161114,17.54,17.75,17.53,17.63,50941.0,283003007.00
20161115,17.60,17.72,17.57,17.67,30529.0,169396819.00
20161116,17.73,17.75,17.68,17.71,41843.0,233316152.00
20161117,17.70,17.72,17.59,17.71,29246.0,162483983.00
20161118,17.72,17.79,17.54,17.56,30417.0,168976973.00
20161121,17.57,17.67,17.47,17.52,37008.0,204459879.00
20161122,17.51,17.57,17.47,17.55,33004.0,181922926.00
20161123,17.60,18.11,17.60,17.96,123127.0,695633537.00
20161124,17.89,17.92,17.63,17.69,65685.0,367478022.00
20161125,17.71,17.76,17.43,17.60,45388.0,250854963.00
20161128,17.66,17.77,17.54,17.68,64679.0,359195209.00
20161129,17.68,17.89,17.54,17.66,59207.0,329736295.00
20161130,17.57,17.73,17.54,17.58,36678.0,203073929.00
20161201,17.58,17.71,17.52,17.57,41912.0,232043878.00
20161202,17.54,17.62,17.32,17.40,51678.0,283610543.00
20161205,17.36,17.44,17.02,17.05,72361.0,391940778.00
20161206,17.09,17.16,16.84,16.88,67613.0,359844489.00
20161207,16.89,16.94,16.60,16.84,72522.0,381985044.00
20161208,16.84,17.00,16.78,16.85,39496.0,209985571.00
20161209,16.85,16.87,16.68,16.76,38089.0,200980215.00
20161212,16.75,16.86,15.74,15.83,90405.0,464114062.00
20161213,15.88,16.23,15.85,16.10,54447.0,273464822.00
20161214,16.16,16.19,15.69,15.72,55462.0,275447369.00
20161215,15.69,15.93,15.66,15.84,39346.0,194498139.00
20161216,15.93,16.36,15.93,16.36,61736.0,311817046.00
20161219,16.42,16.48,16.09,16.13,36896.0,186863666.00
20161220,16.14,16.26,16.05,16.13,28475.0,143523910.00
20161221,16.26,16.39,16.17,16.25,27339.0,138989740.00
20161222,16.28,16.52,16.10,16.45,46788.0,238670698.00
20161223,16.47,16.47,16.04,16.06,41228.0,208839146.00
20161226,16.01,16.08,15.75,16.05,38240.0,189851066.00
20161227,16.05,16.06,15.83,15.83,41945.0,209496702.00
20161228,15.85,15.99,15.75,15.78,27180.0,134413291.00
20161229,15.79,15.95,15.69,15.80,32107.0,158780359.00
20161230,15.86,15.94,15.81,15.90,20886.0,103682416.00
20170103,15.88,16.07,15.87,15.95,38004.0,189836309.00
20170104,15.97,16.32,15.91,16.26,76201.0,384790063.00
20170105,16.26,16.28,16.13,16.14,39917.0,201824019.00
20170106,16.15,16.20,15.94,15.94,42153.0,211167708.00
20170109,15.96,16.04,15.91,15.98,32204.0,160778322.00
20170110,16.00,16.02,15.81,15.89,29611.0,147345868.00
20170111,15.89,15.94,15.80,15.82,23978.0,118771245.00
20170112,15.83,15.93,15.66,15.67,35498.0,174899617.00
20170113,15.67,15.80,15.62,15.66,32049.0,157329022.00
20170116,15.66,15.73,14.88,15.29,44753.0,215981347.00
20170117,15.36,15.51,15.24,15.43,27794.0,133517236.00
20170118,15.51,15.51,15.37,15.40,22201.0,107149056.00
20170119,15.42,15.46,15.36,15.40,17477.0,84220141.00
20170120,15.38,15.59,15.38,15.55,24796.0,120324606.00
20170123,15.61,15.76,15.61,15.64,23733.0,116240578.00
20170124,15.73,15.73,15.52,15.57,25628.0,124811910.00
20170125,15.58,15.74,15.51,15.65,30003.0,146682673.00
20170126,15.77,15.77,15.54,15.58,38626.0,188188764.00
20170203,15.59,15.61,15.46,15.48,29216.0,141629649.00
20170206,15.49,15.63,15.49,15.58,35549.0,172961702.00
20170207,15.62,15.97,15.62,15.79,81573.0,402822682.00
20170208,15.79,16.26,15.58,16.17,74522.0,368336378.00
20170209,16.15,16.15,15.97,16.00,71268.0,357318483.00
20170210,16.04,16.07,15.85,15.89,48338.0,240664687.00
20170213,15.89,16.06,15.79,15.92,50190.0,250044338.00
20170214,15.94,16.00,15.81,15.86,42461.0,210712341.00
20170215,15.88,15.97,15.54,15.61,74108.0,364115474.00
20170216,15.67,15.80,15.57,15.65,36928.0,180934599.00
20170217,15.66,15.75,15.52,15.54,38078.0,185633830.00
20170220,15.55,15.77,15.55,15.74,36633.0,179319037.00
20170221,15.79,16.09,15.79,16.02,107344.0,536939621.00
20170222,16.07,16.08,15.93,16.00,48579.0,242490259.00
20170223,16.04,16.13,15.93,16.10,58000.0,290350835.00
20170224,16.08,16.10,15.97,16.08,34802.0,174310517.00
20170227,16.17,16.49,16.07,16.09,101589.0,517619636.00
20170228,16.09,16.27,15.96,16.04,49203.0,247467411.00
20170301,16.03,16.16,15.98,16.07,50052.0,251094394.00
20170302,16.12,16.17,15.92,15.93,46598.0,232762851.00
20170303,15.93,16.35,15.90,16.33,115375.0,583642782.00
20170306,16.51,16.51,16.19,16.29,75697.0,385768331.00
20170307,16.29,16.41,16.22,16.33,49004.0,249591943.00
20170308,16.34,16.44,16.26,16.27,52024.0,265455137.00
20170309,16.26,16.27,16.04,16.06,47188.0,237145109.00
20170310,16.04,16.19,15.98,16.07,51983.0,260642993.00
20170313,16.00,16.00,15.71,15.95,64984.0,323000221.00
20170314,15.97,16.07,15.88,15.93,42289.0,210950302.00
20170315,15.97,15.97,15.69,15.84,37819.0,187281184.00
20170316,15.93,16.06,15.91,16.01,49327.0,246285782.00
20170317,16.05,16.09,15.84,15.84,57737.0,288105663.00
20170320,15.83,15.83,15.68,15.75,52836.0,259912157.00
20170321,15.75,15.81,15.70,15.78,38819.0,191104216.00
20170322,15.75,15.76,15.62,15.65,39045.0,191186268.00
20170323,15.66,15.93,15.66,15.83,55821.0,275918231.00
20170324,15.95,15.95,15.81,15.89,41430.0,205578832.00
20170327,15.94,16.09,15.85,15.88,36709.0,182935046.00
20170328,15.92,16.00,15.88,15.97,39118.0,194960714.00
20170329,15.69,15.78,15.53,15.62,85814.0,419686960.00
20170330,15.61,15.61,15.26,15.31,67797.0,325765499.00
20170331,15.31,15.46,15.30,15.37,45984.0,221134026.00
20170405,15.57,15.90,15.57,15.81,76000.0,374764331.00
20170406,15.83,16.00,15.69,15.84,51305.0,254071603.00
20170407,15.85,15.94,15.81,15.88,43523.0,216135567.00
20170410,15.88,16.04,15.78,15.89,43366.0,215230590.00
20170411,15.96,17.42,15.94,16.97,262271.0,1385995586.00
20170412,16.90,17.12,16.66,16.96,115414.0,609650830.00
20170413,16.81,16.96,16.64,16.79,59102.0,309646887.00
20170414,16.79,16.80,16.42,16.44,68709.0,355954002.00
20170417,16.33,16.55,16.24,16.45,46220.0,236677848.00
20170418,16.64,16.79,16.49,16.52,67517.0,351262631.00
20170419,16.51,16.67,16.12,16.41,68488.0,350341675.00
20170420,16.42,16.63,16.13,16.63,58608.0,299802634.00
20170421,16.63,16.88,16.57,16.64,66685.0,348116552.00
20170424,16.63,16.80,16.25,16.27,58738.0,302580817.00
20170425,16.33,16.47,16.22,16.38,43369.0,221889094.00
20170426,16.44,16.96,16.38,16.81,90525.0,473902068.00
20170427,16.80,16.80,16.49,16.67,59489.0,308908018.00
20170428,16.64,16.84,16.33,16.61,61988.0,320502394.00
20170502,16.37,16.44,15.86,15.91,109293.0,548737552.00
20170503,15.85,15.88,15.53,15.62,69198.0,338392883.00
20170504,15.63,15.77,15.55,15.59,38077.0,186105336.00
20170505,15.59,15.67,15.46,15.47,32300.0,156745226.00
20170508,15.47,15.75,15.47,15.62,34914.0,170485605.00
20170509,15.62,15.73,15.50,15.69,24826.0,121222122.00
20170510,15.71,15.75,15.36,15.36,39103.0,190542978.00
20170511,15.36,15.40,14.91,15.31,62121.0,294299914.00
20170512,15.31,15.40,15.20,15.37,29961.0,143557520.00
20170515,15.44,15.52,15.34,15.34,19021.0,91739725.00
20170516,15.34,15.64,15.20,15.57,31106.0,149412636.00
20170517,15.57,15.86,15.55,15.64,42441.0,208618072.00
20170518,15.53,15.73,15.47,15.48,20725.0,100790587.00
20170519,15.51,15.60,15.43,15.54,23363.0,113239155.00
20170522,15.54,15.64,15.34,15.49,24705.0,119675389.00
20170523,15.49,15.66,15.19,15.62,45473.0,219324651.00
20170524,15.56,15.67,15.36,15.62,32911.0,160081850.00
20170525,15.62,15.65,15.43,15.61,33790.0,163972121.00
20170526,15.64,15.77,15.61,15.72,40699.0,199387273.00
20170531,15.81,16.01,15.78,15.96,55752.0,276534554.00
20170601,15.96,16.03,15.69,15.79,38640.0,191414290.00
20170602,15.81,15.91,15.62,15.83,25275.0,124282022.00
20170605,15.85,16.07,15.85,16.07,50894.0,254333825.00
20170606,16.07,16.10,15.91,16.01,26957.0,134786202.00
20170607,16.02,16.19,15.97,16.17,46360.0,233517868.00
20170608,16.17,16.20,16.04,16.17,27473.0,138447553.00
20170609,16.20,16.25,15.99,16.08,38682.0,194073372.00
20170612,16.01,16.29,15.91,16.17,55222.0,277483403.00
20170613,16.14,16.80,16.13,16.59,84470.0,436146393.00
20170614,16.59,16.91,16.51,16.52,91069.0,476553923.00
20170615,16.55,16.63,16.44,16.55,39495.0,203844291.00
20170616,16.60,16.68,16.33,16.34,51159.0,263461006.00
20170619,16.33,16.52,16.28,16.40,36318.0,186094832.00
20170620,16.45,16.58,16.18,16.19,49972.0,255456823.00
20170621,16.25,16.41,16.17,16.31,53808.0,273301435.00
20170622,16.30,16.41,16.25,16.25,55269.0,281679510.00
20170623,16.23,16.29,16.05,16.20,45962.0,231809268.00
20170626,16.18,16.57,16.18,16.49,67567.0,346654536.00
20170627,16.52,16.64,16.38,16.48,46282.0,238798256.00
20170628,16.36,16.38,16.15,16.18,47055.0,238564224.00
20170629,16.21,16.26,16.08,16.10,41201.0,207772933.00
20170630,16.07,16.09,15.84,15.99,56516.0,281261803.00
20170703,15.93,16.09,15.92,16.01,25615.0,128078311.00
20170704,16.03,16.35,16.03,16.17,49469.0,250786936.00
20170705,16.17,16.47,16.17,16.38,51981.0,265549226.00
20170706,16.32,16.49,16.17,16.28,57560.0,293959674.00
20170707,16.25,16.29,16.11,16.22,32924.0,166618442.00
20170710,16.22,16.22,16.01,16.02,38057.0,191155906.00
20170711,16.01,16.17,16.01,16.03,26512.0,133130713.00
20170712,16.13,16.13,15.82,15.95,44339.0,220597889.00
20170713,15.94,16.04,15.90,15.96,24887.0,124118181.00
20170714,16.05,16.30,15.97,16.19,46878.0,236872536.00
20170717,16.19,16.21,15.66,15.69,61433.0,304009420.00
20170718,15.75,15.86,15.58,15.68,27430.0,134468591.00
20170719,15.71,15.91,15.68,15.87,32708.0,161628353.00
20170720,15.88,16.10,15.87,16.03,35918.0,179475930.00
20170721,16.04,16.30,15.92,16.16,57303.0,290041314.00
20170724,16.17,16.26,15.79,15.97,56919.0,283645714.00
20170725,16.01,16.02,15.78,15.81,38482.0,190503721.00
20170726,15.93,15.93,15.56,15.65,52079.0,255136770.00
20170727,15.69,15.78,15.65,15.72,37924.0,186246195.00
20170728,15.72,15.86,15.71,15.84,29969.0,147881668.00
20170731,15.88,15.90,15.64,15.69,51892.0,254905211.00
20170801,15.69,15.78,15.66,15.70,44985.0,220751525.00
20170802,15.72,15.74,15.51,15.53,52435.0,255442363.00
20170803,15.54,15.63,15.50,15.58,50985.0,247641072.00
20170804,15.64,15.67,15.55,15.59,26730.0,129821463.00
20170807,15.60,15.76,15.60,15.71,30464.0,148872114.00
20170808,15.71,15.89,15.64,15.81,40118.0,196964970.00
20170809,15.79,15.87,15.71,15.79,29892.0,146744557.00
20170810,15.79,15.82,15.58,15.66,28966.0,141549382.00
20170811,15.61,15.61,15.32,15.37,59257.0,284783564.00
20170814,15.42,15.52,15.39,15.49,27353.0,131646281.00
20170815,15.52,15.54,15.38,15.42,32050.0,153941418.00
20170816,15.43,15.52,15.29,15.51,31572.0,151598581.00
20170817,15.52,15.55,15.43,15.52,26240.0,126497145.00
20170818,15.52,15.65,15.44,15.60,31674.0,153626476.00
20170821,15.58,15.77,15.58,15.63,33868.0,164854875.00
20170822,15.68,15.73,15.46,15.47,37715.0,182505874.00
20170823,15.49,15.57,15.43,15.51,21112.0,101819233.00
20170824,15.52,15.55,15.39,15.42,33926.0,163248155.00
20170825,15.59,15.74,15.45,15.64,53405.0,260138570.00
20170828,15.68,15.93,15.65,15.86,64106.0,316073108.00
20170829,15.74,15.74,15.46,15.56,74521.0,360559689.00
20170830,15.52,15.57,15.42,15.55,37789.0,182161660.00
20170831,15.52,15.64,15.52,15.58,29314.0,142056447.00
20170901,15.58,15.61,15.46,15.52,33500.0,161731351.00
20170904,15.56,15.74,15.55,15.67,49331.0,240744075.00
20170905,15.68,15.72,15.64,15.70,32331.0,157831796.00
20170906,15.76,16.35,15.76,16.16,128700.0,644059292.00
20170907,16.07,16.16,15.91,15.93,67109.0,334326437.00
20170908,15.95,16.02,15.87,16.01,42648.0,211530238.00
20170911,16.91,17.19,16.59,16.66,190193.0,993398565.00
20170912,16.84,18.33,16.84,17.93,495529.0,2746256727.00
20170913,17.67,17.78,17.35,17.63,236513.0,1291741256.00
20170914,17.86,17.95,17.35,17.50,146047.0,798992544.00
20170915,17.40,17.41,17.03,17.16,125873.0,672584956.00
20170918,17.15,18.81,17.15,18.61,372631.0,2105090645.00
20170919,18.47,18.53,18.11,18.39,215409.0,1228898008.00
20170920,18.37,20.23,18.20,19.86,548300.0,3359873751.00
20170921,19.71,20.68,19.47,20.10,447493.0,2798742958.00
20170922,20.02,20.72,19.83,20.02,290495.0,1831760254.00
20170925,19.92,20.13,19.17,19.37,248954.0,1520891606.00
20170926,19.21,20.88,19.21,20.88,383172.0,2427224404.00
20170927,21.24,22.79,21.06,21.81,474803.0,3241461154.00
20170928,21.56,22.64,21.39,22.15,325263.0,2219983031.00
20170929,21.93,22.32,21.48,21.94,294855.0,2005780685.00
20171009,23.33,23.61,22.65,23.16,378033.0,2727755023.00
20171010,22.81,23.13,22.44,22.69,231070.0,1637321731.00
20171011,22.89,23.00,21.87,22.06,229790.0,1584085229.00
20171012,21.96,22.39,21.50,21.94,228825.0,1559905993.00
20171013,21.98,22.04,21.40,21.76,160442.0,1079412942.00
20171016,21.77,22.28,21.37,21.66,201483.0,1370037807.00
20171017,21.56,21.96,21.43,21.65,115799.0,780476725.00
20171018,21.78,22.10,21.62,21.66,141560.0,962447350.00
20171019,21.70,21.80,20.89,20.93,196881.0,1295850152.00
20171020,20.89,22.07,20.72,22.02,218079.0,1456656111.00
20171023,21.94,22.06,21.41,21.50,173726.0,1168661896.00
20171024,21.48,21.70,20.52,20.90,204807.0,1339470167.00
20171025,20.91,21.21,20.73,21.04,118238.0,772896725.00
20171026,20.82,21.44,20.58,21.14,159153.0,1039928786.00
20171027,21.20,21.37,20.82,20.93,116413.0,763542709.00
20171030,20.84,20.84,19.82,20.09,205126.0,1287173023.00
20171031,20.06,20.37,19.93,20.24,103125.0,648127183.00
20171101,20.58,21.04,20.49,20.63,150590.0,975306221.00
20171102,20.56,20.70,20.12,20.34,100879.0,639052791.00
20171103,20.34,21.09,20.25,20.64,139520.0,903065031.00
20171106,21.03,21.25,20.70,21.07,134877.0,882061773.00
20171107,21.16,21.45,20.84,21.05,113896.0,746407099.00
20171108,21.04,21.96,20.92,21.65,220709.0,1484376001.00
20171109,21.80,22.27,21.53,21.84,167087.0,1137272812.00
20171110,21.82,21.82,21.44,21.74,132075.0,889563474.00
20171113,21.85,22.56,21.77,22.52,240137.0,1664811921.00
20171114,22.53,22.57,21.75,21.85,172747.0,1188914356.00
20171115,21.69,21.75,20.47,20.55,233004.0,1516989636.00
20171116,20.50,20.85,20.16,20.64,117896.0,753593296.00
20171117,20.88,21.19,20.43,20.43,117539.0,760782578.00
20171120,20.72,22.34,20.51,22.33,282147.0,1898640794.00
20171121,22.36,23.60,22.18,23.23,362854.0,2606743576.00
20171122,23.22,23.71,23.00,23.39,288934.0,2098373490.00
20171123,23.32,23.70,22.65,22.69,216167.0,1554460927.00
20171124,22.70,23.22,22.44,22.72,214564.0,1528520309.00
20171127,22.56,22.58,20.44,20.44,345568.0,2290501553.00
20171128,20.40,20.84,19.83,20.80,224011.0,1419502842.00
20171129,20.83,20.88,20.24,20.68,144177.0,924072963.00
20171130,20.43,20.58,19.96,19.99,135172.0,850257006.00
20171201,19.98,20.45,19.83,20.35,98388.0,620077095.00
20171204,20.40,20.78,20.24,20.38,93559.0,599016497.00
20171205,20.12,20.69,19.92,20.14,107230.0,678552969.00
20171206,20.28,20.50,18.64,19.57,278179.0,1674009228.00
20171207,19.28,19.43,18.89,18.98,114122.0,678933558.00
20171208,19.02,19.46,19.02,19.20,123145.0,739118658.00
20171211,19.44,20.20,19.30,20.11,149138.0,922622265.00
20171212,20.30,20.56,19.92,19.94,148571.0,933129078.00
20171213,19.96,20.24,19.80,20.24,88655.0,554367593.00
20171214,20.24,20.50,20.02,20.45,103337.0,654156603.00
20171215,20.27,20.34,19.82,20.16,108268.0,676816593.00
20171218,20.09,20.35,19.86,20.08,66222.0,414439330.00
20171219,20.08,20.19,19.86,20.01,58169.0,361975730.00
20171220,20.11,20.14,19.49,19.53,86651.0,531677163.00
20171221,19.51,20.05,19.28,19.92,79108.0,486446532.00
20171222,20.02,20.14,19.85,19.98,57613.0,359125181.00
20171225,19.88,20.12,19.82,19.92,52652.0,327164195.00
20171226,20.05,20.55,19.92,20.36,102636.0,649400740.00
20171227,20.48,22.33,20.36,21.56,267163.0,1769635660.00
20171228,21.53,22.09,21.06,21.10,186040.0,1243510630.00
20171229,21.16,21.16,20.59,20.90,105532.0,684215257.00
20180102,20.97,21.38,20.87,21.16,127140.0,837153614.00
20180103,20.88,21.56,20.69,21.24,151909.0,1000075488.00
20180104,21.21,21.32,20.86,20.90,118416.0,773631609.00
20180105,20.85,20.95,20.51,20.68,104870.0,673396088.00
20180108,20.76,21.31,20.73,20.95,136740.0,894169179.00
20180109,20.95,21.26,20.79,21.02,94309.0,616396032.00
20180110,21.08,21.20,20.85,21.10,94265.0,615796957.00
20180111,21.20,21.20,20.85,21.01,76298.0,498923642.00
20180112,21.10,21.80,21.08,21.55,195978.0,1316801695.00
20180115,21.61,21.88,20.85,20.93,151890.0,1006209959.00
20180116,20.72,21.12,20.71,20.82,95919.0,622943133.00
20180117,20.78,20.78,20.08,20.48,116525.0,738922968.00
20180118,20.62,20.75,20.20,20.30,73701.0,468859834.00
20180119,20.43,20.44,20.14,20.31,52370.0,330860117.00
20180122,20.46,21.53,20.44,21.40,172657.0,1134014385.00
20180123,21.41,21.65,21.22,21.47,123518.0,824929033.00
20180124,21.54,21.56,21.04,21.37,76416.0,506242911.00
20180125,21.37,21.68,21.06,21.09,80839.0,535708498.00
20180126,21.09,21.30,20.88,21.04,63558.0,416434838.00
20180129,21.17,21.17,20.18,20.21,125219.0,800199750.00
20180130,20.20,20.55,20.16,20.39,55877.0,354826318.00
20180131,20.26,20.55,20.21,20.25,54297.0,343948048.00
20180201,20.26,20.40,19.24,19.49,126983.0,773267406.00
20180202,19.47,20.01,19.33,19.89,69721.0,428724465.00
20180205,19.37,19.85,19.35,19.75,40610.0,248908792.00
20180206,19.28,19.56,18.80,18.80,103985.0,617879621.00
20180207,19.27,19.40,18.32,18.92,82085.0,483267912.00
20180208,18.92,19.24,18.80,19.12,45972.0,273521091.00
20180209,18.60,18.78,18.10,18.20,93076.0,533844304.00
20180212,18.35,19.28,18.35,19.16,80515.0,475216154.00
20180213,19.28,19.48,19.06,19.12,55080.0,330539304.00
20180214,19.66,19.76,19.34,19.44,55902.0,339523509.00
20180222,19.91,20.35,19.70,20.02,97413.0,608542083.00
20180223,20.03,20.34,19.86,20.18,59836.0,374402303.00
20180226,20.52,21.11,20.52,20.86,156114.0,1015836694.00
20180227,20.72,20.86,20.36,20.39,100650.0,644261728.00
20180228,20.31,20.72,20.14,20.41,77371.0,491273053.00
20180301,20.23,20.38,20.08,20.33,74934.0,472004143.00
20180302,20.08,20.36,20.04,20.20,59276.0,372641750.00
20180305,20.24,21.17,20.21,20.92,149505.0,969390126.00
20180306,20.93,21.46,20.82,21.39,149685.0,986303922.00
20180307,21.21,21.36,20.72,20.73,94941.0,620764971.00
20180308,20.82,21.07,20.60,20.84,64301.0,417031838.00
20180309,20.88,21.14,20.68,21.06,87514.0,570045131.00
20180312,21.21,21.58,21.05,21.48,137195.0,911208094.00
20180313,21.48,21.69,21.10,21.21,118111.0,785220076.00
20180314,21.11,21.17,20.68,20.68,99780.0,649479489.00
20180315,20.57,21.03,20.57,20.79,78053.0,505013096.00
20180316,20.80,21.04,20.63,20.64,68414.0,443482218.00
20180319,20.64,20.84,20.53,20.64,50235.0,323461041.00
20180320,20.47,20.47,19.92,20.18,108426.0,680033628.00
20180321,20.24,20.50,20.05,20.11,83340.0,527104976.00
20180322,20.23,20.30,19.89,20.11,58977.0,368290682.00
20180323,19.27,19.90,18.89,19.11,128222.0,769016433.00
20180326,18.95,19.44,18.63,19.41,84012.0,498479000.00
20180327,19.63,19.79,19.51,19.70,72053.0,440900076.00
20180328,17.73,18.65,17.73,18.05,330117.0,1857779370.00
20180329,17.90,18.09,17.51,17.99,140042.0,776010888.00
20180330,18.28,18.31,18.00,18.09,80900.0,456258468.00
20180402,18.15,18.17,17.86,17.89,83266.0,465170811.00
20180403,17.67,17.67,17.25,17.44,123634.0,669731880.00
20180404,17.53,17.78,17.46,17.61,81536.0,447590120.00
20180409,17.64,18.31,17.64,18.10,119840.0,672904833.00
20180410,18.10,18.55,17.95,18.20,108469.0,615247987.00
20180411,18.22,18.27,17.93,18.03,74569.0,418713522.00
20180412,18.04,18.12,17.93,17.96,52437.0,294093347.00
20180413,18.06,18.12,17.82,17.86,41333.0,230903158.00
20180416,17.83,18.01,17.57,17.65,53046.0,293221747.00
20180417,17.71,17.77,17.19,17.22,72272.0,391578011.00
20180418,17.41,17.45,16.70,17.17,92047.0,488104454.00
20180419,17.14,17.41,17.04,17.31,51362.0,276457848.00
20180420,17.35,17.35,16.74,16.79,58543.0,309786715.00
20180423,16.78,17.09,16.74,17.01,53926.0,284605142.00
20180424,16.99,17.38,16.99,17.38,55426.0,297599247.00
20180425,17.30,17.41,17.22,17.30,44870.0,241713280.00
20180426,17.32,17.38,16.87,16.88,52535.0,278828634.00
20180427,17.06,17.15,16.88,17.02,41996.0,222444774.00
20180502,16.32,16.32,15.71,15.82,140008.0,693760452.00
20180503,15.83,15.99,15.61,15.94,73997.0,363859038.00
20180504,15.78,15.89,15.73,15.82,49590.0,243739610.00
20180507,16.03,16.32,15.74,16.18,74919.0,375182085.00
20180508,16.18,16.82,16.18,16.67,81143.0,418570268.00
20180509,16.71,16.71,16.45,16.55,46744.0,240992244.00
20180510,16.59,16.82,16.44,16.66,41669.0,215527482.00
20180511,16.65,17.16,16.49,17.01,92193.0,485080674.00
20180514,17.08,17.30,16.84,16.92,66234.0,351087631.00
20180515,16.97,17.18,16.87,17.05,55338.0,293343587.00
20180516,17.04,17.18,16.81,16.93,54934.0,290527932.00
20180517,16.94,17.09,16.88,16.95,37620.0,198769278.00
20180518,17.02,17.43,16.96,17.35,88743.0,475746084.00
20180521,17.49,17.73,17.39,17.52,74495.0,406861057.00
20180522,17.53,17.74,17.39,17.67,56239.0,308464966.00
20180523,17.51,17.92,17.26,17.57,78660.0,432530174.00
20180524,17.51,17.67,17.29,17.40,50349.0,273646243.00
20180525,17.41,17.74,17.41,17.42,50606.0,276703124.00
20180528,17.44,17.66,16.94,16.96,60132.0,322785115.00
20180529,16.88,17.44,16.84,17.19,72877.0,391219743.00
20180530,17.03,17.03,16.07,16.19,103830.0,531139583.00
20180531,16.20,16.47,16.20,16.43,57928.0,295133224.00
20180601,16.50,16.50,16.07,16.36,45159.0,229157934.00
20180604,16.30,16.45,16.08,16.13,52796.0,265822585.00
20180605,16.13,16.46,16.00,16.46,55285.0,279721414.00
20180606,16.34,16.64,16.26,16.42,64983.0,331700726.00
20180607,16.55,16.57,16.35,16.36,43289.0,221696045.00
20180608,16.36,16.38,16.03,16.11,51338.0,257351122.00
20180611,16.10,16.11,15.84,15.88,42806.0,212520366.00
20180612,15.97,16.13,15.74,16.07,46212.0,229627048.00
20180613,16.10,16.10,15.71,15.76,48819.0,240481696.00
20180614,15.64,15.88,15.61,15.76,38125.0,186776441.00
20180615,15.77,15.83,15.46,15.48,49375.0,239521337.00
20180619,15.29,15.29,13.96,14.45,119739.0,544796160.00
20180620,14.28,14.85,14.28,14.58,56962.0,257906372.00
20180621,14.71,15.22,14.59,14.71,76182.0,353226547.00
20180622,14.72,15.18,14.63,15.05,60454.0,280666477.00
20180625,15.33,15.33,14.75,14.80,57418.0,267602978.00
20180626,14.78,15.14,14.53,14.90,64116.0,297323008.00
20180627,14.97,15.45,14.94,15.13,95524.0,453690793.00
20180628,15.13,15.24,14.72,14.78,61273.0,285276155.00
20180629,14.82,15.35,14.78,15.32,74976.0,351475140.00
20180702,15.32,15.32,14.73,14.77,61757.0,288563470.00
20180703,14.93,15.01,14.16,14.57,93103.0,421287431.00
20180704,14.57,14.82,14.46,14.71,63419.0,289309686.00
20180705,14.71,15.07,14.59,14.64,55737.0,257799358.00
20180706,14.87,15.02,14.63,14.79,67812.0,314076550.00
20180709,14.90,15.08,14.75,14.95,72893.0,337170010.00
20180710,14.96,15.06,14.88,14.98,46390.0,216079243.00
20180711,14.66,14.79,14.37,14.61,50742.0,230516244.00
20180712,14.72,15.10,14.68,14.95,69617.0,322903030.00
20180713,14.98,14.98,14.72,14.76,53283.0,246023438.00
20180716,14.39,14.39,13.75,14.12,125033.0,549450646.00
20180717,13.96,14.10,13.74,13.99,69395.0,300926791.00
20180718,13.99,14.21,13.89,13.91,44874.0,196079174.00
20180719,14.00,14.00,13.49,13.54,61876.0,263568678.00
20180720,13.65,13.87,13.55,13.79,56934.0,243361983.00
20180723,13.72,14.09,13.66,13.98,51941.0,225317617.00
20180724,14.04,14.28,13.95,14.23,55479.0,244567193.00
20180725,14.31,14.31,14.04,14.15,64748.0,285047289.00
20180726,14.15,14.21,13.78,13.82,51790.0,224937888.00
20180727,13.82,13.92,13.73,13.81,36789.0,158234195.00
20180730,13.80,13.85,13.45,13.65,55929.0,236871679.00
20180731,13.67,13.67,13.51,13.57,30211.0,127788053.00
20180801,13.76,13.81,13.46,13.49,44291.0,187567711.00
20180802,13.48,13.49,12.69,12.88,107980.0,434793686.00
20180803,12.94,13.01,12.27,12.32,96515.0,378310911.00
20180806,12.32,12.42,11.85,11.98,73788.0,279140177.00
20180807,12.11,12.21,11.80,12.21,68164.0,255655370.00
20180808,12.22,12.69,12.22,12.30,73069.0,282739399.00
20180809,12.17,12.71,12.15,12.61,74875.0,292537448.00
20180810,12.66,13.42,12.66,13.39,103583.0,422283651.00
20180813,13.21,13.99,13.13,13.87,132330.0,562164129.00
20180814,13.87,14.12,13.69,13.86,81990.0,354897702.00
20180815,13.82,14.10,13.42,13.54,98822.0,422981147.00
20180816,13.32,13.88,13.25,13.58,74037.0,313880308.00
20180817,13.85,13.86,13.54,13.68,57459.0,244648242.00
20180820,13.85,14.62,13.83,14.58,147217.0,652700919.00
20180821,14.59,14.69,14.31,14.47,98459.0,442864999.00
20180822,14.68,14.77,14.24,14.44,90880.0,408588402.00
20180823,14.45,14.64,14.06,14.29,83316.0,370017549.00
20180824,14.30,14.30,13.80,14.01,78309.0,339680030.00
20180827,14.00,14.59,13.98,14.51,87641.0,392169181.00
20180828,14.52,14.88,14.48,14.70,80942.0,368320457.00
20180829,14.64,15.09,14.64,14.93,91448.0,423581624.00
20180830,14.67,14.96,14.39,14.51,91240.0,413735712.00
20180831,14.32,14.47,14.15,14.33,66898.0,296774484.00
20180903,14.31,14.31,13.90,14.08,56080.0,244217934.00
20180904,14.15,14.37,14.06,14.35,59574.0,263787461.00
20180905,14.21,14.35,13.70,13.70,82855.0,358289748.00
20180906,13.70,13.93,13.56,13.73,46915.0,200948426.00
20180907,13.95,14.21,13.75,13.80,68764.0,298371255.00
20180910,13.86,14.00,13.27,13.45,52933.0,222230731.00
20180911,13.39,13.49,13.19,13.38,35223.0,145958369.00
20180912,13.22,13.70,13.12,13.55,55875.0,233559547.00
20180913,13.77,13.88,13.57,13.84,55448.0,235991197.00
20180914,14.25,14.65,14.25,14.44,105337.0,470960344.00
20180917,14.18,14.65,14.02,14.44,85194.0,380849816.00
20180918,14.24,14.62,14.20,14.53,68125.0,305784416.00
20180919,14.54,15.27,14.41,15.14,130011.0,605521150.00
20180920,15.14,15.31,14.81,14.81,82025.0,384946509.00
20180921,15.31,15.72,15.02,15.15,162412.0,771531286.00
20180925,15.25,15.68,15.25,15.54,102447.0,493193076.00
20180926,15.69,15.78,15.40,15.56,99681.0,481689819.00
20180927,15.63,15.67,15.31,15.41,62774.0,301075048.00
20180928,15.47,15.89,15.44,15.83,76871.0,375320282.00
20181008,15.15,15.46,14.96,15.01,111389.0,525032408.00
20181009,15.03,15.34,15.03,15.18,41623.0,196036934.00
20181010,15.26,15.33,14.65,14.80,88215.0,406966964.00
20181011,14.32,14.56,13.76,13.80,119795.0,525829641.00
20181012,13.93,15.09,13.93,14.96,129205.0,582234034.00
20181015,15.02,15.42,14.93,15.13,95431.0,449287101.00
20181016,15.13,15.30,14.60,14.82,64697.0,298245832.00
20181017,15.05,15.36,14.79,15.25,110262.0,517523050.00
20181018,15.15,15.25,14.74,14.89,83864.0,389252607.00
20181019,14.53,15.24,14.18,15.16,119985.0,548809979.00
20181022,15.35,16.18,15.33,16.12,168944.0,830863889.00
20181023,16.07,16.11,15.25,15.62,115358.0,561568014.00
20181024,15.57,16.03,15.48,15.72,104536.0,511363113.00
20181025,15.26,16.04,15.12,15.99,110847.0,534735630.00
20181026,16.11,16.16,15.47,15.67,76780.0,375759895.00
20181029,15.68,15.79,15.12,15.27,69283.0,330502208.00
20181030,15.30,15.39,14.47,15.00,96486.0,446449785.00
20181031,14.97,15.30,14.86,15.08,61159.0,286724573.00
20181101,15.23,15.31,14.50,14.73,109019.0,506616966.00
20181102,14.97,15.52,14.73,15.48,139156.0,653896214.00
20181105,15.47,15.83,15.22,15.55,110088.0,530983606.00
20181106,15.53,15.53,15.12,15.35,55657.0,263813779.00
20181107,15.02,15.49,15.02,15.23,69529.0,328618537.00
20181108,15.37,15.97,15.37,15.79,142158.0,691476023.00
20181109,15.73,16.40,15.58,16.12,146773.0,733720348.00
20181112,16.11,16.79,16.02,16.64,133711.0,686089554.00
20181113,16.32,16.91,16.28,16.44,105875.0,544505063.00
20181114,16.42,17.02,16.40,16.73,102128.0,532606599.00
20181115,16.65,16.86,16.56,16.70,69457.0,359591469.00
20181116,16.76,16.99,16.40,16.62,113240.0,586888029.00
20181119,16.67,17.83,16.63,17.63,162487.0,875664702.00
20181120,17.41,18.37,17.21,17.86,173210.0,959224885.00
20181121,17.65,18.05,17.44,17.73,94100.0,516953989.00
20181122,17.62,18.36,17.62,17.83,102001.0,570471566.00
20181123,17.83,17.95,17.18,17.41,95170.0,515611648.00
20181126,17.38,17.83,17.24,17.46,82746.0,449937036.00
20181127,17.58,18.50,17.58,18.46,159156.0,898849519.00
20181128,18.46,18.92,18.15,18.58,120959.0,695702141.00
20181129,18.65,19.05,18.41,18.58,104920.0,609939043.00
20181130,18.51,18.83,18.19,18.37,89648.0,514882194.00
20181203,18.81,18.99,17.92,18.08,194258.0,1110534662.00
20181204,17.86,18.32,17.77,18.16,118279.0,663603374.00
20181205,17.94,18.75,17.77,18.67,156248.0,887736695.00
20181206,18.54,18.63,17.69,17.84,135824.0,759428435.00
20181207,18.02,18.66,17.91,18.34,126354.0,718653311.00
20181210,18.06,18.23,17.75,17.86,115499.0,642323334.00
20181211,17.96,18.48,17.96,18.10,111477.0,630306945.00
20181212,18.28,18.85,18.25,18.78,131204.0,756589988.00
20181213,18.78,18.88,18.41,18.83,101065.0,585047648.00
20181214,18.82,19.02,18.34,18.47,92911.0,537878635.00
20181217,18.27,18.37,17.41,17.69,142955.0,786141531.00
20181218,17.42,18.08,17.40,17.74,91365.0,504509550.00
20181219,17.80,18.04,17.21,17.25,113363.0,617053242.00
20181220,17.25,17.52,17.03,17.37,104322.0,560669532.00
20181221,17.28,17.47,16.74,17.08,103208.0,545598258.00
20181224,17.00,17.23,16.79,17.15,81600.0,431280133.00
20181225,16.96,17.08,16.40,16.83,112456.0,584096975.00
20181226,16.84,16.98,16.44,16.44,77390.0,401148280.00
20181227,16.80,16.91,16.36,16.39,100761.0,519075086.00
20181228,16.40,16.57,16.15,16.44,82507.0,419993120.00
20190102,16.45,16.57,15.79,15.85,85554.0,424670600.00
20190103,15.88,16.08,15.47,15.49,83477.0,407386244.00
20190104,15.41,16.44,15.32,16.33,126537.0,627892541.00
20190107,16.39,16.72,16.12,16.57,136045.0,693197812.00
20190108,16.86,17.29,16.78,17.05,147051.0,777381422.00
20190109,16.70,17.09,15.63,16.27,262205.0,1327590600.00
20190110,16.09,16.18,15.68,15.75,153455.0,757175097.00
20190111,15.63,15.89,15.60,15.80,96799.0,472494719.00
20190114,15.86,15.86,15.25,15.73,109746.0,527419471.00
20190115,15.60,15.78,15.42,15.73,83530.0,405053064.00
20190116,15.73,15.83,15.58,15.77,65923.0,321851881.00
20190117,15.76,15.77,15.26,15.31,98743.0,471791914.00
20190118,15.31,15.31,14.84,15.09,125995.0,587354337.00
20190121,15.07,15.56,14.87,15.54,131233.0,623110349.00
20190122,15.49,15.73,15.34,15.38,84093.0,405187157.00
20190123,15.29,15.76,15.26,15.73,96619.0,468388887.00
20190124,15.77,15.79,15.36,15.64,71711.0,346868853.00
20190125,15.65,16.00,15.53,15.85,100929.0,495909173.00
20190128,15.86,16.07,15.56,15.62,86253.0,421062141.00
20190129,15.62,15.62,15.16,15.47,61503.0,294079276.00
20190130,15.46,15.56,15.12,15.20,83426.0,395168911.00
20190131,15.18,15.31,14.92,14.96,71885.0,336548858.00
20190201,15.07,15.57,14.99,15.56,91780.0,437206887.00
20190211,15.73,16.22,15.73,16.18,128870.0,643280484.00
20190212,16.19,16.49,16.08,16.30,102991.0,520271543.00
20190213,16.30,16.79,16.22,16.62,122964.0,631189934.00
20190214,16.71,17.43,16.71,17.32,169124.0,900048082.00
20190215,17.21,17.21,16.61,16.66,152915.0,798355783.00
20190218,16.74,17.02,16.65,16.91,168184.0,878505553.00
20190219,16.92,16.98,16.44,16.68,144364.0,746470487.00
20190220,16.70,17.02,16.61,16.88,124998.0,653706171.00
20190221,16.86,17.09,16.62,16.74,126055.0,659357725.00
20190222,16.70,16.72,16.41,16.72,119677.0,614630406.00
20190225,16.72,17.77,16.60,17.75,258382.0,1389428008.00
20190226,18.44,18.91,18.19,18.29,291995.0,1676147790.00
20190227,18.12,18.13,17.46,17.72,228542.0,1257964248.00
20190228,17.77,17.80,17.46,17.57,94237.0,515781621.00
20190301,17.69,17.72,17.05,17.34,174562.0,935733501.00
20190304,17.41,17.66,17.00,17.30,302258.0,1617182254.00
20190305,17.30,17.48,17.09,17.43,196305.0,1054132204.00
20190306,17.57,17.72,17.25,17.55,220521.0,1195892022.00
20190307,17.44,17.44,17.09,17.21,182839.0,976603632.00
20190308,17.09,17.09,16.46,16.48,185281.0,962751253.00
20190311,16.47,16.92,16.47,16.88,126196.0,654575666.00
20190312,16.89,17.05,16.67,16.76,138615.0,725665664.00
20190313,16.69,17.01,16.54,16.76,127209.0,662997519.00
20190314,16.77,17.78,16.77,17.59,350367.0,1889955259.00
20190315,17.75,18.12,17.45,17.86,255425.0,1416034163.00
20190318,17.89,18.19,17.86,17.94,154589.0,863433541.00
20190319,18.10,18.26,17.89,18.05,124059.0,695763500.00
20190320,18.13,18.27,17.68,17.86,122722.0,685243136.00
20190321,17.86,18.05,17.61,17.75,109001.0,603820541.00
20190322,17.78,18.56,17.73,18.37,173032.0,982926478.00
20190325,18.05,18.69,17.96,18.21,124562.0,709514797.00
20190326,18.37,18.55,17.76,17.81,105549.0,594394980.00
20190327,17.66,18.23,17.31,17.64,147450.0,804456203.00
20190328,17.94,17.94,16.92,17.01,167947.0,895034578.00
20190329,17.04,17.27,16.81,17.24,128353.0,680888783.00
20190401,17.26,17.66,17.18,17.55,160698.0,870253123.00
20190402,17.60,17.72,17.41,17.63,128436.0,697294567.00
20190403,17.64,17.70,17.46,17.53,101702.0,554172127.00
20190404,17.58,17.94,17.54,17.79,147706.0,814495088.00
20190408,17.88,17.93,17.05,17.23,165600.0,896323907.00
20190409,17.26,17.83,17.26,17.71,133048.0,724828855.00
20190410,17.71,18.15,17.30,17.90,176454.0,976494639.00
20190411,17.98,18.50,17.64,17.71,183873.0,1031866080.00
20190412,17.65,17.65,17.30,17.44,89460.0,484592128.00
20190415,17.56,17.81,17.19,17.26,100201.0,544377825.00
20190416,17.26,18.39,17.18,18.29,210095.0,1165362389.00
20190417,18.73,20.12,18.73,20.12,491714.0,2999382073.00
20190418,20.08,20.09,18.99,19.12,314696.0,1902702645.00
20190419,19.02,19.92,18.86,19.38,174364.0,1050880591.00
20190422,19.34,19.38,18.44,18.60,152524.0,888126618.00
20190423,18.62,18.67,18.25,18.36,99685.0,569865394.00
20190424,18.52,18.75,18.26,18.75,112922.0,651607907.00
20190425,18.60,18.60,18.05,18.10,92924.0,526376238.00
20190426,18.08,18.24,17.77,17.85,82089.0,457693828.00
20190429,18.21,18.37,17.87,17.94,105128.0,591529429.00
20190430,17.91,18.34,17.81,18.34,79274.0,447723208.00
20190506,17.69,17.82,16.71,16.78,135543.0,725208717.00
20190507,16.90,17.27,16.79,17.09,85742.0,454013999.00
20190508,16.77,17.19,16.57,16.71,98147.0,511300537.00
20190509,16.73,16.84,16.33,16.48,74263.0,380777299.00
20190510,16.72,16.87,16.02,16.85,90465.0,467950646.00
20190513,16.83,16.83,16.28,16.45,64960.0,331705667.00
20190514,16.26,16.44,16.15,16.18,62974.0,318067063.00
20190515,16.31,16.55,16.22,16.53,68026.0,346688295.00
20190516,16.52,16.73,16.50,16.59,58377.0,300715977.00
20190517,16.54,16.59,16.12,16.19,67504.0,340767750.00
20190520,16.25,16.25,15.63,15.80,78295.0,383243529.00
20190521,15.85,15.99,15.70,15.92,59860.0,295136969.00
20190522,15.95,15.96,15.67,15.77,52623.0,257348049.00
20190523,15.89,15.95,15.30,15.34,107057.0,514288095.00
20190524,15.38,16.02,15.15,15.67,93766.0,451740393.00
20190527,15.57,15.79,15.25,15.73,79566.0,383543247.00
20190528,15.73,16.28,15.70,16.28,122525.0,610836937.00
20190529,15.96,16.10,15.88,15.99,56658.0,281063737.00
20190530,15.96,15.96,15.55,15.59,55403.0,269187302.00
20190531,15.68,15.77,15.43,15.55,53590.0,259382616.00
20190603,15.70,15.85,15.49,15.73,53961.0,261923867.00
20190604,15.62,15.67,15.38,15.64,49330.0,237326287.00
20190605,15.79,15.91,15.67,15.76,67271.0,329419970.00
20190606,16.02,16.16,15.80,15.91,106347.0,527701775.00
20190610,16.44,16.73,16.33,16.41,131081.0,671025777.00
20190611,16.30,16.66,16.17,16.62,119686.0,611970770.00
20190612,16.62,16.62,16.30,16.36,93790.0,476661987.00
20190613,16.34,16.34,16.08,16.19,68058.0,341679829.00
20190614,16.21,16.28,15.89,15.91,62553.0,311449188.00
20190617,15.95,16.10,15.80,15.83,53005.0,261630786.00
20190618,15.83,15.99,15.79,15.86,54723.0,269093638.00
20190619,16.16,16.23,15.94,15.99,92549.0,461559434.00
20190620,15.99,16.28,15.82,16.21,121168.0,604664111.00
20190621,16.18,16.34,16.12,16.30,106524.0,537052469.00
20190624,16.30,16.40,16.19,16.36,65401.0,331224645.00
20190625,16.28,16.34,16.02,16.09,78742.0,393724882.00
20190626,15.98,16.31,15.93,16.13,57139.0,286425558.00
20190627,16.18,16.40,16.14,16.29,81181.0,410302470.00
20190628,16.30,16.39,16.19,16.35,55170.0,278912037.00
20190701,16.63,16.80,16.47,16.73,114363.0,591468284.00
20190702,16.73,17.54,16.62,17.14,158556.0,845973987.00
20190703,17.14,17.47,17.01,17.21,118723.0,636771038.00
20190704,17.22,17.44,17.03,17.16,81471.0,435697733.00
20190705,17.16,17.33,16.82,17.17,82513.0,437855977.00
20190708,17.17,17.18,16.52,16.87,97308.0,509579132.00
20190709,16.82,17.75,16.79,17.69,181053.0,978273334.00
20190710,17.60,17.60,17.25,17.38,119791.0,645839746.00
20190711,17.38,17.46,17.05,17.17,92303.0,493283916.00
20190712,17.18,17.66,17.15,17.49,103750.0,562711506.00
20190715,17.50,18.01,17.28,17.84,122206.0,672943701.00
20190716,17.77,17.81,17.60,17.66,53946.0,295764350.00
20190717,17.66,17.79,17.54,17.62,62128.0,340228560.00
20190718,17.53,17.53,17.10,17.23,89584.0,478991316.00
20190719,17.28,17.48,17.20,17.38,60072.0,323902159.00
20190722,17.57,17.87,17.42,17.70,115344.0,632700582.00
20190723,17.67,18.46,17.52,18.16,141071.0,790277018.00
20190724,18.31,18.46,18.12,18.16,106123.0,602258056.00
20190725,18.16,18.37,17.99,18.31,69022.0,389643343.00
20190726,18.20,18.72,18.12,18.58,105883.0,605449724.00
20190729,18.71,18.75,18.31,18.51,63434.0,362394960.00
20190730,18.52,18.59,18.29,18.47,75485.0,429968220.00
20190731,18.37,18.37,17.95,18.10,89719.0,502687430.00
20190801,18.02,18.21,17.85,18.03,88669.0,493036920.00
20190802,17.49,17.80,17.42,17.60,84179.0,458483256.00
20190805,17.53,17.62,16.89,16.94,104575.0,555556899.00
20190806,16.63,16.82,16.32,16.62,108362.0,554889918.00
20190807,16.71,16.79,16.36,16.43,71130.0,363369325.00
20190808,16.54,16.60,16.34,16.45,71456.0,363707712.00
20190809,16.60,16.81,16.45,16.50,85773.0,440459429.00
20190812,16.46,16.56,16.11,16.56,90738.0,458849775.00
20190813,16.34,16.40,15.98,16.01,135333.0,674159669.00
20190814,16.24,16.34,16.10,16.27,92687.0,465589310.00
20190815,16.00,16.29,15.86,16.21,66446.0,330083346.00
20190816,16.27,16.68,16.21,16.52,90301.0,461801383.00
20190819,16.82,16.88,16.56,16.85,106806.0,553165931.00
20190820,16.75,16.85,16.60,16.64,87995.0,454068932.00
20190821,16.61,16.70,16.46,16.70,85677.0,438446555.00
20190822,16.47,16.47,16.07,16.24,211089.0,1057906186.00
20190823,16.17,16.18,15.61,15.82,246969.0,1209219992.00
20190826,15.53,15.87,15.44,15.86,142274.0,690592163.00
20190827,15.89,16.06,15.88,16.03,144791.0,715147678.00
20190828,16.27,16.61,16.11,16.11,176509.0,890016555.00
20190829,16.10,16.10,15.79,15.88,97408.0,478134197.00
20190830,16.04,16.14,15.90,16.00,101825.0,504256094.00
20190902,16.17,16.17,15.96,16.08,118336.0,587224054.00
20190903,16.17,16.17,15.90,16.01,95675.0,472364324.00
20190904,16.01,16.01,15.85,15.97,107035.0,525959123.00
20190905,16.01,16.30,16.01,16.22,174907.0,875402270.00
20190906,16.28,16.56,16.24,16.33,146573.0,741340589.00
20190909,16.45,16.71,16.36,16.69,194828.0,997120932.00
20190910,16.72,16.78,16.45,16.55,128373.0,656697450.00
20190911,16.58,16.72,16.47,16.53,116357.0,595551884.00
20190912,16.60,16.62,16.29,16.43,99144.0,503285197.00
20190916,16.61,16.61,16.45,16.55,83787.0,428267710.00
20190917,16.56,16.57,16.07,16.17,105597.0,529991140.00
20190918,16.17,16.22,16.11,16.19,53282.0,266325727.00
20190919,16.23,16.26,16.11,16.24,61707.0,308751024.00
20190920,16.30,16.32,16.17,16.20,68762.0,344745443.00
20190923,16.14,16.16,15.80,15.91,95935.0,471134534.00
20190924,15.98,16.30,15.91,16.13,79833.0,398163616.00
20190925,16.13,16.13,15.82,15.86,80753.0,396537328.00
20190926,15.95,16.01,15.68,15.69,69524.0,339274800.00
20190927,15.69,15.79,15.65,15.72,40680.0,197703060.00
20190930,15.74,15.89,15.70,15.78,49144.0,240165086.00
20191008,15.79,15.94,15.62,15.66,48614.0,237568931.00
20191009,15.62,15.63,15.30,15.56,50471.0,241379431.00
20191010,15.66,15.92,15.64,15.85,62553.0,306006456.00
20191011,15.69,15.84,15.52,15.67,75741.0,368013990.00
20191014,15.84,15.97,15.69,15.80,83881.0,410269732.00
20191015,15.82,15.85,15.50,15.53,76610.0,369180666.00
20191016,15.53,15.61,15.36,15.37,71503.0,340699060.00
20191017,15.37,15.45,15.33,15.37,38510.0,183173449.00
20191018,15.52,15.52,15.15,15.17,75009.0,353826124.00
20191021,15.17,15.20,14.95,15.07,52825.0,245221092.00
20191022,15.07,15.16,15.05,15.14,33224.0,155146533.00
20191023,15.14,15.19,15.06,15.08,30367.0,141635932.00
20191024,15.04,15.15,15.04,15.09,31568.0,147314379.00
20191025,15.14,15.26,15.02,15.22,37075.0,173422874.00
20191028,15.21,15.35,15.21,15.30,52591.0,248669255.00
20191029,15.31,15.49,15.24,15.25,55109.0,261660444.00
20191030,14.85,14.85,14.07,14.22,172418.0,764931680.00
20191031,14.22,14.22,13.78,13.86,110683.0,475701013.00
20191101,13.85,14.15,13.68,14.09,67304.0,291051703.00
20191104,14.09,14.17,13.95,14.05,54119.0,234941651.00
20191105,14.08,14.35,13.92,14.22,76990.0,336061252.00
20191106,14.27,14.51,14.08,14.33,96714.0,429240472.00
20191107,14.24,14.77,14.13,14.45,96835.0,433523302.00
20191108,14.84,14.86,14.49,14.52,91373.0,414639250.00
20191111,14.49,14.49,14.11,14.22,61673.0,272426327.00
20191112,14.21,14.34,14.09,14.27,44569.0,196281802.00
20191113,14.27,14.29,13.91,14.00,57977.0,251998384.00
20191114,14.07,14.18,14.01,14.08,40397.0,175929259.00
20191115,14.08,14.11,13.85,13.95,46149.0,199139088.00
20191118,13.88,13.92,13.76,13.86,53686.0,229761352.00
20191119,13.77,14.15,13.77,14.15,53463.0,231949857.00
20191120,14.10,14.10,13.91,13.94,39386.0,170527992.00
20191121,13.98,14.19,13.84,14.11,56999.0,247633914.00
20191122,14.15,14.43,14.06,14.18,70268.0,309191771.00
20191125,14.29,14.65,14.09,14.52,121726.0,541772289.00
20191126,14.49,14.59,14.15,14.43,99568.0,442825714.00
20191127,14.38,14.39,14.19,14.20,48330.0,212902105.00
20191128,14.10,14.15,13.96,13.97,48120.0,208644192.00
20191129,14.00,14.11,13.92,14.04,44103.0,190926826.00
20191202,14.04,14.09,13.93,13.96,43310.0,187308255.00
20191203,13.96,14.18,13.91,14.17,47048.0,204097553.00
20191204,14.14,14.38,14.05,14.28,68959.0,303525492.00
20191205,14.30,14.37,14.20,14.25,62864.0,277165400.00
20191206,14.25,14.28,14.06,14.14,68145.0,297440950.00
20191209,14.14,14.17,14.00,14.03,58259.0,252881168.00
20191210,14.08,14.08,13.98,14.05,42173.0,182927320.00
20191211,14.03,14.31,13.97,14.27,88873.0,389740624.00
20191212,14.26,14.26,13.98,14.07,80922.0,353467368.00
20191213,14.17,14.20,13.98,14.03,141600.0,614076972.00
20191216,14.05,14.28,13.98,14.28,125263.0,547285347.00
20191217,14.29,14.74,14.29,14.57,190471.0,857264002.00
20191218,14.58,14.58,14.41,14.46,113229.0,506519518.00
20191219,14.46,14.56,14.32,14.55,101163.0,451499532.00
20191220,14.63,15.30,14.57,15.08,289838.0,1344330942.00
20191223,14.98,15.02,14.71,14.73,132775.0,608250688.00
20191224,14.80,15.16,14.80,15.13,156602.0,725017631.00
20191225,15.22,15.57,15.05,15.16,191832.0,906693865.00
20191226,14.95,15.29,14.93,15.01,110345.0,513101998.00
20191227,14.95,15.16,14.88,14.88,109621.0,507597022.00
20191230,14.99,15.46,14.89,15.41,196477.0,925707980.00
20191231,15.37,15.56,15.17,15.42,132166.0,626863842.00
20200102,15.43,15.68,15.37,15.58,159345.0,765516493.00
20200103,15.59,15.85,15.42,15.54,129936.0,628361961.00
20200106,15.33,15.91,15.27,15.62,169871.0,822172472.00
20200107,15.63,15.69,15.45,15.54,93400.0,449013435.00
20200108,15.38,15.64,15.25,15.30,110974.0,529249404.00
20200109,15.45,15.59,15.33,15.41,89217.0,425352462.00
20200110,15.42,15.42,15.08,15.18,109294.0,512929719.00
20200113,16.70,16.70,16.34,16.70,518827.0,2662873914.00
20200114,17.79,18.11,17.15,17.29,614975.0,3356918724.00
20200115,17.47,17.71,16.91,17.25,298705.0,1594534514.00
20200116,17.30,17.64,16.75,17.50,335737.0,1778235678.00
20200117,17.42,19.25,17.21,18.75,530600.0,3022542423.00
20200120,18.54,19.38,18.28,19.01,300775.0,1742179866.00
20200121,18.67,18.68,18.29,18.35,203836.0,1161444870.00
20200122,18.28,19.57,18.15,19.17,327979.0,1927419433.00
20200123,18.76,20.02,18.60,19.35,291584.0,1735366427.00
20200203,17.42,17.62,17.42,17.42,100398.0,540735185.00
20200204,17.47,18.60,17.47,18.23,367775.0,2057907669.00
20200205,18.67,20.06,18.44,19.67,446230.0,2698234964.00
20200206,18.91,19.68,18.89,19.65,301131.0,1792085752.00
20200207,19.65,19.65,18.33,18.73,321281.0,1868897083.00
20200210,19.15,20.50,19.04,19.71,352796.0,2143782477.00
20200211,19.41,19.45,18.85,19.10,196175.0,1162310506.00
20200212,19.10,19.60,18.88,19.15,197455.0,1171671704.00
20200213,18.92,19.45,18.60,18.62,236947.0,1387055829.00
20200214,18.62,18.73,18.26,18.41,211173.0,1205977325.00
20200217,18.41,18.94,18.41,18.92,209889.0,1215249654.00
20200218,18.70,19.41,18.69,19.24,228365.0,1350970758.00
20200219,20.86,20.86,19.95,20.03,437476.0,2773613068.00
20200220,20.44,22.03,20.42,22.03,649390.0,4366081680.00
20200221,21.67,22.09,21.25,21.84,455189.0,3046190980.00
20200224,21.16,21.72,21.01,21.42,357968.0,2351741646.00
20200225,20.83,23.35,20.76,22.92,407434.0,2786635361.00
20200226,22.57,24.52,22.32,23.19,522768.0,3774510844.00
20200227,23.19,23.66,22.02,22.66,272699.0,1912686987.00
20200228,21.56,22.32,21.01,21.15,338253.0,2251947903.00
20200302,21.22,21.75,20.70,21.63,225643.0,1492112197.00
20200303,22.58,22.71,21.82,21.96,274252.0,1880749812.00
20200304,21.66,21.93,20.94,21.54,180932.0,1198529239.00
20200305,21.68,21.87,21.19,21.61,170003.0,1128290419.00
20200306,21.19,21.85,21.13,21.14,147209.0,972613004.00
20200309,20.47,20.47,19.14,19.23,292478.0,1789143869.00
20200310,18.63,19.90,18.55,19.46,266805.0,1578089168.00
20200311,19.66,19.78,18.96,19.01,222212.0,1327803130.00
20200312,18.54,18.65,18.08,18.45,232382.0,1319050413.00
20200313,17.40,18.28,16.94,18.01,213198.0,1162290579.00
20200316,18.31,18.55,17.43,17.43,238773.0,1326361268.00
20200317,17.43,17.78,16.78,17.16,180918.0,961588993.00
20200318,17.34,17.69,16.83,16.85,172684.0,925695049.00
20200319,16.86,16.99,16.14,16.61,194450.0,993678521.00
20200320,16.92,17.08,16.63,16.99,148296.0,772921084.00
20200323,16.26,16.43,15.49,15.58,242739.0,1190535685.00
20200324,15.94,16.14,15.33,16.09,205027.0,1002130021.00
20200325,16.68,17.08,16.51,16.90,289787.0,1504804536.00
20200326,16.98,17.85,16.70,17.56,296620.0,1588496992.00
20200327,17.92,18.13,17.61,17.72,229972.0,1269534018.00
20200330,17.79,18.69,17.75,18.19,328937.0,1855914322.00
20200331,18.36,19.41,17.94,19.40,350174.0,2037070401.00
20200401,19.38,19.62,18.45,18.48,365565.0,2139092105.00
20200402,18.34,18.34,17.73,18.31,233841.0,1300691383.00
20200403,18.31,18.31,17.76,17.79,169189.0,940495658.00
20200407,18.26,18.41,17.99,18.22,189115.0,1061432559.00
20200408,18.05,18.05,17.81,17.90,129543.0,717031923.00
20200409,18.05,18.29,17.97,18.00,133338.0,746729511.00
20200410,18.21,18.21,17.52,17.65,131854.0,727755054.00
20200413,17.71,18.10,17.71,18.05,102559.0,569833086.00
20200414,18.05,18.76,17.92,18.74,233863.0,1338857701.00
20200415,19.20,20.18,18.89,19.46,306227.0,1847393286.00
20200416,19.44,19.83,19.10,19.41,165258.0,992639139.00
20200417,19.60,19.73,18.98,19.02,156490.0,931863464.00
20200420,19.22,19.22,18.81,19.04,107473.0,630616732.00
20200421,18.92,19.31,18.70,19.21,147148.0,864113083.00
20200422,18.89,19.41,18.72,19.23,121458.0,715492487.00
20200423,19.41,19.59,18.78,18.84,116028.0,686078406.00
20200424,18.98,19.57,18.92,19.00,135949.0,806969227.00
20200427,19.09,19.12,18.40,18.43,138265.0,799777332.00
20200428,18.44,18.63,17.71,18.43,128658.0,725365013.00
20200429,18.83,19.23,18.62,18.76,165126.0,964564485.00
20200430,19.03,19.60,18.93,19.40,218876.0,1303496245.00
20200506,19.22,20.22,19.12,20.12,231906.0,1420097901.00
20200507,20.11,20.11,19.40,19.44,225118.0,1362997620.00
20200508,19.45,19.57,19.18,19.34,171472.0,1025569471.00
20200511,19.18,19.30,18.80,19.05,190716.0,1121805579.00
20200512,19.05,19.13,18.83,19.13,104020.0,610124974.00
20200513,19.13,19.33,18.92,19.08,111115.0,657743992.00
20200514,19.05,19.05,18.62,18.66,118363.0,688315256.00
20200515,18.69,18.95,18.54,18.75,102771.0,595823315.00
20200518,18.57,18.89,18.25,18.50,104743.0,601110774.00
20200519,18.76,18.96,18.68,18.83,94042.0,547143039.00
20200520,18.99,19.51,18.98,19.09,164708.0,981282457.00
20200521,19.12,19.21,18.44,18.49,120968.0,697047198.00
20200522,18.49,18.66,17.96,18.13,92350.0,522767760.00
20200525,18.13,18.29,17.89,18.28,59697.0,334368698.00
20200526,18.37,18.89,18.37,18.86,98544.0,570419227.00
20200527,19.28,19.39,18.46,18.54,113617.0,662802627.00
20200528,18.55,18.84,18.25,18.59,86300.0,494679180.00
20200529,18.48,18.77,18.38,18.57,68036.0,390882856.00
20200601,18.68,19.31,18.58,19.19,161068.0,949983296.00
20200602,19.27,20.12,19.05,19.73,204796.0,1235513478.00
20200603,19.67,19.75,19.24,19.39,146357.0,882603748.00
20200604,19.57,19.80,19.32,19.45,105743.0,637797409.00
20200605,19.73,20.47,19.52,20.45,265451.0,1643855456.00
20200608,20.38,20.65,20.20,20.31,172441.0,1087013121.00
20200609,20.38,20.84,19.96,20.05,204431.0,1285542235.00
20200610,20.14,20.19,19.63,19.75,186194.0,1140629413.00
20200611,20.01,20.77,19.90,20.33,280233.0,1764678741.00
20200612,19.86,20.03,19.61,19.89,175497.0,1075893063.00
20200615,20.22,20.67,19.81,20.22,195740.0,1225432620.00
20200616,20.64,20.85,20.42,20.74,214116.0,1367780377.00
20200617,20.70,20.74,20.17,20.74,144378.0,912074334.00
20200618,20.64,21.60,20.36,21.59,279033.0,1829902632.00
20200619,21.57,22.22,21.45,21.67,220619.0,1487253014.00
20200622,21.55,22.25,21.44,22.00,196255.0,1325805162.00
20200623,21.86,23.32,21.67,22.98,260375.0,1812606801.00
20200624,23.00,23.63,22.89,23.19,196681.0,1414432114.00
20200629,23.13,23.43,22.74,22.84,173376.0,1233307830.00
20200630,23.10,23.57,22.93,23.23,169831.0,1223207515.00
20200701,23.68,24.41,22.98,23.44,235093.0,1726221255.00
20200702,23.50,24.14,23.23,23.34,214074.0,1559734669.00
20200703,23.71,25.67,23.69,25.67,455388.0,3497719615.00
20200706,25.66,26.39,25.04,26.17,461224.0,3661516239.00
20200707,27.42,28.63,26.85,26.85,466706.0,3978641289.00
20200708,26.51,27.26,26.48,26.77,319156.0,2647763129.00
20200709,26.77,27.92,26.35,27.32,327974.0,2764110590.00
20200710,27.33,29.88,26.87,28.79,396029.0,3495161210.00
20200713,29.96,31.67,29.86,31.67,579871.0,5536512876.00
20200714,31.67,31.67,29.30,31.23,536389.0,5075817585.00
20200715,31.38,31.47,29.99,30.57,388696.0,3699030985.00
20200716,30.54,30.89,27.51,27.51,560467.0,4984540817.00
20200717,26.86,27.61,25.90,26.39,430969.0,3549101616.00
20200720,27.08,28.89,26.40,28.20,431730.0,3684539642.00
20200721,29.08,29.55,28.36,28.50,317222.0,2834375732.00
20200722,27.82,28.95,27.66,28.21,269545.0,2367987141.00
20200723,27.84,28.79,27.69,28.79,327287.0,2869841089.00
20200724,28.40,28.51,26.69,26.85,388174.0,3298033865.00
20200727,27.01,27.56,26.62,27.02,208828.0,1753284470.00
20200728,27.81,28.03,26.85,27.14,216441.0,1829407614.00
20200729,26.95,28.31,26.70,28.12,287976.0,2464892396.00
20200730,28.15,28.35,27.27,27.50,224493.0,1917850499.00
20200731,27.48,28.03,27.00,27.62,258123.0,2201963263.00
20200803,27.63,27.98,27.30,27.88,280304.0,2394349093.00
20200804,28.13,29.44,28.11,28.79,383956.0,3414415346.00
20200805,28.79,28.79,28.01,28.52,190227.0,1667411299.00
20200806,28.73,28.99,28.14,28.70,205333.0,1815887526.00
20200807,28.34,28.71,27.11,27.62,245974.0,2120266841.00
20200810,27.11,27.29,25.88,26.52,336539.0,2752165156.00
20200811,26.49,26.92,26.19,26.20,194173.0,1596334584.00
20200812,26.26,26.52,25.38,26.52,220972.0,1768144489.00
20200813,27.01,27.11,26.41,26.46,135828.0,1119875379.00
20200814,26.56,26.72,25.88,26.50,120620.0,981262741.00
20200817,26.59,26.92,26.31,26.82,151032.0,1246372799.00
20200818,27.20,27.36,26.48,26.60,161553.0,1335564954.00
20200819,26.35,26.43,25.74,25.79,187358.0,1504274090.00
20200820,25.78,25.90,25.28,25.43,122724.0,967851099.00
20200821,25.90,26.11,25.54,25.76,111905.0,893244022.00
20200824,25.87,26.64,25.80,26.36,171281.0,1384872483.00
20200825,26.22,26.83,26.06,26.30,145106.0,1182125999.00
20200826,26.55,27.62,26.44,27.01,320472.0,2691953337.00
20200827,28.00,28.34,27.42,27.65,252035.0,2168640349.00
20200828,27.52,27.86,26.88,27.64,186470.0,1572760241.00
20200831,28.17,28.56,27.48,27.52,215347.0,1864842718.00
20200901,28.16,30.27,27.94,30.27,394613.0,3573272701.00
20200902,31.04,31.08,29.66,30.53,397047.0,3719378787.00
20200903,30.07,30.81,29.83,29.97,227795.0,2129704437.00
20200904,28.75,29.33,28.49,29.14,222021.0,1979126649.00
20200907,28.97,31.56,28.94,30.67,409987.0,3862436332.00
20200908,31.04,31.04,29.36,29.46,279084.0,2590896624.00
20200909,28.49,28.72,27.47,27.84,263292.0,2281813618.00
20200910,28.44,29.19,28.13,28.19,217063.0,1923920285.00
20200911,28.44,29.52,28.24,29.52,205764.0,1843068555.00
20200914,29.56,30.59,29.56,29.95,223839.0,2078549015.00
20200915,30.43,32.94,30.27,32.79,579221.0,5761285366.00
20200916,32.46,34.92,32.05,34.12,493789.0,5154280712.00
20200917,34.16,37.53,34.04,37.53,602351.0,6707262639.00
20200918,36.90,37.39,36.10,37.39,473754.0,5363840116.00
20200921,37.55,38.63,33.78,34.24,588771.0,6535043671.00
20200922,34.48,35.82,33.67,34.56,462882.0,4971987390.00
20200923,35.29,35.94,34.41,35.74,381409.0,4146613365.00
20200924,34.92,35.62,34.32,34.45,266126.0,2864183119.00
20200925,35.03,35.54,33.60,34.02,324363.0,3457966850.00
20200928,34.38,35.00,34.20,34.45,211883.0,2260356210.00
20200929,35.15,35.45,33.75,34.93,270046.0,2884125029.00
20200930,35.15,38.27,34.67,37.63,444201.0,5073415251.00
20201009,39.85,40.84,38.59,38.96,559678.0,6870685597.00
20201012,40.08,41.77,38.99,41.60,528089.0,6521180717.00
20201013,41.44,42.69,40.47,41.86,460527.0,5958597982.00
20201014,41.81,42.84,41.47,42.25,310472.0,4041272251.00
20201015,43.57,44.59,42.52,42.59,402893.0,5425288384.00
20201016,42.91,43.33,40.47,41.37,413536.0,5301212698.00
20201019,41.44,42.02,40.89,41.46,222006.0,2832538854.00
20201020,40.85,45.43,40.85,45.32,541679.0,7240427470.00
20201021,44.67,45.23,43.44,44.51,380567.0,5212917457.00
20201022,44.43,46.94,42.76,46.55,434389.0,6061013977.00
20201023,45.98,47.19,44.19,44.89,400994.0,5645291379.00
20201026,44.19,46.25,43.09,45.31,309796.0,4319369738.00
20201027,44.49,45.81,43.97,45.41,296545.0,4122784516.00
20201028,45.16,49.69,45.01,49.08,517974.0,7669731453.00
20201029,47.88,53.99,47.88,51.27,634705.0,10022998772.00
20201030,51.80,55.13,49.92,51.74,673292.0,10882457196.00
20201102,52.09,54.63,51.96,54.38,524911.0,8660252633.00
20201103,55.68,55.83,51.66,53.12,661617.0,10960743413.00
20201104,54.06,55.14,52.77,54.40,460948.0,7689440146.00
20201105,56.65,59.84,55.36,59.84,674092.0,11951954710.00
20201106,61.35,64.37,58.24,61.65,807667.0,15261972051.00
20201109,62.03,62.70,59.61,61.82,525016.0,9934097169.00
20201110,60.49,60.50,57.26,59.11,635350.0,11543486452.00
20201111,57.27,58.88,53.20,53.21,805675.0,13840949837.00
20201112,54.39,56.10,53.67,54.82,586640.0,9953360351.00
20201113,58.27,58.93,56.10,56.94,609194.0,10790305828.00
20201116,55.37,55.52,52.93,55.04,542565.0,9094656059.00
20201117,56.17,56.71,53.24,54.06,568409.0,9641027028.00
20201118,53.70,54.77,52.53,54.06,417033.0,6941378987.00
20201119,54.39,54.61,51.64,52.32,470054.0,7652210663.00
20201120,53.30,57.38,52.84,57.00,707527.0,12067220425.00
20201123,57.27,59.90,55.70,59.63,604027.0,10841291967.00
20201124,62.08,63.12,58.50,59.63,646752.0,12193378658.00
20201125,59.24,62.06,58.47,59.41,473858.0,8798105734.00
20201126,59.44,59.83,55.43,56.92,496538.0,8751195066.00
20201127,56.75,57.59,54.82,56.36,397476.0,6868605930.00
20201130,55.52,57.22,53.74,55.73,379213.0,6493585105.00
20201201,54.61,57.30,54.06,57.24,401564.0,6983133536.00
20201202,55.39,55.84,54.39,54.95,492401.0,8354836225.00
20201203,54.95,56.22,54.05,55.39,365581.0,6251135998.00
20201204,55.55,57.88,55.16,55.64,394490.0,6888910896.00
20201207,55.46,57.19,54.75,56.75,322186.0,5617848450.00
20201208,57.66,58.92,57.20,57.61,445743.0,7995315241.00
20201209,57.95,58.61,56.01,56.08,315714.0,5563503434.00
20201210,54.39,55.57,53.75,54.88,370436.0,6243808669.00
20201211,54.82,54.82,52.70,54.06,354878.0,5902635219.00
20201214,54.00,55.32,52.77,55.10,302132.0,5064250844.00
20201215,55.12,56.67,54.55,56.56,362218.0,6234488461.00
20201216,56.98,57.20,55.33,55.64,238154.0,4110951042.00
20201217,55.42,55.98,54.71,55.61,189773.0,3245175544.00
20201218,55.84,58.30,55.43,56.98,488485.0,8625943227.00
20201221,57.14,62.67,56.82,62.67,667798.0,12342923957.00
20201222,62.47,62.47,59.46,59.57,586810.0,11044848425.00
20201223,59.53,61.77,59.23,60.47,427079.0,7982526892.00
20201224,59.89,59.89,58.27,59.24,260454.0,4739171492.00
20201225,59.35,60.26,58.63,59.96,211331.0,3892733282.00
20201228,59.66,61.63,59.11,60.84,303384.0,5674752366.00
20201229,60.21,60.21,57.77,57.82,361178.0,6530622526.00
20201230,58.49,62.14,58.49,60.21,510431.0,9559070846.00
20201231,61.14,63.40,59.65,62.90,505119.0,9665582055.00
20210104,61.19,68.36,60.57,66.94,589502.0,11803190657.00
20210105,66.69,71.62,65.40,71.19,545306.0,11642247812.00
20210106,71.13,71.93,68.63,70.02,434652.0,9376648611.00
20210107,70.12,73.91,69.34,72.85,428603.0,9516502256.00
20210108,75.43,75.86,71.45,73.65,426758.0,9705879745.00
20210111,75.94,79.31,74.78,76.03,534255.0,12681067407.00
20210112,75.04,77.61,71.22,76.72,433125.0,9980651742.00
20210113,77.05,80.89,74.36,77.47,480348.0,11590837002.00
20210114,75.11,76.22,71.98,72.50,445955.0,10176085741.00
20210115,71.87,74.11,70.09,72.90,377050.0,8420560824.00
20210118,71.22,72.52,70.01,71.77,263789.0,5826658747.00
20210119,71.89,72.90,69.14,69.99,276250.0,6035553036.00
20210120,71.19,73.26,70.58,71.87,381401.0,8483028913.00
20210121,71.22,77.57,70.19,76.25,585710.0,13384594647.00
20210122,76.31,78.88,74.95,78.64,423887.0,10112061191.00
20210125,79.80,85.13,79.31,84.17,559389.0,14213433428.00
20210126,83.20,85.01,81.25,82.30,394555.0,10115831947.00
20210127,81.00,83.99,75.92,83.20,521351.0,12813494921.00
20210128,79.63,81.74,78.66,79.11,326462.0,8081858717.00
20210129,80.61,81.07,76.89,79.96,335983.0,8182542031.00
20210201,79.31,80.98,77.37,79.93,263795.0,6500021796.00
20210202,81.58,86.76,81.10,86.60,471100.0,12220620147.00
20210203,86.79,88.50,84.27,85.14,384030.0,10231620474.00
20210204,83.52,85.75,82.66,84.14,310351.0,8061146636.00
20210205,84.82,86.85,80.12,80.61,480551.0,12356334243.00
20210208,80.61,81.90,77.70,81.00,372462.0,9210843639.00
20210209,81.94,83.85,80.12,83.20,374954.0,9540424163.00
20210210,84.49,87.62,81.90,86.42,418939.0,10995341387.00
20210218,87.04,87.04,82.66,83.84,472646.0,12353076536.00
20210219,82.52,83.41,79.55,83.31,382587.0,9607262916.00
20210222,83.07,83.09,77.52,77.54,427131.0,10558143268.00
20210223,74.33,76.08,72.16,72.84,476510.0,10877530627.00
20210224,72.84,74.00,65.91,67.66,676485.0,14532205192.00
20210225,69.85,69.88,66.62,67.74,369532.0,7788184186.00
20210226,63.61,66.04,62.80,63.86,503616.0,9978745767.00
20210301,65.07,68.30,63.94,68.28,444294.0,9087918556.00
20210302,69.49,69.86,66.44,68.44,387928.0,8178911875.00
20210303,66.37,68.08,65.38,67.90,263062.0,5431739316.00
20210304,66.37,66.40,63.87,64.26,346850.0,6955695359.00
20210305,60.66,64.59,60.27,63.57,325319.0,6313240677.00
20210308,63.57,63.88,57.21,57.21,591328.0,10922889310.00
20210309,55.81,57.82,52.45,55.25,599205.0,10247665524.00
20210310,58.27,58.88,56.91,57.36,431507.0,7706833381.00
20210311,57.28,59.89,56.36,59.23,367828.0,6671343291.00
20210312,60.27,60.86,57.92,58.82,301848.0,5517620552.00
20210315,57.80,58.60,55.68,56.41,295602.0,5187723277.00
20210316,57.49,57.98,56.13,57.13,197056.0,3474844999.00
20210317,56.34,58.26,55.51,57.26,213705.0,3770679570.00
20210318,57.88,58.48,57.39,57.80,201064.0,3593541020.00
20210319,56.01,56.77,54.92,55.41,258227.0,4438615910.00
20210322,55.79,56.81,55.04,56.26,185683.0,3221954915.00
20210323,56.91,57.04,53.84,54.70,226649.0,3844462853.00
20210324,54.38,54.79,52.44,52.68,248269.0,4082242404.00
20210325,50.83,52.91,50.37,52.19,256191.0,4082120997.00
20210326,52.77,55.68,52.74,55.36,328530.0,5528686167.00
20210329,55.04,55.19,53.35,54.42,234729.0,3941708905.00
20210330,52.12,54.71,51.51,54.71,338931.0,5574391479.00
20210331,54.78,55.89,52.63,53.26,270153.0,4488285761.00
20210401,54.39,55.65,54.07,54.73,299958.0,5089544668.00
20210402,55.36,57.69,54.57,56.93,349532.0,6083577384.00
20210406,57.24,58.03,55.94,57.01,255910.0,4492985632.00
20210407,57.35,57.65,54.87,55.36,281704.0,4848030064.00
20210408,54.71,55.52,54.10,55.19,160043.0,2723993028.00
20210409,55.65,55.71,53.74,53.97,204996.0,3436476688.00
20210412,53.98,54.84,52.64,52.92,201268.0,3320602667.00
20210413,52.92,54.27,52.92,53.10,158579.0,2617908978.00
20210414,54.06,55.36,54.06,55.34,298473.0,5057752083.00
20210415,54.55,54.60,52.93,53.58,249912.0,4136742969.00
20210416,53.55,53.87,51.90,53.51,234599.0,3837152368.00
20210419,53.42,57.30,53.15,56.99,507351.0,8764759455.00
20210420,56.65,56.65,54.96,55.44,375677.0,6460740489.00
20210421,54.71,55.23,54.12,54.58,230489.0,3880491430.00
20210422,55.03,55.61,54.13,54.62,197508.0,3336754764.00
20210423,54.12,55.48,53.83,54.79,228828.0,3878511212.00
20210426,55.03,56.01,54.14,54.23,319514.0,5432612153.00
20210427,53.74,54.19,52.90,53.40,255639.0,4211994738.00
20210428,53.37,54.56,52.76,53.58,218412.0,3621682455.00
20210429,52.77,53.39,52.51,52.75,275854.0,4496785166.00
20210430,52.28,52.51,50.73,51.33,359899.0,5715463804.00
20210506,50.83,50.83,48.56,48.56,423158.0,6423783465.00
20210507,47.95,48.55,46.42,46.60,377980.0,5528741179.00
20210510,46.60,48.03,45.79,47.59,260739.0,3802268898.00
20210511,46.52,48.16,45.64,47.45,269640.0,3893703682.00
20210512,48.00,50.18,48.00,49.77,384659.0,5872804588.00
20210513,48.80,48.88,48.09,48.23,212696.0,3180710318.00
20210514,47.88,49.89,47.37,49.70,300279.0,4532481587.00
20210517,50.32,52.08,50.00,51.73,363003.0,5761021601.00
20210518,51.80,52.38,50.79,51.38,194952.0,3094498220.00
20210519,51.76,56.33,51.76,55.93,596491.0,10150054899.00
20210520,55.03,57.48,54.74,55.99,499888.0,8686052329.00
20210521,56.33,57.62,55.07,56.07,334966.0,5822862674.00
20210524,55.65,56.82,55.03,56.16,271723.0,4685927113.00
20210525,56.65,57.62,55.91,57.15,331523.0,5830353651.00
20210526,57.62,59.75,56.98,57.03,345578.0,6206769477.00
20210527,57.95,58.17,56.49,57.45,234026.0,4146048380.00
20210528,57.45,59.89,57.00,58.82,371195.0,6754993796.00
20210531,56.74,57.98,55.09,57.85,437553.0,7660152240.00
20210601,57.86,61.80,57.86,61.33,513604.0,9530431696.00
20210602,61.51,62.11,59.96,60.38,294350.0,5527643767.00
20210603,60.41,60.70,58.33,59.53,250801.0,4608194800.00
20210604,58.79,62.16,58.44,61.31,319848.0,6004827146.00
20210607,61.83,62.44,60.54,61.62,254518.0,4842637639.00
20210608,62.80,66.56,62.56,65.66,559239.0,11191285973.00
20210609,65.69,65.88,63.78,65.39,316556.0,6342951329.00
20210610,65.41,69.94,65.07,69.31,441000.0,9339300343.00
20210611,69.38,74.44,68.66,73.49,540085.0,11985830243.00
20210615,74.96,76.98,72.80,75.21,518101.0,12090497119.00
20210616,73.16,75.00,68.20,68.31,618176.0,13579272747.00
20210617,68.29,75.14,68.25,75.14,519978.0,11627218257.00
20210618,76.40,81.68,75.96,79.31,571896.0,13931101474.00
20210621,78.95,80.79,75.15,78.53,430526.0,10400538802.00
20210622,78.67,79.96,76.40,77.01,316428.0,7571777590.00
20210623,75.43,80.87,75.27,78.76,394501.0,9605891907.00
20210624,78.99,81.54,77.75,79.28,312285.0,7696250339.00
20210625,79.96,80.50,77.05,79.31,296502.0,7205570873.00
20210628,79.31,82.55,78.84,82.11,347272.0,8732379669.00
20210629,83.33,84.04,80.93,82.00,306258.0,7778037778.00
20210630,80.93,83.04,79.64,81.26,285407.0,7146112745.00
20210701,81.26,81.74,76.27,76.60,422603.0,10182009938.00
20210702,75.43,78.83,74.10,77.39,374260.0,8897622556.00
20210705,76.41,80.93,76.26,80.79,324901.0,7984671152.00
20210706,82.55,84.50,78.02,81.10,517917.0,13098186044.00
20210707,78.99,83.72,77.98,82.58,386387.0,9711793849.00
20210708,81.90,84.67,81.30,81.57,393910.0,10127585813.00
20210709,81.22,82.55,78.30,80.55,364947.0,9057948774.00
20210712,82.00,88.35,81.42,86.27,560057.0,14759940060.00
20210713,86.27,87.32,84.24,85.82,277314.0,7330680655.00
20210714,84.49,84.49,79.31,79.41,612717.0,15300069250.00
20210715,77.37,78.85,74.46,76.53,551899.0,13026880866.00
20210716,76.32,76.32,71.55,72.17,562741.0,12801309443.00
20210719,71.22,75.10,69.38,72.51,372187.0,8367318503.00
20210720,71.22,74.28,70.93,73.65,246750.0,5582671898.00
20210721,74.85,79.31,74.46,78.09,471511.0,11232169397.00
20210722,79.74,80.75,77.75,80.60,374773.0,9242619143.00
20210723,80.10,84.82,79.34,83.74,460562.0,11846110496.00
20210726,81.12,84.09,78.02,80.46,404428.0,10130659972.00
20210727,79.64,83.48,76.79,77.28,377707.0,9406136905.00
20210728,74.46,78.05,72.51,76.56,332199.0,7758094419.00
20210729,79.94,83.30,78.61,83.26,428851.0,10764228893.00
20210730,83.26,86.86,81.62,85.70,457994.0,11995907836.00
20210802,89.35,94.26,88.48,94.26,622259.0,17648921236.00
20210803,96.80,96.80,89.03,90.67,489349.0,13975748744.00
20210804,91.62,99.74,91.29,99.74,534306.0,16003136931.00
20210805,97.44,99.14,95.46,96.95,368823.0,11063466319.00
20210806,101.38,102.77,96.68,98.30,453626.0,13945125845.00
20210809,95.55,96.33,91.66,95.08,341621.0,9914944523.00
20210810,95.08,97.92,91.34,94.58,331035.0,9604456927.00
20210811,93.61,96.79,92.69,95.55,263994.0,7742097441.00
20210812,94.90,101.50,93.73,100.08,382779.0,11687505016.00
20210813,98.14,101.22,96.52,97.17,246906.0,7475335873.00
20210816,96.20,96.20,92.31,92.44,305067.0,8815872752.00
20210817,91.81,94.09,90.04,90.79,272058.0,7713091722.00
20210818,92.44,93.31,90.10,91.88,221723.0,6281190851.00
20210819,91.88,96.74,90.23,95.13,361672.0,10474777900.00
20210820,93.61,95.10,91.34,92.34,247173.0,7084185439.00
20210823,91.18,95.37,89.25,93.86,295827.0,8526532884.00
20210824,94.83,97.82,93.95,96.60,274399.0,8152952115.00
20210825,96.46,97.10,94.25,95.94,179145.0,5272706497.00
20210826,96.20,96.77,91.50,91.50,263682.0,7570972707.00
20210827,91.01,95.88,90.69,93.33,262889.0,7628216261.00
20210830,89.86,93.28,88.73,91.33,419092.0,11735714830.00
20210831,92.92,92.92,86.33,89.72,329668.0,9041075460.00
20210901,89.72,90.03,83.44,86.25,287674.0,7678475358.00
20210902,86.48,88.10,85.09,86.48,165244.0,4421950962.00
20210903,86.48,87.78,81.10,82.30,287964.0,7420408930.00
20210906,84.21,90.37,83.89,89.91,397789.0,10725519555.00
20210907,89.91,91.05,88.51,89.38,207634.0,5743962165.00
20210908,90.01,90.46,87.00,87.32,182578.0,4971116497.00
20210909,88.10,90.55,86.09,88.01,216256.0,5891876583.00
20210910,88.01,88.27,85.07,86.03,238757.0,6341377790.00
20210913,86.91,88.09,83.95,84.65,213492.0,5623333361.00
20210914,84.66,89.40,83.26,87.20,354690.0,9581432835.00
20210915,86.77,87.45,84.21,84.59,218809.0,5742276749.00
20210916,84.59,85.76,81.15,81.30,220810.0,5613770464.00
20210917,81.95,83.24,81.13,82.63,139421.0,3544731219.00
20210922,80.33,81.44,79.04,80.07,163413.0,4037944329.00
20210923,82.21,83.41,80.61,80.95,149784.0,3773864372.00
20210924,81.28,83.40,80.00,81.55,158267.0,4002973166.00
20210927,82.27,83.40,79.94,81.78,179991.0,4548951212.00
20210928,81.59,82.21,79.77,79.96,162444.0,4060118403.00
20210929,78.71,79.32,76.12,76.44,245555.0,5859195956.00
20210930,77.15,80.88,76.83,80.82,225038.0,5528259622.00
20211008,83.56,84.21,80.97,81.95,194104.0,4939109186.00
20211011,81.98,85.22,80.33,82.84,211973.0,5448306885.00
20211012,82.59,85.15,81.95,83.24,211651.0,5464868602.00
20211013,83.24,88.62,82.38,87.84,321978.0,8631470872.00
20211014,87.78,89.39,86.85,88.40,177799.0,4844827927.00
20211015,89.07,93.12,87.78,91.77,287845.0,8089636933.00
20211018,92.07,93.49,90.70,92.61,216214.0,6155818958.00
20211019,93.28,95.52,91.99,92.24,193858.0,5581983586.00
20211020,92.63,95.55,92.39,94.12,217045.0,6300647166.00
20211021,94.25,94.77,91.99,92.96,180626.0,5184267795.00
20211022,94.64,97.49,93.61,97.17,336549.0,10022899338.00
20211025,98.18,103.21,97.89,102.79,335190.0,10469605348.00
20211026,107.05,107.96,102.92,103.33,313244.0,10148404490.00
20211027,101.38,105.83,100.82,104.21,219068.0,7024365486.00
20211028,103.52,104.88,98.92,99.75,298267.0,9334453596.00
20211029,98.83,101.63,95.15,100.83,347160.0,10585996588.00
20211101,97.63,99.89,95.17,97.82,284786.0,8570609748.00
20211102,100.41,103.58,99.64,101.66,290087.0,9102548555.00
20211103,101.42,101.65,97.12,98.14,197248.0,6017080222.00
20211104,100.77,106.56,100.09,105.27,349964.0,11223980650.00
20211105,104.94,105.91,101.38,101.70,194183.0,6178126193.00
20211108,99.79,103.52,99.44,102.03,169849.0,5344230944.00
20211109,102.04,106.88,102.04,103.87,203305.0,6580787588.00
20211110,101.70,102.22,97.68,100.49,274879.0,8480095668.00
20211111,101.38,102.67,99.78,101.05,138852.0,4327235823.00
20211112,102.29,102.59,98.95,99.36,148884.0,4590558597.00
20211115,99.36,99.36,94.07,95.53,225372.0,6667949870.00
20211116,95.23,96.42,93.28,95.07,151808.0,4462067584.00
20211117,97.17,98.22,95.23,96.15,163378.0,4875749071.00
20211118,95.48,96.81,93.93,95.68,129097.0,3802420935.00
20211119,95.78,97.17,93.28,96.14,175159.0,5144668932.00
20211122,96.65,100.90,96.59,100.73,287020.0,8785850014.00
20211123,99.72,100.32,98.46,99.92,150363.0,4609989313.00
20211124,98.93,100.28,97.49,98.20,141938.0,4319711029.00
20211125,98.20,98.62,94.35,96.52,170971.0,5070667609.00
20211126,95.55,98.71,95.24,96.41,122494.0,3671367398.00
20211129,94.51,99.46,93.91,98.61,200157.0,6053231132.00
20211130,99.44,99.76,98.14,98.69,131788.0,4023809746.00
20211201,98.85,99.60,97.29,98.89,108279.0,3295906128.00
20211202,98.79,101.72,98.17,100.02,180072.0,5567674844.00
20211203,99.43,100.34,96.80,99.40,210327.0,6367075408.00
20211206,97.49,100.90,97.45,97.74,178801.0,5465317712.00
20211207,99.12,99.23,94.28,95.48,227679.0,6727286964.00
20211208,95.88,97.49,95.39,97.42,154382.0,4606774780.00
20211209,97.17,97.37,96.21,97.01,112957.0,3375316207.00
20211210,95.87,97.83,94.84,97.63,144873.0,4325991091.00
20211213,98.14,98.14,96.52,96.65,142941.0,4278869484.00
20211214,95.71,96.22,94.48,95.03,157111.0,4609509733.00
20211215,95.03,95.71,94.48,95.01,98150.0,2877855925.00
20211216,94.90,95.06,90.37,92.70,278665.0,7928142188.00
20211217,91.99,92.60,90.24,90.36,151118.0,4240478259.00
20211220,90.44,91.17,86.89,87.61,217845.0,5964658201.00
20211221,87.61,89.65,87.26,89.46,149653.0,4098708738.00
20211222,90.69,92.37,89.72,90.44,144442.0,4061024216.00
20211223,91.35,92.28,89.77,90.69,123021.0,3451820145.00
20211224,91.33,91.34,85.82,87.45,209969.0,5675961283.00
20211227,87.13,87.95,86.16,86.49,107190.0,2874395592.00
20211228,86.85,87.78,86.22,87.73,118543.0,3183320996.00
20211229,88.15,88.17,85.18,87.13,141603.0,3783958091.00
20211230,86.80,88.42,86.16,86.52,117327.0,3158736176.00
20211231,88.42,88.81,86.48,86.84,116292.0,3136714687.00
20220104,89.40,90.51,85.90,87.78,244661.0,6673692547.00
20220105,85.69,86.31,81.53,82.03,301709.0,7725244308.00
20220106,80.97,82.44,80.29,80.98,175908.0,4396413606.00
20220107,81.56,81.93,79.35,79.84,161934.0,4009535493.00
20220110,79.35,80.80,77.42,79.78,162142.0,3964485468.00
20220111,79.77,79.77,77.02,77.44,212441.0,5100240704.00
20220112,79.68,82.92,79.13,82.92,323602.0,8103336076.00
20220113,83.48,83.75,80.52,82.69,217104.0,5516666113.00
20220114,81.23,83.34,80.97,81.99,149548.0,3798549606.00
20220117,81.95,86.64,81.95,86.31,241145.0,6349270849.00
20220118,86.29,87.11,84.96,86.18,125054.0,3325099879.00
20220119,86.14,86.77,81.07,81.94,231882.0,5960665206.00
20220120,81.65,82.18,80.00,81.32,149986.0,3759819343.00
20220121,81.32,82.83,79.79,81.10,112394.0,2822719636.00
20220124,79.70,81.91,79.12,81.43,108377.0,2706367141.00
20220125,80.33,81.30,77.73,77.84,172772.0,4222848972.00
20220126,79.35,81.42,78.48,80.81,174446.0,4321964224.00
20220127,80.00,80.75,78.06,78.15,132650.0,3242987819.00
20220128,77.73,78.38,71.18,73.46,324373.0,7392709579.00
20220207,77.99,80.74,77.09,79.16,251125.0,6117950238.00
20220208,78.71,78.71,74.70,76.75,199040.0,4669048973.00
20220209,77.43,79.81,76.13,79.41,199929.0,4854528826.00
20220210,79.93,80.33,77.12,77.77,146285.0,3521519984.00
20220211,76.46,77.77,74.01,74.56,199439.0,4646313004.00
20220214,74.56,76.12,72.88,75.14,133199.0,3079221402.00
20220215,75.20,77.72,75.20,77.19,158524.0,3757722229.00
20220216,78.38,79.35,77.86,77.93,128725.0,3117890740.00
20220217,78.46,80.57,77.41,79.49,191064.0,4670631745.00
20220218,78.06,79.48,77.73,78.69,99105.0,2407158413.00
20220221,78.06,79.61,77.62,78.35,109538.0,2657589017.00
20220222,77.41,77.41,75.89,76.91,125452.0,2966441429.00
20220223,78.35,81.79,77.41,81.62,291149.0,7232161935.00
20220224,80.36,81.55,78.25,79.31,238220.0,5865805706.00
20220225,80.94,81.74,80.27,80.27,146014.0,3646918799.00
20220228,79.97,81.04,79.68,80.84,118291.0,2936223651.00
20220301,82.59,83.11,80.73,81.55,176520.0,4476714982.00
20220302,80.65,80.77,79.02,80.52,121242.0,2998567642.00
20220303,80.82,81.25,79.03,79.42,99633.0,2449485385.00
20220304,76.86,78.34,74.50,75.73,291706.0,6857430687.00
20220307,73.49,73.75,71.26,72.43,236129.0,5286036163.00
20220308,71.61,73.04,68.02,70.02,291499.0,6317187685.00
20220309,70.29,72.42,68.02,72.42,251135.0,5484773703.00
20220310,75.44,75.61,74.17,74.20,248343.0,5744789049.00
20220311,71.90,75.08,71.26,74.45,186116.0,4186645901.00
20220314,72.88,72.88,70.93,70.93,150841.0,3336922826.00
20220315,68.38,71.90,67.83,68.92,198204.0,4269341883.00
20220316,71.58,74.50,69.38,74.31,333766.0,7432043601.00
20220317,77.86,78.02,76.01,76.08,315844.0,7518685379.00
20220318,76.08,77.37,75.16,75.95,150549.0,3530653259.00
20220321,77.73,80.61,77.14,79.48,279178.0,6829415269.00
20220322,79.35,80.13,78.39,79.29,115079.0,2815900951.00
20220323,80.97,81.30,79.77,80.06,148501.0,3696654258.00
20220324,78.93,80.97,78.51,80.03,113681.0,2794432827.00
20220325,80.03,80.64,75.79,76.22,208024.0,4984988435.00
20220328,76.08,76.08,74.13,74.63,143104.0,3306510715.00
20220329,75.44,76.60,74.11,74.82,138587.0,3224438270.00
20220330,73.52,76.77,71.98,76.77,251260.0,5807876452.00
20220331,75.86,76.12,73.49,74.43,161731.0,3721363312.00
20220401,73.46,77.59,73.39,76.43,182948.0,4301758390.00
20220406,79.35,79.68,77.61,78.35,205293.0,4976485481.00
20220407,77.73,79.45,77.41,77.73,122700.0,2964659964.00
20220408,77.74,79.84,77.44,79.02,171719.0,4185742781.00
20220411,77.73,78.21,74.33,75.47,193070.0,4519392606.00
20220412,75.14,77.27,74.88,77.14,128889.0,3034073575.00
20220413,76.12,78.37,75.47,76.76,109673.0,2614119776.00
20220414,78.38,79.35,78.02,78.15,131638.0,3198011078.00
20220415,77.25,77.73,75.39,76.50,129239.0,3049510858.00
20220418,76.05,78.06,74.50,77.44,110592.0,2613800696.00
20220419,78.76,81.27,78.75,79.31,207782.0,5140377761.00
20220420,80.22,80.43,78.01,78.31,130781.0,3187144240.00
20220421,77.01,77.98,75.18,75.80,154049.0,3625535264.00
20220422,74.50,76.33,74.19,76.24,108162.0,2522975078.00
20220425,74.50,76.58,73.40,73.69,161889.0,3741670659.00
20220426,74.17,76.39,73.99,75.08,158176.0,3670084739.00
20220427,73.40,76.38,70.87,76.12,254342.0,5794106499.00
20220428,75.99,76.28,74.50,75.14,146372.0,3405250082.00
20220429,75.73,78.98,74.74,78.71,248163.0,5912448351.00
20220505,79.74,81.75,78.31,80.59,253259.0,6282897504.00
20220506,78.07,79.68,77.77,78.41,145489.0,3530097270.00
20220509,74.82,76.73,74.82,75.38,175116.0,4086613976.00
20220510,72.58,75.68,72.00,75.57,209697.0,4792958516.00
20220511,75.14,83.13,74.98,81.85,459526.0,11482476078.00
20220512,80.97,83.47,80.56,82.30,241156.0,6107994847.00
20220513,84.15,87.94,82.89,87.48,367121.0,9733352389.00
20220516,87.81,88.42,85.93,86.52,202369.0,5441551549.00
20220517,87.12,92.31,86.97,91.50,293489.0,8193618911.00
20220518,91.50,93.28,90.37,91.15,205303.0,5812000945.00
20220519,89.17,92.42,88.84,92.15,173637.0,4879756542.00
20220520,92.96,94.45,91.08,93.18,178683.0,5125699547.00
20220523,94.80,96.52,93.22,95.61,255588.0,7496178213.00
20220524,93.93,94.89,91.01,91.01,290497.0,8303003901.00
20220525,91.10,93.49,90.05,93.02,230858.0,6563211986.00
20220526,93.08,94.32,91.50,92.84,143095.0,4106312149.00
20220527,94.89,96.39,92.84,93.57,153187.0,4467796258.00
20220530,94.58,97.07,94.28,96.56,218524.0,6485731976.00
20220531,97.17,97.48,95.07,95.84,177011.0,5242211080.00
20220601,96.52,98.72,94.94,97.16,216912.0,6501902117.00
20220602,95.87,98.79,95.62,97.50,177728.0,5355773611.00
20220606,98.46,103.80,97.99,103.07,294757.0,9260502506.00
20220607,103.00,103.60,100.77,101.99,200221.0,6296538085.00
20220608,103.19,106.26,101.38,106.05,290513.0,9321932807.00
20220609,108.19,108.44,103.97,104.43,307542.0,10050640389.00
20220610,104.13,113.36,103.99,112.97,438249.0,14790622514.00
20220613,112.07,116.23,110.32,112.97,360681.0,12573534324.00
20220614,110.77,111.68,105.99,111.29,404789.0,13634616447.00
20220615,111.41,112.14,107.70,108.50,303948.0,10285857694.00
20220616,108.67,111.00,107.99,108.83,190172.0,6410739473.00
20220617,106.92,110.51,105.94,109.48,262148.0,8830738833.00
20220620,109.50,112.93,108.51,110.83,245416.0,8405361560.00
20220621,110.05,110.71,107.60,110.45,197827.0,6666969508.00
20220622,110.91,112.60,109.48,110.09,186788.0,6412052153.00
20220623,111.65,114.68,109.48,114.50,323142.0,11251775973.00
20220624,114.33,115.40,112.07,113.70,235984.0,8273168196.00
20220627,114.03,115.63,112.82,113.26,217155.0,7630684844.00
20220628,112.39,116.21,111.00,114.30,269635.0,9447959127.00
20220629,113.36,113.36,107.37,107.41,361146.0,12246017194.00
20220630,107.21,109.91,106.89,108.02,220145.0,7372602921.00
20220701,107.59,107.86,103.68,106.63,234113.0,7658689347.00
20220704,107.53,109.54,106.95,108.88,209512.0,7020823754.00
20220705,109.15,110.32,106.75,108.15,173757.0,5819208075.00
20220706,108.12,110.32,107.53,108.86,183434.0,6179119713.00
20220707,109.38,113.99,107.98,113.16,304649.0,10511816688.00
20220708,113.16,113.97,109.48,109.48,190478.0,6547699048.00
20220711,108.79,108.79,103.28,105.04,254317.0,8284856773.00
20220712,103.65,103.97,97.19,100.08,450515.0,13935271930.00
20220713,100.08,101.65,96.12,100.37,341067.0,10439432846.00
20220714,100.05,104.62,99.44,104.62,272489.0,8631732044.00
20220715,108.50,113.33,107.86,109.54,444508.0,15284697866.00
20220718,111.74,112.07,106.24,109.19,238912.0,8007559906.00
20220719,109.19,109.19,106.11,107.24,158180.0,5239778187.00
20220720,107.85,108.14,106.59,107.44,103263.0,3425066981.00
20220721,106.56,107.21,104.60,105.10,132003.0,4303073903.00
20220722,105.59,108.39,105.59,106.76,141774.0,4687025063.00
20220725,105.59,105.91,103.65,104.60,115017.0,3705167359.00
20220726,104.45,106.13,103.65,105.27,107656.0,3493834391.00
20220727,104.94,106.82,103.97,105.53,91056.0,2961812248.00
20220728,106.57,107.36,104.94,105.41,109065.0,3572559081.00
20220729,104.65,106.21,103.02,103.79,114854.0,3695131506.00
20220801,103.02,107.59,102.49,107.09,187584.0,6141512246.00
20220802,105.27,107.07,104.10,105.82,156643.0,5110091377.00
20220803,105.85,108.49,103.32,104.32,188723.0,6197191078.00
20220804,106.27,107.39,104.36,105.88,186637.0,6098858888.00
20220805,106.92,107.53,103.12,105.13,157564.0,5115620394.00
20220808,104.36,105.27,103.35,104.12,129488.0,4158491944.00
20220809,104.06,104.91,103.08,103.59,116107.0,3719885520.00
20220810,103.58,103.58,98.82,99.90,258499.0,7998810820.00
20220811,100.90,102.35,99.01,102.06,165445.0,5159742999.00
20220812,102.06,102.47,100.44,101.06,101338.0,3165436406.00
20220815,101.15,103.43,100.83,102.13,135119.0,4265356111.00
20220816,102.32,104.29,102.22,103.33,157243.0,5029761317.00
20220817,103.67,106.79,102.62,106.25,210871.0,6808620193.00
20220818,105.95,106.92,104.92,105.64,142790.0,4659424798.00
20220819,105.31,106.09,102.71,103.48,124289.0,3993178339.00
20220822,102.38,105.65,101.16,104.68,147668.0,4747212897.00
20220823,104.97,105.48,103.35,104.20,93000.0,2989844194.00
20220824,104.22,104.64,100.21,100.28,186783.0,5854016197.00
20220825,100.30,100.79,98.06,100.30,140221.0,4308297636.00
20220826,101.41,103.01,100.44,102.29,122127.0,3849213721.00
20220829,101.63,102.66,100.92,101.59,85912.0,2696123150.00
20220830,102.22,103.19,100.44,100.71,110247.0,3454778559.00
20220831,94.28,96.10,92.01,93.30,408060.0,11841919126.00
20220901,92.34,95.45,92.02,92.89,192582.0,5566420144.00
20220902,93.54,93.83,90.10,91.37,161662.0,4561284361.00
20220905,87.15,87.76,84.59,87.08,351208.0,9364600412.00
20220906,87.08,88.92,86.57,88.43,189903.0,5154529157.00
20220907,88.13,92.35,87.67,91.59,190873.0,5345727757.00
20220908,91.69,92.34,89.75,90.15,116429.0,3267426058.00
20220909,91.04,91.20,89.74,90.62,76098.0,2125233636.00
20220913,91.37,92.89,90.51,92.27,111524.0,3162351106.00
20220914,91.37,91.95,89.51,90.18,105151.0,2935617132.00
20220915,90.72,90.88,86.48,87.32,152395.0,4126260384.00
20220916,86.83,87.95,85.65,86.18,104476.0,2797971959.00
20220919,86.83,88.74,86.40,87.59,110950.0,3006108121.00
20220920,88.71,89.91,88.13,88.84,111245.0,3058894058.00
20220921,88.06,88.32,86.51,87.48,83754.0,2258898397.00
20220922,86.67,87.28,84.66,87.01,92800.0,2468839436.00
20220923,86.54,87.40,85.63,86.31,79644.0,2125444094.00
20220926,86.31,89.42,85.40,88.43,143606.0,3911414126.00
20220927,88.44,89.04,87.50,88.76,83096.0,2262822665.00
20220928,88.45,88.45,86.02,86.06,85620.0,2293531516.00
20220929,87.48,88.06,85.53,85.72,88357.0,2355802795.00
20220930,85.21,85.39,80.67,81.65,214036.0,5421385039.00
20221010,81.73,83.07,80.82,81.39,117479.0,2967008053.00
20221011,81.65,83.39,80.78,82.62,132820.0,3370369988.00
20221012,82.29,85.29,80.98,85.00,144871.0,3708582158.00
20221013,84.24,85.21,83.62,83.65,96187.0,2497932932.00
20221014,84.91,87.19,84.22,85.71,145695.0,3854443048.00
20221017,85.21,85.21,83.17,84.45,109678.0,2842978644.00
20221018,90.39,90.39,88.29,88.67,244142.0,6717206760.00
20221019,88.67,89.57,86.47,86.67,134004.0,3642369173.00
20221020,85.53,86.05,83.40,85.38,128417.0,3355270263.00
20221021,85.38,87.76,84.89,86.28,104786.0,2794657481.00
20221024,85.83,86.28,82.16,82.80,167413.0,4324097663.00
20221025,81.97,84.43,81.01,83.56,113243.0,2897739554.00
20221026,84.24,85.55,82.71,83.55,126415.0,3279130695.00
20221027,83.91,84.47,82.62,82.62,97766.0,2516238985.00
20221028,81.97,81.97,76.40,77.72,263164.0,6372054067.00
20221031,76.95,81.32,76.82,79.92,187942.0,4625511532.00
20221101,80.06,84.95,80.03,84.83,219283.0,5620272304.00
20221102,84.56,88.00,83.71,86.69,187319.0,4980989814.00
20221103,85.87,88.05,85.57,86.82,102384.0,2747240766.00
20221104,87.15,91.70,86.83,90.78,224887.0,6270505264.00
20221107,89.10,91.38,88.45,90.36,135842.0,3781158419.00
20221108,90.54,91.56,88.61,89.56,105634.0,2925766812.00
20221109,90.12,90.36,87.04,87.36,111946.0,3038705770.00
20221110,85.74,85.85,82.88,84.32,155497.0,4039239830.00
20221111,87.64,88.44,85.91,87.09,166100.0,4467701122.00
20221114,87.23,88.30,85.13,85.47,115237.0,3071390410.00
20221115,85.53,86.93,84.27,86.51,112848.0,2985500713.00
20221116,86.11,86.38,84.27,84.59,103549.0,2719934793.00
20221117,84.21,84.21,82.16,83.27,111261.0,2842104512.00
20221118,83.52,84.10,82.13,82.51,101184.0,2595461705.00
20221121,81.92,82.49,80.52,82.36,82515.0,2082807824.00
20221122,82.62,82.70,81.00,81.16,80146.0,2013576333.00
20221123,81.16,81.48,80.09,81.48,88469.0,2209509305.00
20221124,82.08,82.62,80.44,80.80,85314.0,2137710347.00
20221125,80.67,80.67,79.38,79.39,87822.0,2160628974.00
20221128,77.76,79.42,76.86,79.41,99109.0,2387430972.00
20221129,79.79,80.89,78.73,80.45,123581.0,3051509362.00
20221130,80.47,84.24,79.86,84.08,212873.0,5434244562.00
20221201,86.83,87.79,85.83,86.40,257986.0,6927128718.00
20221202,85.83,86.69,84.39,84.91,116075.0,3062453851.00
20221205,86.17,86.70,84.85,85.33,105233.0,2776465998.00
20221206,84.42,88.01,84.24,86.70,123007.0,3283672654.00
20221207,86.72,90.16,86.72,88.69,192666.0,5284876702.00
20221208,88.69,89.10,87.76,88.87,94581.0,2587392485.00
20221209,89.25,89.97,87.95,89.00,100992.0,2768392889.00
20221212,88.11,88.60,86.83,87.44,80128.0,2168695196.00
20221213,88.13,89.10,87.32,87.41,61384.0,1667300817.00
20221214,87.29,87.30,85.40,86.31,94365.0,2507895816.00
20221215,86.29,88.22,85.38,87.95,97123.0,2610706543.00
20221216,87.50,87.92,86.68,87.64,56197.0,1512400641.00
20221219,87.15,89.10,86.06,86.34,84039.0,2264390154.00
20221220,86.15,86.15,83.81,84.76,84908.0,2218820934.00
20221221,84.75,85.16,84.11,84.50,41966.0,1095313221.00
20221222,85.21,85.37,83.76,83.98,59210.0,1543323319.00
20221223,82.97,83.07,81.16,81.70,90819.0,2294101017.00
20221226,81.71,85.37,81.71,85.02,93548.0,2430254724.00
20221227,85.36,85.53,84.17,84.93,55537.0,1453871979.00
20221228,83.43,83.98,81.97,82.50,102564.0,2612261022.00
20221229,82.29,83.87,81.69,82.54,72256.0,1841122253.00
20221230,83.75,84.36,83.11,83.26,74890.0,1931977379.00
20230103,83.08,84.86,81.00,84.39,121374.0,3108609040.00
20230104,84.24,84.39,83.10,83.95,72675.0,1881537611.00
20230105,85.06,86.70,84.58,85.88,118936.0,3143084205.00
20230106,86.80,87.87,85.89,86.25,138855.0,3726792588.00
20230109,86.83,86.83,84.98,85.33,114169.0,3020383479.00
20230110,84.90,87.34,83.37,86.37,173513.0,4568518534.00
20230111,85.83,87.80,84.70,87.15,128364.0,3429408754.00
20230112,87.97,92.16,87.71,89.84,223479.0,6213489747.00
20230113,89.88,90.70,89.10,90.26,128411.0,3556565563.00
20230116,90.26,90.32,88.13,88.71,165000.0,4536354778.00
20230117,88.71,88.94,87.13,87.48,111666.0,3020383061.00
20230118,87.43,88.29,86.34,87.15,86108.0,2315435132.00
20230119,86.79,87.75,86.35,87.64,81239.0,2185520061.00
20230120,87.80,88.09,86.51,87.50,104649.0,2819530181.00
20230130,92.34,93.31,91.04,91.36,281854.0,8014418507.00
20230131,92.34,93.57,90.84,92.60,187110.0,5339962478.00
20230201,93.30,98.60,92.71,98.60,272987.0,8144001077.00
20230202,99.10,99.18,97.19,98.05,148030.0,4485489933.00
20230203,97.18,97.18,94.87,95.58,152948.0,4517779880.00
20230206,94.51,94.51,93.18,93.95,100447.0,2906251550.00
20230207,94.60,94.76,93.18,93.63,76835.0,2223584357.00
20230208,93.63,93.63,91.63,92.55,92901.0,2653105085.00
20230209,92.01,93.58,91.46,93.42,90649.0,2602093563.00
20230210,92.62,92.63,90.72,91.32,129708.0,3659502383.00
20230213,90.40,91.78,89.77,91.47,93461.0,2628940179.00
20230214,92.01,92.18,90.43,91.36,73644.0,2068766543.00
20230215,91.69,91.98,90.25,90.39,90832.0,2549250813.00
20230216,90.72,91.30,89.05,89.75,103348.0,2883947589.00
20230217,89.58,90.10,87.89,88.02,100997.0,2764372531.00
20230220,87.99,88.55,86.51,88.39,130701.0,3524868434.00
20230221,88.13,89.60,87.57,89.02,113690.0,3115649014.00
20230222,88.09,88.33,87.12,87.61,85088.0,2301668445.00
20230223,87.45,88.02,86.99,87.62,100358.0,2705234150.00
20230224,87.16,87.44,86.51,86.69,66868.0,1790064871.00
20230227,85.86,86.15,83.59,84.18,169704.0,4428436083.00
20230228,84.56,84.89,83.45,84.50,120330.0,3122819223.00
20230301,84.48,86.36,83.51,86.02,143658.0,3781045100.00
20230302,86.22,86.87,84.89,85.44,114905.0,3043464760.00
20230303,85.86,85.93,84.91,85.47,63982.0,1686348718.00
20230306,85.53,85.74,83.59,85.62,112124.0,2932174904.00
20230307,85.59,86.50,84.40,84.46,105933.0,2789608646.00
20230308,83.75,84.17,82.62,83.26,120898.0,3104294281.00
20230309,83.10,84.18,82.30,82.97,96731.0,2481897868.00
20230310,81.65,81.97,78.50,78.78,283464.0,6951755744.00
20230313,78.32,78.71,76.79,77.92,167343.0,4010230472.00
20230314,77.76,78.57,75.50,77.75,198568.0,4715842057.00
20230315,78.24,78.56,76.92,77.31,120715.0,2895736124.00
20230316,76.14,77.64,75.81,76.07,118370.0,2793057410.00
20230317,76.72,78.08,76.31,77.08,135003.0,3213067915.00
20230320,77.08,77.55,76.01,76.32,86323.0,2041533811.00
20230321,76.75,77.60,76.07,77.60,108873.0,2585297267.00
20230322,78.47,80.21,78.43,78.80,155339.0,3800940795.00
20230323,78.73,79.54,77.60,79.54,97461.0,2374450292.00
20230324,79.54,80.23,78.89,79.71,81018.0,1990565427.00
20230327,79.70,79.70,77.86,78.94,92495.0,2246213086.00
20230328,79.22,79.60,78.54,79.38,81845.0,1998797290.00
20230329,79.88,81.08,79.88,80.25,144303.0,3588758349.00
20230330,81.00,83.33,81.00,83.33,209267.0,5317797712.00
20230331,83.90,84.52,82.62,82.95,167008.0,4304295451.00
20230403,82.94,83.67,81.73,82.92,133691.0,3412119592.00
20230404,82.88,82.88,80.35,81.30,137744.0,3448255050.00
20230406,80.35,81.28,79.60,81.00,81942.0,2036216982.00
20230407,81.01,81.69,80.46,80.77,68723.0,1718631440.00
20230410,80.77,81.39,79.70,81.32,98058.0,2436804938.00
20230411,81.70,82.45,80.55,80.94,87455.0,2194591845.00
20230412,80.61,80.61,78.84,78.86,112330.0,2751446163.00
20230413,77.95,78.73,77.04,78.67,80965.0,1952037226.00
20230414,78.86,80.18,78.73,79.72,105506.0,2589957802.00
20230417,79.38,80.89,79.12,80.82,90394.0,2244153586.00
20230418,81.13,81.70,80.49,80.67,78432.0,1961474846.00
20230419,80.67,82.04,79.73,81.27,111927.0,2793037791.00
20230420,80.98,80.98,79.38,79.39,100308.0,2470721410.00
20230421,79.22,80.66,78.73,78.73,104052.0,2553937672.00
20230424,79.09,83.78,78.79,82.13,267017.0,6747607047.00
20230425,81.32,81.58,78.47,79.15,187419.0,4589549733.00
20230426,78.73,82.47,78.08,81.32,174492.0,4353221179.00
20230427,81.00,83.91,80.85,83.89,242464.0,6228404692.00
20230428,84.71,85.20,82.29,82.90,191945.0,4933612984.00
20230504,82.62,83.46,81.45,81.82,118124.0,3002183826.00
20230505,81.82,82.23,80.33,81.02,102440.0,2560075787.00
20230508,81.97,83.95,81.82,82.30,121626.0,3104234523.00
20230509,81.01,82.09,80.67,81.03,89885.0,2253697878.00
20230510,81.32,84.94,80.74,84.17,253691.0,6542224182.00
20230511,84.49,87.41,83.81,85.45,214237.0,5669565807.00
20230512,86.18,86.91,84.08,84.27,104574.0,2750523183.00
20230515,84.27,86.36,83.82,85.83,136926.0,3615695775.00
20230516,85.66,86.64,85.28,85.90,81639.0,2162966660.00
20230517,85.86,86.12,83.92,84.56,89556.0,2336687603.00
20230518,84.98,85.50,83.12,83.94,100697.0,2610927790.00
20230519,83.65,84.54,83.04,83.97,60106.0,1557739695.00
20230522,84.54,86.18,83.29,85.89,120165.0,3160916356.00
20230523,85.87,86.47,85.19,85.19,90619.0,2401159868.00
20230524,84.76,85.86,84.08,84.86,68093.0,1787131273.00
20230525,84.87,85.49,82.66,82.81,132079.0,3413072493.00
20230526,81.97,81.97,78.67,80.02,185813.0,4583193890.00
20230529,81.00,81.18,78.41,79.36,124723.0,3051361332.00
20230530,79.69,82.62,79.65,81.71,166881.0,4201064907.00
20230531,81.71,82.59,80.89,82.18,118381.0,2995495153.00
20230601,82.18,83.55,82.05,82.76,86736.0,2217698925.00
20230602,83.55,84.11,82.81,83.93,110680.0,2854069098.00
20230605,83.91,83.93,81.54,83.69,104795.0,2682476683.00
20230606,83.57,85.86,83.00,84.52,128981.0,3371155484.00
20230607,84.89,85.35,82.78,83.12,100490.0,2598158541.00
20230608,83.00,83.86,82.45,82.62,64454.0,1650438581.00
20230609,83.85,83.95,81.81,83.59,107484.0,2753073834.00
20230612,83.10,85.21,82.78,84.40,102891.0,2682484319.00
20230613,84.40,84.89,83.31,84.63,81511.0,2117925895.00
20230614,85.11,85.98,84.72,85.21,125776.0,3318766725.00
20230615,85.37,89.10,85.30,88.09,243961.0,6622887119.00
20230616,88.73,89.38,87.48,87.83,152297.0,4146755899.00
20230619,87.83,89.10,86.79,87.22,123565.0,3342857528.00
20230620,87.16,87.22,85.83,86.91,102366.0,2734002024.00
20230621,86.51,88.54,86.26,86.76,107812.0,2906861071.00
20230626,85.03,87.05,84.98,85.17,101512.0,2681452521.00
20230627,84.89,85.49,83.29,84.25,99029.0,2570404963.00
20230628,84.24,85.05,83.62,84.32,57270.0,1489543300.00
20230629,84.32,84.49,82.69,82.85,83485.0,2148587117.00
20230630,82.34,84.24,82.20,83.68,75724.0,1952424866.00
20230703,83.88,87.24,83.88,86.66,162565.0,4313305226.00
20230704,86.99,89.10,86.35,87.96,157120.0,4271284305.00
20230705,87.97,88.28,86.08,86.51,93033.0,2493339683.00
20230706,86.51,88.13,86.44,86.86,83712.0,2249759122.00
20230707,86.51,86.72,85.57,85.66,62192.0,1650354364.00
20230710,86.51,87.32,85.13,85.39,68878.0,1824432454.00
20230711,85.86,87.70,85.47,87.26,102405.0,2744333128.00
20230712,87.64,87.85,85.75,86.06,87032.0,2328017075.00
20230713,86.67,87.32,85.86,86.78,82753.0,2213414441.00
20230714,86.77,86.77,85.37,85.67,102722.0,2718639360.00
20230717,86.51,86.51,85.00,85.69,78927.0,2086663750.00
20230718,85.94,86.69,84.40,86.01,98456.0,2603934532.00
20230719,86.02,86.15,85.13,85.80,50250.0,1328126186.00
20230720,86.02,87.32,85.53,85.84,91271.0,2434017185.00
20230721,85.53,85.79,84.74,85.64,75287.0,1979318622.00
20230724,84.57,85.14,83.43,83.43,95950.0,2491708305.00
20230725,85.11,86.50,85.10,85.73,173883.0,4604657751.00
20230726,85.46,85.46,84.43,84.92,65865.0,1723363551.00
20230727,85.70,86.11,84.50,84.77,112651.0,2962230531.00
20230728,84.61,87.10,84.03,86.89,173308.0,4584230665.00
20230731,87.86,90.00,87.82,88.51,215060.0,5874722582.00
20230801,88.43,88.76,86.72,87.37,120340.0,3239067594.00
20230802,88.09,88.51,86.68,87.21,87394.0,2346829431.00
20230803,86.98,87.37,86.40,87.29,66170.0,1766952896.00
20230804,87.53,87.88,86.77,87.31,88053.0,2358257628.00
20230807,87.19,87.19,86.30,86.88,64204.0,1710317723.00
20230808,86.30,86.72,85.42,85.68,91712.0,2419517104.00
20230809,85.26,85.75,84.68,85.55,72499.0,1897124687.00
20230810,85.58,86.19,84.85,85.49,60016.0,1575799641.00
20230811,85.48,85.49,84.29,84.36,86125.0,2242256361.00
20230814,82.98,83.63,79.23,79.99,252890.0,6237439722.00
20230815,79.99,80.09,78.72,79.58,115021.0,2804377792.00
20230816,79.17,79.89,78.82,79.47,79979.0,1953463841.00
20230817,79.20,80.16,78.23,80.05,86836.0,2118628433.00
20230818,79.91,79.91,78.10,78.19,98467.0,2385483842.00
20230821,78.03,78.06,76.16,76.28,127879.0,3022536162.00
20230822,77.44,77.61,75.14,76.32,112116.0,2620973083.00
20230823,76.32,76.32,74.85,74.87,81238.0,1882331986.00
20230824,75.17,77.12,75.17,76.44,106811.0,2501734160.00
20230825,75.91,76.25,75.33,75.69,66775.0,1554437026.00
20230828,80.70,80.70,76.23,76.64,133527.0,3189524811.00
20230829,77.06,80.54,77.06,80.28,213223.0,5201525920.00
20230830,81.14,81.83,80.65,81.29,152187.0,3798606951.00
20230831,81.52,81.68,80.70,81.16,88734.0,2214559038.00
20230901,82.33,82.81,80.70,81.07,77772.0,1949444068.00
20230904,81.87,82.33,80.99,82.15,96512.0,2427791468.00
20230905,82.07,82.07,80.93,81.04,74571.0,1864915960.00
20230906,81.35,82.10,81.13,81.50,65929.0,1653726026.00
20230907,81.49,81.49,80.74,80.83,60913.0,1517662851.00
20230908,80.38,80.38,78.97,79.42,67634.0,1651599177.00
20230911,79.30,80.86,78.81,80.38,76513.0,1876707032.00
20230912,80.93,82.45,80.41,82.00,119532.0,3004363229.00
20230913,82.00,82.75,81.48,81.86,91479.0,2305291959.00
20230914,80.31,80.36,78.75,79.28,152580.0,3722930909.00
20230915,79.40,80.32,78.59,79.49,82256.0,2010812283.00
20230918,79.56,81.74,79.49,80.50,96405.0,2395846502.00
20230919,80.05,80.79,79.34,80.43,62397.0,1533948926.00
20230920,79.73,80.14,79.40,79.40,54497.0,1332673932.00
20230921,79.08,79.36,77.63,77.99,92965.0,2232606210.00
20230922,77.94,79.94,77.61,79.74,96764.0,2356419361.00
20230925,80.32,80.37,79.51,79.99,64787.0,1592828380.00
20230926,79.73,79.73,77.55,77.61,118463.0,2846103699.00
20230927,77.81,78.82,77.38,77.39,75734.0,1808518865.00
20230928,77.71,77.94,76.81,77.03,85258.0,2022931183.00
20231009,77.03,77.61,74.73,77.44,91791.0,2162900146.00
20231010,77.44,78.11,77.12,77.42,63937.0,1524841110.00
20231011,78.74,78.91,77.45,77.64,76684.0,1838352973.00
20231012,78.23,79.89,77.77,79.55,139341.0,3391600251.00
20231013,78.72,79.00,78.03,78.22,66445.0,1598611951.00
20231016,78.23,78.45,76.96,77.29,66022.0,1573224653.00
20231017,77.29,78.10,76.96,77.45,49164.0,1169236111.00
20231018,79.92,81.68,79.40,81.05,307863.0,7646061770.00
20231019,80.36,80.69,78.21,78.29,147753.0,3595894522.00
20231020,78.10,78.68,77.52,77.84,85659.0,2050294970.00
20231023,78.10,78.10,76.86,77.66,73537.0,1747793907.00
20231024,77.87,78.26,76.36,76.65,110779.0,2614866693.00
20231025,77.44,78.10,76.87,77.25,83676.0,1993861827.00
20231026,76.82,77.71,76.70,77.65,73199.0,1738279509.00
20231027,77.45,79.24,77.29,78.73,103206.0,2490630304.00
20231030,77.94,79.72,77.68,79.60,117295.0,2849732929.00
20231031,79.24,79.40,77.29,77.62,127205.0,3044814889.00
20231101,77.45,77.45,76.61,76.86,93390.0,2206820550.00
20231102,77.40,77.41,76.41,76.41,85414.0,2015702321.00
20231103,76.64,77.82,76.43,77.66,90679.0,2154652391.00
20231106,78.26,79.22,78.10,79.04,143548.0,3472633480.00
20231107,79.08,79.50,78.26,78.41,94513.0,2287202177.00
20231108,78.22,78.38,77.83,78.10,80128.0,1921682141.00
20231109,78.10,78.34,77.56,77.87,73183.0,1750698708.00
20231110,77.77,77.77,76.69,77.11,81902.0,1940054002.00
20231113,77.41,77.51,76.50,77.16,69738.0,1649215950.00
20231114,77.22,77.51,76.99,77.33,55217.0,1310694854.00
20231115,78.07,78.10,77.55,77.66,78692.0,1881360640.00
20231116,78.03,78.03,77.19,77.55,61690.0,1471253077.00
20231117,77.12,77.64,76.80,77.04,59462.0,1408060177.00
20231120,76.73,76.96,76.34,76.47,76771.0,1804923944.00
20231121,76.70,77.02,76.04,76.21,82386.0,1937039109.00
20231122,75.98,75.98,74.81,74.84,105571.0,2440478826.00
20231123,75.01,75.26,73.91,74.46,105764.0,2425947586.00
20231124,74.45,74.45,70.09,70.57,280659.0,6162803841.00
20231127,68.99,68.99,66.71,67.98,215481.0,4487132026.00
20231128,67.99,68.91,67.36,68.31,122211.0,2562912238.00
20231129,68.30,68.30,65.53,65.73,219246.0,4464902232.00
20231130,65.60,65.97,64.58,64.81,187242.0,3745049005.00
20231201,65.24,65.35,62.74,64.12,194190.0,3799477664.00
20231204,64.12,64.85,63.00,63.91,117613.0,2317283540.00
20231205,64.11,65.07,63.65,63.89,152372.0,3021632365.00
20231206,63.89,65.49,63.78,65.47,176347.0,3523669817.00
20231207,65.47,65.47,64.20,64.90,103169.0,2051259486.00
20231208,64.77,65.20,64.54,64.61,77700.0,1547061882.00
20231211,64.02,64.95,63.34,64.82,101086.0,1989856427.00
20231212,64.49,64.67,63.82,63.89,79797.0,1572793711.00
20231213,63.72,63.72,62.39,62.41,117535.0,2270646820.00
20231214,62.80,63.84,62.19,62.21,92497.0,1787086925.00
20231215,62.83,63.26,62.18,62.90,101841.0,1966549057.00
20231218,62.17,62.64,61.28,61.52,100511.0,1906643035.00
20231219,61.35,61.40,60.58,61.18,79370.0,1487629708.00
20231220,61.28,61.61,60.16,60.16,84925.0,1585187696.00
20231221,59.66,61.82,59.50,61.72,133149.0,2494208947.00
20231222,61.80,63.58,61.19,62.56,117998.0,2267509852.00
20231225,62.80,63.20,61.90,62.54,53770.0,1032287275.00
20231226,62.53,62.53,61.83,62.40,41380.0,790091023.00
20231227,62.80,62.97,62.06,62.30,61364.0,1174486108.00
20231228,62.16,64.65,62.04,64.45,138778.0,2722971139.00
20231229,64.75,65.02,64.16,64.43,80367.0,1591969845.00
20240102,64.96,64.96,62.60,62.67,113928.0,2212162400.00
20240103,62.64,63.09,62.06,62.86,84486.0,1624093056.00
20240104,63.24,63.34,62.19,62.81,89870.0,1731882120.00
20240105,62.63,64.27,62.20,62.70,112402.0,2187835615.00
20240108,62.74,63.02,61.55,61.63,81078.0,1543893918.00
20240109,62.15,63.78,61.89,62.76,112187.0,2167747851.00
20240110,62.38,62.90,61.70,61.92,71416.0,1364589161.00
20240111,61.89,64.66,61.44,64.03,159862.0,3120354835.00
20240112,64.03,64.51,63.55,63.74,87023.0,1711086655.00
20240115,63.36,64.11,62.62,63.33,70220.0,1364639692.00
20240116,63.10,63.96,62.83,63.55,83809.0,1633959522.00
20240117,63.20,63.31,60.79,60.79,160795.0,3050944390.00
20240118,60.41,62.15,60.17,61.98,114592.0,2150839668.00
20240119,61.66,62.79,61.41,61.61,80905.0,1540978198.00
20240122,61.46,62.25,60.06,60.31,132240.0,2487370788.00
20240123,60.20,61.49,59.97,61.13,110726.0,2072060503.00
20240124,61.59,61.78,59.90,61.41,96641.0,1805379382.00
20240125,61.46,62.12,60.42,61.80,130769.0,2470818453.00
20240126,61.50,61.50,60.36,60.48,115855.0,2160578276.00
20240129,60.49,60.53,58.02,58.07,146043.0,2647388165.00
20240130,56.32,57.10,55.42,55.96,190761.0,3296016841.00
20240131,55.67,57.04,55.42,55.56,125368.0,2155163736.00
20240201,55.32,56.30,54.79,55.61,116651.0,1996429636.00
20240202,55.63,55.93,53.05,54.34,147992.0,2485326236.00
20240205,53.69,55.90,52.97,54.67,186216.0,3122618402.00
20240206,54.02,57.31,53.86,57.23,176190.0,3054635572.00
20240207,57.68,59.55,57.31,58.43,160094.0,2880398921.00
20240208,59.06,59.66,58.80,58.95,119246.0,2168509150.00
20240219,59.84,60.32,59.17,59.71,119687.0,2192419553.00
20240220,59.71,59.77,57.60,58.26,113357.0,2023820071.00
20240221,57.63,60.40,57.49,59.55,147693.0,2700340930.00
20240222,59.52,59.76,58.98,59.55,80906.0,1476863326.00
20240223,59.55,59.87,58.84,59.45,91175.0,1660682308.00
20240226,60.53,61.87,60.38,60.53,155461.0,2912982360.00
20240227,61.00,63.11,60.92,63.03,206343.0,3958101886.00
20240228,63.78,63.95,61.18,61.18,168292.0,3223632042.00
20240229,60.86,62.35,60.59,62.22,122363.0,2323915656.00
20240301,62.12,62.80,61.43,62.54,122158.0,2336111333.00
20240304,61.83,62.38,61.21,61.59,126865.0,2401200046.00
20240305,61.01,62.37,60.36,62.10,149624.0,2826124074.00
20240306,61.83,62.80,61.50,62.37,100100.0,1914828108.00
20240307,62.50,63.12,61.44,61.47,101327.0,1935953171.00
20240308,61.28,61.88,60.93,61.21,67150.0,1263993368.00
20240311,61.18,65.05,61.18,64.67,278080.0,5440726382.00
20240312,65.41,67.25,64.36,66.74,245029.0,4958824423.00
20240313,67.33,68.47,66.98,67.15,177813.0,3691839468.00
20240314,67.82,70.08,67.82,69.01,211352.0,4497086169.00
20240315,68.34,68.79,67.09,68.16,146628.0,3057950743.00
20240318,68.94,71.02,68.86,70.95,196982.0,4250885883.00
20240319,70.95,71.54,69.77,70.55,146973.0,3194716172.00
20240320,70.62,71.84,70.62,71.10,96805.0,2118610339.00
20240321,71.24,71.53,70.61,71.25,88667.0,1938901107.00
20240322,71.25,71.26,70.03,70.60,104672.0,2266796544.00
20240325,70.41,70.87,69.26,69.70,99109.0,2133902461.00
20240326,70.29,71.59,70.05,71.46,131346.0,2864082716.00
20240327,71.46,71.49,68.34,68.98,188849.0,4058093219.00
20240328,68.29,68.94,67.04,67.81,159435.0,3327175192.00
20240329,67.83,67.85,65.46,66.08,141381.0,2873380485.00
20240401,66.08,69.31,66.08,68.99,142909.0,2995671850.00
20240402,68.99,70.71,68.92,69.10,107585.0,2301699125.00
20240403,68.50,68.70,67.54,67.74,83634.0,1747159207.00
20240408,67.36,69.96,67.16,68.99,128227.0,2722271577.00
20240409,68.91,69.96,68.78,69.01,84208.0,1791256312.00
20240410,69.74,69.80,68.34,68.94,72411.0,1537375543.00
20240411,68.01,70.11,67.62,69.31,100854.0,2130444827.00
20240412,68.99,70.68,68.19,68.53,114918.0,2453371047.00
20240415,68.34,70.13,68.04,69.51,113332.0,2418635356.00
20240416,69.12,70.08,68.57,68.87,98323.0,2090984650.00
20240417,68.66,69.37,68.21,69.31,96922.0,2046775944.00
20240418,68.99,70.45,68.14,69.51,133998.0,2863779538.00
20240419,69.05,69.27,67.38,68.38,111770.0,2342512356.00
20240422,68.34,68.83,67.72,67.87,64695.0,1353615963.00
20240423,67.86,67.87,66.38,66.72,87300.0,1793533842.00
20240424,67.32,67.95,66.55,67.50,74979.0,1546983915.00
20240425,67.49,68.83,67.24,67.99,94684.0,1980120669.00
20240426,68.34,71.51,68.34,71.39,253454.0,5502292294.00
20240429,71.94,73.35,71.18,72.04,191676.0,4256800047.00
20240430,72.73,73.02,71.10,71.10,115560.0,2542063035.00
20240506,73.22,74.32,72.73,73.64,186779.0,4226418539.00
20240507,73.64,75.49,72.91,74.81,144190.0,3301364339.00
20240508,74.37,74.48,73.54,73.62,91132.0,2070673827.00
20240509,73.64,74.32,73.59,74.24,79007.0,1796491172.00
20240510,73.87,74.69,73.54,74.13,80613.0,1833828035.00
20240513,73.28,73.99,72.43,73.45,82481.0,1857506899.00
20240514,73.45,74.05,72.93,73.19,62619.0,1414943425.00
20240515,73.06,73.54,71.04,71.31,99734.0,2204936672.00
20240516,71.31,71.58,70.49,71.04,87157.0,1901165661.00
20240517,71.39,71.70,70.83,71.46,71487.0,1564639157.00
20240520,71.10,72.89,71.10,72.52,75959.0,1688534368.00
20240521,72.24,72.24,70.75,71.19,84080.0,1838619340.00
20240522,71.00,71.43,70.02,70.59,88398.0,1916325810.00
20240523,70.24,70.24,69.48,69.95,62287.0,1336506236.00
20240524,69.63,69.64,67.95,68.11,102876.0,2166851356.00
20240527,68.34,68.60,67.23,67.80,76046.0,1580461907.00
20240528,67.95,67.98,67.22,67.48,60946.0,1265112510.00
20240529,68.66,73.54,68.66,73.12,302648.0,6633165250.00
20240530,73.03,74.64,72.86,74.15,223792.0,5070762670.00
20240531,74.45,75.37,73.87,74.53,185430.0,4264400521.00
20240603,74.52,78.26,73.54,77.16,270146.0,6370453739.00
20240604,77.09,78.03,76.78,77.50,157429.0,3744672009.00
20240605,77.60,80.15,77.60,78.36,194434.0,4732184009.00
20240606,78.49,79.34,77.29,77.61,175865.0,4227834836.00
20240607,77.78,78.55,75.54,76.63,182594.0,4304211408.00
20240611,76.35,80.05,76.25,79.61,221597.0,5386278075.00
20240612,78.63,80.56,78.63,79.04,187332.0,4573251956.00
20240613,80.96,84.05,80.74,82.33,292519.0,7423395269.00
20240614,81.83,82.63,80.22,82.35,202610.0,5066109116.00
20240617,82.00,84.56,81.64,83.70,208649.0,5371512599.00
20240618,83.18,83.73,82.33,83.19,128789.0,3282495366.00
20240619,83.31,83.96,82.46,82.65,99108.0,2529117363.00
20240620,82.29,82.58,81.13,81.84,116200.0,2921098947.00
20240621,82.00,82.78,80.64,81.57,116330.0,2916085593.00
20240624,81.35,82.65,80.63,81.33,108423.0,2719528810.00
20240625,82.00,84.20,81.47,82.66,195746.0,4998561939.00
20240626,82.00,82.75,81.15,82.24,111917.0,2814435213.00
20240627,81.68,82.12,80.84,81.19,82911.0,2074271452.00
20240628,80.70,82.05,80.34,81.43,92982.0,2324520983.00
20240701,81.43,81.96,78.91,80.31,129273.0,3179627870.00
20240702,80.33,80.60,79.09,79.39,102627.0,2515326294.00
20240703,79.39,79.85,78.10,79.11,96574.0,2340645421.00
20240704,79.73,81.25,79.56,79.61,99196.0,2449191850.00
20240705,79.13,79.56,77.73,78.76,95665.0,2308221433.00
20240708,78.68,80.77,78.48,79.72,105375.0,2591239966.00
20240709,79.79,82.50,78.59,82.20,140763.0,3506898661.00
20240710,82.16,83.48,81.84,82.17,109283.0,2767913672.00
20240711,82.98,83.39,81.90,82.35,100359.0,2546645361.00
20240712,82.50,85.91,81.97,85.46,188863.0,4891988725.00
20240715,85.36,86.17,84.81,85.16,98716.0,2590423501.00
20240716,84.81,85.32,83.42,84.28,117588.0,3043326155.00
20240717,84.28,85.10,83.51,84.45,105192.0,2726321475.00
20240718,83.92,85.55,83.80,85.07,95322.0,2487441703.00
20240719,84.77,86.56,84.52,85.93,136214.0,3593320511.00
20240722,85.94,87.89,85.94,86.43,100750.0,2688874276.00
20240723,86.23,86.37,82.33,82.40,167410.0,4318283785.00
20240724,82.40,83.03,80.86,81.35,118640.0,2976544505.00
20240725,81.34,82.83,80.54,81.48,101104.0,2533958369.00
20240726,82.32,83.84,81.73,82.96,124842.0,3180235006.00
20240729,83.32,83.34,81.23,82.06,78859.0,1960649994.00
20240730,81.56,81.63,79.59,80.35,110393.0,2686057413.00
20240731,79.92,81.70,79.91,81.38,87490.0,2153504528.00
20240801,81.70,81.94,79.06,80.44,103635.0,2519341335.00
20240802,79.72,79.80,77.28,77.34,145671.0,3453944602.00
20240805,76.04,77.96,75.77,76.15,105268.0,2457359662.00
20240806,77.08,77.29,74.44,75.42,129102.0,2955783827.00
20240807,75.45,76.10,74.60,75.42,82022.0,1882919963.00
20240808,75.04,75.04,73.62,74.60,85357.0,1925911439.00
20240809,75.13,77.70,75.12,76.30,119852.0,2790790707.00
20240812,76.43,76.92,75.60,75.90,53779.0,1242071532.00
20240813,75.88,75.89,74.45,75.35,60437.0,1378452593.00
20240814,75.30,75.30,74.18,74.65,56330.0,1276584732.00
20240815,74.64,76.59,74.08,76.26,88545.0,2039684342.00
20240816,76.46,78.51,75.93,77.45,102219.0,2406276093.00
20240819,77.50,78.72,77.42,77.55,70182.0,1662452527.00
20240820,77.74,78.18,76.90,77.90,62484.0,1475807675.00
20240821,77.30,80.09,76.42,79.39,111043.0,2658947673.00
20240822,79.39,79.97,78.94,79.23,62488.0,1506260848.00
20240823,78.99,79.49,78.45,78.84,49786.0,1193437029.00
20240826,78.90,80.05,78.31,78.87,56513.0,1354660288.00
20240827,78.24,79.48,77.91,79.32,50926.0,1219258016.00
20240828,79.15,79.15,76.69,78.02,89041.0,2098577189.00
20240829,76.86,77.91,76.19,77.36,79385.0,1858678051.00
20240830,78.39,82.94,78.16,82.16,193028.0,4764660206.00
20240902,81.70,82.49,79.39,79.42,101135.0,2468600915.00
20240903,79.19,81.51,79.19,81.39,101820.0,2497421913.00
20240904,80.87,82.98,80.85,82.46,100606.0,2506778350.00
20240905,82.35,84.20,82.22,83.29,100126.0,2542189362.00
20240906,83.30,84.03,82.82,82.88,78142.0,1982245013.00
20240909,82.18,83.66,81.89,82.35,70851.0,1774845243.00
20240910,82.35,83.28,81.90,82.24,61248.0,1533462723.00
20240911,82.35,85.85,82.17,85.02,155361.0,4001603969.00
20240912,85.22,85.65,84.66,84.66,77251.0,1995755898.00
20240913,84.73,84.99,83.95,84.00,56992.0,1458587905.00
20240918,84.01,85.43,83.70,85.13,66820.0,1715595537.00
20240919,85.32,85.44,83.44,84.12,91043.0,2326365318.00
20240920,84.13,85.25,83.30,84.36,89898.0,2292829764.00
20240923,84.31,84.65,81.96,82.35,107583.0,2712153559.00
20240924,83.34,84.17,81.29,83.77,156495.0,3949080823.00
20240925,84.99,88.83,84.88,86.57,205710.0,5442651982.00
20240926,86.97,88.84,86.34,88.81,149066.0,3960197853.00
20240927,89.93,96.19,89.44,93.55,309922.0,8683447958.00
20240930,95.53,101.49,95.53,101.23,388805.0,11640545413.00
20241008,111.36,111.36,101.23,107.84,443439.0,14484952068.00
20241009,103.77,105.65,98.99,100.70,325919.0,10166970123.00
20241010,102.12,106.07,102.11,104.06,250167.0,7918647495.00
20241011,103.44,103.44,97.51,98.84,186418.0,5671879376.00
20241014,99.15,102.11,98.89,101.13,172365.0,5268100404.00
20241015,100.64,101.59,98.17,98.17,122149.0,3695577335.00
20241016,96.52,97.50,94.54,95.46,150322.0,4362898826.00
20241017,96.36,98.12,95.24,95.34,102457.0,3005198739.00
20241018,95.35,100.87,94.90,98.92,191092.0,5674148204.00
20241021,99.81,101.66,99.12,100.95,157816.0,4819617233.00
20241022,100.47,102.16,99.81,100.39,103733.0,3174859558.00
20241023,100.39,102.71,99.71,101.75,126695.0,3911383612.00
20241024,101.75,102.11,99.68,100.04,96885.0,2959755260.00
20241025,100.14,102.71,100.14,101.51,139820.0,4306245200.00
20241028,101.79,101.79,99.40,100.51,109324.0,3323177977.00
20241029,101.79,102.21,100.08,100.60,118546.0,3635542203.00
20241030,99.81,101.30,99.32,100.65,108448.0,3301164357.00
20241031,99.49,99.81,96.52,96.58,240852.0,7127704551.00
20241101,96.59,97.38,95.56,95.63,143041.0,4174457395.00
20241104,97.51,101.76,97.38,101.12,217319.0,6600399617.00
20241105,100.16,101.61,98.99,101.30,167820.0,5124245708.00
20241106,101.46,102.04,98.17,98.94,184861.0,5611830833.00
20241107,97.19,99.44,96.85,99.41,150676.0,4484370171.00
20241108,101.17,101.30,97.84,98.13,166716.0,5022195686.00
20241111,97.18,98.65,96.39,98.59,180859.0,5349190917.00
20241112,98.87,102.12,98.60,99.09,246557.0,7520312653.00
20241113,98.17,99.26,97.28,99.01,145116.0,4326957543.00
20241114,98.83,98.92,96.85,97.10,124583.0,3690676831.00
20241115,97.11,97.44,94.88,95.53,153236.0,4471450174.00
20241118,95.53,96.50,94.43,95.10,116206.0,3364288894.00
20241119,95.10,96.02,92.90,94.87,131947.0,3785016710.00
20241120,94.88,95.66,94.05,95.02,106017.0,3049973686.00
20241121,95.03,95.03,93.55,94.21,95533.0,2727230001.00
20241122,94.05,94.17,91.58,91.74,125142.0,3529973028.00
20241125,93.23,95.32,92.53,93.23,174533.0,4981714331.00
20241126,92.24,94.21,91.54,92.57,95206.0,2686423189.00
20241127,92.00,92.57,91.25,92.57,110003.0,3068303752.00
20241128,92.63,92.75,89.93,90.45,158589.0,4365779156.00
20241129,89.93,91.54,89.62,90.53,128005.0,3516186178.00
20241202,91.12,93.55,90.29,93.03,151357.0,4255616768.00
20241203,93.82,94.17,92.43,93.11,91450.0,2585320048.00
20241204,92.68,93.33,91.84,92.23,85013.0,2389151937.00
20241205,91.31,91.74,90.36,90.68,90268.0,2486214937.00
20241206,90.81,92.89,90.26,92.33,124698.0,3469413044.00
20241209,91.98,93.55,91.47,92.40,92153.0,2590143544.00
20241210,96.52,96.85,92.90,93.08,175929.0,5057037510.00
20241211,92.91,93.51,92.04,92.49,93360.0,2623997225.00
20241212,92.27,93.45,91.71,93.45,100134.0,2816818034.00
20241213,92.68,92.77,91.06,91.09,112359.0,3130392699.00
20241216,91.09,91.64,90.12,90.57,71490.0,1967314539.00
20241217,90.56,94.10,90.25,93.16,175682.0,4960329885.00
20241218,93.31,94.50,93.10,93.77,84106.0,2397657885.00
20241219,92.83,94.52,92.24,94.02,86729.0,2465377213.00
20241220,93.89,94.46,92.30,92.30,96707.0,2730666916.00
20241223,92.40,93.32,91.87,92.47,81516.0,2291275853.00
20241224,92.20,95.04,91.95,95.01,142287.0,4072070487.00
20241225,95.11,95.98,94.11,94.19,83391.0,2405517152.00
20241226,94.19,94.48,93.55,93.84,67605.0,1928774413.00
20241227,94.48,94.72,93.23,94.31,78683.0,2249658028.00
20241230,94.61,95.37,93.33,93.88,82947.0,2371257353.00
20241231,93.88,94.38,92.90,93.11,77620.0,2201903440.00
20250102,93.23,93.25,88.75,89.31,168784.0,4624073917.00
20250103,89.44,90.45,88.36,89.18,99365.0,2693072230.00
20250106,89.58,90.22,88.62,89.36,82447.0,2236590143.00
20250107,89.36,91.49,88.12,90.27,95722.0,2627167272.00
20250108,89.93,90.26,87.56,88.67,109082.0,2933447141.00
20250109,88.61,89.50,87.84,88.74,65613.0,1766873664.00
20250110,88.61,89.07,87.22,87.63,80548.0,2147363099.00
20250113,86.64,88.44,86.38,87.63,67214.0,1787448697.00
20250114,87.74,91.30,87.63,91.02,125790.0,3438827616.00
20250115,90.99,91.35,90.43,90.49,62336.0,1718769123.00
20250116,90.49,91.36,89.12,89.85,72572.0,1984685717.00
20250117,90.10,91.97,89.76,91.12,86142.0,2376770800.00
20250120,91.91,94.36,91.88,93.70,135797.0,3863727458.00
20250121,93.88,94.68,93.23,94.23,76441.0,2184132797.00
20250122,93.88,94.31,92.17,93.06,81057.0,2287303620.00
20250123,93.88,93.88,91.25,91.28,96174.0,2690601164.00
20250124,91.09,92.40,90.92,91.93,68144.0,1898979250.00
20250127,91.94,92.28,90.43,90.43,63408.0,1755529339.00
20250205,93.14,94.46,92.76,93.16,145351.0,4128876836.00
20250206,93.16,102.48,93.04,102.48,381459.0,11416508784.00
20250207,105.41,108.71,103.44,107.69,487075.0,15691989047.00
20250210,107.69,109.37,105.93,108.75,272711.0,8908518536.00
20250211,111.77,112.10,107.39,108.67,280364.0,9315885530.00
20250212,107.88,114.29,106.29,113.67,279357.0,9451048634.00
20250213,112.40,114.09,111.84,112.43,199840.0,6859997620.00
20250214,112.50,118.46,112.50,117.29,243645.0,8574633633.00
20250217,117.29,118.19,113.48,114.80,232015.0,8111345838.00
20250218,115.76,119.74,114.91,117.35,251797.0,8977762526.00
20250219,116.46,118.59,116.28,118.10,161918.0,5784129670.00
20250220,119.74,121.11,118.00,119.51,156937.0,5695876654.00
20250221,120.57,127.32,120.31,126.17,239292.0,9089497618.00
20250224,126.83,128.03,123.03,123.95,199407.0,7586289373.00
20250225,121.88,125.18,121.49,122.70,161103.0,6008878409.00
20250226,122.70,123.80,120.24,122.58,138529.0,5125594765.00
20250227,125.84,126.49,122.22,123.70,168446.0,6350435990.00
20250228,122.25,123.46,118.26,119.19,239304.0,8762214821.00
20250303,121.56,121.88,117.86,118.66,152078.0,5524500397.00
20250304,112.01,114.64,111.35,113.60,263453.0,9062924960.00
20250305,114.31,117.01,114.31,116.60,139069.0,4885879812.00
20250306,118.65,119.31,117.60,118.24,114601.0,4120637644.00
20250307,118.23,118.92,117.02,117.40,87584.0,3131517605.00
20250310,117.24,117.73,114.97,115.63,99177.0,3484351089.00
20250311,113.65,115.88,113.61,115.42,95370.0,3314689326.00
20250312,116.76,118.55,115.63,115.63,129511.0,4593312533.00
20250313,115.91,117.72,115.67,116.78,102211.0,3624758940.00
20250314,117.60,124.25,117.15,123.84,224697.0,8292987453.00
20250317,125.94,126.17,123.85,125.26,133069.0,5060211612.00
20250318,128.00,128.47,125.18,126.68,173339.0,6672881109.00
20250319,126.67,131.44,126.02,130.80,188352.0,7404859764.00
20250320,131.77,132.89,130.45,131.76,159413.0,6372989565.00
20250321,129.46,129.56,121.88,122.54,282107.0,10685254370.00
20250324,124.19,124.68,121.18,123.65,147894.0,5522974120.00
20250325,124.51,125.05,121.55,121.75,123085.0,4595791802.00
20250326,121.75,124.85,121.23,123.86,120205.0,4503762855.00
20250327,123.89,128.89,123.89,127.32,144394.0,5554865370.00
20250328,127.32,128.74,125.67,126.00,114940.0,4428715749.00
20250331,125.18,126.26,123.20,123.50,115784.0,4370400299.00
20250401,124.44,124.48,120.03,120.40,154072.0,5663384880.00
20250402,120.24,120.46,118.22,118.75,117100.0,4226638862.00
20250403,117.11,119.09,116.70,117.77,101023.0,3618676870.00
20250407,109.81,111.24,105.99,105.99,273498.0,8911483833.00
20250408,105.99,110.64,104.75,107.89,274644.0,8924529992.00
20250409,105.35,108.05,103.33,106.93,211939.0,6822376377.00
20250410,110.19,114.33,110.03,110.82,210896.0,7165511480.00
20250411,111.01,117.78,110.82,116.94,189945.0,6621821826.00
20250414,119.64,119.81,117.14,118.26,142069.0,5115484102.00
20250415,120.11,120.24,117.71,118.58,116516.0,4195947008.00
20250416,117.48,117.60,114.67,116.00,131828.0,4618462218.00
20250417,115.28,116.43,114.20,115.19,85289.0,2985985218.00
20250418,114.60,114.60,113.32,113.98,73860.0,2553879766.00
20250421,113.98,115.25,113.73,114.89,74953.0,2609226235.00
20250422,114.89,117.58,114.24,116.89,112122.0,3956085869.00
20250423,124.19,124.52,120.97,122.54,247927.0,9216822110.00
20250424,122.70,123.40,119.69,120.57,150892.0,5557113198.00
20250425,121.88,123.63,121.26,122.16,133869.0,4975314905.00
20250428,120.94,120.94,117.46,118.59,179783.0,6459136359.00
20250429,118.29,118.80,116.28,116.94,118983.0,4237606410.00
20250430,116.91,116.92,115.07,116.31,130479.0,4599074534.00
20250506,118.59,119.35,117.25,118.58,148294.0,5326196143.00
20250507,120.24,120.46,117.98,118.33,108840.0,3937980382.00
20250508,117.44,119.24,117.17,118.35,83382.0,2994908337.00
20250509,118.84,120.57,118.36,119.65,143726.0,5218995470.00
20250512,120.24,121.98,118.78,121.98,161370.0,5890708994.00
20250513,123.86,124.05,120.58,120.73,131771.0,4874657843.00
20250514,120.73,122.91,119.70,122.91,135693.0,5012059706.00
20250515,122.87,126.83,121.65,124.12,208801.0,7894571014.00
20250516,123.54,128.80,123.06,128.20,229328.0,8858484483.00
20250519,127.81,127.81,124.19,126.10,161373.0,6159126224.00
20250520,126.33,130.05,125.67,130.05,172100.0,6705400029.00
20250521,129.77,133.08,128.81,131.77,199479.0,7967115092.00
20250522,131.76,133.60,131.11,131.37,146363.0,5868800084.00
20250523,131.44,137.36,131.15,133.41,235574.0,9627525188.00
20250526,132.36,132.76,125.18,125.51,309551.0,12014228946.00
20250527,123.82,125.51,121.52,122.68,230275.0,8594833865.00
20250528,122.68,122.86,119.27,119.54,177754.0,6513230208.00
20250529,118.46,120.57,116.97,118.96,192061.0,6942900394.00
20250530,117.61,118.19,115.72,116.05,190560.0,6733498590.00
20250603,115.71,117.93,114.97,117.27,181893.0,6453885813.00
20250604,118.43,120.01,117.98,118.76,146904.0,5311224036.00
20250605,119.38,119.49,117.28,118.84,108613.0,3908084317.00
20250606,118.92,119.37,117.77,118.58,89698.0,3228098167.00
20250609,117.31,117.41,113.69,114.68,255091.0,8932441522.00
20250610,115.16,116.94,114.71,116.33,171786.0,6042960183.00
20250611,116.62,120.56,116.62,119.25,203107.0,7326544793.00
20250612,118.55,118.55,116.29,116.36,144047.0,5117764843.00
20250613,115.13,115.27,112.49,113.98,210240.0,7256548253.00
20250616,113.98,114.32,112.27,113.46,102284.0,3508947839.00
20250617,113.32,114.11,112.79,113.23,70045.0,2408912943.00
20250618,112.93,115.03,112.65,114.29,102897.0,3565398001.00
20250619,113.33,113.74,112.12,112.17,100381.0,3437688886.00
20250620,112.01,112.98,111.94,112.08,73538.0,2507526429.00
20250623,110.96,111.91,109.89,111.41,94593.0,3185477391.00
20250624,112.41,114.04,112.41,113.12,144713.0,4979495319.00
20250625,113.98,115.21,113.00,115.06,125738.0,4352301719.00
20250626,113.42,113.42,110.96,111.16,204932.0,6967640374.00
20250627,110.03,110.92,109.84,110.10,138617.0,4633461708.00
20250630,110.10,110.10,108.24,109.34,144003.0,4768270278.00
20250701,108.81,109.81,108.31,109.15,88518.0,2931303336.00
20250702,109.37,109.98,108.36,108.93,93270.0,3083342650.00
20250703,109.03,110.44,108.93,110.21,123498.0,4123732531.00
20250704,109.55,110.35,108.63,109.04,104104.0,3454495463.00
20250707,108.44,108.87,108.19,108.24,88208.0,2901015557.00
20250708,107.72,108.64,107.30,107.68,116918.0,3825413668.00
20250709,107.69,108.12,107.32,107.32,121633.0,3969384130.00
20250710,107.33,107.42,105.03,105.82,210022.0,6741345468.00
20250711,105.38,107.67,105.09,106.70,168270.0,5456832017.00
20250714,106.70,106.70,104.61,104.92,172309.0,5502331853.00
20250715,104.82,107.06,104.75,106.42,162791.0,5252631321.00
20250716,106.42,107.36,106.42,106.64,110758.0,3594544238.00
20250717,107.06,108.29,106.76,108.06,156891.0,5138610960.00
20250718,108.42,108.54,107.14,108.41,136866.0,4482466755.00
20250721,108.05,110.06,107.81,110.06,153945.0,5102459145.00
20250722,110.35,112.66,109.77,112.56,214164.0,7227731006.00
20250723,112.69,112.99,111.01,111.37,158907.0,5395840274.00
20250724,111.37,114.16,111.22,112.90,189063.0,6489370095.00
20250725,112.33,112.46,110.35,111.32,157041.0,5307866610.00
20250728,111.32,111.71,110.53,111.01,117057.0,3947000993.00
20250729,112.01,112.50,109.77,111.42,387360.0,4322742015.00
20250730,108.05,111.16,107.12,108.70,524834.0,5743878668.00
20250731,108.20,108.20,105.00,105.24,599499.0,6344900790.00
20250801,104.95,106.24,104.36,105.80,362337.0,3816659557.00
20250804,104.00,105.14,102.57,104.88,412937.0,4293903589.00
20250805,104.88,105.21,103.78,104.86,338350.0,3539636639.00
20250806,104.86,105.00,103.90,104.35,305620.0,3184784992.00
20250807,104.27,106.43,104.16,105.33,428763.0,4526612773.00
20250808,105.00,105.03,103.91,103.93,326615.0,3405317252.00
20250811,103.88,105.66,103.23,105.52,356698.0,3741329572.00
20250812,105.40,106.43,104.70,105.67,312195.0,3302639096.00
20250813,106.29,107.65,105.84,106.83,459830.0,4908744877.00
20250814,107.37,107.50,105.79,106.37,419548.0,4478119017.00
20250815,105.85,106.64,105.32,106.07,361353.0,3831047052.00
20250818,105.66,109.49,105.66,108.37,619252.0,6680761816.00
20250819,108.67,108.92,107.18,107.63,389735.0,4205349328.00
20250820,107.18,108.26,106.01,108.25,385053.0,4130459251.00
20250821,107.80,108.83,107.00,107.10,449464.0,4843670255.00
20250822,107.11,110.97,107.11,110.66,763120.0,8351469725.00
20250825,111.31,112.49,110.31,111.61,611628.0,6803182882.00
20250826,111.75,114.69,110.71,113.75,692916.0,7850511029.00
20250827,113.96,114.06,110.66,110.68,689747.0,7761766930.00
20250828,109.39,110.19,107.11,109.32,762522.0,8278465955.00
20250829,108.88,116.59,108.12,114.06,1144902.0,12973326090.00
20250901,108.50,111.48,108.50,109.70,1329867.0,14546890246.00
20250902,108.79,111.10,108.60,110.02,773224.0,8495472755.00
20250903,110.50,110.73,107.01,107.21,735223.0,7975948715.00
20250904,106.59,107.09,103.71,104.00,815741.0,8588835880.00
20250905,103.86,107.50,103.11,107.26,787524.0,8307907947.00
20250908,106.15,107.13,105.51,106.25,555923.0,5910440231.00
20250909,106.00,107.20,105.27,105.49,381636.0,4049249506.00
20250910,105.52,106.45,105.02,105.20,322369.0,3401353898.00
20250911,105.25,106.60,104.89,106.59,537781.0,5683446688.00
20250912,106.60,107.58,105.90,105.91,455910.0,4859782579.00
20250915,106.00,110.85,106.00,108.70,974804.0,10620465040.00
20250916,109.00,109.00,107.22,107.80,533160.0,5753437964.00
20250917,108.20,112.00,108.20,110.99,981240.0,10827682692.00
20250918,110.99,112.80,108.56,109.71,934014.0,10362193293.00
20250919,109.80,110.80,109.00,109.09,472977.0,5188176204.00
20250922,108.87,108.91,107.15,107.99,491559.0,5293961578.00
20250923,107.45,107.69,104.64,105.60,650963.0,6888232045.00
20250924,105.00,105.83,104.00,105.71,548162.0,5758922304.00
20250925,105.34,108.80,104.87,107.50,693482.0,7421942404.00
20250926,107.45,111.23,107.00,107.29,756612.0,8250492997.00
20250929,107.00,109.14,106.39,108.61,613984.0,6621874267.00
20250930,108.19,109.98,107.76,109.21,567756.0,6200518749.00
20251009,108.67,112.48,108.07,110.60,1008722.0,11196004666.00
20251010,110.55,110.55,107.58,107.79,590103.0,6420415513.00
20251013,105.00,105.98,104.10,105.69,744430.0,7841774365.00
20251014,106.68,109.36,105.62,105.99,767786.0,8244228528.00
20251015,106.45,107.51,105.50,107.10,475791.0,5063179652.00
20251016,107.00,109.30,106.51,106.96,523096.0,5628738804.00
20251017,106.60,106.63,104.26,104.43,625725.0,6576614911.00
20251020,105.22,105.63,104.08,104.52,355615.0,3721699722.00
20251021,104.69,105.07,104.24,104.76,299074.0,3133789475.00
20251022,104.10,104.32,103.37,103.78,357874.0,3715302135.00
20251023,103.30,103.73,102.00,103.69,378603.0,3889661810.00
20251024,103.98,104.37,103.61,103.76,305543.0,3173964302.00
20251027,104.00,104.97,103.88,104.01,345988.0,3607756848.00
20251028,104.02,104.32,103.50,103.72,265416.0,2755526046.00
20251029,103.73,105.18,103.00,104.52,397340.0,4128608368.00
20251030,104.00,104.86,103.50,103.61,358989.0,3733925602.00
20251031,101.00,101.32,100.00,100.79,637053.0,6418551106.00
20251103,100.79,100.99,98.50,99.60,551670.0,5472679664.00
20251104,99.00,99.54,97.71,97.80,435017.0,4274197473.00
20251105,96.66,96.66,94.73,95.80,587215.0,5617215879.00
20251106,95.58,97.75,95.40,97.52,402004.0,3897723836.00
20251107,97.00,98.15,96.83,97.20,322561.0,3145817990.00
20251110,97.35,100.35,97.35,99.39,554877.0,5513238812.00
20251111,99.50,99.78,98.14,98.71,319858.0,3161124109.00
20251112,98.80,98.99,97.54,97.77,260643.0,2555847684.00
20251113,97.01,100.50,97.01,99.83,579990.0,5759429263.00
20251114,99.00,100.50,98.33,98.37,342985.0,3396134915.00
20251117,97.80,98.59,97.25,98.08,207248.0,2029207778.00
20251118,97.54,97.85,96.02,96.49,304756.0,2949162764.00
20251119,96.40,96.66,95.01,95.17,348292.0,3327809283.00
20251120,95.17,95.50,93.50,93.61,391811.0,3692348084.00
20251121,92.49,94.39,91.70,92.70,451713.0,4182916492.00
20251124,93.10,94.41,92.20,93.93,327302.0,3064736738.00
20251125,94.00,95.38,93.70,93.91,277489.0,2620855758.00
20251126,94.75,95.44,94.45,95.09,306577.0,2914626392.00
20251127,94.60,95.16,94.22,94.29,202280.0,1915349541.00
20251128,94.60,95.23,94.20,95.17,219351.0,2080615710.00
20251201,95.39,96.30,95.14,95.77,233713.0,2237016414.00
20251202,96.42,97.80,96.25,96.62,359217.0,3483571735.00
20251203,96.64,96.65,94.89,95.05,231573.0,2207429345.00
20251204,94.92,95.29,94.20,95.24,166142.0,1576759405.00
20251205,95.29,96.22,94.71,95.98,211618.0,2021250208.00
20251208,96.21,97.15,96.21,96.53,247805.0,2397261754.00
20251209,96.21,96.66,95.70,96.03,163227.0,1568057388.00
20251210,95.60,96.65,94.90,96.47,198402.0,1902988179.00
20251211,96.98,97.12,95.85,96.23,250908.0,2422448208.00
20251212,96.20,97.70,95.65,97.00,554621.0,5390456375.00
20251215,96.55,97.16,95.53,95.53,293301.0,2824248327.00
20251216,95.50,95.70,94.14,94.25,258768.0,2450336536.00
20251217,94.50,95.70,93.68,95.21,272825.0,2584139144.00
20251218,94.39,94.60,93.50,93.53,252797.0,2376126962.00
20251219,94.00,95.27,93.73,94.23,272068.0,2573037717.00
20251222,94.70,95.36,94.25,94.37,206235.0,1952361858.00
20251223,94.50,95.50,94.50,94.81,236617.0,2247679864.00
20251224,94.80,94.80,94.05,94.42,192810.0,1819358258.00
20251225,94.43,95.23,94.12,94.84,182202.0,1725723850.00
20251226,95.28,101.45,95.25,100.01,1020959.0,10178557961.00
20251229,100.50,101.30,99.60,100.21,519167.0,5209488142.00
20251230,99.26,100.15,98.74,99.75,318756.0,3174697985.00
20251231,99.98,100.20,97.38,97.72,402859.0,3955310311.00
20260105,98.40,99.48,97.90,98.11,382625.0,3762797878.00
20260106,98.22,100.50,98.12,99.99,521785.0,5185026166.00
20260107,99.96,99.96,97.06,97.60,560849.0,5502570730.00
20260108,97.20,97.20,96.33,96.88,300655.0,2908439428.00
20260109,97.05,97.95,96.90,97.01,350341.0,3412630184.00
20260112,97.01,98.00,96.30,97.47,425257.0,4125432529.00
20260113,99.00,99.60,96.88,97.19,498723.0,4905229941.00
20260114,96.81,97.74,95.51,96.10,514750.0,4975154616.00
20260115,96.08,96.64,95.60,95.67,295635.0,2835803089.00
20260116,96.70,97.44,95.60,95.86,384588.0,3705328915.00
20260119,96.81,97.30,95.77,96.19,334927.0,3227653861.00
20260120,96.22,96.26,94.68,94.74,389149.0,3699337566.00
20260121,94.01,94.94,94.00,94.10,308334.0,2910327666.00
20260122,94.72,95.13,93.89,94.12,291014.0,2741536605.00
20260123,94.24,94.36,93.51,93.65,383303.0,3598066420.00
20260126,93.65,93.66,92.50,92.63,375460.0,3485372554.00
20260127,92.67,92.99,91.80,91.81,362981.0,3340756010.00
20260128,91.80,93.50,90.01,93.34,715566.0,6553150013.00
20260129,92.66,92.92,91.61,92.31,371825.0,3423462524.00
20260130,92.27,92.27,90.70,90.89,329176.0,3001871204.00
20260202,88.00,89.09,86.97,87.05,646974.0,5676850726.00
20260203,87.20,87.40,85.88,87.37,377827.0,3275997178.00
20260204,86.99,89.33,86.45,89.14,376505.0,3322530225.00
20260205,88.50,91.23,88.33,90.11,354240.0,3184480192.00
20260206,89.39,90.66,89.00,89.82,247088.0,2217096985.00
20260209,90.50,90.65,89.83,90.06,208180.0,1875980039.00
20260210,90.00,91.57,89.84,90.81,267605.0,2434219974.00
20260211,90.88,92.95,90.88,92.28,396950.0,3662117778.00
20260212,92.29,92.35,91.08,91.16,230313.0,2106032227.00
20260213,90.05,91.09,89.88,90.27,217339.0,1963579416.00
20260224,91.98,91.99,90.61,90.87,206445.0,1879888761.00
20260225,90.89,92.79,90.89,91.45,324780.0,2985714580.00
20260226,91.40,91.40,89.61,89.85,291019.0,2619922211.00
20260227,89.40,89.94,89.10,89.32,219341.0,1962319079.00
20260302,88.00,97.25,87.72,96.79,1435137.0,13507227574.00
20260303,96.39,96.99,93.99,95.21,865741.0,8272503575.00
20260304,95.20,96.80,93.70,95.99,700969.0,6674964517.00
20260305,96.80,96.82,93.89,94.47,552440.0,5235746090.00
20260306,96.00,96.00,93.25,93.62,503540.0,4743654924.00
20260309,93.62,98.00,93.00,97.52,1093409.0,10562485734.00
20260310,97.18,97.49,96.08,96.60,507462.0,4907397250.00
20260311,96.75,100.34,95.67,99.22,903744.0,8925093667.00
20260312,99.23,100.69,98.70,99.10,502524.0,4995016177.00
20260313,99.00,100.79,98.30,99.67,519765.0,5199004697.00
20260316,99.67,105.00,98.79,104.62,1087814.0,11184164654.00
20260317,104.63,106.66,102.71,102.87,841389.0,8793237612.00
20260318,102.82,102.82,100.05,101.69,617996.0,6257459329.00
20260319,100.99,103.88,100.47,102.31,531059.0,5450382395.00
20260320,102.00,104.45,101.56,103.03,628783.0,6495105103.00
20260323,103.87,111.82,103.18,107.63,1782446.0,19284919428.00
20260324,108.40,108.40,104.93,106.64,921446.0,9784806490.00
20260325,106.72,107.66,105.28,106.60,662665.0,7061311677.00
20260326,106.62,107.68,102.70,103.14,828121.0,8655663075.00
20260327,103.99,105.89,102.75,105.30,658455.0,6893710025.00
20260330,103.51,108.00,103.25,106.05,727557.0,7713482118.00
20260331,107.00,108.49,105.10,105.25,588659.0,6283345063.00
20260401,105.90,106.50,102.37,102.65,715198.0,7383168511.00
20260402,102.49,103.48,100.50,101.65,604349.0,6153958207.00
20260403,101.80,102.30,99.00,99.01,491745.0,4921224065.00
20260407,99.50,99.77,97.45,97.98,379697.0,3731963029.00
20260408,98.50,101.28,98.11,101.22,562818.0,5621410290.00
20260409,100.21,100.21,98.81,99.03,379063.0,3764528220.00
20260410,99.39,102.20,99.03,101.67,605731.0,6130392651.00
20260413,101.57,104.99,100.81,104.25,663136.0,6887089022.00
20260414,103.00,104.19,102.50,103.82,543343.0,5614541232.00
20260415,103.82,104.77,102.50,103.03,428719.0,4431952619.00
